id,league_id,user_id,club_name,club_logo,points,wins,draws,losses,goals_for,goals_against,played,reputation,joined_at,budget,is_bot,bot_strength,country
a0f6a16c-39cd-49de-8ab1-d8b9f5ee7f4e,75ffdae5-fcb9-45c0-a699-9c9d52b49a98,,Bot FC 307,https://api.dicebear.com/7.x/avataaars/svg?seed=545b8bef-8701-4bfc-92fb-3c672abb9329,0,0,0,0,0,0,0,59,2026-05-02 15:16:21.776566+00,1000000,f,,Brasil
ec895bfc-526b-41d9-8f08-c4093fb3cdb2,75ffdae5-fcb9-45c0-a699-9c9d52b49a98,,Bot FC 3280,https://api.dicebear.com/7.x/avataaars/svg?seed=30c8e9d0-5bca-4bf3-894b-183302deb242,0,0,0,0,0,0,0,64,2026-05-02 15:16:21.776566+00,1000000,f,,Brasil
f01e199f-8f73-417e-a07b-46f27e26b262,75ffdae5-fcb9-45c0-a699-9c9d52b49a98,,Bot FC 8020,https://api.dicebear.com/7.x/avataaars/svg?seed=b6903617-d052-49c9-9ac8-597a88c06a2f,0,0,0,0,0,0,0,51,2026-05-02 15:16:21.776566+00,1000000,f,,Brasil
997ec6ad-496d-4631-a918-fa892f826b7f,75ffdae5-fcb9-45c0-a699-9c9d52b49a98,,Bot FC 5722,https://api.dicebear.com/7.x/avataaars/svg?seed=44669f2e-24ff-4b96-88f3-9c23e28ea791,0,0,0,0,0,0,0,56,2026-05-02 15:16:21.776566+00,1000000,f,,Brasil
3380cda5-31b0-427e-8380-5ee588884ac5,75ffdae5-fcb9-45c0-a699-9c9d52b49a98,,Bot FC 8835,https://api.dicebear.com/7.x/avataaars/svg?seed=4f9ccc7c-368c-46bd-ab79-e286cd06fd00,0,0,0,0,0,0,0,66,2026-05-02 15:16:21.776566+00,1000000,f,,Brasil
e719d168-8501-4731-88a2-2ed32a739e61,75ffdae5-fcb9-45c0-a699-9c9d52b49a98,,Bot FC 5090,https://api.dicebear.com/7.x/avataaars/svg?seed=e59762bd-3b9a-4a5b-a751-df512052833f,0,0,0,0,0,0,0,67,2026-05-02 15:16:21.776566+00,1000000,f,,Brasil
8051cbfd-e308-4924-b81f-029c61e196a4,75ffdae5-fcb9-45c0-a699-9c9d52b49a98,,Bot FC 4496,https://api.dicebear.com/7.x/avataaars/svg?seed=9c8e7c56-f02c-45dd-ab91-e7c35828217f,0,0,0,0,0,0,0,56,2026-05-02 15:16:21.776566+00,1000000,f,,Brasil
9c61d95b-016a-46e0-a27e-7acb5ea13414,75ffdae5-fcb9-45c0-a699-9c9d52b49a98,,Bot FC 5776,https://api.dicebear.com/7.x/avataaars/svg?seed=5d0c4d59-3780-462c-ac3b-8f25667321ff,0,0,0,0,0,0,0,59,2026-05-02 15:16:21.776566+00,1000000,f,,Brasil
f5c4f82b-37ad-4fda-adc3-dded7417a744,75ffdae5-fcb9-45c0-a699-9c9d52b49a98,,Bot FC 8170,https://api.dicebear.com/7.x/avataaars/svg?seed=1a5f07d6-ae51-4229-8745-69d9d92e5f1f,0,0,0,0,0,0,0,54,2026-05-02 15:16:21.776566+00,1000000,f,,Brasil
03c65cb6-c37c-41e0-8797-967a00326e54,75ffdae5-fcb9-45c0-a699-9c9d52b49a98,,Bot FC 6836,https://api.dicebear.com/7.x/avataaars/svg?seed=7b946781-09fb-4843-89b9-001542794b64,0,0,0,0,0,0,0,69,2026-05-02 15:16:21.776566+00,1000000,f,,Brasil
c8361cf6-00dc-46ca-8b95-278e1e99fafd,75ffdae5-fcb9-45c0-a699-9c9d52b49a98,,Bot FC 8666,https://api.dicebear.com/7.x/avataaars/svg?seed=c5d069d5-434c-488e-8cc4-94b22018148a,0,0,0,0,0,0,0,64,2026-05-02 15:16:21.776566+00,1000000,f,,Brasil
9cc1e5ea-fc5c-4e56-83e6-97e1441a1bab,75ffdae5-fcb9-45c0-a699-9c9d52b49a98,,Bot FC 8694,https://api.dicebear.com/7.x/avataaars/svg?seed=556bbc26-c8a6-40dc-a9f9-d4308e6e0a1b,0,0,0,0,0,0,0,63,2026-05-02 15:16:21.776566+00,1000000,f,,Brasil
899f0529-ac42-4923-9711-da249150f883,75ffdae5-fcb9-45c0-a699-9c9d52b49a98,,Bot FC 8419,https://api.dicebear.com/7.x/avataaars/svg?seed=86c54962-99b8-4cab-8ca5-90c99a0c8e77,0,0,0,0,0,0,0,64,2026-05-02 15:16:21.776566+00,1000000,f,,Brasil
ad074399-124b-41b0-87a8-db617c930c52,75ffdae5-fcb9-45c0-a699-9c9d52b49a98,,Bot FC 7618,https://api.dicebear.com/7.x/avataaars/svg?seed=72c2645a-bc3f-4acf-9332-b4bed5da269c,0,0,0,0,0,0,0,65,2026-05-02 15:16:21.776566+00,1000000,f,,Brasil
2fd6e7c7-8af7-4ade-8ff3-ef5f4a88c056,75ffdae5-fcb9-45c0-a699-9c9d52b49a98,,Bot FC 567,https://api.dicebear.com/7.x/avataaars/svg?seed=82627c4b-3eb4-485e-9404-971007a0ae3e,0,0,0,0,0,0,0,52,2026-05-02 15:16:21.776566+00,1000000,f,,Brasil
a6857aa5-1dad-4f3f-bf79-d0fc1db6f534,2f1b5505-7ab1-4664-9eea-a0206994d7b7,e60b679b-7e44-484c-a91c-7b7c1ceba32e,MANAGER FC,⚽,0,0,0,0,0,0,0,50,2026-05-18 00:40:23.56239+00,5000000,f,,Brasil
fc8407bd-28d3-41b3-8d47-c9f2d73f9a06,2f1b5505-7ab1-4664-9eea-a0206994d7b7,320fcbb8-c3eb-43e7-a3eb-0f302b46897f,TESTER FLM FC,⚽,0,0,0,0,0,0,0,65,2026-05-06 22:16:45.978802+00,1000000,f,,Brasil
26ff5706-ad75-4c34-8600-a9c95e008c73,2f1b5505-7ab1-4664-9eea-a0206994d7b7,fa156d76-dbb9-473c-8a51-a059f6741bd8,Time inicial teste,⚽,0,0,0,0,0,0,0,50,2026-05-26 00:41:38.738538+00,5000000,f,,Brasil
5391c215-2c02-4c18-82aa-f3b736897596,ccb95e4c-2890-4f28-8c47-abfc9f82e1ee,b192ae6f-3143-442f-8ac7-b2fb6c9dca14,ATLÉTICO DE MADRID,🐺,0,0,0,0,0,0,0,50,2026-05-27 14:56:50.149803+00,1000000,f,,Brasil
94b81d36-b5d8-459d-9080-9ac0af9a27dd,05558aa1-2e2b-4647-b965-c239f8e571c1,e8a50df3-4cb0-4bec-81a5-84b7c1ae567a,Estrela Monte Azul,🐺,0,0,0,0,0,0,0,50,2026-04-30 23:00:05.312969+00,1000000,t,45,Brasil
e0ad30fc-9b48-4239-b721-37dfc1de9ffd,05558aa1-2e2b-4647-b965-c239f8e571c1,f4facc5c-dc3e-4982-9707-0ea8fa68000d,FC Rio Claro,🦁,0,0,0,0,0,0,0,50,2026-04-30 23:00:05.312969+00,1000000,t,51,Brasil
bf1f5816-19e9-4a9d-8b32-cdba0c1e145a,05558aa1-2e2b-4647-b965-c239f8e571c1,ee36255b-2477-434c-9192-8fe7a100fade,SC Campo Grande,🐂,0,0,0,0,0,0,0,50,2026-04-30 23:00:05.312969+00,1000000,t,50,Brasil
43197d82-58d5-46bf-968f-b1c13eb6357d,05558aa1-2e2b-4647-b965-c239f8e571c1,508e7780-4944-450f-9329-19eb9a953b3c,AC Serra Alta,🔴,0,0,0,0,0,0,0,50,2026-04-30 23:00:05.312969+00,1000000,t,56,Brasil
cfdace6a-0d7b-45d3-86f3-7b1f2f6ab3f7,05558aa1-2e2b-4647-b965-c239f8e571c1,2b97088f-f283-4e57-8c6c-6a132e5eac3b,EC Vale Verde,🔵,0,0,0,0,0,0,0,50,2026-04-30 23:00:05.312969+00,1000000,t,55,Brasil
174bf776-c58f-4f4d-98c3-dca6dd184273,a1c282c2-fa2e-4b28-8847-0a373bb82ae6,68123140-4a25-44c0-adff-ea148c54423c,ADM FC,⚽,0,0,0,0,0,0,0,50,2026-04-25 18:12:53.478344+00,5000000,f,,Brasil
dcd8ae90-d45d-4985-bc37-1cc8704e5ca8,a1c282c2-fa2e-4b28-8847-0a373bb82ae6,35da0ad9-3efd-4d27-8c7d-325f3c010f2e,Clube Rio Claro,🦁,0,0,0,0,0,0,0,50,2026-04-30 23:00:02.559842+00,1000000,t,83,Brasil
4e0dcea1-7d8e-4700-af77-564aba1c6f6b,a1c282c2-fa2e-4b28-8847-0a373bb82ae6,7c5622d9-d907-49cd-884d-655a3ef07c0e,Atlético Campo Grande,🐂,0,0,0,0,0,0,0,50,2026-04-30 23:00:02.559842+00,1000000,t,77,Brasil
8ba44eac-468e-4ea6-b315-08898400b44e,a1c282c2-fa2e-4b28-8847-0a373bb82ae6,6d13c242-1bc5-4ddd-ae5e-a31e48a76c32,Esporte Serra Alta,🔴,0,0,0,0,0,0,0,50,2026-04-30 23:00:02.559842+00,1000000,t,89,Brasil
1d973a67-fdcb-4f5a-944e-f2d64a70b329,a1c282c2-fa2e-4b28-8847-0a373bb82ae6,dc230122-c484-4cbb-9692-56810a3698b2,Sport Vale Verde,🔵,0,0,0,0,0,0,0,50,2026-04-30 23:00:02.559842+00,1000000,t,88,Brasil
973f779b-53f2-46ce-b772-873ebcb80364,a1c282c2-fa2e-4b28-8847-0a373bb82ae6,681ddd26-5111-48d5-9c47-3507b95a5ad1,União Pedra Branca,🟢,0,0,0,0,0,0,0,50,2026-04-30 23:00:02.559842+00,1000000,t,83,Brasil
f793a919-34ec-4472-9b46-121148f4b557,a1c282c2-fa2e-4b28-8847-0a373bb82ae6,e92861e6-0568-4095-88e0-584f29227e6b,Real Lagoa Santa,🟡,0,0,0,0,0,0,0,50,2026-04-30 23:00:02.559842+00,1000000,t,76,Brasil
7386d3d6-02af-4822-b565-d934a66148b7,a1c282c2-fa2e-4b28-8847-0a373bb82ae6,e9e8a10a-6572-4369-a9c6-bdb3e6143f8c,FLM Team Fc,⚽,0,0,0,0,0,0,0,50,2026-04-25 18:20:59.816153+00,5000000,f,,Brasil
e38bc777-5717-47e3-adf9-805252796aec,ccb95e4c-2890-4f28-8c47-abfc9f82e1ee,74125438-d6d6-471b-9669-b06add2421de,UNC SPORT CLUB,⚽,0,0,0,0,0,0,0,65,2026-04-25 23:45:50.691628+00,1000000,f,,Brasil
12a8669b-9223-4ebe-80ef-81d2aeb9a3c4,a1c282c2-fa2e-4b28-8847-0a373bb82ae6,c9544dd0-3729-480b-bd00-315d75a45711,ABC FC,⚽,0,0,0,0,0,0,0,65,2026-04-27 00:24:57.637901+00,1000000,f,,Brasil
1b130821-2691-4e43-bc22-8ad6b8556f02,a1c282c2-fa2e-4b28-8847-0a373bb82ae6,3b612347-aa9f-41f8-9bee-59f26c562344,FLM,⚽,0,0,0,0,0,0,0,65,2026-04-27 02:18:26.240505+00,1000000,f,,Brasil
70684970-27be-45e1-908f-c38384ff88b4,a1c282c2-fa2e-4b28-8847-0a373bb82ae6,e920c48e-4600-4ca1-95be-14a6c029695c,Inter Porto Alegre,⚫,0,0,0,0,0,0,0,50,2026-04-30 23:00:02.559842+00,1000000,t,78,Brasil
d2475411-9bf2-45ab-a3e5-80be1442029f,a1c282c2-fa2e-4b28-8847-0a373bb82ae6,c03a8633-3a60-47f5-bcdf-7675f444a126,Nacional Bela Vista,⚪,0,0,0,0,0,0,0,50,2026-04-30 23:00:02.559842+00,1000000,t,86,Brasil
c1314135-8a56-4a12-b4e6-d8d0b3541309,a1c282c2-fa2e-4b28-8847-0a373bb82ae6,b2bf009a-3aa3-46ba-a759-7b1f7d2f3c82,Sporting Cruz Alta,🟣,0,0,0,0,0,0,0,50,2026-04-30 23:00:02.559842+00,1000000,t,89,Brasil
7f94b402-f3fd-412a-8bb8-cd2ad79d5951,a1c282c2-fa2e-4b28-8847-0a373bb82ae6,3f6557e8-9176-4787-93a4-834e75c8ad57,Racing Santo Amaro,🟠,0,0,0,0,0,0,0,50,2026-04-30 23:00:02.559842+00,1000000,t,90,Brasil
7a2d4882-3d9c-49d3-a4c0-77e341202ed4,a1c282c2-fa2e-4b28-8847-0a373bb82ae6,8b939691-dd01-488c-ab6f-cb353c155f42,Olimpia Jardim,⚽,0,0,0,0,0,0,0,50,2026-04-30 23:00:02.559842+00,1000000,t,83,Brasil
124fa6f0-98f2-4be3-ac34-3f3db3889bfa,a1c282c2-fa2e-4b28-8847-0a373bb82ae6,935f3e98-9aa7-4fee-a277-0b8576967176,Estrela São Miguel,🏟️,0,0,0,0,0,0,0,50,2026-04-30 23:00:02.559842+00,1000000,t,87,Brasil
61b5e259-0bf4-460d-ad66-a2a425823209,a1c282c2-fa2e-4b28-8847-0a373bb82ae6,46450184-57ab-48c6-943b-e6fe3608acc5,FC Boa Vista,🦅,0,0,0,0,0,0,0,50,2026-04-30 23:00:02.559842+00,1000000,t,78,Brasil
64373875-e021-4dc1-ad66-81f08940c4e7,a1c282c2-fa2e-4b28-8847-0a373bb82ae6,ab5f1547-511a-4eb7-b24b-54f7c28c8200,SC Alto da Serra,🐺,0,0,0,0,0,0,0,50,2026-04-30 23:00:02.559842+00,1000000,t,80,Brasil
1a9a0f2a-d4cf-4703-a993-9a4d8ca789ca,a1c282c2-fa2e-4b28-8847-0a373bb82ae6,64552d88-c931-4448-8676-0ae9140a8af3,AC Morro Alto,🦁,0,0,0,0,0,0,0,50,2026-04-30 23:00:02.559842+00,1000000,t,86,Brasil
0cc3855f-998c-4b3b-be49-89716ccdb867,a1c282c2-fa2e-4b28-8847-0a373bb82ae6,2eb2c5f0-5fd2-4b8f-82eb-1b4374fb166a,EC Ponta Grossa,🐂,0,0,0,0,0,0,0,50,2026-04-30 23:00:02.559842+00,1000000,t,89,Brasil
ad7e1035-469e-4153-8b07-7775b199d78a,821abcf4-9ac7-42fa-80c5-09598dec18ba,46c81535-01a9-461a-9856-7ce1440ef4b0,FC Nova Esperança,⚽,0,0,0,0,0,0,0,50,2026-04-30 23:00:03.745659+00,1000000,t,87,Brasil
4cd0fcf4-e0bc-4e0b-ac99-edaeb62824ca,821abcf4-9ac7-42fa-80c5-09598dec18ba,908e96c6-f8a7-4731-ad9c-96ed1ca4beb9,SC Sol Nascente,🏟️,0,0,0,0,0,0,0,50,2026-04-30 23:00:03.745659+00,1000000,t,89,Brasil
0113b7b9-91b5-4f9e-81a3-b72594a2db44,821abcf4-9ac7-42fa-80c5-09598dec18ba,c349742f-bb25-44dc-bda7-4ab55fa28781,AC Vila Rica,🦅,0,0,0,0,0,0,0,50,2026-04-30 23:00:03.745659+00,1000000,t,86,Brasil
1fef81bc-5c1a-4a56-bebe-9e31a1a7cb7a,821abcf4-9ac7-42fa-80c5-09598dec18ba,6b15f960-3ffc-4fae-a9bc-6663d894e59a,EC Monte Azul,🐺,0,0,0,0,0,0,0,50,2026-04-30 23:00:03.745659+00,1000000,t,82,Brasil
4e76a9e5-a640-4b4d-a4d7-897dacef869b,821abcf4-9ac7-42fa-80c5-09598dec18ba,d7a84f2f-b4ee-4da3-bafd-fc3e192f40b9,Clube Rio Claro,🦁,0,0,0,0,0,0,0,50,2026-04-30 23:00:03.745659+00,1000000,t,90,Brasil
d31ab379-f331-4a76-bc0e-b65ec0edb7f1,821abcf4-9ac7-42fa-80c5-09598dec18ba,c18e168f-7c3c-49d5-bdaa-4af45091a7aa,Atlético Campo Grande,🐂,0,0,0,0,0,0,0,50,2026-04-30 23:00:03.745659+00,1000000,t,87,Brasil
d1ca6409-eca6-411a-827c-3aeebaacaba8,821abcf4-9ac7-42fa-80c5-09598dec18ba,7b933648-0369-4538-b025-9b45990a4f76,Esporte Serra Alta,🔴,0,0,0,0,0,0,0,50,2026-04-30 23:00:03.745659+00,1000000,t,80,Brasil
b798e850-2653-486d-a5f5-d9fa9735f0f9,821abcf4-9ac7-42fa-80c5-09598dec18ba,acac1e35-a4dd-4f02-8375-35155aa6b5ce,Sport Vale Verde,🔵,0,0,0,0,0,0,0,50,2026-04-30 23:00:03.745659+00,1000000,t,86,Brasil
4c8709cc-7358-4491-af36-30f684b073fb,821abcf4-9ac7-42fa-80c5-09598dec18ba,9c5ef902-5deb-4685-8794-fdade5e527e2,União Pedra Branca,🟢,0,0,0,0,0,0,0,50,2026-04-30 23:00:03.745659+00,1000000,t,82,Brasil
f219bfbc-3567-4de3-aab7-0d72bc1526a0,821abcf4-9ac7-42fa-80c5-09598dec18ba,b1f7bc0c-0e96-4f82-ad51-d8026ef4881a,Real Lagoa Santa,🟡,0,0,0,0,0,0,0,50,2026-04-30 23:00:03.745659+00,1000000,t,84,Brasil
d6a7824e-f64a-4f64-a462-948e7ae6b044,821abcf4-9ac7-42fa-80c5-09598dec18ba,3474c8a8-5599-4c71-9ddb-53b2c5dd21fb,Inter Porto Alegre,⚫,0,0,0,0,0,0,0,50,2026-04-30 23:00:03.745659+00,1000000,t,86,Brasil
fbe20362-fa55-48ef-9880-dfbd523d89b2,821abcf4-9ac7-42fa-80c5-09598dec18ba,67c67c29-7777-44ed-b654-721c557a8bdc,Nacional Bela Vista,⚪,0,0,0,0,0,0,0,50,2026-04-30 23:00:03.745659+00,1000000,t,85,Brasil
76ade1c6-62cd-41d7-bfeb-33a5d29fc5b9,821abcf4-9ac7-42fa-80c5-09598dec18ba,39b61fe6-1ecd-41fb-9568-1eba18203c22,Sporting Cruz Alta,🟣,0,0,0,0,0,0,0,50,2026-04-30 23:00:03.745659+00,1000000,t,84,Brasil
7c040ef9-28ff-4045-bb22-76bce4f76216,821abcf4-9ac7-42fa-80c5-09598dec18ba,39159fe7-b67b-4ace-82a8-546253cef2c1,Racing Santo Amaro,🟠,0,0,0,0,0,0,0,50,2026-04-30 23:00:03.745659+00,1000000,t,76,Brasil
7d5a48bc-c2ed-4939-9258-3b1e7f9da357,821abcf4-9ac7-42fa-80c5-09598dec18ba,e97ff957-4919-4bb2-823d-f13436da7c89,Olimpia Jardim,⚽,0,0,0,0,0,0,0,50,2026-04-30 23:00:03.745659+00,1000000,t,87,Brasil
92c6cc80-dee5-42de-8516-2afe74155e74,821abcf4-9ac7-42fa-80c5-09598dec18ba,6ceeb5d1-3508-4bd4-b582-a28a5d941af5,Estrela São Miguel,🏟️,0,0,0,0,0,0,0,50,2026-04-30 23:00:03.745659+00,1000000,t,75,Brasil
cb02dae4-5a80-4ce5-8200-55f213447693,821abcf4-9ac7-42fa-80c5-09598dec18ba,25074332-99a4-485b-a61a-4fb24245aa7b,FC Boa Vista,🦅,0,0,0,0,0,0,0,50,2026-04-30 23:00:03.745659+00,1000000,t,76,Brasil
4f9f2b72-6916-4a11-916d-7bb679f4d925,821abcf4-9ac7-42fa-80c5-09598dec18ba,c7e6074e-0e93-4502-9da9-13cc574b7fbc,SC Alto da Serra,🐺,0,0,0,0,0,0,0,50,2026-04-30 23:00:03.745659+00,1000000,t,89,Brasil
233b9c11-c39a-41ec-ab95-bba0d0658096,821abcf4-9ac7-42fa-80c5-09598dec18ba,7b5b1a62-ffe3-4a48-b8cb-dd09d3030a3d,AC Morro Alto,🦁,0,0,0,0,0,0,0,50,2026-04-30 23:00:03.745659+00,1000000,t,81,Brasil
b4a406b9-6444-4ec7-8ad4-d5bf0a9d2769,821abcf4-9ac7-42fa-80c5-09598dec18ba,48211687-0247-40fd-b89c-17402827e815,EC Ponta Grossa,🐂,0,0,0,0,0,0,0,50,2026-04-30 23:00:03.745659+00,1000000,t,86,Brasil
a2cc0770-b8e0-4ae7-8e45-67e026911144,25ddaff6-7116-48df-83e1-6cc2fbda8ceb,3ac0d7ad-147d-4357-a65e-c79bef96a9f4,União Nova Esperança,⚽,0,0,0,0,0,0,0,50,2026-04-30 23:00:04.362428+00,1000000,t,59,Brasil
dd7b25c1-e898-49b0-a9ed-70d36710b23a,25ddaff6-7116-48df-83e1-6cc2fbda8ceb,983e07a2-c6af-4577-b7e1-a098eb19d5c8,Real Sol Nascente,🏟️,0,0,0,0,0,0,0,50,2026-04-30 23:00:04.362428+00,1000000,t,65,Brasil
c758de86-e031-4fff-863c-06e09d223262,25ddaff6-7116-48df-83e1-6cc2fbda8ceb,3bc34078-b2c8-46d1-a2ef-d4414ab6670d,Inter Vila Rica,🦅,0,0,0,0,0,0,0,50,2026-04-30 23:00:04.362428+00,1000000,t,56,Brasil
6be47ea4-f41f-412d-9a5c-d7f273bcb775,25ddaff6-7116-48df-83e1-6cc2fbda8ceb,70f85b33-1a28-4464-ad81-9d7a6e861f5a,Nacional Monte Azul,🐺,0,0,0,0,0,0,0,50,2026-04-30 23:00:04.362428+00,1000000,t,67,Brasil
c3d79e65-cbb8-4977-a61d-63fb08543dd9,25ddaff6-7116-48df-83e1-6cc2fbda8ceb,43400b88-1e0e-4a7a-bb0e-1cfb75629ef5,Sporting Rio Claro,🦁,0,0,0,0,0,0,0,50,2026-04-30 23:00:04.362428+00,1000000,t,62,Brasil
3d1702cb-e6e7-4308-8102-b75a7a022f76,25ddaff6-7116-48df-83e1-6cc2fbda8ceb,c1a0128b-c99b-4b4e-94bf-00cef667017d,Racing Campo Grande,🐂,0,0,0,0,0,0,0,50,2026-04-30 23:00:04.362428+00,1000000,t,56,Brasil
2125ed1f-cfd2-4b92-9b40-b02cb807a310,7bd2849a-dfaf-47a1-9eed-968363017bef,395f38cb-57ba-412a-9834-3aa87a1680d3,FC Nova Esperança,⚽,0,0,0,0,0,0,0,50,2026-04-28 23:00:03.122307+00,1000000,t,80,Brasil
59d19a55-5832-44c3-8d6f-f1170efda3b8,7bd2849a-dfaf-47a1-9eed-968363017bef,e47810f0-11db-4baf-af15-c66928416f49,SC Sol Nascente,🏟️,0,0,0,0,0,0,0,50,2026-04-28 23:00:03.159629+00,1000000,t,79,Brasil
e38dd14a-08d4-4d4c-bc41-fa87bc150e02,7bd2849a-dfaf-47a1-9eed-968363017bef,5aae2bad-0b87-4a1a-839c-4d5e84458287,AC Vila Rica,🦅,0,0,0,0,0,0,0,50,2026-04-28 23:00:03.216318+00,1000000,t,78,Brasil
84bda448-cff2-40aa-9a5e-80ccff2936fd,7bd2849a-dfaf-47a1-9eed-968363017bef,90e686d5-b9d7-41d1-b40c-12d3d5238e4c,EC Monte Azul,🐺,0,0,0,0,0,0,0,50,2026-04-28 23:00:03.250836+00,1000000,t,73,Brasil
4d728bed-11c9-4887-a45f-6e6f2a259259,7bd2849a-dfaf-47a1-9eed-968363017bef,2b36546f-bf75-4781-adf7-b302f77eb794,Clube Rio Claro,🦁,0,0,0,0,0,0,0,50,2026-04-28 23:00:03.278872+00,1000000,t,79,Brasil
bc19e4aa-1336-4c4e-8b0a-af5b85e995c6,f2435b66-6686-4477-824d-72ef33992bb4,26333120-7b71-4c27-8a3a-47fde5aa0f06,FC Nova Esperança,⚽,0,0,0,0,0,0,0,50,2026-04-30 23:00:02.774175+00,1000000,t,79,Brasil
9fd15cdc-43b8-4bbf-af5d-1898730888e8,f2435b66-6686-4477-824d-72ef33992bb4,7b630071-80cc-4b22-a1c7-4a2ed9a829a3,SC Sol Nascente,🏟️,0,0,0,0,0,0,0,50,2026-04-30 23:00:02.774175+00,1000000,t,78,Brasil
9806c117-7cb8-4800-b257-97b18edcd46a,f2435b66-6686-4477-824d-72ef33992bb4,cee6fa51-6780-479a-a270-53d2c6039f68,AC Vila Rica,🦅,0,0,0,0,0,0,0,50,2026-04-30 23:00:02.774175+00,1000000,t,71,Brasil
cbadfcd8-bc94-46f4-bbe3-6a4408e05c99,f2435b66-6686-4477-824d-72ef33992bb4,86fac0e2-19d6-4f56-99a4-20256005a794,EC Monte Azul,🐺,0,0,0,0,0,0,0,50,2026-04-30 23:00:02.774175+00,1000000,t,80,Brasil
dd7f18a4-80ad-4f49-88e5-85495895c1bd,f2435b66-6686-4477-824d-72ef33992bb4,0a332681-432a-4bb7-bf93-c03e96d0b89b,Clube Rio Claro,🦁,0,0,0,0,0,0,0,50,2026-04-30 23:00:02.774175+00,1000000,t,65,Brasil
d14acea9-adb8-47d2-bc8e-5ee1697bd56d,f2435b66-6686-4477-824d-72ef33992bb4,b4f1feb9-cc4a-44e2-90d0-9ff3d3c44ccb,Atlético Campo Grande,🐂,0,0,0,0,0,0,0,50,2026-04-30 23:00:02.774175+00,1000000,t,71,Brasil
77d3a2c1-e5b5-47d3-9800-7ef003fded38,f2435b66-6686-4477-824d-72ef33992bb4,a62b9653-b988-461f-9796-56db9651227d,Esporte Serra Alta,🔴,0,0,0,0,0,0,0,50,2026-04-30 23:00:02.774175+00,1000000,t,79,Brasil
3ac853e8-e2c7-452e-b390-c72ecffeafdd,f2435b66-6686-4477-824d-72ef33992bb4,1b48acda-9f0d-4c20-aa53-7485c098f081,Sport Vale Verde,🔵,0,0,0,0,0,0,0,50,2026-04-30 23:00:02.774175+00,1000000,t,70,Brasil
94ef68b3-548a-4d65-a693-b255db082220,f2435b66-6686-4477-824d-72ef33992bb4,12ad01c5-ef44-402c-a1fa-0c3ef6e920ec,União Pedra Branca,🟢,0,0,0,0,0,0,0,50,2026-04-30 23:00:02.774175+00,1000000,t,65,Brasil
0e7945ca-9fc1-4d1d-a980-72bb4bd7d327,f2435b66-6686-4477-824d-72ef33992bb4,c1ffa2a5-a34b-4254-9fbb-4d29671ef8fa,Real Lagoa Santa,🟡,0,0,0,0,0,0,0,50,2026-04-30 23:00:02.774175+00,1000000,t,69,Brasil
95c32f8e-b57d-4877-b607-e92907adb229,f2435b66-6686-4477-824d-72ef33992bb4,046e333a-fbe6-4d01-9237-ac9548cb998f,Inter Porto Alegre,⚫,0,0,0,0,0,0,0,50,2026-04-30 23:00:02.774175+00,1000000,t,72,Brasil
b7c7c543-b78c-41de-b73c-b4796ff2cc39,f2435b66-6686-4477-824d-72ef33992bb4,cf6660d4-5ddc-4136-ab05-ecfb2e651688,Nacional Bela Vista,⚪,0,0,0,0,0,0,0,50,2026-04-30 23:00:02.774175+00,1000000,t,80,Brasil
dc1af07e-bc93-408f-a33a-dcd9c3025090,f2435b66-6686-4477-824d-72ef33992bb4,1b81da4f-72b4-4dec-a339-b188f64d14cd,Sporting Cruz Alta,🟣,0,0,0,0,0,0,0,50,2026-04-30 23:00:02.774175+00,1000000,t,66,Brasil
329a9e96-7d43-4784-82ba-abb568c15f85,f2435b66-6686-4477-824d-72ef33992bb4,26c7ca2b-37e7-4f4a-b5e6-21239bebb6c6,Racing Santo Amaro,🟠,0,0,0,0,0,0,0,50,2026-04-30 23:00:02.774175+00,1000000,t,80,Brasil
09a7dce0-99db-4a13-b489-6c9303bb66ff,f2435b66-6686-4477-824d-72ef33992bb4,046634bd-3490-47c8-af26-3f0cd330de36,Olimpia Jardim,⚽,0,0,0,0,0,0,0,50,2026-04-30 23:00:02.774175+00,1000000,t,75,Brasil
7753c398-38f5-4a55-a63c-b56ea453fc13,f2435b66-6686-4477-824d-72ef33992bb4,f4a9a2d8-c792-4829-a26a-b698328056bc,Estrela São Miguel,🏟️,0,0,0,0,0,0,0,50,2026-04-30 23:00:02.774175+00,1000000,t,70,Brasil
f82ffa8b-2908-4662-b587-b13f6e7ca6ca,f2435b66-6686-4477-824d-72ef33992bb4,feae4485-0bcf-41b0-a454-77b947591198,FC Boa Vista,🦅,0,0,0,0,0,0,0,50,2026-04-30 23:00:02.774175+00,1000000,t,69,Brasil
b76bafbc-de88-4551-9444-9017765d1f29,f2435b66-6686-4477-824d-72ef33992bb4,6fff8e09-e3d2-4e04-a010-2ae9f71a63ec,SC Alto da Serra,🐺,0,0,0,0,0,0,0,50,2026-04-30 23:00:02.774175+00,1000000,t,72,Brasil
34f069d2-ae6d-4c0a-b9f0-093a032d1df7,f2435b66-6686-4477-824d-72ef33992bb4,8438f5d3-cac9-470a-b304-8d86d23a444f,AC Morro Alto,🦁,0,0,0,0,0,0,0,50,2026-04-30 23:00:02.774175+00,1000000,t,75,Brasil
427bb6cc-5d8f-4173-aedb-a5f03ca383eb,f2435b66-6686-4477-824d-72ef33992bb4,4c2c9a40-a603-4045-92d4-f3284ce18f46,EC Ponta Grossa,🐂,0,0,0,0,0,0,0,50,2026-04-30 23:00:02.774175+00,1000000,t,78,Brasil
0724b8ef-d381-4a0e-a774-a02d6673f0dc,d1c8afa6-d93e-4bad-8135-8138d2017029,d935b360-7881-48fc-8003-87831d63b5f5,União Nova Esperança,⚽,0,0,0,0,0,0,0,50,2026-04-30 23:00:03.446087+00,1000000,t,65,Brasil
692d9fbb-df41-422c-b3f7-87df0b393d80,d1c8afa6-d93e-4bad-8135-8138d2017029,3ad4046f-6dad-48d7-b6ba-036a21a808a2,Real Sol Nascente,🏟️,0,0,0,0,0,0,0,50,2026-04-30 23:00:03.446087+00,1000000,t,58,Brasil
dd9c8941-04c2-4ac5-a45f-d31038a0676a,d1c8afa6-d93e-4bad-8135-8138d2017029,b0d1f722-e8ca-4fcd-839b-43b0f2e76077,Inter Vila Rica,🦅,0,0,0,0,0,0,0,50,2026-04-30 23:00:03.446087+00,1000000,t,56,Brasil
0bb41d21-e685-40f9-b973-d86b9d4e5ed0,d1c8afa6-d93e-4bad-8135-8138d2017029,11b345a2-d871-4268-9be2-d8d782343eaf,Nacional Monte Azul,🐺,0,0,0,0,0,0,0,50,2026-04-30 23:00:03.446087+00,1000000,t,69,Brasil
969a580e-6b1c-4e36-9cdc-b51aeab7993f,d1c8afa6-d93e-4bad-8135-8138d2017029,e95c72ab-b289-4362-b981-238aca98a5e3,Sporting Rio Claro,🦁,0,0,0,0,0,0,0,50,2026-04-30 23:00:03.446087+00,1000000,t,67,Brasil
9d3399ca-5454-45b5-87b7-878321c9dffa,d1c8afa6-d93e-4bad-8135-8138d2017029,86544676-ba1d-40e1-a209-8ad6e919f000,Racing Campo Grande,🐂,0,0,0,0,0,0,0,50,2026-04-30 23:00:03.446087+00,1000000,t,55,Brasil
0c4a9075-1b6a-44ae-af77-2d342645bc98,d1c8afa6-d93e-4bad-8135-8138d2017029,8f2bf808-1918-422a-870a-34dfb729eb71,Olimpia Serra Alta,🔴,0,0,0,0,0,0,0,50,2026-04-30 23:00:03.446087+00,1000000,t,58,Brasil
e92b9b3a-c211-49c2-b0f8-de93e34c503b,d1c8afa6-d93e-4bad-8135-8138d2017029,87a66c70-a016-4967-9865-bcb9f0e1cfcf,Estrela Vale Verde,🔵,0,0,0,0,0,0,0,50,2026-04-30 23:00:03.446087+00,1000000,t,66,Brasil
e335d3f6-29ce-442a-9724-700a1521da83,d1c8afa6-d93e-4bad-8135-8138d2017029,f5588e46-5dae-489d-bf67-7bd592e5b332,FC Pedra Branca,🟢,0,0,0,0,0,0,0,50,2026-04-30 23:00:03.446087+00,1000000,t,65,Brasil
bdd36df4-21e6-4338-ad79-c3fe31deea65,d1c8afa6-d93e-4bad-8135-8138d2017029,7153b097-bf59-46bd-904a-d2a4b6bd0626,SC Lagoa Santa,🟡,0,0,0,0,0,0,0,50,2026-04-30 23:00:03.446087+00,1000000,t,67,Brasil
ad81c994-f505-4d18-a1bb-2137b736ccb9,d1c8afa6-d93e-4bad-8135-8138d2017029,9d827d3e-edf7-48f1-8457-4c62ac79f3f0,AC Porto Alegre,⚫,0,0,0,0,0,0,0,50,2026-04-30 23:00:03.446087+00,1000000,t,67,Brasil
0254be0f-992c-413e-8716-920c8524d8a0,d1c8afa6-d93e-4bad-8135-8138d2017029,d4aa195b-4047-48bb-9570-6ea1ef2ea4b7,EC Bela Vista,⚪,0,0,0,0,0,0,0,50,2026-04-30 23:00:03.446087+00,1000000,t,65,Brasil
7e79eb0d-1ebb-4bdd-ae58-787fd3a55a4d,d1c8afa6-d93e-4bad-8135-8138d2017029,99535a9a-e0c6-4b90-b527-5b853545b106,Clube Cruz Alta,🟣,0,0,0,0,0,0,0,50,2026-04-30 23:00:03.446087+00,1000000,t,59,Brasil
f1add6be-0607-4aba-85ac-2e235aaba73a,d1c8afa6-d93e-4bad-8135-8138d2017029,7da7aa3f-6ed4-49ba-b4da-daf10eded51e,Atlético Santo Amaro,🟠,0,0,0,0,0,0,0,50,2026-04-30 23:00:03.446087+00,1000000,t,70,Brasil
3031c301-0f1b-4a55-a858-94bf7df6f0fd,d1c8afa6-d93e-4bad-8135-8138d2017029,97787ef2-9e59-4aa7-91c9-aff6696a30e4,Esporte Jardim,⚽,0,0,0,0,0,0,0,50,2026-04-30 23:00:03.446087+00,1000000,t,67,Brasil
04ffd3f6-9764-4cac-a370-d068cb3f073f,d1c8afa6-d93e-4bad-8135-8138d2017029,87208e64-f10b-45e2-bb0a-6649572b3a8a,Sport São Miguel,🏟️,0,0,0,0,0,0,0,50,2026-04-30 23:00:03.446087+00,1000000,t,64,Brasil
d0ee8737-cc2d-44b6-a19c-fb23dbfca9c5,d1c8afa6-d93e-4bad-8135-8138d2017029,7d28a2eb-1f85-482b-aa26-a3fc51cfc77b,União Boa Vista,🦅,0,0,0,0,0,0,0,50,2026-04-30 23:00:03.446087+00,1000000,t,57,Brasil
2cdd60fa-93a2-4661-bd1f-5ce7d1fcb57f,d1c8afa6-d93e-4bad-8135-8138d2017029,34670874-add1-42b1-8d9d-b44684568bdb,Real Alto da Serra,🐺,0,0,0,0,0,0,0,50,2026-04-30 23:00:03.446087+00,1000000,t,67,Brasil
a5d829a7-2ea5-4965-aaab-d1d58e14368e,d1c8afa6-d93e-4bad-8135-8138d2017029,78b97caf-4b72-4212-aeee-44265e7677ca,Inter Morro Alto,🦁,0,0,0,0,0,0,0,50,2026-04-30 23:00:03.446087+00,1000000,t,66,Brasil
a330a682-badf-4fe8-af5f-a7823fb9c32c,d1c8afa6-d93e-4bad-8135-8138d2017029,64077945-1e5e-46e5-aa21-3dcb90606685,Nacional Ponta Grossa,🐂,0,0,0,0,0,0,0,50,2026-04-30 23:00:03.446087+00,1000000,t,55,Brasil
95e0ca2a-2bfd-4010-b335-9db513403ae0,4544bf87-f7f8-41b8-8b68-3d7116fc9bd8,d183c62b-cc64-4d97-aaf2-1792cdb49f15,FC Nova Esperança,⚽,0,0,0,0,0,0,0,50,2026-04-30 23:00:05.052081+00,1000000,t,88,Brasil
34812a29-dc0d-4871-808b-19d7e09ca226,4544bf87-f7f8-41b8-8b68-3d7116fc9bd8,7f1b9567-9a5a-4a48-996b-893a7a86722f,SC Sol Nascente,🏟️,0,0,0,0,0,0,0,50,2026-04-30 23:00:05.052081+00,1000000,t,83,Brasil
685fbab1-b45b-4218-af44-fa9e45d580e7,4544bf87-f7f8-41b8-8b68-3d7116fc9bd8,03ad1fea-1ddf-423c-ade7-db82fe524e64,AC Vila Rica,🦅,0,0,0,0,0,0,0,50,2026-04-30 23:00:05.052081+00,1000000,t,86,Brasil
499d2583-6dd9-4ce9-9612-f017de2ebe54,4544bf87-f7f8-41b8-8b68-3d7116fc9bd8,ab41efa2-c002-44fa-b9ec-33560ff67ddb,EC Monte Azul,🐺,0,0,0,0,0,0,0,50,2026-04-30 23:00:05.052081+00,1000000,t,78,Brasil
fbb9094d-b22c-4f1c-8b7e-b9259eb1b1f1,4544bf87-f7f8-41b8-8b68-3d7116fc9bd8,8f67bda1-f67b-4ced-b9d3-90b33e632640,Clube Rio Claro,🦁,0,0,0,0,0,0,0,50,2026-04-30 23:00:05.052081+00,1000000,t,88,Brasil
20861a60-ca0a-4b97-8e10-d2e6ff90347d,4544bf87-f7f8-41b8-8b68-3d7116fc9bd8,00859ecb-94a9-4497-8843-a3fc332c01fd,Atlético Campo Grande,🐂,0,0,0,0,0,0,0,50,2026-04-30 23:00:05.052081+00,1000000,t,78,Brasil
7f995ddf-2808-4f39-8188-ae398485cb72,4544bf87-f7f8-41b8-8b68-3d7116fc9bd8,70eb02e8-d6f7-42bb-a5b0-58502cb9cf18,Esporte Serra Alta,🔴,0,0,0,0,0,0,0,50,2026-04-30 23:00:05.052081+00,1000000,t,87,Brasil
15938291-2286-426d-8ec2-4df6662a6df9,4544bf87-f7f8-41b8-8b68-3d7116fc9bd8,9aabc182-8228-494a-9376-c6cc0cdf6abd,Sport Vale Verde,🔵,0,0,0,0,0,0,0,50,2026-04-30 23:00:05.052081+00,1000000,t,90,Brasil
71f56c65-088f-4314-8e21-e1e681139954,4544bf87-f7f8-41b8-8b68-3d7116fc9bd8,30e4961f-4432-468c-a87d-db752aef4942,União Pedra Branca,🟢,0,0,0,0,0,0,0,50,2026-04-30 23:00:05.052081+00,1000000,t,78,Brasil
4ec98300-64d3-4e4d-9202-16628b7b747b,4544bf87-f7f8-41b8-8b68-3d7116fc9bd8,3215ce1a-2d33-4b30-b46c-ce57ec08b0cf,Real Lagoa Santa,🟡,0,0,0,0,0,0,0,50,2026-04-30 23:00:05.052081+00,1000000,t,81,Brasil
f6e62be8-f90b-437e-8d5e-dda7349084dd,4544bf87-f7f8-41b8-8b68-3d7116fc9bd8,b762cb71-0d44-43c4-ad89-ef9887b4c6bd,Inter Porto Alegre,⚫,0,0,0,0,0,0,0,50,2026-04-30 23:00:05.052081+00,1000000,t,78,Brasil
2d50b1d8-0880-4c23-b26e-7d79ad70b2d2,b30c9a9a-b71a-4d0a-90b4-618fe1c6911d,c1e5fb70-29b9-416a-af30-82b73aa525cb,Clube Nova Esperança,⚽,0,0,0,0,0,0,0,50,2026-04-30 23:00:02.866805+00,1000000,t,57,Brasil
822540df-a52e-45e7-89b5-255a77eea9ac,b30c9a9a-b71a-4d0a-90b4-618fe1c6911d,d315841a-6848-4c68-aba3-fcd1996a1aa6,Atlético Sol Nascente,🏟️,0,0,0,0,0,0,0,50,2026-04-30 23:00:02.866805+00,1000000,t,69,Brasil
087c7530-39af-4927-9644-ee72a43c45b7,b30c9a9a-b71a-4d0a-90b4-618fe1c6911d,ecdfd861-812c-4020-8082-75cd0e020a8a,Esporte Vila Rica,🦅,0,0,0,0,0,0,0,50,2026-04-30 23:00:02.866805+00,1000000,t,56,Brasil
a1fd57d7-164d-4dcb-af84-c9379064f7f4,b30c9a9a-b71a-4d0a-90b4-618fe1c6911d,41d7d14d-5886-47e9-bd4e-7041d0409bbe,Sport Monte Azul,🐺,0,0,0,0,0,0,0,50,2026-04-30 23:00:02.866805+00,1000000,t,69,Brasil
167c411a-720d-4fca-b108-8b193f731f79,b30c9a9a-b71a-4d0a-90b4-618fe1c6911d,ac8bb3b6-3c27-468e-9f53-4e1f3526d3c7,União Rio Claro,🦁,0,0,0,0,0,0,0,50,2026-04-30 23:00:02.866805+00,1000000,t,59,Brasil
092dfb27-37c2-43e9-9f08-6c98a6f23a09,b30c9a9a-b71a-4d0a-90b4-618fe1c6911d,30195b90-a4d4-4f7b-ba6c-0be07db75663,Real Campo Grande,🐂,0,0,0,0,0,0,0,50,2026-04-30 23:00:02.866805+00,1000000,t,64,Brasil
6366a420-49a4-4dd8-9238-cb99b4cc5ed1,b30c9a9a-b71a-4d0a-90b4-618fe1c6911d,251565c1-287e-4246-927e-a4af440405a7,Inter Serra Alta,🔴,0,0,0,0,0,0,0,50,2026-04-30 23:00:02.866805+00,1000000,t,62,Brasil
05d874fe-d2d5-4d83-a0ae-15ac9cc75a8c,b30c9a9a-b71a-4d0a-90b4-618fe1c6911d,b0a0a182-6a54-4d4f-a2a4-28e83fd23df8,Nacional Vale Verde,🔵,0,0,0,0,0,0,0,50,2026-04-30 23:00:02.866805+00,1000000,t,61,Brasil
2b8e3a42-6bc2-464c-b3c3-9b38fe3ffee6,b30c9a9a-b71a-4d0a-90b4-618fe1c6911d,1bfb76d1-e66b-4c5e-820f-b66c80097600,Sporting Pedra Branca,🟢,0,0,0,0,0,0,0,50,2026-04-30 23:00:02.866805+00,1000000,t,56,Brasil
a582aefe-64f5-4ad1-b794-be2dd3ef3adb,b30c9a9a-b71a-4d0a-90b4-618fe1c6911d,90e51fff-0752-4c9f-b3f7-b8f167aa7c77,Racing Lagoa Santa,🟡,0,0,0,0,0,0,0,50,2026-04-30 23:00:02.866805+00,1000000,t,57,Brasil
79e3ff2b-3c25-4e8c-a7f7-317bc09ae271,b30c9a9a-b71a-4d0a-90b4-618fe1c6911d,c301780e-125a-4896-aea9-68bc71d9621b,Olimpia Porto Alegre,⚫,0,0,0,0,0,0,0,50,2026-04-30 23:00:02.866805+00,1000000,t,59,Brasil
cd864f16-7a93-4935-8a37-5e6f247ffd50,b30c9a9a-b71a-4d0a-90b4-618fe1c6911d,602d29d3-6b75-4b19-889b-9af56c8368b8,Estrela Bela Vista,⚪,0,0,0,0,0,0,0,50,2026-04-30 23:00:02.866805+00,1000000,t,55,Brasil
571ca982-0cce-4ea2-a13c-729f8824658c,b30c9a9a-b71a-4d0a-90b4-618fe1c6911d,8cb39f49-4b78-4f5d-a196-fdb5cbaf415d,FC Cruz Alta,🟣,0,0,0,0,0,0,0,50,2026-04-30 23:00:02.866805+00,1000000,t,64,Brasil
16141cf6-cdc7-43b9-8623-e8b48d5fcfd7,b30c9a9a-b71a-4d0a-90b4-618fe1c6911d,46cfaf69-76ba-4778-ac8d-125110522158,SC Santo Amaro,🟠,0,0,0,0,0,0,0,50,2026-04-30 23:00:02.866805+00,1000000,t,68,Brasil
74e00597-c15d-45ad-92e3-953a2280eaaa,b30c9a9a-b71a-4d0a-90b4-618fe1c6911d,953f4ba9-af4f-4283-bf7b-ebe64f4867a9,AC Jardim,⚽,0,0,0,0,0,0,0,50,2026-04-30 23:00:02.866805+00,1000000,t,70,Brasil
289fc0ec-cafa-406d-9ae1-360670513e58,b30c9a9a-b71a-4d0a-90b4-618fe1c6911d,17425335-dfb6-4eba-9595-51d73a07ea67,EC São Miguel,🏟️,0,0,0,0,0,0,0,50,2026-04-30 23:00:02.866805+00,1000000,t,67,Brasil
eaeff031-8c61-4941-8183-793f113392dd,b30c9a9a-b71a-4d0a-90b4-618fe1c6911d,195f9be3-605d-49f6-b40f-dfebaadcbcd3,Clube Boa Vista,🦅,0,0,0,0,0,0,0,50,2026-04-30 23:00:02.866805+00,1000000,t,69,Brasil
5d0db995-cbc2-4ea1-af18-c701ad0eb18c,b30c9a9a-b71a-4d0a-90b4-618fe1c6911d,1aef2a5e-b9e4-485f-9ebf-a27b7bf91e1a,Atlético Alto da Serra,🐺,0,0,0,0,0,0,0,50,2026-04-30 23:00:02.866805+00,1000000,t,63,Brasil
d0cb904f-427c-48c3-8153-e8d820db954e,b30c9a9a-b71a-4d0a-90b4-618fe1c6911d,2dac2e50-4f1a-4c69-ba9c-a3651ad2db89,Esporte Morro Alto,🦁,0,0,0,0,0,0,0,50,2026-04-30 23:00:02.866805+00,1000000,t,65,Brasil
434af89c-264a-4574-8885-ceb5c12c2bde,b30c9a9a-b71a-4d0a-90b4-618fe1c6911d,78e29dee-0783-4d09-9bee-7eee267a9d34,Sport Ponta Grossa,🐂,0,0,0,0,0,0,0,50,2026-04-30 23:00:02.866805+00,1000000,t,60,Brasil
c0892019-6606-4a0e-8964-7d25ced56e57,e2ff32fb-f876-4baf-a059-bc26be44136e,19052171-9f91-4ce9-a5dc-4adc4706b46f,União Nova Esperança,⚽,0,0,0,0,0,0,0,50,2026-04-30 23:00:05.223349+00,1000000,t,68,Brasil
a93e0e30-8a98-434d-bfff-0ce060c0048a,e2ff32fb-f876-4baf-a059-bc26be44136e,cc577ac7-b193-47ef-93ff-b40d9be85110,Real Sol Nascente,🏟️,0,0,0,0,0,0,0,50,2026-04-30 23:00:05.223349+00,1000000,t,66,Brasil
06433f35-232d-4539-98d9-1c350f95aa89,e2ff32fb-f876-4baf-a059-bc26be44136e,a6467e2d-fc4d-4b06-8b41-df5c323a4159,Inter Vila Rica,🦅,0,0,0,0,0,0,0,50,2026-04-30 23:00:05.223349+00,1000000,t,61,Brasil
799aa716-f63b-4895-9a97-aeb26d4a7d9a,e2ff32fb-f876-4baf-a059-bc26be44136e,49c884cd-face-482c-9468-d01bc1780742,Nacional Monte Azul,🐺,0,0,0,0,0,0,0,50,2026-04-30 23:00:05.223349+00,1000000,t,59,Brasil
e44a1a34-5e11-41f6-9677-a9c756dfcc5c,e2ff32fb-f876-4baf-a059-bc26be44136e,e29b5cf5-2643-4829-bebc-1dfc14b7703a,Sporting Rio Claro,🦁,0,0,0,0,0,0,0,50,2026-04-30 23:00:05.223349+00,1000000,t,67,Brasil
04875fb2-7137-4117-938a-34ee45af5322,e2ff32fb-f876-4baf-a059-bc26be44136e,e2a444ff-720e-4cea-aca3-2e98221c7ae1,Racing Campo Grande,🐂,0,0,0,0,0,0,0,50,2026-04-30 23:00:05.223349+00,1000000,t,64,Brasil
9840bfa9-0ed2-47c6-b272-72c3ff84d605,e2ff32fb-f876-4baf-a059-bc26be44136e,940229bf-5f5e-4821-b347-9e2b333c8255,Olimpia Serra Alta,🔴,0,0,0,0,0,0,0,50,2026-04-30 23:00:05.223349+00,1000000,t,55,Brasil
c5562b80-e49e-4dd6-a7ae-12630b856154,e2ff32fb-f876-4baf-a059-bc26be44136e,334f577a-d3c0-4349-a380-9d265563fa8a,Estrela Vale Verde,🔵,0,0,0,0,0,0,0,50,2026-04-30 23:00:05.223349+00,1000000,t,64,Brasil
ab992c31-3332-4442-bdff-fa60a43d30d5,e2ff32fb-f876-4baf-a059-bc26be44136e,abdb16af-d54b-426e-b0da-030338b89b97,FC Pedra Branca,🟢,0,0,0,0,0,0,0,50,2026-04-30 23:00:05.223349+00,1000000,t,69,Brasil
07db2978-c980-4cd9-bdc5-5d70920ec818,e2ff32fb-f876-4baf-a059-bc26be44136e,c25f381d-3fc5-4d73-bde8-06f91d52b88f,SC Lagoa Santa,🟡,0,0,0,0,0,0,0,50,2026-04-30 23:00:05.223349+00,1000000,t,59,Brasil
0cfcd647-b8d9-448d-a029-6f929e66a7ac,e2ff32fb-f876-4baf-a059-bc26be44136e,c01fb57a-6078-4f75-a9fa-53575b0be8db,AC Porto Alegre,⚫,0,0,0,0,0,0,0,50,2026-04-30 23:00:05.223349+00,1000000,t,63,Brasil
8bfc3ad6-397f-483c-8efb-4a5255324a9c,e2ff32fb-f876-4baf-a059-bc26be44136e,27b395bb-35bc-4d7e-a08f-df86a0acd03e,EC Bela Vista,⚪,0,0,0,0,0,0,0,50,2026-04-30 23:00:05.223349+00,1000000,t,64,Brasil
22cda275-6bd8-4bd2-a4f7-ec03ddd10776,e2ff32fb-f876-4baf-a059-bc26be44136e,7ea5d0c9-e36d-4de5-a187-98d6b76db11e,Clube Cruz Alta,🟣,0,0,0,0,0,0,0,50,2026-04-30 23:00:05.223349+00,1000000,t,65,Brasil
9828a6d5-ec66-43a6-adac-473dee70efa4,e2ff32fb-f876-4baf-a059-bc26be44136e,8b64c1a8-980e-457d-a59a-43e0bab77df0,Atlético Santo Amaro,🟠,0,0,0,0,0,0,0,50,2026-04-30 23:00:05.223349+00,1000000,t,62,Brasil
e3d370fa-65c9-43b3-94e6-f285f07df471,e2ff32fb-f876-4baf-a059-bc26be44136e,ebe0fca1-6439-4b0c-a443-08b1cb7c92bf,Esporte Jardim,⚽,0,0,0,0,0,0,0,50,2026-04-30 23:00:05.223349+00,1000000,t,62,Brasil
e6a0b720-e870-4a5b-ac6e-e6b3db09f584,e2ff32fb-f876-4baf-a059-bc26be44136e,213ac952-2a73-4511-bec1-fe38dbd47a54,Sport São Miguel,🏟️,0,0,0,0,0,0,0,50,2026-04-30 23:00:05.223349+00,1000000,t,64,Brasil
2f816d52-406e-4504-8db6-a04839f91b5a,e2ff32fb-f876-4baf-a059-bc26be44136e,f96b4768-f0fd-48d4-962a-640974057343,União Boa Vista,🦅,0,0,0,0,0,0,0,50,2026-04-30 23:00:05.223349+00,1000000,t,58,Brasil
2415fa0d-fae3-462e-a267-7168eeff67ed,e2ff32fb-f876-4baf-a059-bc26be44136e,c20850e7-e723-48c0-b2ed-94fdba945246,Real Alto da Serra,🐺,0,0,0,0,0,0,0,50,2026-04-30 23:00:05.223349+00,1000000,t,62,Brasil
8a686ace-3b44-4fd6-960b-abc4ab4c9c36,e2ff32fb-f876-4baf-a059-bc26be44136e,7de17537-e48f-4e40-9b13-9d5ef4dd667a,Inter Morro Alto,🦁,0,0,0,0,0,0,0,50,2026-04-30 23:00:05.223349+00,1000000,t,70,Brasil
83de656c-617e-4424-b0a7-4323f3d4a6b4,e2ff32fb-f876-4baf-a059-bc26be44136e,2de21d78-e9b5-40b6-920a-4cb12bce3ad7,Nacional Ponta Grossa,🐂,0,0,0,0,0,0,0,50,2026-04-30 23:00:05.223349+00,1000000,t,55,Brasil
d732c749-0fbb-4f20-b39b-ee72b627e615,3395c9d4-a07e-4ee7-a799-bd7e51750f34,305dbebc-90b2-4fb3-be71-5022cef96467,FC Rio Claro,🦁,0,0,0,0,0,0,0,50,2026-04-30 23:00:07.208979+00,1000000,t,48,Brasil
7b762472-a900-46b5-8b72-8999ed50a4cd,3395c9d4-a07e-4ee7-a799-bd7e51750f34,b32bc897-0384-4123-8fcd-79a10bf46307,SC Campo Grande,🐂,0,0,0,0,0,0,0,50,2026-04-30 23:00:07.208979+00,1000000,t,54,Brasil
9e7ca598-b2b9-4b48-95f1-7e376bbf224f,3395c9d4-a07e-4ee7-a799-bd7e51750f34,c431d3f8-92fd-4dca-a39a-5f159fcb98ce,AC Serra Alta,🔴,0,0,0,0,0,0,0,50,2026-04-30 23:00:07.208979+00,1000000,t,48,Brasil
37a32c7b-5d8b-49ac-8dfa-73d96f10ccf8,3395c9d4-a07e-4ee7-a799-bd7e51750f34,65cc3075-67cd-4608-a093-7541f9c7b520,EC Vale Verde,🔵,0,0,0,0,0,0,0,50,2026-04-30 23:00:07.208979+00,1000000,t,47,Brasil
47f32019-f898-46d0-8828-13c9bba6512f,3395c9d4-a07e-4ee7-a799-bd7e51750f34,1377fe58-08a8-40f5-8f51-65055ecd48c3,Clube Pedra Branca,🟢,0,0,0,0,0,0,0,50,2026-04-30 23:00:07.208979+00,1000000,t,56,Brasil
1d466c47-02a6-4be0-8efe-43cffa1de657,3395c9d4-a07e-4ee7-a799-bd7e51750f34,2cbe4492-b38d-4901-b0cd-aa8c4c761f3e,Atlético Lagoa Santa,🟡,0,0,0,0,0,0,0,50,2026-04-30 23:00:07.208979+00,1000000,t,52,Brasil
227860bd-1377-48a7-8e47-e3d24ef818bc,3395c9d4-a07e-4ee7-a799-bd7e51750f34,d7aacb5c-396b-4278-aa1d-675b7440ac1c,Esporte Porto Alegre,⚫,0,0,0,0,0,0,0,50,2026-04-30 23:00:07.208979+00,1000000,t,53,Brasil
63397748-73fb-4ce8-a9fd-efb1e9a7c48a,3395c9d4-a07e-4ee7-a799-bd7e51750f34,87894513-1060-4faa-9ea5-dbd30d81f5cb,Sport Bela Vista,⚪,0,0,0,0,0,0,0,50,2026-04-30 23:00:07.208979+00,1000000,t,52,Brasil
5c49c828-4495-4e65-8b06-d5b8d4fa97da,3395c9d4-a07e-4ee7-a799-bd7e51750f34,64dbb42e-3bc9-4e45-9e9e-7c705532ea8a,União Cruz Alta,🟣,0,0,0,0,0,0,0,50,2026-04-30 23:00:07.208979+00,1000000,t,58,Brasil
63f10c62-95fa-4325-88d2-332c9baaa79d,3395c9d4-a07e-4ee7-a799-bd7e51750f34,48a84989-7d93-423b-b417-313b26bb20fc,Real Santo Amaro,🟠,0,0,0,0,0,0,0,50,2026-04-30 23:00:07.208979+00,1000000,t,55,Brasil
501e12cb-f3c3-4f19-b005-8457512f85fb,3395c9d4-a07e-4ee7-a799-bd7e51750f34,611c5987-9fa3-42d0-9b73-bee820a344f7,Inter Jardim,⚽,0,0,0,0,0,0,0,50,2026-04-30 23:00:07.208979+00,1000000,t,45,Brasil
4c811d3c-7682-494c-b8be-80688e4b08d0,b619b276-f631-491c-8d39-a57f7c1a3dbb,8f52ed88-91bc-4822-ad64-ccf19d342f6f,União Nova Esperança,⚽,0,0,0,0,0,0,0,50,2026-04-30 23:00:02.96593+00,1000000,t,56,Brasil
65243ba7-f3c3-42aa-9229-39f715763413,b619b276-f631-491c-8d39-a57f7c1a3dbb,83439646-a157-4751-84c4-6ebf6d227dff,Real Sol Nascente,🏟️,0,0,0,0,0,0,0,50,2026-04-30 23:00:02.96593+00,1000000,t,51,Brasil
604d47b6-84de-4594-b2aa-12ac9599c791,b619b276-f631-491c-8d39-a57f7c1a3dbb,e285b0d6-3f85-4613-9cb7-ecc58847abd6,Inter Vila Rica,🦅,0,0,0,0,0,0,0,50,2026-04-30 23:00:02.96593+00,1000000,t,60,Brasil
eb334ec8-c0e1-42f3-ae7f-dc8b38742a0c,b619b276-f631-491c-8d39-a57f7c1a3dbb,ff3078ac-0357-4bd8-b169-59d2a1d7a54b,Nacional Monte Azul,🐺,0,0,0,0,0,0,0,50,2026-04-30 23:00:02.96593+00,1000000,t,50,Brasil
a87f68ad-8350-4102-adf3-29c68e15ca87,b619b276-f631-491c-8d39-a57f7c1a3dbb,48c774f1-abdb-49f0-92c3-b6b15c571f03,Sporting Rio Claro,🦁,0,0,0,0,0,0,0,50,2026-04-30 23:00:02.96593+00,1000000,t,55,Brasil
61b8ed49-8f55-499a-9fde-56548307b84b,b619b276-f631-491c-8d39-a57f7c1a3dbb,d7b89a8e-6e0c-4508-b277-a5c3ab232258,Racing Campo Grande,🐂,0,0,0,0,0,0,0,50,2026-04-30 23:00:02.96593+00,1000000,t,55,Brasil
c3a516c0-83c9-42b6-82f4-11d8ef14e5be,b619b276-f631-491c-8d39-a57f7c1a3dbb,0b4e7d1c-b888-4352-bcf2-e196f28f91a8,Olimpia Serra Alta,🔴,0,0,0,0,0,0,0,50,2026-04-30 23:00:02.96593+00,1000000,t,56,Brasil
a408e53d-8e31-4866-8ade-9e4824cdd5a5,b619b276-f631-491c-8d39-a57f7c1a3dbb,7f59febb-9246-41af-8be2-6050cf6b0e99,Estrela Vale Verde,🔵,0,0,0,0,0,0,0,50,2026-04-30 23:00:02.96593+00,1000000,t,48,Brasil
75a6a3e8-7ecb-4d38-95cc-6ce66d19039f,b619b276-f631-491c-8d39-a57f7c1a3dbb,096fa44c-9bc3-49c9-8c88-345b7d48b36b,FC Pedra Branca,🟢,0,0,0,0,0,0,0,50,2026-04-30 23:00:02.96593+00,1000000,t,46,Brasil
2dc043ee-fd3e-4a7f-b7f7-b1c7a2614a7e,b619b276-f631-491c-8d39-a57f7c1a3dbb,48858089-9c65-4a6a-a04e-77fe51b07d7b,SC Lagoa Santa,🟡,0,0,0,0,0,0,0,50,2026-04-30 23:00:02.96593+00,1000000,t,57,Brasil
1a4f2631-7172-4936-9686-58a78e03e5a0,b619b276-f631-491c-8d39-a57f7c1a3dbb,c36f445b-0ca4-4176-816f-08ac3839dc53,AC Porto Alegre,⚫,0,0,0,0,0,0,0,50,2026-04-30 23:00:02.96593+00,1000000,t,59,Brasil
d5f38859-2a0a-48d7-9cbd-ad438ca5e133,b619b276-f631-491c-8d39-a57f7c1a3dbb,db67d8f7-f424-4469-8249-8198520dfd99,EC Bela Vista,⚪,0,0,0,0,0,0,0,50,2026-04-30 23:00:02.96593+00,1000000,t,54,Brasil
afb6068a-b92f-4a67-9aa2-b7207b2e420f,b619b276-f631-491c-8d39-a57f7c1a3dbb,662f0655-418c-43a1-8240-1c3c6bfba25f,Clube Cruz Alta,🟣,0,0,0,0,0,0,0,50,2026-04-30 23:00:02.96593+00,1000000,t,58,Brasil
4d4fc03b-4553-4656-a23c-d2b30b6a24ce,b619b276-f631-491c-8d39-a57f7c1a3dbb,1eecfc6b-0a38-40ff-b253-5df67f0e806f,Atlético Santo Amaro,🟠,0,0,0,0,0,0,0,50,2026-04-30 23:00:02.96593+00,1000000,t,57,Brasil
717924ab-b902-4c44-a4f6-660b129ce606,b619b276-f631-491c-8d39-a57f7c1a3dbb,131e05c2-c017-4e8a-9329-e49bed9ac64f,Esporte Jardim,⚽,0,0,0,0,0,0,0,50,2026-04-30 23:00:02.96593+00,1000000,t,57,Brasil
91c1405f-3957-4546-b8da-f0ca28b70044,b619b276-f631-491c-8d39-a57f7c1a3dbb,f189fdb9-8356-4725-85a0-83294854c2b7,Sport São Miguel,🏟️,0,0,0,0,0,0,0,50,2026-04-30 23:00:02.96593+00,1000000,t,50,Brasil
5653bba6-38d6-49c8-a1a9-327712d25b74,b619b276-f631-491c-8d39-a57f7c1a3dbb,6c1a5538-dfd0-4c15-b51b-aa705d2f6fa5,União Boa Vista,🦅,0,0,0,0,0,0,0,50,2026-04-30 23:00:02.96593+00,1000000,t,53,Brasil
5f9dab51-387f-46bf-8409-3b7b013f55f7,b619b276-f631-491c-8d39-a57f7c1a3dbb,6a6e6cee-a20c-4b41-aca7-76ae61b10a40,Real Alto da Serra,🐺,0,0,0,0,0,0,0,50,2026-04-30 23:00:02.96593+00,1000000,t,49,Brasil
51ee0588-fab2-4b45-b9e1-92d9c9e04800,b619b276-f631-491c-8d39-a57f7c1a3dbb,0f6fe405-e8b1-47fd-b002-eaf805defee0,Inter Morro Alto,🦁,0,0,0,0,0,0,0,50,2026-04-30 23:00:02.96593+00,1000000,t,56,Brasil
bcb1faa4-0fea-482b-86eb-18004bcfdb2c,b619b276-f631-491c-8d39-a57f7c1a3dbb,e86a4ee3-b442-4708-896a-ec96f04b8cac,Nacional Ponta Grossa,🐂,0,0,0,0,0,0,0,50,2026-04-30 23:00:02.96593+00,1000000,t,53,Brasil
e6ea5b5d-e823-4577-847d-c7d68d3f7546,b7e34f72-ff81-4916-a564-79b4974ab005,8bfb8fe2-9eef-4708-a3ec-24becac682d2,Sporting Nova Esperança,⚽,0,0,0,0,0,0,0,50,2026-04-30 23:00:03.993961+00,1000000,t,57,Brasil
e3dfd618-894d-4f99-ac7b-0fbf7addb50d,b7e34f72-ff81-4916-a564-79b4974ab005,3b434269-a87a-4e4d-9778-7b6496a2c44c,Racing Sol Nascente,🏟️,0,0,0,0,0,0,0,50,2026-04-30 23:00:03.993961+00,1000000,t,47,Brasil
0e2a1f19-57b1-4880-a07a-1d778b5a87aa,b7e34f72-ff81-4916-a564-79b4974ab005,424d604c-1c72-4417-b9da-01ef1a192012,Olimpia Vila Rica,🦅,0,0,0,0,0,0,0,50,2026-04-30 23:00:03.993961+00,1000000,t,52,Brasil
27f002d4-8086-4768-9c93-68715e48140f,b7e34f72-ff81-4916-a564-79b4974ab005,2651d605-79f6-46c2-b12e-0e08410c906b,Estrela Monte Azul,🐺,0,0,0,0,0,0,0,50,2026-04-30 23:00:03.993961+00,1000000,t,58,Brasil
fcf8515b-8c5d-4f28-a54f-b39c05671762,b7e34f72-ff81-4916-a564-79b4974ab005,30fcb5b7-c4ce-44e9-81b5-245b3899ce47,FC Rio Claro,🦁,0,0,0,0,0,0,0,50,2026-04-30 23:00:03.993961+00,1000000,t,49,Brasil
669b3ec1-2733-4172-9d86-27dd06989a36,b7e34f72-ff81-4916-a564-79b4974ab005,72befeb7-9459-4837-a41c-62eb65496cdf,SC Campo Grande,🐂,0,0,0,0,0,0,0,50,2026-04-30 23:00:03.993961+00,1000000,t,57,Brasil
21639ad7-51fe-4e6d-8047-a92d29a2ba40,b7e34f72-ff81-4916-a564-79b4974ab005,76bf95ba-a610-481c-a055-b7012aa8a4bf,AC Serra Alta,🔴,0,0,0,0,0,0,0,50,2026-04-30 23:00:03.993961+00,1000000,t,50,Brasil
c552ca90-4e0c-4691-9c98-23bc2331c397,b7e34f72-ff81-4916-a564-79b4974ab005,86fe13ed-14b6-45af-9c06-63248f436960,EC Vale Verde,🔵,0,0,0,0,0,0,0,50,2026-04-30 23:00:03.993961+00,1000000,t,55,Brasil
da387e38-e7af-4f04-a7eb-e3b8929ff129,b7e34f72-ff81-4916-a564-79b4974ab005,fab97aad-8ff8-4588-95f2-7b80bbfd286e,Clube Pedra Branca,🟢,0,0,0,0,0,0,0,50,2026-04-30 23:00:03.993961+00,1000000,t,47,Brasil
9ceeae3a-eb89-4725-adfe-7104fe271f2a,b7e34f72-ff81-4916-a564-79b4974ab005,fd9d069a-64e9-4df1-8794-b946cb2c6584,Atlético Lagoa Santa,🟡,0,0,0,0,0,0,0,50,2026-04-30 23:00:03.993961+00,1000000,t,47,Brasil
d28325cf-3aea-43cf-b751-b2f96ef2835c,b7e34f72-ff81-4916-a564-79b4974ab005,ac1961b9-b8b7-47e4-9f61-37eb01e0eb7d,Esporte Porto Alegre,⚫,0,0,0,0,0,0,0,50,2026-04-30 23:00:03.993961+00,1000000,t,51,Brasil
4bcc7227-a0f6-463a-bf3f-c06bc6ab8560,b7e34f72-ff81-4916-a564-79b4974ab005,ef03fcd2-b71a-4f73-807c-d05ff92a9e5c,Sport Bela Vista,⚪,0,0,0,0,0,0,0,50,2026-04-30 23:00:03.993961+00,1000000,t,50,Brasil
721f4ab2-de27-4df7-a131-e68c41e7bfaa,b7e34f72-ff81-4916-a564-79b4974ab005,3d2be58b-5a0a-4739-81b1-6feab0005436,União Cruz Alta,🟣,0,0,0,0,0,0,0,50,2026-04-30 23:00:03.993961+00,1000000,t,47,Brasil
cd567af8-436d-4a6c-a4dc-94ba58c40031,b7e34f72-ff81-4916-a564-79b4974ab005,d7485e0b-d647-4875-bc6d-c4f5df34980d,Real Santo Amaro,🟠,0,0,0,0,0,0,0,50,2026-04-30 23:00:03.993961+00,1000000,t,53,Brasil
be7f8948-d5c1-405c-8aa9-d156464385f4,b7e34f72-ff81-4916-a564-79b4974ab005,9452db7c-a376-4ddd-a19d-77f47c37b67e,Inter Jardim,⚽,0,0,0,0,0,0,0,50,2026-04-30 23:00:03.993961+00,1000000,t,50,Brasil
fc3f40ae-a42c-4acb-95e4-b166f2072b7e,b7e34f72-ff81-4916-a564-79b4974ab005,fa140836-98d4-440a-b075-2478b6de2b34,Nacional São Miguel,🏟️,0,0,0,0,0,0,0,50,2026-04-30 23:00:03.993961+00,1000000,t,56,Brasil
e58302af-2088-4a42-ae20-8f5dbfdecbf2,b7e34f72-ff81-4916-a564-79b4974ab005,679f168b-ff0f-48d2-be85-480d8b969739,Sporting Boa Vista,🦅,0,0,0,0,0,0,0,50,2026-04-30 23:00:03.993961+00,1000000,t,51,Brasil
f4cbe1bb-7a42-45aa-b18e-ce2cb0cafdbc,b7e34f72-ff81-4916-a564-79b4974ab005,e1306445-99af-4f19-a954-a307b02fbdfa,Racing Alto da Serra,🐺,0,0,0,0,0,0,0,50,2026-04-30 23:00:03.993961+00,1000000,t,51,Brasil
9c8d2500-a7a6-4c99-8e73-db10efa02084,b7e34f72-ff81-4916-a564-79b4974ab005,9c576452-afe1-4709-bca6-eb41545ed743,Olimpia Morro Alto,🦁,0,0,0,0,0,0,0,50,2026-04-30 23:00:03.993961+00,1000000,t,50,Brasil
857574c4-070c-48c5-831d-dccb1dbf9a0e,b7e34f72-ff81-4916-a564-79b4974ab005,cf0d44fc-8a61-4ebf-84ba-f5091dbb5324,Estrela Ponta Grossa,🐂,0,0,0,0,0,0,0,50,2026-04-30 23:00:03.993961+00,1000000,t,53,Brasil
667d8a76-929f-4f31-9ccb-e916d59b66a5,300e8201-6391-44dc-ba3f-68e9df60db63,f6250ec6-26e7-4ebc-b7f0-78e985e0747d,Clube Nova Esperança,⚽,0,0,0,0,0,0,0,50,2026-04-30 23:00:05.633364+00,1000000,t,67,Brasil
670a6fb0-3150-4e11-84e8-a5ea6ed1fc60,300e8201-6391-44dc-ba3f-68e9df60db63,4b63d361-c4c8-49fe-94f0-cbb334c42a0e,Atlético Sol Nascente,🏟️,0,0,0,0,0,0,0,50,2026-04-30 23:00:05.633364+00,1000000,t,73,Brasil
a8adac80-8d7d-46e3-be3a-47311ed6ca18,300e8201-6391-44dc-ba3f-68e9df60db63,4e91d2f5-a818-4599-8282-a7e20412903e,Esporte Vila Rica,🦅,0,0,0,0,0,0,0,50,2026-04-30 23:00:05.633364+00,1000000,t,75,Brasil
58d73f50-f6eb-45c3-840a-09857ea2ab32,300e8201-6391-44dc-ba3f-68e9df60db63,fbb45294-a8a8-44e6-8469-76d00c613bb0,Sport Monte Azul,🐺,0,0,0,0,0,0,0,50,2026-04-30 23:00:05.633364+00,1000000,t,66,Brasil
c0aeb128-fc69-4aa7-a064-7297fb51909c,300e8201-6391-44dc-ba3f-68e9df60db63,e81e6ace-0680-4ac5-99d8-85aa0af64c2a,União Rio Claro,🦁,0,0,0,0,0,0,0,50,2026-04-30 23:00:05.633364+00,1000000,t,78,Brasil
aff08a9e-d85f-4cb3-94e4-d216c873d54e,300e8201-6391-44dc-ba3f-68e9df60db63,97c5802e-a5b8-4b45-b263-17e0632988db,Real Campo Grande,🐂,0,0,0,0,0,0,0,50,2026-04-30 23:00:05.633364+00,1000000,t,74,Brasil
66a82020-83a9-4f0f-bff0-43c8467a8a64,300e8201-6391-44dc-ba3f-68e9df60db63,328fec46-80e6-4ee9-ba4f-2b7573ca90f5,Inter Serra Alta,🔴,0,0,0,0,0,0,0,50,2026-04-30 23:00:05.633364+00,1000000,t,68,Brasil
6a6df79c-09f3-40fc-9c19-fe5e8240b1ab,300e8201-6391-44dc-ba3f-68e9df60db63,db23004c-cd34-43e8-ac5c-4452a8f31b75,Nacional Vale Verde,🔵,0,0,0,0,0,0,0,50,2026-04-30 23:00:05.633364+00,1000000,t,73,Brasil
c6d3187f-ff2d-4a07-8030-7c2083074752,300e8201-6391-44dc-ba3f-68e9df60db63,ed4f3afc-a210-4610-925c-fe81a82b106f,Sporting Pedra Branca,🟢,0,0,0,0,0,0,0,50,2026-04-30 23:00:05.633364+00,1000000,t,74,Brasil
9aecf686-aeda-4e09-a09a-caf9186fd008,300e8201-6391-44dc-ba3f-68e9df60db63,a0c299eb-341b-4de0-bbd2-141aba1bbdb0,Racing Lagoa Santa,🟡,0,0,0,0,0,0,0,50,2026-04-30 23:00:05.633364+00,1000000,t,70,Brasil
f7fcbc73-3468-46ec-bf32-cc27d6d9e95b,300e8201-6391-44dc-ba3f-68e9df60db63,9a4b6ebe-83a8-4338-85a9-5bf58e4990af,Olimpia Porto Alegre,⚫,0,0,0,0,0,0,0,50,2026-04-30 23:00:05.633364+00,1000000,t,65,Brasil
bc55b902-d56b-47b6-acb8-42d129ef9ab8,be5b95d6-b459-4b1f-a7eb-0ed593956ad5,59c44843-5c7f-4992-8ba2-e215c41c577c,FC Nova Esperança,⚽,0,0,0,0,0,0,0,50,2026-04-30 23:00:03.25153+00,1000000,t,83,Brasil
e005a548-7964-4b67-b781-abaed204fc90,be5b95d6-b459-4b1f-a7eb-0ed593956ad5,c232e4b1-b368-4e56-afe2-b3d683bd4773,SC Sol Nascente,🏟️,0,0,0,0,0,0,0,50,2026-04-30 23:00:03.25153+00,1000000,t,88,Brasil
1c77b8b0-d98a-4eb1-b203-580980348424,be5b95d6-b459-4b1f-a7eb-0ed593956ad5,b4ff4bc5-895c-4e0a-9f08-030342aafd0e,AC Vila Rica,🦅,0,0,0,0,0,0,0,50,2026-04-30 23:00:03.25153+00,1000000,t,86,Brasil
567a2835-781c-47b3-8ce0-bdf190f10158,be5b95d6-b459-4b1f-a7eb-0ed593956ad5,dc0d18ae-5369-4007-8fe5-a303a666c2f7,EC Monte Azul,🐺,0,0,0,0,0,0,0,50,2026-04-30 23:00:03.25153+00,1000000,t,90,Brasil
f88616be-0c13-41f1-b145-9186f3feff2f,be5b95d6-b459-4b1f-a7eb-0ed593956ad5,ee7ca9df-9b3a-4c06-a568-3fed6b0521eb,Clube Rio Claro,🦁,0,0,0,0,0,0,0,50,2026-04-30 23:00:03.25153+00,1000000,t,84,Brasil
5574d178-6b3a-4df8-afcb-5d067faaf084,be5b95d6-b459-4b1f-a7eb-0ed593956ad5,4238810a-f09d-479b-907d-85bbb678226e,Atlético Campo Grande,🐂,0,0,0,0,0,0,0,50,2026-04-30 23:00:03.25153+00,1000000,t,90,Brasil
9b263bd1-dcc0-4d92-8ead-c2ca52adcc5e,be5b95d6-b459-4b1f-a7eb-0ed593956ad5,e1dbecc0-9282-4379-ab37-303be696ac51,Esporte Serra Alta,🔴,0,0,0,0,0,0,0,50,2026-04-30 23:00:03.25153+00,1000000,t,88,Brasil
e3f1a3d8-6ec2-46e2-ad2c-718266845328,be5b95d6-b459-4b1f-a7eb-0ed593956ad5,3f3deca9-6fbd-49be-82dc-7b61ae055921,Sport Vale Verde,🔵,0,0,0,0,0,0,0,50,2026-04-30 23:00:03.25153+00,1000000,t,80,Brasil
fc4c49ae-0eda-4ef7-82a6-182fd45d4857,be5b95d6-b459-4b1f-a7eb-0ed593956ad5,652800ce-4c16-4624-acfe-93c026cf9188,União Pedra Branca,🟢,0,0,0,0,0,0,0,50,2026-04-30 23:00:03.25153+00,1000000,t,80,Brasil
a3841135-7fc1-4ed0-ba10-b6819d99e996,be5b95d6-b459-4b1f-a7eb-0ed593956ad5,7512579f-e319-4d0f-8dfc-9edd1cc57fbf,Real Lagoa Santa,🟡,0,0,0,0,0,0,0,50,2026-04-30 23:00:03.25153+00,1000000,t,82,Brasil
8bfda1b6-aa8f-4732-8d21-ea02bc4d43ea,be5b95d6-b459-4b1f-a7eb-0ed593956ad5,02ed014a-b232-48ac-9b2b-3860a8773d8d,Inter Porto Alegre,⚫,0,0,0,0,0,0,0,50,2026-04-30 23:00:03.25153+00,1000000,t,86,Brasil
cee1a03b-6a97-4269-83fc-0188cf23c702,be5b95d6-b459-4b1f-a7eb-0ed593956ad5,60b4eaaa-50f5-42c4-8136-97582da0ded8,Nacional Bela Vista,⚪,0,0,0,0,0,0,0,50,2026-04-30 23:00:03.25153+00,1000000,t,87,Brasil
ffb0d6b3-c2ec-4acc-950f-19f83249edfb,be5b95d6-b459-4b1f-a7eb-0ed593956ad5,332b51b4-2b21-4e6c-9b75-d4f7424ac45f,Sporting Cruz Alta,🟣,0,0,0,0,0,0,0,50,2026-04-30 23:00:03.25153+00,1000000,t,85,Brasil
ab7fafa3-f19e-4a7f-a20d-72639a8ff682,be5b95d6-b459-4b1f-a7eb-0ed593956ad5,89eff1b8-5424-4c3a-b366-808626718139,Racing Santo Amaro,🟠,0,0,0,0,0,0,0,50,2026-04-30 23:00:03.25153+00,1000000,t,75,Brasil
4c724abc-898e-4aae-9be1-13b1ae425814,be5b95d6-b459-4b1f-a7eb-0ed593956ad5,67ba5844-fad3-42db-93f4-f5ea5a5c2f5f,Olimpia Jardim,⚽,0,0,0,0,0,0,0,50,2026-04-30 23:00:03.25153+00,1000000,t,85,Brasil
779d4d3e-f8be-4bc8-8119-1e10aa239dae,be5b95d6-b459-4b1f-a7eb-0ed593956ad5,c463b2dc-a120-4cf7-aad5-33dcf6ae8dad,Estrela São Miguel,🏟️,0,0,0,0,0,0,0,50,2026-04-30 23:00:03.25153+00,1000000,t,88,Brasil
69f35cc3-8edd-4de4-86fc-526e345cb0a6,be5b95d6-b459-4b1f-a7eb-0ed593956ad5,aa765fa2-d52a-4050-84a0-b162ec3b7a4c,FC Boa Vista,🦅,0,0,0,0,0,0,0,50,2026-04-30 23:00:03.25153+00,1000000,t,79,Brasil
3a69b166-e790-4f4b-9669-3ac2bc4f2cce,be5b95d6-b459-4b1f-a7eb-0ed593956ad5,8cc8fd70-445a-4a0f-b816-e0f9b7a1fd60,SC Alto da Serra,🐺,0,0,0,0,0,0,0,50,2026-04-30 23:00:03.25153+00,1000000,t,83,Brasil
cd0869cc-aa2e-4266-867a-cbbf09969b4f,be5b95d6-b459-4b1f-a7eb-0ed593956ad5,050eb0a0-31bf-494b-ad38-5fcc6768bfec,AC Morro Alto,🦁,0,0,0,0,0,0,0,50,2026-04-30 23:00:03.25153+00,1000000,t,82,Brasil
ff90866d-1e34-4f67-9b18-f190cc7781a6,be5b95d6-b459-4b1f-a7eb-0ed593956ad5,84bceb70-9e2c-4c41-8c12-10f1f947a530,EC Ponta Grossa,🐂,0,0,0,0,0,0,0,50,2026-04-30 23:00:03.25153+00,1000000,t,76,Brasil
3ea23460-7833-4647-903f-fc8412991609,49e41206-5d8e-496b-96e5-27f00d8d29a7,4eaecbe3-ca4c-4727-9947-5c00f08e116a,FC Nova Esperança,⚽,0,0,0,0,0,0,0,50,2026-04-30 23:00:04.186056+00,1000000,t,81,Brasil
f3490bbd-dea7-4a99-ae1e-698cc016c409,49e41206-5d8e-496b-96e5-27f00d8d29a7,78e3a3a0-9908-4f12-9d48-7dc0931f8157,SC Sol Nascente,🏟️,0,0,0,0,0,0,0,50,2026-04-30 23:00:04.186056+00,1000000,t,85,Brasil
90300ad3-e305-4184-aef5-af28d06553b2,49e41206-5d8e-496b-96e5-27f00d8d29a7,e09bc643-45b9-46da-a16e-fbcd2af877a0,AC Vila Rica,🦅,0,0,0,0,0,0,0,50,2026-04-30 23:00:04.186056+00,1000000,t,87,Brasil
2f2e95e5-a8e4-4582-a797-f977f2fde5a3,49e41206-5d8e-496b-96e5-27f00d8d29a7,9b83e73f-85fd-4620-b0f6-371c966edc03,EC Monte Azul,🐺,0,0,0,0,0,0,0,50,2026-04-30 23:00:04.186056+00,1000000,t,90,Brasil
4943c6cf-d7e0-4aa6-9a63-426a23d27de8,49e41206-5d8e-496b-96e5-27f00d8d29a7,5f23b21d-9f48-4a52-9733-43a853d4b312,Clube Rio Claro,🦁,0,0,0,0,0,0,0,50,2026-04-30 23:00:04.186056+00,1000000,t,79,Brasil
5bc04cac-334e-4e65-b52f-8f8db38d5e31,49e41206-5d8e-496b-96e5-27f00d8d29a7,8aaaf6a5-05f9-4f72-9cbb-b3300dd28b16,Atlético Campo Grande,🐂,0,0,0,0,0,0,0,50,2026-04-30 23:00:04.186056+00,1000000,t,81,Brasil
f41ac35d-037f-4d2e-870e-b855042baf24,49e41206-5d8e-496b-96e5-27f00d8d29a7,c8d4116e-e6f7-4e96-a49a-048bdcc91497,Esporte Serra Alta,🔴,0,0,0,0,0,0,0,50,2026-04-30 23:00:04.186056+00,1000000,t,76,Brasil
87932519-e9ce-41d3-866e-680e16594170,49e41206-5d8e-496b-96e5-27f00d8d29a7,ef70537d-8760-48d1-aedd-996c221c6ad0,Sport Vale Verde,🔵,0,0,0,0,0,0,0,50,2026-04-30 23:00:04.186056+00,1000000,t,81,Brasil
98f69497-d836-4dc0-935a-61e04cb950e6,49e41206-5d8e-496b-96e5-27f00d8d29a7,0c813614-07aa-4e62-844f-faa32b5b91bc,União Pedra Branca,🟢,0,0,0,0,0,0,0,50,2026-04-30 23:00:04.186056+00,1000000,t,85,Brasil
8a4d4e79-2628-4e17-bcc5-30aafc509daa,49e41206-5d8e-496b-96e5-27f00d8d29a7,32ac8dcd-1867-4f4f-9b2c-c88824c95a10,Real Lagoa Santa,🟡,0,0,0,0,0,0,0,50,2026-04-30 23:00:04.186056+00,1000000,t,85,Brasil
859ff754-148c-4174-83d1-a57db02e7ba9,49e41206-5d8e-496b-96e5-27f00d8d29a7,4b2ea1fe-6773-47bf-b7b3-1467d2937dc0,Inter Porto Alegre,⚫,0,0,0,0,0,0,0,50,2026-04-30 23:00:04.186056+00,1000000,t,76,Brasil
ae851467-3b57-4128-b43c-eb287eaac6d7,49e41206-5d8e-496b-96e5-27f00d8d29a7,342dae99-e06d-43cf-a009-b711605e2b0f,Nacional Bela Vista,⚪,0,0,0,0,0,0,0,50,2026-04-30 23:00:04.186056+00,1000000,t,90,Brasil
33239b6e-4ea1-4f3b-a89f-40cad2dbea0d,49e41206-5d8e-496b-96e5-27f00d8d29a7,eedda7b2-6504-4c91-9f42-f5f6099fadd0,Sporting Cruz Alta,🟣,0,0,0,0,0,0,0,50,2026-04-30 23:00:04.186056+00,1000000,t,86,Brasil
c7386a11-3ef8-432d-a335-ba0728ead1d7,49e41206-5d8e-496b-96e5-27f00d8d29a7,8d07c5ef-3e00-453b-98f5-983c0bcbaf85,Racing Santo Amaro,🟠,0,0,0,0,0,0,0,50,2026-04-30 23:00:04.186056+00,1000000,t,79,Brasil
794de954-45fc-461a-9183-76c51bf347d3,49e41206-5d8e-496b-96e5-27f00d8d29a7,345f92be-0b87-4418-8be1-3a0c7b0da12c,Olimpia Jardim,⚽,0,0,0,0,0,0,0,50,2026-04-30 23:00:04.186056+00,1000000,t,78,Brasil
bfe734c0-98bb-447b-ac17-4932b7246da0,49e41206-5d8e-496b-96e5-27f00d8d29a7,5dc71041-edd7-4b24-8c78-1a0b4064b9fd,Estrela São Miguel,🏟️,0,0,0,0,0,0,0,50,2026-04-30 23:00:04.186056+00,1000000,t,82,Brasil
07504520-127c-4a95-801a-0d2897f090ad,49e41206-5d8e-496b-96e5-27f00d8d29a7,77281545-3cac-4ce7-9a93-3fb81799a207,FC Boa Vista,🦅,0,0,0,0,0,0,0,50,2026-04-30 23:00:04.186056+00,1000000,t,79,Brasil
4983a1fb-6bad-4f77-8374-92acb9a1ed95,49e41206-5d8e-496b-96e5-27f00d8d29a7,5a24d2cd-90ac-44fb-b346-3e4dc4ac7517,SC Alto da Serra,🐺,0,0,0,0,0,0,0,50,2026-04-30 23:00:04.186056+00,1000000,t,89,Brasil
21bbb4ea-18bf-42a4-8747-996edafb424b,49e41206-5d8e-496b-96e5-27f00d8d29a7,ab6335c2-34af-4544-a18d-2d4a8dc1f0c8,AC Morro Alto,🦁,0,0,0,0,0,0,0,50,2026-04-30 23:00:04.186056+00,1000000,t,82,Brasil
2dacb953-9707-4b27-8c1f-0025a383f6fb,49e41206-5d8e-496b-96e5-27f00d8d29a7,1fff639b-69d7-4335-817c-3ee76ec17d1c,EC Ponta Grossa,🐂,0,0,0,0,0,0,0,50,2026-04-30 23:00:04.186056+00,1000000,t,85,Brasil
3faadd5c-7664-4da8-a471-0e6396883697,4206d9ef-4d4a-4e9c-9fc3-1cd9c658441b,e1ce8e1d-a9fb-412b-ba34-7a5e140c0a44,Sporting Nova Esperança,⚽,0,0,0,0,0,0,0,50,2026-04-30 23:00:04.857534+00,1000000,t,51,Brasil
6cbde065-9bf9-4752-88a8-c546c550e51f,4206d9ef-4d4a-4e9c-9fc3-1cd9c658441b,67a0aa6c-b5e6-4056-9340-60cb23878200,Racing Sol Nascente,🏟️,0,0,0,0,0,0,0,50,2026-04-30 23:00:04.857534+00,1000000,t,53,Brasil
2994d456-0adb-4d64-af82-afb9a096406b,4206d9ef-4d4a-4e9c-9fc3-1cd9c658441b,19739331-508d-45ef-aa96-0cd8432469bd,Olimpia Vila Rica,🦅,0,0,0,0,0,0,0,50,2026-04-30 23:00:04.857534+00,1000000,t,56,Brasil
81a1aea6-e2b5-461e-a760-524405e0514d,4206d9ef-4d4a-4e9c-9fc3-1cd9c658441b,89623c89-aabc-49e2-bb65-1bef6cec2df8,Estrela Monte Azul,🐺,0,0,0,0,0,0,0,50,2026-04-30 23:00:04.857534+00,1000000,t,48,Brasil
e1b19142-3b3e-4bbc-bc3a-066e03e46bd0,4206d9ef-4d4a-4e9c-9fc3-1cd9c658441b,5ff60151-4dcd-4450-9285-d503a72e2101,FC Rio Claro,🦁,0,0,0,0,0,0,0,50,2026-04-30 23:00:04.857534+00,1000000,t,45,Brasil
573b14ad-ac04-4125-8fac-2f1aacf919c3,4206d9ef-4d4a-4e9c-9fc3-1cd9c658441b,29ecdf45-bacb-4788-801d-a6f397db9f9a,SC Campo Grande,🐂,0,0,0,0,0,0,0,50,2026-04-30 23:00:04.857534+00,1000000,t,57,Brasil
22a86dc8-49fa-4b3d-8d0e-6d5e05dba2ed,4206d9ef-4d4a-4e9c-9fc3-1cd9c658441b,40dfd9db-8401-43cb-b716-24c2a356b154,AC Serra Alta,🔴,0,0,0,0,0,0,0,50,2026-04-30 23:00:04.857534+00,1000000,t,45,Brasil
28f7b80b-ea22-4252-8306-b5476899d424,4206d9ef-4d4a-4e9c-9fc3-1cd9c658441b,8c872239-e4ab-43c1-b33a-5150095497dd,EC Vale Verde,🔵,0,0,0,0,0,0,0,50,2026-04-30 23:00:04.857534+00,1000000,t,53,Brasil
a05293f0-9348-4da8-95ff-b3e95ca5c7f8,4206d9ef-4d4a-4e9c-9fc3-1cd9c658441b,2f98a475-19e8-44ce-ba12-30bd6b0cd3fb,Clube Pedra Branca,🟢,0,0,0,0,0,0,0,50,2026-04-30 23:00:04.857534+00,1000000,t,60,Brasil
03eb710f-d212-4428-9e0e-23684de61597,4206d9ef-4d4a-4e9c-9fc3-1cd9c658441b,944dfed9-ea49-4a06-b378-3fe18cc9da1c,Atlético Lagoa Santa,🟡,0,0,0,0,0,0,0,50,2026-04-30 23:00:04.857534+00,1000000,t,51,Brasil
75d39e67-f168-4f0b-93af-17ae8c2eb7da,4206d9ef-4d4a-4e9c-9fc3-1cd9c658441b,ceb47630-8b85-4da1-bd2e-01dc778d9345,Esporte Porto Alegre,⚫,0,0,0,0,0,0,0,50,2026-04-30 23:00:04.857534+00,1000000,t,58,Brasil
6d864dc9-0a20-4095-8322-146a21a632ab,84c924c1-529d-4610-92df-4d53cefea27d,ae1e8ffb-70b7-41e3-a16c-2928da527c1c,Clube Nova Esperança,⚽,0,0,0,0,0,0,0,50,2026-04-30 23:00:03.348406+00,1000000,t,77,Brasil
434d29ed-ab67-499f-afcd-2fcaa6fbb28f,84c924c1-529d-4610-92df-4d53cefea27d,4678370a-0962-4478-bfde-5baf6b61f901,Atlético Sol Nascente,🏟️,0,0,0,0,0,0,0,50,2026-04-30 23:00:03.348406+00,1000000,t,65,Brasil
9b157f4f-7568-4148-a036-1e751a438f2b,84c924c1-529d-4610-92df-4d53cefea27d,8279dd7f-5619-4b52-b051-b77e84243f46,Esporte Vila Rica,🦅,0,0,0,0,0,0,0,50,2026-04-30 23:00:03.348406+00,1000000,t,75,Brasil
ff2390d6-9d06-46c3-a987-422c7d5aae89,84c924c1-529d-4610-92df-4d53cefea27d,e76adb0c-e31c-4c33-928f-06bf988ef779,Sport Monte Azul,🐺,0,0,0,0,0,0,0,50,2026-04-30 23:00:03.348406+00,1000000,t,72,Brasil
b2ccf217-98ee-4cee-9bc2-e2bd5ae0d840,84c924c1-529d-4610-92df-4d53cefea27d,ab7e559c-056b-4686-9bcf-29f784fd9445,União Rio Claro,🦁,0,0,0,0,0,0,0,50,2026-04-30 23:00:03.348406+00,1000000,t,69,Brasil
1c374862-a7f6-45de-8bc6-6e0855a98789,84c924c1-529d-4610-92df-4d53cefea27d,240ddd63-92fc-4d99-a8bb-a137145281a8,Real Campo Grande,🐂,0,0,0,0,0,0,0,50,2026-04-30 23:00:03.348406+00,1000000,t,67,Brasil
e3a1c1b1-ecb6-4d3c-bc9a-6a85fbd82858,84c924c1-529d-4610-92df-4d53cefea27d,d64d8c97-0fcb-4564-8e6e-27d41cf86791,Inter Serra Alta,🔴,0,0,0,0,0,0,0,50,2026-04-30 23:00:03.348406+00,1000000,t,73,Brasil
2e35dcad-2bb0-4270-b6e4-2e86e2452b62,84c924c1-529d-4610-92df-4d53cefea27d,55d95533-040d-44a1-97bf-052d09f2b96e,Nacional Vale Verde,🔵,0,0,0,0,0,0,0,50,2026-04-30 23:00:03.348406+00,1000000,t,70,Brasil
1ace947a-7faa-427d-9c51-febc97ac7d88,84c924c1-529d-4610-92df-4d53cefea27d,5f881426-805f-4300-b28a-2d37acfaf441,Sporting Pedra Branca,🟢,0,0,0,0,0,0,0,50,2026-04-30 23:00:03.348406+00,1000000,t,79,Brasil
263973ac-4f23-47de-8dd3-f22704ca328c,84c924c1-529d-4610-92df-4d53cefea27d,38a0cabc-0bc9-4240-b957-fa61101a506e,Racing Lagoa Santa,🟡,0,0,0,0,0,0,0,50,2026-04-30 23:00:03.348406+00,1000000,t,77,Brasil
8b9fbf2c-a6bc-4ba3-9806-b3af43ee0337,84c924c1-529d-4610-92df-4d53cefea27d,2d391d71-afaf-4b74-bea1-42be2a71f90d,Olimpia Porto Alegre,⚫,0,0,0,0,0,0,0,50,2026-04-30 23:00:03.348406+00,1000000,t,69,Brasil
53bbdbe5-ca31-4134-8143-0f9718d43f50,84c924c1-529d-4610-92df-4d53cefea27d,31592583-1fc8-4db3-989a-462cb73fe8a6,Estrela Bela Vista,⚪,0,0,0,0,0,0,0,50,2026-04-30 23:00:03.348406+00,1000000,t,69,Brasil
0d4365db-d095-46bd-94db-22d43d85df0c,84c924c1-529d-4610-92df-4d53cefea27d,7ea0c04b-5009-48e1-955e-4f1b18a647f2,FC Cruz Alta,🟣,0,0,0,0,0,0,0,50,2026-04-30 23:00:03.348406+00,1000000,t,66,Brasil
572fea0c-a3c6-4b9d-8e7e-adc613c22077,84c924c1-529d-4610-92df-4d53cefea27d,dcfa4f62-fe66-4446-b562-b0637088bda7,SC Santo Amaro,🟠,0,0,0,0,0,0,0,50,2026-04-30 23:00:03.348406+00,1000000,t,75,Brasil
12079f2e-c948-4654-9239-29e141e20a60,84c924c1-529d-4610-92df-4d53cefea27d,8cc10ebf-94ac-4f6b-9dc3-9c76ae3fa400,AC Jardim,⚽,0,0,0,0,0,0,0,50,2026-04-30 23:00:03.348406+00,1000000,t,78,Brasil
6beea572-82ff-4933-b0cd-677ab8b40769,84c924c1-529d-4610-92df-4d53cefea27d,26f5f0be-8c4d-4ed2-9ec4-1a2a06ec7834,EC São Miguel,🏟️,0,0,0,0,0,0,0,50,2026-04-30 23:00:03.348406+00,1000000,t,78,Brasil
5ae2dbb3-a838-409e-97d9-4885ff88b477,84c924c1-529d-4610-92df-4d53cefea27d,04e91775-0e4b-47c3-8695-43ff997430c6,Clube Boa Vista,🦅,0,0,0,0,0,0,0,50,2026-04-30 23:00:03.348406+00,1000000,t,76,Brasil
5ecf080c-4a73-498c-9ccf-795e733ec24a,84c924c1-529d-4610-92df-4d53cefea27d,05cf38ec-4560-4671-ab65-10cff2fda895,Atlético Alto da Serra,🐺,0,0,0,0,0,0,0,50,2026-04-30 23:00:03.348406+00,1000000,t,70,Brasil
d317e6ff-f5da-48e6-9160-ea27e58651ae,84c924c1-529d-4610-92df-4d53cefea27d,cadefb5f-2f01-42a1-8576-b94142964f39,Esporte Morro Alto,🦁,0,0,0,0,0,0,0,50,2026-04-30 23:00:03.348406+00,1000000,t,70,Brasil
763ea361-f3f8-4923-97ae-75225d958030,84c924c1-529d-4610-92df-4d53cefea27d,85a40598-1c3f-4327-b612-cd15f006e4ff,Sport Ponta Grossa,🐂,0,0,0,0,0,0,0,50,2026-04-30 23:00:03.348406+00,1000000,t,67,Brasil
8bd29f60-555c-4a5f-8e76-0e8f357a0040,72b4ba2b-fe88-4d64-a8e1-bad9c33226b6,8ab8b259-8cf8-4f4a-a2d0-8f52c9fe338e,FC Nova Esperança,⚽,0,0,0,0,0,0,0,50,2026-04-30 23:00:04.621677+00,1000000,t,78,Brasil
eb611171-5c86-4459-93f9-a0a3032bafef,72b4ba2b-fe88-4d64-a8e1-bad9c33226b6,899cc165-4a52-41e1-88b3-878805750441,SC Sol Nascente,🏟️,0,0,0,0,0,0,0,50,2026-04-30 23:00:04.621677+00,1000000,t,78,Brasil
396ef3e9-c0d2-436d-acb6-674cca234a03,72b4ba2b-fe88-4d64-a8e1-bad9c33226b6,8dfed3df-dd04-4b11-8abf-8c7e5c659489,AC Vila Rica,🦅,0,0,0,0,0,0,0,50,2026-04-30 23:00:04.621677+00,1000000,t,75,Brasil
5ffc1c0f-6eb4-4f3f-a382-c2a9d30e27fe,72b4ba2b-fe88-4d64-a8e1-bad9c33226b6,96b026fc-aada-4283-bf83-ff3c396bb297,EC Monte Azul,🐺,0,0,0,0,0,0,0,50,2026-04-30 23:00:04.621677+00,1000000,t,86,Brasil
284e205d-45d0-4130-a492-20baa85b0a3c,72b4ba2b-fe88-4d64-a8e1-bad9c33226b6,96af7bdb-f8ec-4c6c-80b5-8c28656e6259,Clube Rio Claro,🦁,0,0,0,0,0,0,0,50,2026-04-30 23:00:04.621677+00,1000000,t,89,Brasil
da42f3d2-3cbf-49cf-ba6b-3873c090e4b2,72b4ba2b-fe88-4d64-a8e1-bad9c33226b6,5ea08450-c67e-47f4-90b8-4c255c725475,Atlético Campo Grande,🐂,0,0,0,0,0,0,0,50,2026-04-30 23:00:04.621677+00,1000000,t,82,Brasil
847231a0-ffc3-48d7-8456-dc54a695bf01,72b4ba2b-fe88-4d64-a8e1-bad9c33226b6,855596c3-6ba7-48ec-8152-f19faebf09bc,Esporte Serra Alta,🔴,0,0,0,0,0,0,0,50,2026-04-30 23:00:04.621677+00,1000000,t,78,Brasil
9124892f-6d87-4ab5-b358-bce6502dd334,72b4ba2b-fe88-4d64-a8e1-bad9c33226b6,4fd2e41d-569a-4eb6-a72e-9b6244b1bbd8,Sport Vale Verde,🔵,0,0,0,0,0,0,0,50,2026-04-30 23:00:04.621677+00,1000000,t,79,Brasil
4a6daa6b-d68d-466c-be86-45eb49bd5bf4,72b4ba2b-fe88-4d64-a8e1-bad9c33226b6,b990c5b4-0d8d-4828-8097-20a65f8b7221,União Pedra Branca,🟢,0,0,0,0,0,0,0,50,2026-04-30 23:00:04.621677+00,1000000,t,76,Brasil
56ae46ee-25ef-4d13-941d-03d32dd0bdf6,72b4ba2b-fe88-4d64-a8e1-bad9c33226b6,a807d8ee-f420-44bd-b08a-8c231ae57c9f,Real Lagoa Santa,🟡,0,0,0,0,0,0,0,50,2026-04-30 23:00:04.621677+00,1000000,t,85,Brasil
a7ca5420-6b29-4c16-b0b0-aa42e6ce5e79,72b4ba2b-fe88-4d64-a8e1-bad9c33226b6,0dd4f82a-c37c-43a7-b0db-c51858ef4b4c,Inter Porto Alegre,⚫,0,0,0,0,0,0,0,50,2026-04-30 23:00:04.621677+00,1000000,t,89,Brasil
db251066-9475-40a1-ab18-92a822ef0098,72b4ba2b-fe88-4d64-a8e1-bad9c33226b6,bf679990-14cd-4bfa-b9dd-908edca82a98,Nacional Bela Vista,⚪,0,0,0,0,0,0,0,50,2026-04-30 23:00:04.621677+00,1000000,t,84,Brasil
851a5660-ee48-4705-b891-b5c6d04502e8,72b4ba2b-fe88-4d64-a8e1-bad9c33226b6,13905355-bab4-4a5a-a0fd-c36df480e575,Sporting Cruz Alta,🟣,0,0,0,0,0,0,0,50,2026-04-30 23:00:04.621677+00,1000000,t,86,Brasil
48709166-11fb-47b7-b646-8ce4f26cb6c8,72b4ba2b-fe88-4d64-a8e1-bad9c33226b6,462e947f-6e11-4d8c-ae42-c8d21af5be8f,Racing Santo Amaro,🟠,0,0,0,0,0,0,0,50,2026-04-30 23:00:04.621677+00,1000000,t,86,Brasil
80501bb4-6d0b-4b05-97e7-4017b952b84f,72b4ba2b-fe88-4d64-a8e1-bad9c33226b6,a3906084-f8b7-4556-b5d3-9a69897f0414,Olimpia Jardim,⚽,0,0,0,0,0,0,0,50,2026-04-30 23:00:04.621677+00,1000000,t,89,Brasil
4f1739a1-433d-4d91-a356-9ba9b7d634cb,72b4ba2b-fe88-4d64-a8e1-bad9c33226b6,24fb318b-283b-4160-ad7a-29bf18ecf74c,Estrela São Miguel,🏟️,0,0,0,0,0,0,0,50,2026-04-30 23:00:04.621677+00,1000000,t,88,Brasil
b8612e3b-3042-4341-b3f3-07e8582c3f95,72b4ba2b-fe88-4d64-a8e1-bad9c33226b6,3da982cd-f8fc-4717-901d-8efac6eaca01,FC Boa Vista,🦅,0,0,0,0,0,0,0,50,2026-04-30 23:00:04.621677+00,1000000,t,75,Brasil
c11bbd42-6121-41dc-bc82-a4c43ac8aa09,72b4ba2b-fe88-4d64-a8e1-bad9c33226b6,c3318853-4a42-4a78-bcdf-5d0f0369fbac,SC Alto da Serra,🐺,0,0,0,0,0,0,0,50,2026-04-30 23:00:04.621677+00,1000000,t,83,Brasil
9f6c8c9c-3dcf-4715-895f-6a398c2c3e99,72b4ba2b-fe88-4d64-a8e1-bad9c33226b6,5c10f1e5-98d3-4a81-9123-fe663788b9ae,AC Morro Alto,🦁,0,0,0,0,0,0,0,50,2026-04-30 23:00:04.621677+00,1000000,t,87,Brasil
877e32f8-e26a-4018-9d39-0a43daa223d2,72b4ba2b-fe88-4d64-a8e1-bad9c33226b6,9f9907d3-1ecc-471d-bdcd-d67b0c29a545,EC Ponta Grossa,🐂,0,0,0,0,0,0,0,50,2026-04-30 23:00:04.621677+00,1000000,t,85,Brasil
a5e2ede6-453e-4ad0-bcbb-dc7a054b09ad,05558aa1-2e2b-4647-b965-c239f8e571c1,ab33d29a-6db8-4d83-8f0e-d3d3ab1ca1eb,Sporting Nova Esperança,⚽,0,0,0,0,0,0,0,50,2026-04-30 23:00:05.312969+00,1000000,t,55,Brasil
06646883-fea0-4d26-8edf-b241b4c02e7c,05558aa1-2e2b-4647-b965-c239f8e571c1,6ab63bcf-0233-4172-a0ef-7091984e2105,Racing Sol Nascente,🏟️,0,0,0,0,0,0,0,50,2026-04-30 23:00:05.312969+00,1000000,t,60,Brasil
8396e373-f77e-49fa-9d1f-ada1f3673e92,05558aa1-2e2b-4647-b965-c239f8e571c1,90061f69-bcee-47ba-9529-40b9d79067a1,Olimpia Vila Rica,🦅,0,0,0,0,0,0,0,50,2026-04-30 23:00:05.312969+00,1000000,t,48,Brasil
d7ca49e6-3602-4ac3-a8af-ed3401ca52c5,05558aa1-2e2b-4647-b965-c239f8e571c1,60fc18a5-4bdd-474a-b1cf-f93ce9a5041e,Clube Pedra Branca,🟢,0,0,0,0,0,0,0,50,2026-04-30 23:00:05.312969+00,1000000,t,46,Brasil
ce31ec9e-9e4f-4467-85a4-25f611521503,05558aa1-2e2b-4647-b965-c239f8e571c1,0d3d497e-bffb-4beb-949d-890b05a95362,Atlético Lagoa Santa,🟡,0,0,0,0,0,0,0,50,2026-04-30 23:00:05.312969+00,1000000,t,51,Brasil
32e891c7-9a74-47ff-92a2-f09b7fbedb52,05558aa1-2e2b-4647-b965-c239f8e571c1,5b05fb86-ae7b-4b92-862e-86687fbc411e,Esporte Porto Alegre,⚫,0,0,0,0,0,0,0,50,2026-04-30 23:00:05.312969+00,1000000,t,52,Brasil
f0e1d13d-d7ad-4d0b-a758-7e97c35ba9f6,f149bfac-0c0b-4a1d-959b-b39cb02b3a53,572169c7-82ba-47bd-a658-7dd43ebac081,Sporting Nova Esperança,⚽,0,0,0,0,0,0,0,50,2026-04-30 23:00:03.538345+00,1000000,t,45,Brasil
66c76a8c-c618-4ec2-ae40-52a7816efe6a,f149bfac-0c0b-4a1d-959b-b39cb02b3a53,4f8e53d8-98c0-4b68-884e-4be1ce27fa24,Racing Sol Nascente,🏟️,0,0,0,0,0,0,0,50,2026-04-30 23:00:03.538345+00,1000000,t,53,Brasil
5f152ce7-3d34-4369-a44f-f384631211c2,f149bfac-0c0b-4a1d-959b-b39cb02b3a53,6621bc2c-6954-47b5-af77-1c829369308a,Olimpia Vila Rica,🦅,0,0,0,0,0,0,0,50,2026-04-30 23:00:03.538345+00,1000000,t,59,Brasil
01437299-d25f-4c6c-b4d3-eab03332da81,f149bfac-0c0b-4a1d-959b-b39cb02b3a53,186696ee-c978-4a74-a8da-3a28a9218cce,Estrela Monte Azul,🐺,0,0,0,0,0,0,0,50,2026-04-30 23:00:03.538345+00,1000000,t,47,Brasil
80a54d67-838a-4c4b-88d2-408d8f8e228b,f149bfac-0c0b-4a1d-959b-b39cb02b3a53,2af37bad-3139-46b9-81f4-4686cdcb50a1,FC Rio Claro,🦁,0,0,0,0,0,0,0,50,2026-04-30 23:00:03.538345+00,1000000,t,58,Brasil
684a7ffe-8558-4bf7-a3ee-2620beea8f00,f149bfac-0c0b-4a1d-959b-b39cb02b3a53,b1f8c4a5-f205-407c-a4e6-4a462544aec9,SC Campo Grande,🐂,0,0,0,0,0,0,0,50,2026-04-30 23:00:03.538345+00,1000000,t,46,Brasil
b3ada295-9849-4379-98f6-26762fac867e,f149bfac-0c0b-4a1d-959b-b39cb02b3a53,4cfa5a5f-c7c0-47b7-9360-491a04d26ed7,AC Serra Alta,🔴,0,0,0,0,0,0,0,50,2026-04-30 23:00:03.538345+00,1000000,t,57,Brasil
be112a92-79fc-4a83-9d70-a5b201b88c5a,f149bfac-0c0b-4a1d-959b-b39cb02b3a53,fd8de5d1-3da1-4d31-8f18-1233a89fe3b1,EC Vale Verde,🔵,0,0,0,0,0,0,0,50,2026-04-30 23:00:03.538345+00,1000000,t,48,Brasil
df1552b8-2e7b-4c90-8862-b6879db71e51,f149bfac-0c0b-4a1d-959b-b39cb02b3a53,9e90b29c-01e2-4433-98bb-f2b84b92ccfa,Clube Pedra Branca,🟢,0,0,0,0,0,0,0,50,2026-04-30 23:00:03.538345+00,1000000,t,47,Brasil
e16261d8-1cd5-492f-9fde-f539173831b8,f149bfac-0c0b-4a1d-959b-b39cb02b3a53,c5aa95bd-fab1-4e38-bd4c-9dd4e09982e9,Atlético Lagoa Santa,🟡,0,0,0,0,0,0,0,50,2026-04-30 23:00:03.538345+00,1000000,t,59,Brasil
289e9632-490b-47b1-84a8-edc4771f5e67,f149bfac-0c0b-4a1d-959b-b39cb02b3a53,22b42722-baf3-47a9-afba-8965b514ab32,Esporte Porto Alegre,⚫,0,0,0,0,0,0,0,50,2026-04-30 23:00:03.538345+00,1000000,t,49,Brasil
3eb2e086-2315-459e-a4a2-4883900c5f67,f149bfac-0c0b-4a1d-959b-b39cb02b3a53,d29344dd-36fb-426e-aa46-416944eaeb83,Sport Bela Vista,⚪,0,0,0,0,0,0,0,50,2026-04-30 23:00:03.538345+00,1000000,t,53,Brasil
1f8aa9bc-7155-4620-81c2-e0d2476801a4,f149bfac-0c0b-4a1d-959b-b39cb02b3a53,bf248b1e-171e-448c-8577-fde0adc31ec1,União Cruz Alta,🟣,0,0,0,0,0,0,0,50,2026-04-30 23:00:03.538345+00,1000000,t,47,Brasil
42669da2-a581-4c33-85ee-3a9844be2e86,f149bfac-0c0b-4a1d-959b-b39cb02b3a53,2aa1429b-3805-44cf-9a1a-b60c46da2f47,Real Santo Amaro,🟠,0,0,0,0,0,0,0,50,2026-04-30 23:00:03.538345+00,1000000,t,50,Brasil
04193d18-c926-43c4-b604-b5fe4cc917c7,f149bfac-0c0b-4a1d-959b-b39cb02b3a53,453091d7-0955-4b75-bfcf-9a99f82ae4f2,Inter Jardim,⚽,0,0,0,0,0,0,0,50,2026-04-30 23:00:03.538345+00,1000000,t,60,Brasil
b3a78ee5-4866-4785-8294-517e5438fa82,f149bfac-0c0b-4a1d-959b-b39cb02b3a53,f7c34226-ad66-440a-a1ed-8c1fd71baad8,Nacional São Miguel,🏟️,0,0,0,0,0,0,0,50,2026-04-30 23:00:03.538345+00,1000000,t,60,Brasil
b67bf7b0-8424-4620-91dd-4b8b92d87334,f149bfac-0c0b-4a1d-959b-b39cb02b3a53,9381ee6b-992c-4918-814b-0036dae84f92,Sporting Boa Vista,🦅,0,0,0,0,0,0,0,50,2026-04-30 23:00:03.538345+00,1000000,t,48,Brasil
fe673978-6c92-4e51-b64d-249acd4c4bd0,f149bfac-0c0b-4a1d-959b-b39cb02b3a53,9893e5d5-531c-4610-993c-caafa9a63cf9,Racing Alto da Serra,🐺,0,0,0,0,0,0,0,50,2026-04-30 23:00:03.538345+00,1000000,t,50,Brasil
bcf93cb9-cf73-45da-b8b2-fc2f0e38f66a,f149bfac-0c0b-4a1d-959b-b39cb02b3a53,53675b00-db18-40f8-9f10-d2f7d155115c,Olimpia Morro Alto,🦁,0,0,0,0,0,0,0,50,2026-04-30 23:00:03.538345+00,1000000,t,46,Brasil
9f799b50-d93d-43c3-b52d-c0cb03cdc24f,f149bfac-0c0b-4a1d-959b-b39cb02b3a53,121c9522-5696-4dcc-9eaa-e04bdda0b453,Estrela Ponta Grossa,🐂,0,0,0,0,0,0,0,50,2026-04-30 23:00:03.538345+00,1000000,t,50,Brasil
bcab97d5-f4a5-4be8-ac2f-551f1d7ca9c3,02371419-8469-40e6-8788-433cfd777a93,51d431fa-7667-4d55-9c71-c54f01221665,União Nova Esperança,⚽,0,0,0,0,0,0,0,50,2026-04-30 23:00:04.767919+00,1000000,t,64,Brasil
db510f61-a503-47b7-a694-8a68f34f1007,02371419-8469-40e6-8788-433cfd777a93,a66bf0bc-1d59-470f-853f-1b666bcb82d9,Real Sol Nascente,🏟️,0,0,0,0,0,0,0,50,2026-04-30 23:00:04.767919+00,1000000,t,63,Brasil
1290d890-7b4b-43b6-98f6-a24fee5560bc,02371419-8469-40e6-8788-433cfd777a93,a87174ef-fc27-482d-99af-5ea398c10ab5,Inter Vila Rica,🦅,0,0,0,0,0,0,0,50,2026-04-30 23:00:04.767919+00,1000000,t,62,Brasil
f1f739f2-297b-41ef-92e2-37d188781c29,02371419-8469-40e6-8788-433cfd777a93,f78a0471-5a5a-465e-9cd6-38e8e0284119,Nacional Monte Azul,🐺,0,0,0,0,0,0,0,50,2026-04-30 23:00:04.767919+00,1000000,t,59,Brasil
f24fb0cc-5fd3-4bf1-bb56-7b7ec500e511,02371419-8469-40e6-8788-433cfd777a93,17511290-bd50-4d6b-9365-f8ebc78f9cf7,Sporting Rio Claro,🦁,0,0,0,0,0,0,0,50,2026-04-30 23:00:04.767919+00,1000000,t,66,Brasil
86c788a0-4ab9-4423-9260-50bd8ed33d6f,02371419-8469-40e6-8788-433cfd777a93,8324d94a-e9ae-4336-9bd9-1fa18831cd53,Racing Campo Grande,🐂,0,0,0,0,0,0,0,50,2026-04-30 23:00:04.767919+00,1000000,t,56,Brasil
796a4aec-16da-412e-91ed-a34a2c17a2cd,02371419-8469-40e6-8788-433cfd777a93,c65b47d9-38b7-46b2-af7b-ea2096a4e79c,Olimpia Serra Alta,🔴,0,0,0,0,0,0,0,50,2026-04-30 23:00:04.767919+00,1000000,t,61,Brasil
daf677e3-4ae6-4d69-8c1b-2512e1c724e9,02371419-8469-40e6-8788-433cfd777a93,6c2083f6-2b53-4527-8b85-f2cf73241aaf,Estrela Vale Verde,🔵,0,0,0,0,0,0,0,50,2026-04-30 23:00:04.767919+00,1000000,t,56,Brasil
b243054f-5d50-4715-881c-680794358dc1,02371419-8469-40e6-8788-433cfd777a93,7445e3a6-5bfc-4318-9c91-5e8f2e83a4ea,FC Pedra Branca,🟢,0,0,0,0,0,0,0,50,2026-04-30 23:00:04.767919+00,1000000,t,68,Brasil
c7e5a3aa-c7f8-465d-b8f9-0bf9467cbeaf,02371419-8469-40e6-8788-433cfd777a93,face8f89-e909-4f73-b207-fc28b495f3f5,SC Lagoa Santa,🟡,0,0,0,0,0,0,0,50,2026-04-30 23:00:04.767919+00,1000000,t,68,Brasil
2280b43d-4f19-42ba-973f-c5fdd196292f,02371419-8469-40e6-8788-433cfd777a93,56ba5250-cd92-4377-96f7-8399c65d01f3,AC Porto Alegre,⚫,0,0,0,0,0,0,0,50,2026-04-30 23:00:04.767919+00,1000000,t,58,Brasil
2ae99fd0-8b3c-4ac1-b135-4b5af225275f,02371419-8469-40e6-8788-433cfd777a93,b17a0d76-18a3-4c50-97e3-c6672e86bad8,EC Bela Vista,⚪,0,0,0,0,0,0,0,50,2026-04-30 23:00:04.767919+00,1000000,t,62,Brasil
ab7a70ea-b3d0-4b17-b424-362cb8719cb2,02371419-8469-40e6-8788-433cfd777a93,eda57c43-90d6-40a8-a680-3c9cebe9037a,Clube Cruz Alta,🟣,0,0,0,0,0,0,0,50,2026-04-30 23:00:04.767919+00,1000000,t,55,Brasil
e298ea86-d5f6-487c-ae28-86c5c41217fb,02371419-8469-40e6-8788-433cfd777a93,e0afd2e2-aa59-44bb-bffd-040b8db9ffb6,Atlético Santo Amaro,🟠,0,0,0,0,0,0,0,50,2026-04-30 23:00:04.767919+00,1000000,t,68,Brasil
f7273d15-87d8-442c-845b-211320493cd5,02371419-8469-40e6-8788-433cfd777a93,1c9a24dc-dae6-4d69-99bf-8e0b836ff441,Esporte Jardim,⚽,0,0,0,0,0,0,0,50,2026-04-30 23:00:04.767919+00,1000000,t,56,Brasil
7e2a0eb9-4524-4ce3-bcb9-85ad329522fc,02371419-8469-40e6-8788-433cfd777a93,6a78494d-ed85-4414-9dd2-c9951d884761,Sport São Miguel,🏟️,0,0,0,0,0,0,0,50,2026-04-30 23:00:04.767919+00,1000000,t,59,Brasil
5bb67931-3762-4edd-a44a-f1973dad2389,02371419-8469-40e6-8788-433cfd777a93,963951ee-91e6-45f7-a919-e3a7d96253ea,União Boa Vista,🦅,0,0,0,0,0,0,0,50,2026-04-30 23:00:04.767919+00,1000000,t,68,Brasil
1c4d9f57-859d-4841-9646-975d52d6477b,02371419-8469-40e6-8788-433cfd777a93,05027def-7a4d-4899-8dbb-a82374f5fba8,Real Alto da Serra,🐺,0,0,0,0,0,0,0,50,2026-04-30 23:00:04.767919+00,1000000,t,58,Brasil
d59edcfa-c9c8-4517-bf64-c3b35891820f,02371419-8469-40e6-8788-433cfd777a93,68e1f714-89a0-47bf-8a4c-d4f01cfae036,Inter Morro Alto,🦁,0,0,0,0,0,0,0,50,2026-04-30 23:00:04.767919+00,1000000,t,58,Brasil
f9432f23-25c9-4351-a25e-81f06dac3402,02371419-8469-40e6-8788-433cfd777a93,03787302-63d2-43a6-a736-6eea1607ace9,Nacional Ponta Grossa,🐂,0,0,0,0,0,0,0,50,2026-04-30 23:00:04.767919+00,1000000,t,58,Brasil
190b8013-7974-41a4-bee2-d45950d569aa,2ff5f6b8-f378-49be-864f-bd4b231640f1,dd6eb831-e057-4035-bc81-48149695ba4c,Clube Nova Esperança,⚽,0,0,0,0,0,0,0,50,2026-04-30 23:00:05.136757+00,1000000,t,65,Brasil
023d28cd-1478-4b8e-95c2-bb7d803c00d2,2ff5f6b8-f378-49be-864f-bd4b231640f1,030acfde-cf72-449a-b071-c84cc545d98f,Atlético Sol Nascente,🏟️,0,0,0,0,0,0,0,50,2026-04-30 23:00:05.136757+00,1000000,t,73,Brasil
30269304-4fd8-4580-b433-83c59ee2c606,2ff5f6b8-f378-49be-864f-bd4b231640f1,90726bc3-39b2-487a-9946-8ecc2b927eb7,Esporte Vila Rica,🦅,0,0,0,0,0,0,0,50,2026-04-30 23:00:05.136757+00,1000000,t,77,Brasil
bf1ccfed-fc6f-477b-9152-91deb9134b41,2ff5f6b8-f378-49be-864f-bd4b231640f1,7efb4875-f3d2-4c4e-8542-aa1b8bb4c627,Sport Monte Azul,🐺,0,0,0,0,0,0,0,50,2026-04-30 23:00:05.136757+00,1000000,t,70,Brasil
6329ea4e-34e5-41bc-8645-586b734799ba,2ff5f6b8-f378-49be-864f-bd4b231640f1,0d27c61d-452e-4a0b-81ae-bf54e034ba07,União Rio Claro,🦁,0,0,0,0,0,0,0,50,2026-04-30 23:00:05.136757+00,1000000,t,67,Brasil
1d5cf206-4c88-45bc-ae47-48eda9e91aa6,2ff5f6b8-f378-49be-864f-bd4b231640f1,8ab0eed4-248d-4aff-a919-8dda34c809b5,Real Campo Grande,🐂,0,0,0,0,0,0,0,50,2026-04-30 23:00:05.136757+00,1000000,t,66,Brasil
b560f821-4ec0-41f2-a6c1-d7cf9e86c927,2ff5f6b8-f378-49be-864f-bd4b231640f1,8626cb25-c95d-4ecc-86f7-01434eb5fdff,Inter Serra Alta,🔴,0,0,0,0,0,0,0,50,2026-04-30 23:00:05.136757+00,1000000,t,72,Brasil
f0f6d427-57fd-4625-8d8e-9724c041b327,2ff5f6b8-f378-49be-864f-bd4b231640f1,5169fc79-8cdf-4aef-b8e6-76ca07013f77,Nacional Vale Verde,🔵,0,0,0,0,0,0,0,50,2026-04-30 23:00:05.136757+00,1000000,t,77,Brasil
42bd5c75-06b4-43ff-851f-76ed978875d8,2ff5f6b8-f378-49be-864f-bd4b231640f1,7d0b193a-fa48-49d5-a23b-479f6f14970f,Sporting Pedra Branca,🟢,0,0,0,0,0,0,0,50,2026-04-30 23:00:05.136757+00,1000000,t,68,Brasil
0bb0c4a9-90fa-4e96-a35e-b9ebd4316d45,2ff5f6b8-f378-49be-864f-bd4b231640f1,fdf1a22c-0a00-4e4b-97a6-5d6b7d8f4e19,Racing Lagoa Santa,🟡,0,0,0,0,0,0,0,50,2026-04-30 23:00:05.136757+00,1000000,t,80,Brasil
b644d439-9eb0-408a-9526-3556dbbfb825,2ff5f6b8-f378-49be-864f-bd4b231640f1,b72035b0-2e56-47f3-ab2c-0f827818bd61,Olimpia Porto Alegre,⚫,0,0,0,0,0,0,0,50,2026-04-30 23:00:05.136757+00,1000000,t,72,Brasil
3846ce07-f4a8-4b51-ac97-af098fa5a8c7,b0b50e78-6de7-4c7e-8363-ec6ac574a54a,0c585167-1c41-4558-91a5-7bc5d6ae564d,Clube Nova Esperança,⚽,0,0,0,0,0,0,0,50,2026-04-30 23:00:03.830536+00,1000000,t,69,Brasil
d6e9b489-a6d5-4d97-aa60-89ede022baad,b0b50e78-6de7-4c7e-8363-ec6ac574a54a,a1e5c269-853a-41fa-8c3b-67db6f271cfe,Atlético Sol Nascente,🏟️,0,0,0,0,0,0,0,50,2026-04-30 23:00:03.830536+00,1000000,t,77,Brasil
088153dc-01dc-4935-b528-49d736e9a2a8,b0b50e78-6de7-4c7e-8363-ec6ac574a54a,5a43ca12-cf6e-4eb6-bacc-9c48c33cf231,Esporte Vila Rica,🦅,0,0,0,0,0,0,0,50,2026-04-30 23:00:03.830536+00,1000000,t,74,Brasil
7f642949-a4c0-4606-9ef3-342d02e8872a,b0b50e78-6de7-4c7e-8363-ec6ac574a54a,9b637449-f482-4fcc-99df-e96838a7ea8c,Sport Monte Azul,🐺,0,0,0,0,0,0,0,50,2026-04-30 23:00:03.830536+00,1000000,t,78,Brasil
3c57077e-03a2-47c8-819b-987870bd75d1,b0b50e78-6de7-4c7e-8363-ec6ac574a54a,b7c0caa6-9dff-4cea-a991-1c0f76e0545b,União Rio Claro,🦁,0,0,0,0,0,0,0,50,2026-04-30 23:00:03.830536+00,1000000,t,76,Brasil
bc7a39ff-1a41-4ffd-8f75-16c28f99b64d,b0b50e78-6de7-4c7e-8363-ec6ac574a54a,8d37c065-e57b-4f7d-bb68-13c2df509eb3,Real Campo Grande,🐂,0,0,0,0,0,0,0,50,2026-04-30 23:00:03.830536+00,1000000,t,76,Brasil
044eaab1-5051-4604-ae8d-de0709458c75,b0b50e78-6de7-4c7e-8363-ec6ac574a54a,1450957e-764a-4908-9be7-91bfd78a4183,Inter Serra Alta,🔴,0,0,0,0,0,0,0,50,2026-04-30 23:00:03.830536+00,1000000,t,69,Brasil
6cccfde1-7deb-46e4-99e1-ff3951047c6c,b0b50e78-6de7-4c7e-8363-ec6ac574a54a,9879d074-5922-48ac-90b7-d99115424d60,Nacional Vale Verde,🔵,0,0,0,0,0,0,0,50,2026-04-30 23:00:03.830536+00,1000000,t,78,Brasil
300551b8-1d12-4d95-a651-538b2aacbcd6,b0b50e78-6de7-4c7e-8363-ec6ac574a54a,6ee96408-de1f-404d-a9c2-936a9123ef9b,Sporting Pedra Branca,🟢,0,0,0,0,0,0,0,50,2026-04-30 23:00:03.830536+00,1000000,t,79,Brasil
11e6b636-5d65-4a93-b6e1-621522211fd8,b0b50e78-6de7-4c7e-8363-ec6ac574a54a,4a3ab098-054a-4a79-a24f-6dea238c9af2,Racing Lagoa Santa,🟡,0,0,0,0,0,0,0,50,2026-04-30 23:00:03.830536+00,1000000,t,76,Brasil
ccb34bc5-1a6d-41ab-9fb2-44615fc7ddff,b0b50e78-6de7-4c7e-8363-ec6ac574a54a,6f96dc7d-8ec4-4a01-b227-f2fcc00403f3,Olimpia Porto Alegre,⚫,0,0,0,0,0,0,0,50,2026-04-30 23:00:03.830536+00,1000000,t,66,Brasil
1b472dd5-cc9f-4517-afe6-32256c71219f,b0b50e78-6de7-4c7e-8363-ec6ac574a54a,a697a62d-e96b-48b1-aa4a-8497a645fcff,Estrela Bela Vista,⚪,0,0,0,0,0,0,0,50,2026-04-30 23:00:03.830536+00,1000000,t,73,Brasil
9940f4d6-300d-4bf3-aa44-3929a832f744,b0b50e78-6de7-4c7e-8363-ec6ac574a54a,b490610d-1661-4ff9-8c9c-2d5576fb3816,FC Cruz Alta,🟣,0,0,0,0,0,0,0,50,2026-04-30 23:00:03.830536+00,1000000,t,66,Brasil
12aae13b-3596-44a6-b8ca-e7eeb1a056fb,b0b50e78-6de7-4c7e-8363-ec6ac574a54a,b3671c40-16be-46e2-9fcd-96ace2d83568,SC Santo Amaro,🟠,0,0,0,0,0,0,0,50,2026-04-30 23:00:03.830536+00,1000000,t,72,Brasil
dbca6637-c3b8-4cac-9983-fc93420e03cd,b0b50e78-6de7-4c7e-8363-ec6ac574a54a,6d856e52-3027-4379-87a1-7a217cc9cd42,AC Jardim,⚽,0,0,0,0,0,0,0,50,2026-04-30 23:00:03.830536+00,1000000,t,69,Brasil
93920560-8df3-4837-889e-2f9bc0c74bf7,b0b50e78-6de7-4c7e-8363-ec6ac574a54a,f856c793-d5dc-4fdb-bf2a-1be5dfe2ee1a,EC São Miguel,🏟️,0,0,0,0,0,0,0,50,2026-04-30 23:00:03.830536+00,1000000,t,74,Brasil
b6bbd5c8-3482-416e-8456-d88435456840,b0b50e78-6de7-4c7e-8363-ec6ac574a54a,afdd17a1-c826-44d3-be3c-1355b9b6f384,Clube Boa Vista,🦅,0,0,0,0,0,0,0,50,2026-04-30 23:00:03.830536+00,1000000,t,73,Brasil
64da369d-0d15-4716-aa86-dc3fe554fafb,b0b50e78-6de7-4c7e-8363-ec6ac574a54a,61c96ee2-0a2d-4413-bf46-3e3ff0089d0b,Atlético Alto da Serra,🐺,0,0,0,0,0,0,0,50,2026-04-30 23:00:03.830536+00,1000000,t,80,Brasil
c64e89a5-2e27-43b1-98fc-bd5d232e02a8,b0b50e78-6de7-4c7e-8363-ec6ac574a54a,a31bb6ae-2c3d-4011-9a84-72eead21e616,Esporte Morro Alto,🦁,0,0,0,0,0,0,0,50,2026-04-30 23:00:03.830536+00,1000000,t,77,Brasil
56e060b7-ace8-4133-85e6-23c969967a97,b0b50e78-6de7-4c7e-8363-ec6ac574a54a,6769ad8a-82f4-4753-90ae-785062a7ed83,Sport Ponta Grossa,🐂,0,0,0,0,0,0,0,50,2026-04-30 23:00:03.830536+00,1000000,t,76,Brasil
5ceccb57-3663-4ba9-a2f7-ed1c5d0c4c13,03a66e00-00a4-4e52-9ac4-ca62ebe478a9,2692ecfa-2195-410f-82d3-44331a3a25be,FC Nova Esperança,⚽,0,0,0,0,0,0,0,50,2026-04-30 23:00:05.550643+00,1000000,t,85,Brasil
d81618f5-808b-4918-afd5-3c15a109f73d,03a66e00-00a4-4e52-9ac4-ca62ebe478a9,e4c250e1-792e-4e1b-9272-b8939cdc56c7,SC Sol Nascente,🏟️,0,0,0,0,0,0,0,50,2026-04-30 23:00:05.550643+00,1000000,t,79,Brasil
12aceea4-41dc-44ca-ab33-be0a33e63e68,03a66e00-00a4-4e52-9ac4-ca62ebe478a9,03808e1a-610d-4766-a727-32ceb1da431a,AC Vila Rica,🦅,0,0,0,0,0,0,0,50,2026-04-30 23:00:05.550643+00,1000000,t,90,Brasil
e5a21d3c-dee4-49ca-8a27-cd1466f6707a,03a66e00-00a4-4e52-9ac4-ca62ebe478a9,dcd3f097-27bb-4214-ba5b-eb62337e6c7e,EC Monte Azul,🐺,0,0,0,0,0,0,0,50,2026-04-30 23:00:05.550643+00,1000000,t,80,Brasil
0dff84bf-f57c-4d3e-961e-cdba3f34ff25,03a66e00-00a4-4e52-9ac4-ca62ebe478a9,34f25e14-670e-4991-bb44-8f642d0bb8dd,Clube Rio Claro,🦁,0,0,0,0,0,0,0,50,2026-04-30 23:00:05.550643+00,1000000,t,77,Brasil
020180e7-59b1-4198-901b-a5d9860d1b0d,03a66e00-00a4-4e52-9ac4-ca62ebe478a9,2e9ca5e9-42f3-4746-853f-fbb7b4cb14e3,Atlético Campo Grande,🐂,0,0,0,0,0,0,0,50,2026-04-30 23:00:05.550643+00,1000000,t,78,Brasil
68873ce0-f071-4bc5-986c-2ba9117433ff,03a66e00-00a4-4e52-9ac4-ca62ebe478a9,4593b453-b3fb-4419-ab50-f0b0f5ce3ecd,Esporte Serra Alta,🔴,0,0,0,0,0,0,0,50,2026-04-30 23:00:05.550643+00,1000000,t,83,Brasil
bf4ffdc3-2346-4322-832c-b68e78c82ec4,03a66e00-00a4-4e52-9ac4-ca62ebe478a9,d894eda7-b4b9-489d-8982-3819b6f59ec5,Sport Vale Verde,🔵,0,0,0,0,0,0,0,50,2026-04-30 23:00:05.550643+00,1000000,t,81,Brasil
205de9c6-baee-4a0e-91b0-139b03305e2e,03a66e00-00a4-4e52-9ac4-ca62ebe478a9,1af2ae4b-1d9a-4a40-a133-ccce77ead7c9,União Pedra Branca,🟢,0,0,0,0,0,0,0,50,2026-04-30 23:00:05.550643+00,1000000,t,85,Brasil
e2b0440d-b41a-4df5-ae09-2702e6fde09c,03a66e00-00a4-4e52-9ac4-ca62ebe478a9,4106393c-1431-4d2b-9ca5-9f7d314d06de,Real Lagoa Santa,🟡,0,0,0,0,0,0,0,50,2026-04-30 23:00:05.550643+00,1000000,t,84,Brasil
d0065d05-0ac8-4dac-ae5b-ad35c679d682,03a66e00-00a4-4e52-9ac4-ca62ebe478a9,aa0d87f8-e0e0-4671-a15b-0ee5b70ac842,Inter Porto Alegre,⚫,0,0,0,0,0,0,0,50,2026-04-30 23:00:05.550643+00,1000000,t,79,Brasil
da0ad360-211a-4378-9325-42651e65cc9f,03a66e00-00a4-4e52-9ac4-ca62ebe478a9,c3b97b9c-a605-47d6-b4a4-dd8a211fc544,Nacional Bela Vista,⚪,0,0,0,0,0,0,0,50,2026-04-30 23:00:05.550643+00,1000000,t,88,Brasil
f103e993-63aa-409a-9c67-0452c036d1d7,03a66e00-00a4-4e52-9ac4-ca62ebe478a9,9020b1a3-a156-48c8-9642-18a78433b349,Sporting Cruz Alta,🟣,0,0,0,0,0,0,0,50,2026-04-30 23:00:05.550643+00,1000000,t,76,Brasil
abee1cf0-9a7f-4811-a935-5f50faed738a,03a66e00-00a4-4e52-9ac4-ca62ebe478a9,e7431189-6f78-4e3c-952d-338456ddbf55,Racing Santo Amaro,🟠,0,0,0,0,0,0,0,50,2026-04-30 23:00:05.550643+00,1000000,t,79,Brasil
b6ee533d-0863-41af-9215-6b23cc5dac3f,03a66e00-00a4-4e52-9ac4-ca62ebe478a9,5d8e20a1-7888-4e17-a977-d20d73d097b9,Olimpia Jardim,⚽,0,0,0,0,0,0,0,50,2026-04-30 23:00:05.550643+00,1000000,t,78,Brasil
ec9bbb7f-0007-41e6-a952-b61537cf7871,03a66e00-00a4-4e52-9ac4-ca62ebe478a9,ce874531-88f2-4c81-a174-32e8f514402f,Estrela São Miguel,🏟️,0,0,0,0,0,0,0,50,2026-04-30 23:00:05.550643+00,1000000,t,90,Brasil
24a6ac31-d8e7-4c49-936d-827c9cb1ae89,03a66e00-00a4-4e52-9ac4-ca62ebe478a9,247cb9b6-4e22-4ac1-bab3-4e70bc82b31f,FC Boa Vista,🦅,0,0,0,0,0,0,0,50,2026-04-30 23:00:05.550643+00,1000000,t,82,Brasil
b9364183-1dac-4b24-928a-3ea1c7aa8d3d,03a66e00-00a4-4e52-9ac4-ca62ebe478a9,2c6d5527-3326-4944-b41f-e322f67f23e0,SC Alto da Serra,🐺,0,0,0,0,0,0,0,50,2026-04-30 23:00:05.550643+00,1000000,t,76,Brasil
d50a122b-4edb-4648-8d8b-e91ef3f2087e,03a66e00-00a4-4e52-9ac4-ca62ebe478a9,0453254e-315b-49ce-8de3-148d86ea7093,AC Morro Alto,🦁,0,0,0,0,0,0,0,50,2026-04-30 23:00:05.550643+00,1000000,t,84,Brasil
ed5407d3-cc6f-499e-89dc-bd5b622339c3,03a66e00-00a4-4e52-9ac4-ca62ebe478a9,11ebe408-1a0b-4018-a79a-8be945039463,EC Ponta Grossa,🐂,0,0,0,0,0,0,0,50,2026-04-30 23:00:05.550643+00,1000000,t,78,Brasil
36902e2c-df1d-4eb6-b466-d4ce21995ae7,61f5f772-90d8-46dd-9739-635dc3db5890,4cb1007c-5f21-4539-8ae6-83a3ca92cf6a,União Nova Esperança,⚽,0,0,0,0,0,0,0,50,2026-04-30 23:00:05.7217+00,1000000,t,58,Brasil
b3b439a9-34cd-4548-9897-afd124c8b1d0,61f5f772-90d8-46dd-9739-635dc3db5890,809a7750-ec7a-45e1-9872-4da7c4b3a5bf,Real Sol Nascente,🏟️,0,0,0,0,0,0,0,50,2026-04-30 23:00:05.7217+00,1000000,t,67,Brasil
b47e6aaf-3950-4676-815f-bb2633ad840d,61f5f772-90d8-46dd-9739-635dc3db5890,b4ac0f67-c5d1-427d-9efc-8f595564130f,Inter Vila Rica,🦅,0,0,0,0,0,0,0,50,2026-04-30 23:00:05.7217+00,1000000,t,56,Brasil
32be8f88-165a-4b0c-aed1-96b4f9209932,61f5f772-90d8-46dd-9739-635dc3db5890,282c24dc-e27b-4aa1-beeb-9878c7e1ab82,Nacional Monte Azul,🐺,0,0,0,0,0,0,0,50,2026-04-30 23:00:05.7217+00,1000000,t,58,Brasil
5d6df838-95cc-46aa-93e4-ef4b45a75329,61f5f772-90d8-46dd-9739-635dc3db5890,2ee4f998-e577-4baa-bdce-92b31a78713e,Sporting Rio Claro,🦁,0,0,0,0,0,0,0,50,2026-04-30 23:00:05.7217+00,1000000,t,56,Brasil
31c66937-95c8-4918-831d-f4dc959477d9,61f5f772-90d8-46dd-9739-635dc3db5890,d9063464-46de-4844-9035-eba5d549697f,Racing Campo Grande,🐂,0,0,0,0,0,0,0,50,2026-04-30 23:00:05.7217+00,1000000,t,66,Brasil
6d66732b-0887-43f2-947b-581bacb02e53,61f5f772-90d8-46dd-9739-635dc3db5890,734ac546-8df7-4b96-b981-3bae2e08edb2,Olimpia Serra Alta,🔴,0,0,0,0,0,0,0,50,2026-04-30 23:00:05.7217+00,1000000,t,69,Brasil
3dd4e8ef-6b50-481d-8bbf-03a20cb1f6be,61f5f772-90d8-46dd-9739-635dc3db5890,0f7ca979-1cc0-4c6a-aa51-784d1df19803,Estrela Vale Verde,🔵,0,0,0,0,0,0,0,50,2026-04-30 23:00:05.7217+00,1000000,t,55,Brasil
ffe76e17-fcc6-4e16-b26e-fa31137190d2,61f5f772-90d8-46dd-9739-635dc3db5890,4eeaa175-d44f-4f94-8299-e7af39f79ed0,FC Pedra Branca,🟢,0,0,0,0,0,0,0,50,2026-04-30 23:00:05.7217+00,1000000,t,70,Brasil
a6ef7a7d-f8d8-4c9d-8ecd-93444e77dc89,61f5f772-90d8-46dd-9739-635dc3db5890,f27bc39d-4c39-4ecd-b284-f95e87f77686,SC Lagoa Santa,🟡,0,0,0,0,0,0,0,50,2026-04-30 23:00:05.7217+00,1000000,t,55,Brasil
b4a4f384-ad19-4d0e-95ad-62ef1a3caf3b,61f5f772-90d8-46dd-9739-635dc3db5890,c002e4af-67c2-4593-a1f8-ec6a789f77ab,AC Porto Alegre,⚫,0,0,0,0,0,0,0,50,2026-04-30 23:00:05.7217+00,1000000,t,64,Brasil
2ee9a63d-efa1-488a-9c23-503692d95d27,b1f9a97e-199d-460c-ba5c-8625725592b0,17988bb6-1f8d-4e73-9506-2f3fc3805f18,União Nova Esperança,⚽,0,0,0,0,0,0,0,50,2026-04-30 23:00:03.92135+00,1000000,t,62,Brasil
94cd4f7e-ae89-4dee-9a13-a6849a0a79d6,b1f9a97e-199d-460c-ba5c-8625725592b0,35c80908-5d8f-4418-8283-1f44716fd85c,Real Sol Nascente,🏟️,0,0,0,0,0,0,0,50,2026-04-30 23:00:03.92135+00,1000000,t,69,Brasil
9347125f-2d55-40d0-8b8d-947f616b9043,b1f9a97e-199d-460c-ba5c-8625725592b0,e84310df-8110-455e-b46d-787d65d10b98,Inter Vila Rica,🦅,0,0,0,0,0,0,0,50,2026-04-30 23:00:03.92135+00,1000000,t,61,Brasil
b7f448da-e132-4c08-ac09-4a66ea0745fb,b1f9a97e-199d-460c-ba5c-8625725592b0,84d475de-41ff-431b-aa2e-5ec2908ccbfc,Nacional Monte Azul,🐺,0,0,0,0,0,0,0,50,2026-04-30 23:00:03.92135+00,1000000,t,66,Brasil
b4dd094f-5c8f-4342-8b03-918ba3f640b4,b1f9a97e-199d-460c-ba5c-8625725592b0,7a9a83df-8507-4ae0-b533-5747770795b5,Sporting Rio Claro,🦁,0,0,0,0,0,0,0,50,2026-04-30 23:00:03.92135+00,1000000,t,61,Brasil
660857d4-52f2-441b-9f01-1bbf8fcc05d8,b1f9a97e-199d-460c-ba5c-8625725592b0,3ac4f8a6-058f-4487-a3be-5c0e192a9644,Racing Campo Grande,🐂,0,0,0,0,0,0,0,50,2026-04-30 23:00:03.92135+00,1000000,t,67,Brasil
18f02c17-87c7-43d6-8b4d-e2e2dec47aeb,b1f9a97e-199d-460c-ba5c-8625725592b0,127d4139-40ce-4b7a-93fb-c42b0930f784,Olimpia Serra Alta,🔴,0,0,0,0,0,0,0,50,2026-04-30 23:00:03.92135+00,1000000,t,57,Brasil
1f05dbc7-57e4-420b-8f31-cb9fa7465860,b1f9a97e-199d-460c-ba5c-8625725592b0,22101e23-fd32-4730-83e7-6ca27ab477af,Estrela Vale Verde,🔵,0,0,0,0,0,0,0,50,2026-04-30 23:00:03.92135+00,1000000,t,58,Brasil
9838ef63-f8b8-4613-81c4-9340996df846,b1f9a97e-199d-460c-ba5c-8625725592b0,c6b5b3cd-d1ed-4f98-b563-27bf7970c922,FC Pedra Branca,🟢,0,0,0,0,0,0,0,50,2026-04-30 23:00:03.92135+00,1000000,t,60,Brasil
a0059c15-2e16-4530-9370-f8fbf9213ec4,b1f9a97e-199d-460c-ba5c-8625725592b0,fc1686b0-7e8d-4a67-a0af-5ddfae4ea726,SC Lagoa Santa,🟡,0,0,0,0,0,0,0,50,2026-04-30 23:00:03.92135+00,1000000,t,61,Brasil
e8d79c0b-605f-4c25-a096-0112701cdc29,b1f9a97e-199d-460c-ba5c-8625725592b0,751b79aa-b182-4b03-8565-33830e7dc6d8,AC Porto Alegre,⚫,0,0,0,0,0,0,0,50,2026-04-30 23:00:03.92135+00,1000000,t,66,Brasil
1d87a8d8-71d1-4fd9-a426-dcaaf57f35b6,b1f9a97e-199d-460c-ba5c-8625725592b0,24a3fcaa-8c2c-4439-8967-8dff69122f8c,EC Bela Vista,⚪,0,0,0,0,0,0,0,50,2026-04-30 23:00:03.92135+00,1000000,t,65,Brasil
bbe19f2d-1311-4b37-8bbb-17c6985a45fd,b1f9a97e-199d-460c-ba5c-8625725592b0,7f86c0ce-e2b5-4ab7-ae76-4d17dfee28d5,Clube Cruz Alta,🟣,0,0,0,0,0,0,0,50,2026-04-30 23:00:03.92135+00,1000000,t,55,Brasil
ebf852ec-f56d-4170-a5d5-ad279d1ab05d,b1f9a97e-199d-460c-ba5c-8625725592b0,129d27f4-bc0f-4ebf-937f-113ef7184306,Atlético Santo Amaro,🟠,0,0,0,0,0,0,0,50,2026-04-30 23:00:03.92135+00,1000000,t,59,Brasil
0d5e16f6-dde0-479a-b62f-06da5059e568,b1f9a97e-199d-460c-ba5c-8625725592b0,d28932dd-2a46-40d9-a7d0-3cd1bc355635,Esporte Jardim,⚽,0,0,0,0,0,0,0,50,2026-04-30 23:00:03.92135+00,1000000,t,58,Brasil
98b301c7-feba-4f4c-ab9a-4484f39b64f1,b1f9a97e-199d-460c-ba5c-8625725592b0,4bb79eee-0dbf-460e-944a-112b71a30db3,Sport São Miguel,🏟️,0,0,0,0,0,0,0,50,2026-04-30 23:00:03.92135+00,1000000,t,55,Brasil
bce646b0-5882-460d-842d-0e3a976c1bab,b1f9a97e-199d-460c-ba5c-8625725592b0,82c3c3b8-053c-4c96-a293-706870df0593,União Boa Vista,🦅,0,0,0,0,0,0,0,50,2026-04-30 23:00:03.92135+00,1000000,t,59,Brasil
faec681c-210e-48ac-bf42-77a942624dca,b1f9a97e-199d-460c-ba5c-8625725592b0,5d66bbb4-ab6f-44d2-838d-e28b7b587f4e,Real Alto da Serra,🐺,0,0,0,0,0,0,0,50,2026-04-30 23:00:03.92135+00,1000000,t,61,Brasil
551d0ff2-f5a2-4623-b82a-8389733e9adb,b1f9a97e-199d-460c-ba5c-8625725592b0,ef5764c2-50b8-4460-96a8-3b599215a930,Inter Morro Alto,🦁,0,0,0,0,0,0,0,50,2026-04-30 23:00:03.92135+00,1000000,t,55,Brasil
3abab985-d190-485d-bd45-ff5ed1720f6f,b1f9a97e-199d-460c-ba5c-8625725592b0,7ae466f3-3dcf-44f6-8eae-70e947d36dce,Nacional Ponta Grossa,🐂,0,0,0,0,0,0,0,50,2026-04-30 23:00:03.92135+00,1000000,t,62,Brasil
e5817b60-fb88-4230-8150-ac2d89b000f3,38a837c4-cc68-4d47-8520-bfdf629ccdf6,d989a85c-3f37-4493-b55d-470cf7eeb63a,Clube Nova Esperança,⚽,0,0,0,0,0,0,0,50,2026-04-30 23:00:04.271223+00,1000000,t,80,Brasil
0cf0eaae-27c0-467c-8e7a-6b04ce5293cc,38a837c4-cc68-4d47-8520-bfdf629ccdf6,f0fbbdbe-26d5-4877-a891-942eec924370,Atlético Sol Nascente,🏟️,0,0,0,0,0,0,0,50,2026-04-30 23:00:04.271223+00,1000000,t,77,Brasil
fe67859e-6c43-403c-83f1-1cf929e580ba,38a837c4-cc68-4d47-8520-bfdf629ccdf6,c4cbfb3f-0ef8-4ab8-ae61-980c55da23d4,Esporte Vila Rica,🦅,0,0,0,0,0,0,0,50,2026-04-30 23:00:04.271223+00,1000000,t,77,Brasil
a5163077-7b6e-4fba-9134-d894eeeb56a5,38a837c4-cc68-4d47-8520-bfdf629ccdf6,1e61e136-9047-47a6-a86a-a936a8794c08,Sport Monte Azul,🐺,0,0,0,0,0,0,0,50,2026-04-30 23:00:04.271223+00,1000000,t,74,Brasil
6017d3f8-5f1e-426b-b4f5-2cae30bcbbb0,38a837c4-cc68-4d47-8520-bfdf629ccdf6,44213f51-8534-4368-9bfe-337612491164,União Rio Claro,🦁,0,0,0,0,0,0,0,50,2026-04-30 23:00:04.271223+00,1000000,t,67,Brasil
57f44f9e-b4cb-4bbc-b1a6-2719c45e8a22,38a837c4-cc68-4d47-8520-bfdf629ccdf6,307a8d56-8a8a-4a2a-9cb5-a57558288b6a,Real Campo Grande,🐂,0,0,0,0,0,0,0,50,2026-04-30 23:00:04.271223+00,1000000,t,74,Brasil
5ecefef2-172a-43a6-8632-740f11381bd8,38a837c4-cc68-4d47-8520-bfdf629ccdf6,bba991e2-cc9d-4e12-aed4-b61ebb22317c,Inter Serra Alta,🔴,0,0,0,0,0,0,0,50,2026-04-30 23:00:04.271223+00,1000000,t,69,Brasil
5c251349-1ef3-41ed-922c-528c45e2f7c8,38a837c4-cc68-4d47-8520-bfdf629ccdf6,be1e36f5-d4fb-4aad-8aba-6111f2bf24a1,Nacional Vale Verde,🔵,0,0,0,0,0,0,0,50,2026-04-30 23:00:04.271223+00,1000000,t,74,Brasil
6b8292f6-eafd-4524-9ff6-2a62000be3d3,38a837c4-cc68-4d47-8520-bfdf629ccdf6,79a05871-bd59-4298-845a-93b2199f78ac,Sporting Pedra Branca,🟢,0,0,0,0,0,0,0,50,2026-04-30 23:00:04.271223+00,1000000,t,77,Brasil
a1b155bd-707a-4ca2-bfb8-00f7a6999627,38a837c4-cc68-4d47-8520-bfdf629ccdf6,9d5e5919-74de-4846-b283-27acc0b7523f,Racing Lagoa Santa,🟡,0,0,0,0,0,0,0,50,2026-04-30 23:00:04.271223+00,1000000,t,71,Brasil
6852da9a-021a-49e3-9c74-427915eff823,38a837c4-cc68-4d47-8520-bfdf629ccdf6,590e8278-eead-4118-871b-78bbfa8f0b33,Olimpia Porto Alegre,⚫,0,0,0,0,0,0,0,50,2026-04-30 23:00:04.271223+00,1000000,t,70,Brasil
bfae6680-922a-40f0-b3b1-04d2e726deb9,38a837c4-cc68-4d47-8520-bfdf629ccdf6,165d6591-157e-4f53-9f04-69359e044142,Estrela Bela Vista,⚪,0,0,0,0,0,0,0,50,2026-04-30 23:00:04.271223+00,1000000,t,78,Brasil
ef33a511-8eaa-4949-8f1f-2ba263c9ffe7,38a837c4-cc68-4d47-8520-bfdf629ccdf6,204cbb03-ecde-4537-a36b-09cd2ad8cf43,FC Cruz Alta,🟣,0,0,0,0,0,0,0,50,2026-04-30 23:00:04.271223+00,1000000,t,68,Brasil
032f6077-2a3c-4603-a4ef-0d1abcd74012,38a837c4-cc68-4d47-8520-bfdf629ccdf6,e9fc3cc8-a78c-434a-8ba8-bf24083a9ec4,SC Santo Amaro,🟠,0,0,0,0,0,0,0,50,2026-04-30 23:00:04.271223+00,1000000,t,75,Brasil
b3b1cf76-5aea-43d4-a5d3-006fbdff32ee,38a837c4-cc68-4d47-8520-bfdf629ccdf6,fb933481-486a-47d7-abb8-2b904119ad4a,AC Jardim,⚽,0,0,0,0,0,0,0,50,2026-04-30 23:00:04.271223+00,1000000,t,65,Brasil
06db572e-47c5-428e-969f-ee090024ca47,38a837c4-cc68-4d47-8520-bfdf629ccdf6,0f65c4e2-f799-4654-99b1-1ec8c6a1d598,EC São Miguel,🏟️,0,0,0,0,0,0,0,50,2026-04-30 23:00:04.271223+00,1000000,t,68,Brasil
1ebe177a-8da4-49fa-ae71-ae09ffa6f939,38a837c4-cc68-4d47-8520-bfdf629ccdf6,5bbcde43-59a1-4ff1-825e-2a907b743df7,Clube Boa Vista,🦅,0,0,0,0,0,0,0,50,2026-04-30 23:00:04.271223+00,1000000,t,74,Brasil
fb962d64-b0c0-4804-acc3-73c0de18dd30,38a837c4-cc68-4d47-8520-bfdf629ccdf6,8aefa8fb-423c-4a7c-944a-dd9d0c85b7cb,Atlético Alto da Serra,🐺,0,0,0,0,0,0,0,50,2026-04-30 23:00:04.271223+00,1000000,t,78,Brasil
3325c67d-7229-4592-bc2d-dfd1c69a70a6,38a837c4-cc68-4d47-8520-bfdf629ccdf6,c424951a-6066-45f5-87fb-0a375ae5630a,Esporte Morro Alto,🦁,0,0,0,0,0,0,0,50,2026-04-30 23:00:04.271223+00,1000000,t,70,Brasil
9a0fdf91-55c3-4a86-b895-357db4c40495,38a837c4-cc68-4d47-8520-bfdf629ccdf6,5e80db50-d57a-4ee9-bb59-dc88c16bb2fe,Sport Ponta Grossa,🐂,0,0,0,0,0,0,0,50,2026-04-30 23:00:04.271223+00,1000000,t,77,Brasil
62f3b6cf-5d7e-4af2-9383-c7a994ca239a,3395c9d4-a07e-4ee7-a799-bd7e51750f34,546c657b-803e-4034-9bc2-ddcb7214be71,Nacional São Miguel,🏟️,0,0,0,0,0,0,0,50,2026-04-30 23:00:07.208979+00,1000000,t,46,Brasil
fa2fd358-b855-4ce0-a803-179d0f72ae33,3395c9d4-a07e-4ee7-a799-bd7e51750f34,f7f10482-3aff-4d98-84b6-1479e45132d3,Sporting Boa Vista,🦅,0,0,0,0,0,0,0,50,2026-04-30 23:00:07.208979+00,1000000,t,59,Brasil
f91bc9e3-f6c6-4761-9675-15923053895c,3395c9d4-a07e-4ee7-a799-bd7e51750f34,8a6cfe50-24dc-4545-a36d-121d459d158e,Racing Alto da Serra,🐺,0,0,0,0,0,0,0,50,2026-04-30 23:00:07.208979+00,1000000,t,45,Brasil
8ade77ff-4bb7-46bf-99ee-724bb80758b5,3395c9d4-a07e-4ee7-a799-bd7e51750f34,5f23515d-6e31-4c90-be1c-373ec834c5d7,Olimpia Morro Alto,🦁,0,0,0,0,0,0,0,50,2026-04-30 23:00:07.208979+00,1000000,t,47,Brasil
124d0557-5778-434a-979c-2bb02c2cd97f,3395c9d4-a07e-4ee7-a799-bd7e51750f34,160ccac2-7556-441b-b2d4-861c37a82992,Estrela Ponta Grossa,🐂,0,0,0,0,0,0,0,50,2026-04-30 23:00:07.208979+00,1000000,t,51,Brasil
b7799991-2670-4b0b-b2a1-20f2b246d1d3,0b55b454-3a5f-4798-be50-d7d20d09a365,cbbd385a-a748-4202-b46d-1f51a300b230,FC Nova Esperança,⚽,0,0,0,0,0,0,0,50,2026-04-30 23:00:07.378399+00,1000000,t,77,Brasil
df132629-b8d6-4894-b790-47cdcd5bf8f1,0b55b454-3a5f-4798-be50-d7d20d09a365,5662251e-0938-45f4-95e2-65483d75d22b,SC Sol Nascente,🏟️,0,0,0,0,0,0,0,50,2026-04-30 23:00:07.378399+00,1000000,t,86,Brasil
34566ab0-0d71-468e-87a4-ec06f0901a5b,0b55b454-3a5f-4798-be50-d7d20d09a365,4d290fb4-47c1-4c59-8b4b-06e00371dba2,AC Vila Rica,🦅,0,0,0,0,0,0,0,50,2026-04-30 23:00:07.378399+00,1000000,t,79,Brasil
45ecd15c-37da-4b61-b23f-14eeff72947f,0b55b454-3a5f-4798-be50-d7d20d09a365,02ef01c8-a023-4a4f-b75f-a9c53b5ca0d5,EC Monte Azul,🐺,0,0,0,0,0,0,0,50,2026-04-30 23:00:07.378399+00,1000000,t,89,Brasil
c942b91b-de7a-4f41-808a-39b7e7c89ea8,0b55b454-3a5f-4798-be50-d7d20d09a365,4839cbec-19d3-4ce2-a30c-5adc0c1d7ea8,Clube Rio Claro,🦁,0,0,0,0,0,0,0,50,2026-04-30 23:00:07.378399+00,1000000,t,77,Brasil
63772c0f-57d4-4a64-ac0f-1c915ce32c6a,0b55b454-3a5f-4798-be50-d7d20d09a365,52923db7-88bc-481f-a420-494f9e300b6e,Atlético Campo Grande,🐂,0,0,0,0,0,0,0,50,2026-04-30 23:00:07.378399+00,1000000,t,75,Brasil
10e03c77-8373-4ff9-b048-b00dac9341a3,25ddaff6-7116-48df-83e1-6cc2fbda8ceb,ce8cf070-188c-411c-b15f-0380072a66bd,Olimpia Serra Alta,🔴,0,0,0,0,0,0,0,50,2026-04-30 23:00:04.362428+00,1000000,t,64,Brasil
c2b5d33a-2583-432a-a82d-c8f9a9a9ddd6,25ddaff6-7116-48df-83e1-6cc2fbda8ceb,d4616e45-f061-4860-baeb-fcbd2e1ef46d,Estrela Vale Verde,🔵,0,0,0,0,0,0,0,50,2026-04-30 23:00:04.362428+00,1000000,t,62,Brasil
4b92b856-dac8-4d83-b56d-3eb0ed863431,25ddaff6-7116-48df-83e1-6cc2fbda8ceb,3f3df9ed-ac95-496b-b372-290492e43dd0,FC Pedra Branca,🟢,0,0,0,0,0,0,0,50,2026-04-30 23:00:04.362428+00,1000000,t,65,Brasil
b42becf5-15c1-4fcf-9e47-e357ae2314aa,25ddaff6-7116-48df-83e1-6cc2fbda8ceb,79ab7487-47f3-4d2d-b515-fe5d5e7a3d36,SC Lagoa Santa,🟡,0,0,0,0,0,0,0,50,2026-04-30 23:00:04.362428+00,1000000,t,56,Brasil
22abecef-73b1-4f80-92ca-d92221ccdb4b,25ddaff6-7116-48df-83e1-6cc2fbda8ceb,3662a0cd-eb6d-4337-87d0-df1f0c9afc47,AC Porto Alegre,⚫,0,0,0,0,0,0,0,50,2026-04-30 23:00:04.362428+00,1000000,t,59,Brasil
46c22619-3205-4390-81bd-da9e38bb38e1,25ddaff6-7116-48df-83e1-6cc2fbda8ceb,14a32901-01ad-4593-becc-fe25f656c421,EC Bela Vista,⚪,0,0,0,0,0,0,0,50,2026-04-30 23:00:04.362428+00,1000000,t,58,Brasil
30e278ac-726b-4b0c-902b-a3fa45106943,25ddaff6-7116-48df-83e1-6cc2fbda8ceb,3cfb62e2-41a2-4876-aed3-c0edfc816be5,Clube Cruz Alta,🟣,0,0,0,0,0,0,0,50,2026-04-30 23:00:04.362428+00,1000000,t,65,Brasil
0ebce6d6-afff-42ba-a106-7e5611ad7ec3,25ddaff6-7116-48df-83e1-6cc2fbda8ceb,aac8fb63-8619-448e-adaa-a7b69980092c,Atlético Santo Amaro,🟠,0,0,0,0,0,0,0,50,2026-04-30 23:00:04.362428+00,1000000,t,63,Brasil
5690094f-bfe1-49d3-9152-6375058bdc7b,25ddaff6-7116-48df-83e1-6cc2fbda8ceb,edc36506-219f-4497-bfcf-d3ec69fe31a3,Esporte Jardim,⚽,0,0,0,0,0,0,0,50,2026-04-30 23:00:04.362428+00,1000000,t,66,Brasil
59827479-35b4-474f-b26b-0d3ed069de6f,25ddaff6-7116-48df-83e1-6cc2fbda8ceb,bf3ee7ad-4194-452e-bf10-294f74701797,Sport São Miguel,🏟️,0,0,0,0,0,0,0,50,2026-04-30 23:00:04.362428+00,1000000,t,69,Brasil
61e8b739-5425-43b3-871a-741b5b3250ab,25ddaff6-7116-48df-83e1-6cc2fbda8ceb,643293f1-180d-41d7-9e5a-a6a30c496188,União Boa Vista,🦅,0,0,0,0,0,0,0,50,2026-04-30 23:00:04.362428+00,1000000,t,58,Brasil
7856cbe8-679b-4370-b778-b54757b1479c,25ddaff6-7116-48df-83e1-6cc2fbda8ceb,eed7cbd4-aa64-47e2-8dd8-fef3616c3769,Real Alto da Serra,🐺,0,0,0,0,0,0,0,50,2026-04-30 23:00:04.362428+00,1000000,t,55,Brasil
61dba029-7315-42c4-b1f1-30547f3319e7,25ddaff6-7116-48df-83e1-6cc2fbda8ceb,9a6bd6e4-425c-4f2c-8299-25de1c16e6b5,Inter Morro Alto,🦁,0,0,0,0,0,0,0,50,2026-04-30 23:00:04.362428+00,1000000,t,68,Brasil
e1bb3a30-ea06-498d-aff8-11b9a62c5a8f,25ddaff6-7116-48df-83e1-6cc2fbda8ceb,897be3a7-7651-4901-ae76-fc842ca4d0de,Nacional Ponta Grossa,🐂,0,0,0,0,0,0,0,50,2026-04-30 23:00:04.362428+00,1000000,t,57,Brasil
d4cdc931-3e8f-4000-94ca-52f0e04bc64b,c0ac4ae3-0d2d-4673-a8f2-22eb1ff18cd9,d841ec07-9dd1-41d8-acc1-6e448597856e,Clube Nova Esperança,⚽,0,0,0,0,0,0,0,50,2026-04-30 23:00:04.696858+00,1000000,t,68,Brasil
54c78726-88d4-4ed5-a4ce-d70223b1b397,c0ac4ae3-0d2d-4673-a8f2-22eb1ff18cd9,e9e82fbb-4491-42ec-b092-9f8a78ef9982,Atlético Sol Nascente,🏟️,0,0,0,0,0,0,0,50,2026-04-30 23:00:04.696858+00,1000000,t,72,Brasil
adc6941b-f5bf-426b-884c-ce1343308bd7,c0ac4ae3-0d2d-4673-a8f2-22eb1ff18cd9,5fe0a735-8957-45ff-80f2-31ab2ac56f5f,Esporte Vila Rica,🦅,0,0,0,0,0,0,0,50,2026-04-30 23:00:04.696858+00,1000000,t,72,Brasil
f97da83e-007c-46f5-a36b-31d7f1897a2f,c0ac4ae3-0d2d-4673-a8f2-22eb1ff18cd9,583372f6-3d2e-459c-a7a8-64315bdff9a7,Sport Monte Azul,🐺,0,0,0,0,0,0,0,50,2026-04-30 23:00:04.696858+00,1000000,t,73,Brasil
df71629d-2c24-4040-a637-b6dd5aee4ca5,c0ac4ae3-0d2d-4673-a8f2-22eb1ff18cd9,5990e7f7-d6e0-4ffd-89f5-cee16bdc2f4c,União Rio Claro,🦁,0,0,0,0,0,0,0,50,2026-04-30 23:00:04.696858+00,1000000,t,69,Brasil
171c5a68-d162-4dfd-951e-83610fa056a3,c0ac4ae3-0d2d-4673-a8f2-22eb1ff18cd9,c17f8901-35b1-4a0f-8161-2c2cb540e07e,Real Campo Grande,🐂,0,0,0,0,0,0,0,50,2026-04-30 23:00:04.696858+00,1000000,t,75,Brasil
973ae281-ab0e-4d74-ba86-1dbe0d5f39eb,c0ac4ae3-0d2d-4673-a8f2-22eb1ff18cd9,d52f3e21-9a31-40e7-a86a-fdcbf0921ebb,Inter Serra Alta,🔴,0,0,0,0,0,0,0,50,2026-04-30 23:00:04.696858+00,1000000,t,74,Brasil
fb038412-2185-4015-b60c-68b597c5887e,c0ac4ae3-0d2d-4673-a8f2-22eb1ff18cd9,77173510-b7ce-419f-86eb-f3533e9f1e1e,Nacional Vale Verde,🔵,0,0,0,0,0,0,0,50,2026-04-30 23:00:04.696858+00,1000000,t,69,Brasil
dcbdbfa7-d195-4dfc-90e0-727914790a2e,c0ac4ae3-0d2d-4673-a8f2-22eb1ff18cd9,814bbf7b-ac17-4aab-a754-88010a55be93,Sporting Pedra Branca,🟢,0,0,0,0,0,0,0,50,2026-04-30 23:00:04.696858+00,1000000,t,67,Brasil
22eb2b55-41ab-4251-85db-4ca329247126,c0ac4ae3-0d2d-4673-a8f2-22eb1ff18cd9,64e9383f-d8d4-4958-9e12-1d3111bb2b7a,Racing Lagoa Santa,🟡,0,0,0,0,0,0,0,50,2026-04-30 23:00:04.696858+00,1000000,t,65,Brasil
3243800a-087c-4f54-8f79-a9fdb3913c4a,c0ac4ae3-0d2d-4673-a8f2-22eb1ff18cd9,d3512022-1a02-4a24-8fa3-862ffdeb4c45,Olimpia Porto Alegre,⚫,0,0,0,0,0,0,0,50,2026-04-30 23:00:04.696858+00,1000000,t,75,Brasil
3ddb273a-2ccc-4059-91c7-bac1976fc2b8,c0ac4ae3-0d2d-4673-a8f2-22eb1ff18cd9,c185861d-1724-45b9-85b3-8b356009d7df,Estrela Bela Vista,⚪,0,0,0,0,0,0,0,50,2026-04-30 23:00:04.696858+00,1000000,t,76,Brasil
880a13c1-2cb4-4b3a-a259-c929aec4176b,c0ac4ae3-0d2d-4673-a8f2-22eb1ff18cd9,357b70cf-c4cb-43b4-b006-48263d73532f,FC Cruz Alta,🟣,0,0,0,0,0,0,0,50,2026-04-30 23:00:04.696858+00,1000000,t,65,Brasil
68804cad-b8ee-4bee-978f-5ad6c9d3c8c2,c0ac4ae3-0d2d-4673-a8f2-22eb1ff18cd9,4f9ff486-660e-46fc-b05d-a16eeb4b4668,SC Santo Amaro,🟠,0,0,0,0,0,0,0,50,2026-04-30 23:00:04.696858+00,1000000,t,68,Brasil
2ffbabea-77ab-4083-9250-3c97c3cede24,c0ac4ae3-0d2d-4673-a8f2-22eb1ff18cd9,2abb1449-e9d9-4830-812e-5f2c6d3321f2,AC Jardim,⚽,0,0,0,0,0,0,0,50,2026-04-30 23:00:04.696858+00,1000000,t,78,Brasil
3e16fa4d-0626-47af-ac32-e938ce5cb196,c0ac4ae3-0d2d-4673-a8f2-22eb1ff18cd9,6b29f88e-1ac4-4a7c-b3ad-4527b07030ef,EC São Miguel,🏟️,0,0,0,0,0,0,0,50,2026-04-30 23:00:04.696858+00,1000000,t,65,Brasil
935836ea-a84f-45b1-9284-ba8e161bc2ac,c0ac4ae3-0d2d-4673-a8f2-22eb1ff18cd9,b65358df-585b-4cb3-8f84-70a40e082a5d,Clube Boa Vista,🦅,0,0,0,0,0,0,0,50,2026-04-30 23:00:04.696858+00,1000000,t,72,Brasil
a02a92e6-d354-4f3d-99f5-47f6e929ac17,c0ac4ae3-0d2d-4673-a8f2-22eb1ff18cd9,b54023cf-c80e-49df-9e37-4de5d6bd10cb,Atlético Alto da Serra,🐺,0,0,0,0,0,0,0,50,2026-04-30 23:00:04.696858+00,1000000,t,69,Brasil
ffb4ea12-da71-45fd-bcf0-239ab708f897,c0ac4ae3-0d2d-4673-a8f2-22eb1ff18cd9,8ff23fc1-df1f-471b-ba8f-8646edd1bb14,Esporte Morro Alto,🦁,0,0,0,0,0,0,0,50,2026-04-30 23:00:04.696858+00,1000000,t,67,Brasil
d521935c-4823-4436-b065-744d43cac134,c0ac4ae3-0d2d-4673-a8f2-22eb1ff18cd9,2b4dd1a8-7af1-4924-921e-fc87a4ec58ad,Sport Ponta Grossa,🐂,0,0,0,0,0,0,0,50,2026-04-30 23:00:04.696858+00,1000000,t,70,Brasil
161fdbec-0e1d-4846-8bed-ff8aa21e08f7,9d38ff34-2e8b-4475-aee7-b8479df3a6b4,0e7e9466-d2f5-463b-a3fd-dbec3d433f49,Sporting Nova Esperança,⚽,0,0,0,0,0,0,0,50,2026-04-30 23:00:06.760891+00,1000000,t,52,Brasil
3918a873-d781-4710-b2df-44297686550b,9d38ff34-2e8b-4475-aee7-b8479df3a6b4,acfd4dd6-2aec-487d-b747-67d169faea30,Racing Sol Nascente,🏟️,0,0,0,0,0,0,0,50,2026-04-30 23:00:06.760891+00,1000000,t,50,Brasil
0ad044bd-4b34-4c26-808c-5708f0c68465,9d38ff34-2e8b-4475-aee7-b8479df3a6b4,a76593a0-f44b-4a36-a6ee-ceb2cdc8e187,Olimpia Vila Rica,🦅,0,0,0,0,0,0,0,50,2026-04-30 23:00:06.760891+00,1000000,t,45,Brasil
03a8ce67-a98f-4d7c-bbc2-899fa60e9c84,9d38ff34-2e8b-4475-aee7-b8479df3a6b4,e52a63d6-87e5-4fbd-9284-2d56118a21d1,Estrela Monte Azul,🐺,0,0,0,0,0,0,0,50,2026-04-30 23:00:06.760891+00,1000000,t,47,Brasil
6d4e2c87-3ee9-4db3-964f-58cff7366eb7,9d38ff34-2e8b-4475-aee7-b8479df3a6b4,98006f80-02c5-47a4-9aab-f12f3f6ce0bc,FC Rio Claro,🦁,0,0,0,0,0,0,0,50,2026-04-30 23:00:06.760891+00,1000000,t,48,Brasil
784228e4-4acb-42d2-a1d6-bf5a21b01fb8,9d38ff34-2e8b-4475-aee7-b8479df3a6b4,e6c6fa26-71ea-4981-903a-118cacad2987,SC Campo Grande,🐂,0,0,0,0,0,0,0,50,2026-04-30 23:00:06.760891+00,1000000,t,50,Brasil
5a4f4561-709c-4eaf-b13b-2520de8f7fcb,9d38ff34-2e8b-4475-aee7-b8479df3a6b4,255fb6b4-47dd-40eb-8bde-14f29c0f8d93,AC Serra Alta,🔴,0,0,0,0,0,0,0,50,2026-04-30 23:00:06.760891+00,1000000,t,60,Brasil
e8d708a8-c3ad-440b-bc70-4245b5c4aeb7,9d38ff34-2e8b-4475-aee7-b8479df3a6b4,8f17bd40-d8bb-4eaf-94ff-4bcca349a574,EC Vale Verde,🔵,0,0,0,0,0,0,0,50,2026-04-30 23:00:06.760891+00,1000000,t,48,Brasil
6b14d49d-0232-494b-93e5-7f6bfcbdaed8,9d38ff34-2e8b-4475-aee7-b8479df3a6b4,a8e650a0-2d87-41e9-93a8-681df27d4ba0,Clube Pedra Branca,🟢,0,0,0,0,0,0,0,50,2026-04-30 23:00:06.760891+00,1000000,t,53,Brasil
a0ebd9ec-9859-4f9f-9392-890c1c1fda4d,9d38ff34-2e8b-4475-aee7-b8479df3a6b4,5ec2818f-c2dd-4bac-863f-0c542a063052,Atlético Lagoa Santa,🟡,0,0,0,0,0,0,0,50,2026-04-30 23:00:06.760891+00,1000000,t,47,Brasil
c7694d84-fb93-461b-b40a-75361ea688f9,9d38ff34-2e8b-4475-aee7-b8479df3a6b4,df7e2577-e89d-4044-95f7-4cf051892fbc,Esporte Porto Alegre,⚫,0,0,0,0,0,0,0,50,2026-04-30 23:00:06.760891+00,1000000,t,58,Brasil
a73331f8-4e9c-42e0-9262-adfbd58ea80f,9d38ff34-2e8b-4475-aee7-b8479df3a6b4,92749260-f7f1-48d2-aec9-1b82075c6b19,Sport Bela Vista,⚪,0,0,0,0,0,0,0,50,2026-04-30 23:00:06.760891+00,1000000,t,59,Brasil
5273411f-756a-4d33-bc24-39bb25941de7,9d38ff34-2e8b-4475-aee7-b8479df3a6b4,86ce6ded-71db-4915-ae9f-7bb84e050ca1,União Cruz Alta,🟣,0,0,0,0,0,0,0,50,2026-04-30 23:00:06.760891+00,1000000,t,59,Brasil
31c39dcc-47fe-472d-938c-717b4f420de7,9d38ff34-2e8b-4475-aee7-b8479df3a6b4,c7aff6c6-069e-46fd-b63f-167c2b51064b,Real Santo Amaro,🟠,0,0,0,0,0,0,0,50,2026-04-30 23:00:06.760891+00,1000000,t,58,Brasil
d405dc00-678f-43ee-8dec-c25104ed1573,9d38ff34-2e8b-4475-aee7-b8479df3a6b4,81902be9-7a1d-4657-9a5c-b0e258941d8b,Inter Jardim,⚽,0,0,0,0,0,0,0,50,2026-04-30 23:00:06.760891+00,1000000,t,60,Brasil
e986c3a8-f90f-4257-a151-40e0fbefbb47,9d38ff34-2e8b-4475-aee7-b8479df3a6b4,55403085-b6cc-4665-b1b9-22d381c2f937,Nacional São Miguel,🏟️,0,0,0,0,0,0,0,50,2026-04-30 23:00:06.760891+00,1000000,t,50,Brasil
dad5ab58-0710-4c77-a899-4fc32f21e581,9d38ff34-2e8b-4475-aee7-b8479df3a6b4,e7bdc96d-ffb1-4525-a9a0-6cf097c9d3ef,Sporting Boa Vista,🦅,0,0,0,0,0,0,0,50,2026-04-30 23:00:06.760891+00,1000000,t,46,Brasil
ef5f9b7a-acbb-4681-b875-a2b6813bdde8,4a8b2419-8491-43e6-951f-55ced37b7273,2bb13c75-ab3b-4285-ae1c-249ad6d14386,Sporting Nova Esperança,⚽,0,0,0,0,0,0,0,50,2026-04-30 23:00:04.437263+00,1000000,t,58,Brasil
c63dc9c7-e4ab-40f2-86f8-e7fa87671424,4a8b2419-8491-43e6-951f-55ced37b7273,c8d8a9d7-93a0-4e18-abe0-e8a6e2f408c0,Racing Sol Nascente,🏟️,0,0,0,0,0,0,0,50,2026-04-30 23:00:04.437263+00,1000000,t,60,Brasil
5946b25c-d3c2-471a-b54b-41021faa11b7,4a8b2419-8491-43e6-951f-55ced37b7273,103d03db-6c6d-4b93-a295-935ba550bead,Olimpia Vila Rica,🦅,0,0,0,0,0,0,0,50,2026-04-30 23:00:04.437263+00,1000000,t,60,Brasil
c561537f-0749-4499-91bd-02226f10c689,4a8b2419-8491-43e6-951f-55ced37b7273,34897d37-d737-4f30-a052-6ddacf1feea6,Estrela Monte Azul,🐺,0,0,0,0,0,0,0,50,2026-04-30 23:00:04.437263+00,1000000,t,49,Brasil
85d492f2-d144-43c6-b555-daffb8ab6d33,4a8b2419-8491-43e6-951f-55ced37b7273,d77b4968-d61f-4557-b7b3-df39a457238c,FC Rio Claro,🦁,0,0,0,0,0,0,0,50,2026-04-30 23:00:04.437263+00,1000000,t,47,Brasil
78f6896a-cf3e-4bb3-a817-c7f2a7f08432,4a8b2419-8491-43e6-951f-55ced37b7273,8a60f22f-020c-4a5a-8f8c-4c73e0aedb6d,SC Campo Grande,🐂,0,0,0,0,0,0,0,50,2026-04-30 23:00:04.437263+00,1000000,t,59,Brasil
159a77f6-cd96-471c-96e3-6d061ee3ca7c,4a8b2419-8491-43e6-951f-55ced37b7273,b0425980-082d-4240-9465-d120177562af,AC Serra Alta,🔴,0,0,0,0,0,0,0,50,2026-04-30 23:00:04.437263+00,1000000,t,45,Brasil
634e5b4d-3b65-40cc-bdd5-f2e320bffe47,4a8b2419-8491-43e6-951f-55ced37b7273,b3d3cb95-893e-4226-b88e-9cfd065d8430,EC Vale Verde,🔵,0,0,0,0,0,0,0,50,2026-04-30 23:00:04.437263+00,1000000,t,46,Brasil
bdc0f238-514e-4b1e-9d92-81f7fa9ccea6,4a8b2419-8491-43e6-951f-55ced37b7273,bd0eccec-068c-43cc-88dd-efed7f0a4263,Clube Pedra Branca,🟢,0,0,0,0,0,0,0,50,2026-04-30 23:00:04.437263+00,1000000,t,56,Brasil
439f3f00-05f7-4f3b-8caf-973758176137,4a8b2419-8491-43e6-951f-55ced37b7273,3380dbaa-58d8-498a-b5f1-80fad643f4af,Atlético Lagoa Santa,🟡,0,0,0,0,0,0,0,50,2026-04-30 23:00:04.437263+00,1000000,t,46,Brasil
9963447e-290b-42d4-9650-37417093bf20,4a8b2419-8491-43e6-951f-55ced37b7273,480aed01-d2dd-4c37-babc-d8a7def1b88f,Esporte Porto Alegre,⚫,0,0,0,0,0,0,0,50,2026-04-30 23:00:04.437263+00,1000000,t,59,Brasil
0ed90999-0b03-469a-9442-b946b8c6895e,4a8b2419-8491-43e6-951f-55ced37b7273,6ab7d616-daf9-4c7d-a8d4-3a020ce7a487,Sport Bela Vista,⚪,0,0,0,0,0,0,0,50,2026-04-30 23:00:04.437263+00,1000000,t,60,Brasil
e94848d5-ddb1-467c-962e-78c2426a6ae2,4a8b2419-8491-43e6-951f-55ced37b7273,d8cd36ea-37fa-469f-acd3-f99072b65a82,União Cruz Alta,🟣,0,0,0,0,0,0,0,50,2026-04-30 23:00:04.437263+00,1000000,t,46,Brasil
14a0477d-4c46-4743-8cf6-72d6b382d560,4a8b2419-8491-43e6-951f-55ced37b7273,f39575c7-bbf4-467c-8cf8-462046028193,Real Santo Amaro,🟠,0,0,0,0,0,0,0,50,2026-04-30 23:00:04.437263+00,1000000,t,60,Brasil
511b3beb-cdfb-4ab2-9220-9e4481d6e81c,4a8b2419-8491-43e6-951f-55ced37b7273,941499e1-67d3-4533-b16e-16734f3ab190,Inter Jardim,⚽,0,0,0,0,0,0,0,50,2026-04-30 23:00:04.437263+00,1000000,t,48,Brasil
b0adb83e-2667-4b22-8331-84ecbca0d6ea,4a8b2419-8491-43e6-951f-55ced37b7273,ae5f8a5b-fb48-4e74-9614-93e00e21794d,Nacional São Miguel,🏟️,0,0,0,0,0,0,0,50,2026-04-30 23:00:04.437263+00,1000000,t,52,Brasil
12de8c83-eb6d-4af9-94a7-a43d7666f9a7,4a8b2419-8491-43e6-951f-55ced37b7273,2cb0cef0-ba52-460a-8a4b-13fc20285c67,Sporting Boa Vista,🦅,0,0,0,0,0,0,0,50,2026-04-30 23:00:04.437263+00,1000000,t,56,Brasil
3f9520d0-35c6-4299-b0c0-f021a644d169,4a8b2419-8491-43e6-951f-55ced37b7273,53b16749-76ee-4ae2-915c-472838331c3a,Racing Alto da Serra,🐺,0,0,0,0,0,0,0,50,2026-04-30 23:00:04.437263+00,1000000,t,47,Brasil
4437aa50-d9e0-401f-bed7-ed790075ae4c,4a8b2419-8491-43e6-951f-55ced37b7273,e4cc11d5-f8d4-4e8a-84e1-4d7993e84a1a,Olimpia Morro Alto,🦁,0,0,0,0,0,0,0,50,2026-04-30 23:00:04.437263+00,1000000,t,51,Brasil
9434c2c6-5daf-4cba-a8af-c0563499d121,4a8b2419-8491-43e6-951f-55ced37b7273,6349d50b-aac4-4eb0-a12e-9aa96899413d,Estrela Ponta Grossa,🐂,0,0,0,0,0,0,0,50,2026-04-30 23:00:04.437263+00,1000000,t,52,Brasil
f82884fa-9aa5-4471-a431-c86fe014f798,0b55b454-3a5f-4798-be50-d7d20d09a365,1e24e02d-054e-4a52-94f6-8fbd4f93eabc,Esporte Serra Alta,🔴,0,0,0,0,0,0,0,50,2026-04-30 23:00:07.378399+00,1000000,t,88,Brasil
52d9422f-c36c-4f23-be92-37d9e9bceecf,0b55b454-3a5f-4798-be50-d7d20d09a365,f169294d-d44f-47d2-8cfd-b52f0792633f,Sport Vale Verde,🔵,0,0,0,0,0,0,0,50,2026-04-30 23:00:07.378399+00,1000000,t,75,Brasil
ba4fcd57-1906-49c5-b978-17779676a7f7,0b55b454-3a5f-4798-be50-d7d20d09a365,38d7918d-d822-47f7-b475-d56b64af0907,União Pedra Branca,🟢,0,0,0,0,0,0,0,50,2026-04-30 23:00:07.378399+00,1000000,t,82,Brasil
6b779b00-3182-4ca7-b09f-f258cf9212ca,0b55b454-3a5f-4798-be50-d7d20d09a365,4f8ae455-9143-47a5-8cfa-5264168a0b5f,Real Lagoa Santa,🟡,0,0,0,0,0,0,0,50,2026-04-30 23:00:07.378399+00,1000000,t,89,Brasil
a1e1bb12-94a3-42b7-8012-0758b10e1321,0b55b454-3a5f-4798-be50-d7d20d09a365,04202fb5-b749-4385-a0c4-0b06550741db,Inter Porto Alegre,⚫,0,0,0,0,0,0,0,50,2026-04-30 23:00:07.378399+00,1000000,t,87,Brasil
73712e1c-71b8-421a-b904-d202b8f81d84,0b55b454-3a5f-4798-be50-d7d20d09a365,6f1f9df0-b038-4946-b4f3-b2cc7666ca30,Nacional Bela Vista,⚪,0,0,0,0,0,0,0,50,2026-04-30 23:00:07.378399+00,1000000,t,76,Brasil
79cde181-d5db-4322-8540-b0d4bc5402c8,0b55b454-3a5f-4798-be50-d7d20d09a365,4ce1fbbe-49f3-499d-b26d-0797ed06f0e7,Sporting Cruz Alta,🟣,0,0,0,0,0,0,0,50,2026-04-30 23:00:07.378399+00,1000000,t,75,Brasil
b768c3fb-f48c-489f-a5d3-d430c08cc6e7,0b55b454-3a5f-4798-be50-d7d20d09a365,7095db9e-71d6-4246-a3af-0830d4258e53,Racing Santo Amaro,🟠,0,0,0,0,0,0,0,50,2026-04-30 23:00:07.378399+00,1000000,t,89,Brasil
833c6a34-f7f2-480c-8bb1-c3135197b802,0b55b454-3a5f-4798-be50-d7d20d09a365,c2851562-c6f2-4f75-b6c5-107df8724bd9,Olimpia Jardim,⚽,0,0,0,0,0,0,0,50,2026-04-30 23:00:07.378399+00,1000000,t,84,Brasil
79b14fb2-a85c-47d3-88e4-ad20da63cf64,0b55b454-3a5f-4798-be50-d7d20d09a365,5fc2dd28-4be3-4429-a7bc-499172dad5cd,Estrela São Miguel,🏟️,0,0,0,0,0,0,0,50,2026-04-30 23:00:07.378399+00,1000000,t,79,Brasil
97652e93-fe6b-4620-b749-3902b1d9b52f,0b55b454-3a5f-4798-be50-d7d20d09a365,79b6c4b3-bde5-4fe5-9c94-273a49031730,FC Boa Vista,🦅,0,0,0,0,0,0,0,50,2026-04-30 23:00:07.378399+00,1000000,t,81,Brasil
141f5df5-2d59-44f8-bfe5-fb7c1445b49d,0b55b454-3a5f-4798-be50-d7d20d09a365,28563e28-59ba-493f-bdbd-a65bc1b695c4,SC Alto da Serra,🐺,0,0,0,0,0,0,0,50,2026-04-30 23:00:07.378399+00,1000000,t,88,Brasil
febbfc2a-360a-49c4-8d46-9b6c81894101,0b55b454-3a5f-4798-be50-d7d20d09a365,d2a0786f-5173-433e-9f82-007105fd9e97,AC Morro Alto,🦁,0,0,0,0,0,0,0,50,2026-04-30 23:00:07.378399+00,1000000,t,78,Brasil
a846c8df-38e1-48fa-a173-9a20f00fea7b,0b55b454-3a5f-4798-be50-d7d20d09a365,914aaab8-ce3a-44e8-bedb-61b3b32146c0,EC Ponta Grossa,🐂,0,0,0,0,0,0,0,50,2026-04-30 23:00:07.378399+00,1000000,t,85,Brasil
48519a4a-5c1e-431d-acd9-c3e70d060a8c,93fceaeb-470c-4f55-b4b3-cd80655a8b2d,bf799cc1-7141-4050-8966-3df34d3fccfc,Sporting Nova Esperança,⚽,0,0,0,0,0,0,0,50,2026-04-30 23:00:07.600882+00,1000000,t,58,Brasil
eca8ba29-6b73-4db3-b78e-975f87527ae0,93fceaeb-470c-4f55-b4b3-cd80655a8b2d,dce8f866-d1f7-4706-964d-2897847827f7,Racing Sol Nascente,🏟️,0,0,0,0,0,0,0,50,2026-04-30 23:00:07.600882+00,1000000,t,56,Brasil
5e349235-a315-424d-b554-b34640e4e417,93fceaeb-470c-4f55-b4b3-cd80655a8b2d,3a63edb4-e1aa-405e-9bb3-bf95270ff19e,Olimpia Vila Rica,🦅,0,0,0,0,0,0,0,50,2026-04-30 23:00:07.600882+00,1000000,t,52,Brasil
cbbc4cba-b206-47d1-9025-ecb29ed90075,93fceaeb-470c-4f55-b4b3-cd80655a8b2d,1837e8c4-876a-4bf1-ba80-2be252573d2d,Estrela Monte Azul,🐺,0,0,0,0,0,0,0,50,2026-04-30 23:00:07.600882+00,1000000,t,59,Brasil
1d0f09a8-7614-4593-a1ec-aaf8a5df87c0,93fceaeb-470c-4f55-b4b3-cd80655a8b2d,88d26f70-6484-4fc6-908d-ad44db87398c,FC Rio Claro,🦁,0,0,0,0,0,0,0,50,2026-04-30 23:00:07.600882+00,1000000,t,55,Brasil
b5ac8f6c-149b-4231-be0c-f8e339743945,93fceaeb-470c-4f55-b4b3-cd80655a8b2d,dddde10c-0461-4792-9d2b-6c05f2073018,SC Campo Grande,🐂,0,0,0,0,0,0,0,50,2026-04-30 23:00:07.600882+00,1000000,t,47,Brasil
5615e5a9-a0db-4c8c-8dee-a6dedebfe6e1,93fceaeb-470c-4f55-b4b3-cd80655a8b2d,92fc189c-7539-4a30-b1aa-8e32680e9039,AC Serra Alta,🔴,0,0,0,0,0,0,0,50,2026-04-30 23:00:07.600882+00,1000000,t,48,Brasil
aee9ab8d-cfeb-4123-8360-a74f5ac03407,93fceaeb-470c-4f55-b4b3-cd80655a8b2d,60369f54-2add-491d-9e4f-9ea02d2e3fba,EC Vale Verde,🔵,0,0,0,0,0,0,0,50,2026-04-30 23:00:07.600882+00,1000000,t,56,Brasil
7b9dada9-5972-48c9-a584-567f3473c0bc,93fceaeb-470c-4f55-b4b3-cd80655a8b2d,cdb9dd66-07ad-4196-80af-ccd073504a78,Clube Pedra Branca,🟢,0,0,0,0,0,0,0,50,2026-04-30 23:00:07.600882+00,1000000,t,49,Brasil
21ecf62c-5eca-44b3-8526-2a6c7a35cfc2,93fceaeb-470c-4f55-b4b3-cd80655a8b2d,5c61990a-3074-42f6-b269-95883d08acd1,Atlético Lagoa Santa,🟡,0,0,0,0,0,0,0,50,2026-04-30 23:00:07.600882+00,1000000,t,47,Brasil
e4398d1a-c394-4c27-9112-88798e2c3da1,93fceaeb-470c-4f55-b4b3-cd80655a8b2d,178bc9e6-7f37-48f3-a524-21796f8dfe06,Esporte Porto Alegre,⚫,0,0,0,0,0,0,0,50,2026-04-30 23:00:07.600882+00,1000000,t,46,Brasil
3215fc39-621b-430d-a425-2ea2523665fa,93fceaeb-470c-4f55-b4b3-cd80655a8b2d,2959b21d-ef26-4d88-a00e-3c467b0e0832,Sport Bela Vista,⚪,0,0,0,0,0,0,0,50,2026-04-30 23:00:07.600882+00,1000000,t,48,Brasil
8b53833d-00cf-4477-b980-577f8c829170,93fceaeb-470c-4f55-b4b3-cd80655a8b2d,f7ab6978-8106-41a6-bc2e-b10fbce7abba,União Cruz Alta,🟣,0,0,0,0,0,0,0,50,2026-04-30 23:00:07.600882+00,1000000,t,52,Brasil
c6d15e00-9c38-493a-90f0-dc03aee7521c,93fceaeb-470c-4f55-b4b3-cd80655a8b2d,50806a9b-010b-42db-ae7c-c2bf3cc3b1d8,Real Santo Amaro,🟠,0,0,0,0,0,0,0,50,2026-04-30 23:00:07.600882+00,1000000,t,56,Brasil
01f8c3b9-392c-4ba5-a54f-7c8aa29d105d,93fceaeb-470c-4f55-b4b3-cd80655a8b2d,ee826766-56a2-42f9-9e34-e83c94051396,Inter Jardim,⚽,0,0,0,0,0,0,0,50,2026-04-30 23:00:07.600882+00,1000000,t,57,Brasil
0a7fa14d-386b-473e-beb3-d477a39159cf,93fceaeb-470c-4f55-b4b3-cd80655a8b2d,f468825c-2f41-442a-8931-0bf161077644,Nacional São Miguel,🏟️,0,0,0,0,0,0,0,50,2026-04-30 23:00:07.600882+00,1000000,t,52,Brasil
368dbd09-4d11-49e5-81d2-1ba1260b7286,93fceaeb-470c-4f55-b4b3-cd80655a8b2d,e5efc718-2708-42e0-b3fb-6f3d8125b541,Sporting Boa Vista,🦅,0,0,0,0,0,0,0,50,2026-04-30 23:00:07.600882+00,1000000,t,49,Brasil
3c6c79b4-e5f8-4b8a-aa71-7443d12964e1,4206d9ef-4d4a-4e9c-9fc3-1cd9c658441b,38edeea4-e29a-408e-a094-75b5590bf42a,Sport Bela Vista,⚪,0,0,0,0,0,0,0,50,2026-04-30 23:00:04.857534+00,1000000,t,54,Brasil
75f47f77-2f4f-419f-af8d-59258637e984,4206d9ef-4d4a-4e9c-9fc3-1cd9c658441b,bb7fb273-498b-4245-b364-96c312547d02,União Cruz Alta,🟣,0,0,0,0,0,0,0,50,2026-04-30 23:00:04.857534+00,1000000,t,60,Brasil
29a312b0-23ee-4c21-aed6-9c2b551ce8fd,4206d9ef-4d4a-4e9c-9fc3-1cd9c658441b,01db3001-0cdb-40ca-83e1-87f10bc72991,Real Santo Amaro,🟠,0,0,0,0,0,0,0,50,2026-04-30 23:00:04.857534+00,1000000,t,55,Brasil
2557bf80-2d34-4312-a46e-47a6870c3311,4206d9ef-4d4a-4e9c-9fc3-1cd9c658441b,3c076791-b733-4894-a1a1-a0ed3a900682,Inter Jardim,⚽,0,0,0,0,0,0,0,50,2026-04-30 23:00:04.857534+00,1000000,t,51,Brasil
e20a55e0-dade-4ad6-84fa-aca4d1e50e9d,4206d9ef-4d4a-4e9c-9fc3-1cd9c658441b,dc0d4036-14b4-4750-be9c-162fbfb53dcb,Nacional São Miguel,🏟️,0,0,0,0,0,0,0,50,2026-04-30 23:00:04.857534+00,1000000,t,50,Brasil
c6682ba4-3e6c-4e8d-9cd5-723067ec49cc,4206d9ef-4d4a-4e9c-9fc3-1cd9c658441b,a7810c5b-afd0-43a4-a116-26ebfef395fd,Sporting Boa Vista,🦅,0,0,0,0,0,0,0,50,2026-04-30 23:00:04.857534+00,1000000,t,46,Brasil
fe84b5ec-e70d-4245-8857-fd84a66edd9c,4206d9ef-4d4a-4e9c-9fc3-1cd9c658441b,ee879d9c-d8b6-412a-8b74-12701000996c,Racing Alto da Serra,🐺,0,0,0,0,0,0,0,50,2026-04-30 23:00:04.857534+00,1000000,t,49,Brasil
4ad242ce-283a-493e-b4fd-5e8fb4b58807,4206d9ef-4d4a-4e9c-9fc3-1cd9c658441b,f7d2a1fa-4d35-4c80-8b62-9cf253509fb4,Olimpia Morro Alto,🦁,0,0,0,0,0,0,0,50,2026-04-30 23:00:04.857534+00,1000000,t,60,Brasil
4dd2f346-d418-427a-b856-8d64ab1696c6,4206d9ef-4d4a-4e9c-9fc3-1cd9c658441b,bc12d1ec-51b9-4e27-8428-f8dd5eea36f1,Estrela Ponta Grossa,🐂,0,0,0,0,0,0,0,50,2026-04-30 23:00:04.857534+00,1000000,t,45,Brasil
6e5b8cb3-315e-46b9-a186-6c28b103d9ad,12fd54e8-347a-413b-bc5b-b219c4c43a58,1e9dcdc2-aa4e-42f4-ab51-268705a5e12b,FC Nova Esperança,⚽,0,0,0,0,0,0,0,50,2026-04-30 23:00:06.021173+00,1000000,t,79,Brasil
e7d8a8cf-bb6f-48a3-89ed-a42eb6aebe6f,12fd54e8-347a-413b-bc5b-b219c4c43a58,198a1b14-01d0-432a-b434-f5e1fc1c0e2e,SC Sol Nascente,🏟️,0,0,0,0,0,0,0,50,2026-04-30 23:00:06.021173+00,1000000,t,89,Brasil
4e4efde0-76cc-4882-9aac-b7320d7afa96,12fd54e8-347a-413b-bc5b-b219c4c43a58,0b344593-5385-4a11-8219-fcc8c43d0839,AC Vila Rica,🦅,0,0,0,0,0,0,0,50,2026-04-30 23:00:06.021173+00,1000000,t,85,Brasil
bb3b9ae7-83bb-46cd-b690-364b7bc4818b,12fd54e8-347a-413b-bc5b-b219c4c43a58,1b5ff8c1-4383-400b-b68c-589a706b47db,EC Monte Azul,🐺,0,0,0,0,0,0,0,50,2026-04-30 23:00:06.021173+00,1000000,t,81,Brasil
fd1f0cfb-7ce1-49d3-8f33-b4a3337fcaf9,12fd54e8-347a-413b-bc5b-b219c4c43a58,3db49a9d-daf0-446d-87cc-835e2d0107e8,Clube Rio Claro,🦁,0,0,0,0,0,0,0,50,2026-04-30 23:00:06.021173+00,1000000,t,76,Brasil
7472c593-93fe-41f5-a648-9b341c1954e5,12fd54e8-347a-413b-bc5b-b219c4c43a58,f548fa24-7a4d-4c00-b2c6-b9670d8b7321,Atlético Campo Grande,🐂,0,0,0,0,0,0,0,50,2026-04-30 23:00:06.021173+00,1000000,t,80,Brasil
28c83093-721c-4c2a-9f47-2b8df5690683,e725e3f5-266c-4a65-9089-a209007d81cf,e88a2383-c077-4014-8701-0c1d8d77cb43,AC Vila Rica,🦅,0,0,0,0,0,0,0,50,2026-04-28 23:00:17.408546+00,1000000,t,74,Brasil
4b9c9dc1-2cb9-462f-81e0-95c447bfd1f5,e725e3f5-266c-4a65-9089-a209007d81cf,863c3e2f-0b71-4c88-b8cf-0f9b38f21884,Sporting Cruz Alta,🟣,0,0,0,0,0,0,0,50,2026-04-28 23:00:17.672642+00,1000000,t,80,Brasil
116cb725-2e4a-41bf-922b-d76fc5abfd82,bd1384af-2f4d-4e28-bb37-8875ec8b192e,75234f67-422c-4c41-ab12-730d62701322,FC Nova Esperança,⚽,0,0,0,0,0,0,0,50,2026-04-28 23:00:17.924093+00,1000000,t,60,Brasil
3f0d9025-925c-4d4b-862f-739e6908968d,bd1384af-2f4d-4e28-bb37-8875ec8b192e,951809ba-079b-4dfe-b40a-8defd8f9381c,Inter Porto Alegre,⚫,0,0,0,0,0,0,0,50,2026-04-28 23:00:18.169271+00,1000000,t,69,Brasil
788dc7e9-edce-4eac-83e1-dfe3cb00ca7a,f95a8cf9-5061-4ca5-a16d-b3cb450aa604,12fd4dd0-6e50-48f7-8cca-39fcb0ddf850,União Pedra Branca,🟢,0,0,0,0,0,0,0,50,2026-04-28 23:00:18.662971+00,1000000,t,62,Brasil
40a8cf54-d727-4d96-b4f8-d0140e30a331,f95a8cf9-5061-4ca5-a16d-b3cb450aa604,5df9f36b-8777-4837-8f52-421849e7052b,AC Morro Alto,🦁,0,0,0,0,0,0,0,50,2026-04-28 23:00:18.916105+00,1000000,t,74,Brasil
7ca58bc6-0042-4f06-94a7-f14e84c63c97,3bae64aa-7f59-49fe-bf6c-65f4da6bfe45,c4e06d22-d813-46e1-b383-0426b4dd3c85,Esporte Serra Alta,🔴,0,0,0,0,0,0,0,50,2026-04-28 23:00:19.15706+00,1000000,t,64,Brasil
794e4689-e41d-49ba-88bf-65e080387d75,3bae64aa-7f59-49fe-bf6c-65f4da6bfe45,47e90ce1-dd5f-42bd-99ed-dea07fed81e5,FC Boa Vista,🦅,0,0,0,0,0,0,0,50,2026-04-28 23:00:19.424612+00,1000000,t,75,Brasil
21bff643-0e1d-4755-8860-6b325142b88e,0cb4ea7a-0640-4e68-a686-24d0eb79315f,95fa0cef-cbb1-4a28-9ad0-5b32b67acea1,Clube Rio Claro,🦁,0,0,0,0,0,0,0,50,2026-04-28 23:00:19.663092+00,1000000,t,66,Brasil
3cec181d-9a9b-4b89-b286-62f60e36644a,0cb4ea7a-0640-4e68-a686-24d0eb79315f,dc532c46-65c8-4e75-9da4-074dfcc475aa,Olimpia Jardim,⚽,0,0,0,0,0,0,0,50,2026-04-28 23:00:19.91753+00,1000000,t,73,Brasil
923eebc3-61dd-4520-beda-8a93f5768f2e,0452611e-dfde-4fb8-81f2-4896dac43222,01e0edc9-0b09-4c6f-aceb-dcf70cbd8b53,AC Vila Rica,🦅,0,0,0,0,0,0,0,50,2026-04-28 23:00:20.189896+00,1000000,t,73,Brasil
402fd9ec-3c4f-482d-8212-ec24fd792b88,0452611e-dfde-4fb8-81f2-4896dac43222,0e520ad7-1f42-488b-b8e1-5586cd94b3f4,Sporting Cruz Alta,🟣,0,0,0,0,0,0,0,50,2026-04-28 23:00:20.432927+00,1000000,t,80,Brasil
8be6fa53-4436-4b4b-95d6-a5fade5bef13,0b7ae0a4-28d1-421a-931a-49672c3ca84b,bd542fd0-423b-4e95-bba3-b139833be4bb,FC Nova Esperança,⚽,0,0,0,0,0,0,0,50,2026-04-28 23:00:20.813377+00,1000000,t,60,Brasil
473283c6-2698-426e-9eff-bc835f454b55,0b7ae0a4-28d1-421a-931a-49672c3ca84b,351992f0-2bce-4062-9220-1d56d98e83a2,Inter Porto Alegre,⚫,0,0,0,0,0,0,0,50,2026-04-28 23:00:21.055244+00,1000000,t,65,Brasil
8604a244-f1e8-4ed4-8786-6babdf19231d,c8dcfaa6-a9cc-4a64-b344-5f36383c9132,8889c886-7f5f-4cdc-88df-f7ec6df34a20,União Pedra Branca,🟢,0,0,0,0,0,0,0,50,2026-04-28 23:00:21.58572+00,1000000,t,71,Brasil
fa8dd86c-765c-4d05-80da-0403d6de59b4,c8dcfaa6-a9cc-4a64-b344-5f36383c9132,40d7bbba-a971-4d49-a913-309f2856280c,AC Morro Alto,🦁,0,0,0,0,0,0,0,50,2026-04-28 23:00:21.829908+00,1000000,t,62,Brasil
4df356b2-3876-470c-804b-c479d99dedbe,6af99593-633c-49a2-926e-7f3957a296cb,85dc4eac-36ad-4fee-acfb-f03d71c7ae0a,Esporte Serra Alta,🔴,0,0,0,0,0,0,0,50,2026-04-28 23:00:22.068667+00,1000000,t,74,Brasil
2d938a86-6438-480d-aef1-8cf554614186,6af99593-633c-49a2-926e-7f3957a296cb,562d7932-cf7d-4b38-83e3-8d105ac955e7,FC Boa Vista,🦅,0,0,0,0,0,0,0,50,2026-04-28 23:00:22.300835+00,1000000,t,64,Brasil
62b08d63-8912-4bcd-8e8c-1c683f3cc963,9fadf224-b30a-4261-979f-719fb86056dd,6febb666-f48a-4783-8374-1454b3f9783c,Clube Rio Claro,🦁,0,0,0,0,0,0,0,50,2026-04-28 23:00:22.537767+00,1000000,t,77,Brasil
46bd7fff-e39c-4f16-9e5c-04fe6b2e50a0,12fd54e8-347a-413b-bc5b-b219c4c43a58,25722e75-1d9f-4783-8ab3-37c4194386ce,Esporte Serra Alta,🔴,0,0,0,0,0,0,0,50,2026-04-30 23:00:06.021173+00,1000000,t,75,Brasil
b16107cd-6360-434f-abcc-f549423d20c0,12fd54e8-347a-413b-bc5b-b219c4c43a58,957b25eb-ce87-4d2c-9d14-926b68ce66a5,Sport Vale Verde,🔵,0,0,0,0,0,0,0,50,2026-04-30 23:00:06.021173+00,1000000,t,80,Brasil
8a8643e2-f78f-4aaf-a433-eae04500fee1,12fd54e8-347a-413b-bc5b-b219c4c43a58,b886ee3a-0cf6-4fcd-b77e-6ab9d93113c4,União Pedra Branca,🟢,0,0,0,0,0,0,0,50,2026-04-30 23:00:06.021173+00,1000000,t,86,Brasil
1f5eb7cf-a38e-4093-b150-30b3d24abefe,12fd54e8-347a-413b-bc5b-b219c4c43a58,1c235f1e-adb4-437f-a84a-a8c8c1b43cee,Real Lagoa Santa,🟡,0,0,0,0,0,0,0,50,2026-04-30 23:00:06.021173+00,1000000,t,75,Brasil
1e39b42a-4cb3-4c07-a5d5-acc0dfd212b6,12fd54e8-347a-413b-bc5b-b219c4c43a58,d84fdd6c-daed-40d1-b506-dd558237bfb8,Inter Porto Alegre,⚫,0,0,0,0,0,0,0,50,2026-04-30 23:00:06.021173+00,1000000,t,79,Brasil
1ec5e51e-faec-4dbc-b09d-279ca5030b00,12fd54e8-347a-413b-bc5b-b219c4c43a58,2eb86fc6-d936-46ae-be87-6059f44e93ab,Nacional Bela Vista,⚪,0,0,0,0,0,0,0,50,2026-04-30 23:00:06.021173+00,1000000,t,79,Brasil
bbf95b7b-174f-499e-baef-6c4dd76a8c14,12fd54e8-347a-413b-bc5b-b219c4c43a58,81d90203-b11b-423c-bb8f-15bf7c6a0981,Sporting Cruz Alta,🟣,0,0,0,0,0,0,0,50,2026-04-30 23:00:06.021173+00,1000000,t,81,Brasil
7bf65249-8407-4d9c-80e5-5e9a72d8e0e1,12fd54e8-347a-413b-bc5b-b219c4c43a58,91cd0f07-3929-41d3-b14c-30d53e97b67e,Racing Santo Amaro,🟠,0,0,0,0,0,0,0,50,2026-04-30 23:00:06.021173+00,1000000,t,80,Brasil
4c052187-d99d-4025-8cf3-9b9a129f1a83,12fd54e8-347a-413b-bc5b-b219c4c43a58,f98011b7-0bd6-46e0-8de6-68c3efe35e1b,Olimpia Jardim,⚽,0,0,0,0,0,0,0,50,2026-04-30 23:00:06.021173+00,1000000,t,82,Brasil
53b7f3e6-f791-4e6d-b1c0-d1ed17b6df4f,12fd54e8-347a-413b-bc5b-b219c4c43a58,dd84a7d5-f364-4e9f-bebf-5df20f6ebf3e,Estrela São Miguel,🏟️,0,0,0,0,0,0,0,50,2026-04-30 23:00:06.021173+00,1000000,t,78,Brasil
ee32bc6a-a678-448b-b9a7-8d39813e69e6,12fd54e8-347a-413b-bc5b-b219c4c43a58,4b0a6948-7221-49bb-8bfe-cc8161cfcec4,FC Boa Vista,🦅,0,0,0,0,0,0,0,50,2026-04-30 23:00:06.021173+00,1000000,t,87,Brasil
3a0c953f-4621-408c-a79f-9bb00d595e02,12fd54e8-347a-413b-bc5b-b219c4c43a58,aae21075-80e8-4af6-9533-8d7351200607,SC Alto da Serra,🐺,0,0,0,0,0,0,0,50,2026-04-30 23:00:06.021173+00,1000000,t,86,Brasil
2c25966f-98a3-4189-892a-b90093d2ffcb,12fd54e8-347a-413b-bc5b-b219c4c43a58,68092ad0-19c2-4615-a7a5-4d4e510b72fa,AC Morro Alto,🦁,0,0,0,0,0,0,0,50,2026-04-30 23:00:06.021173+00,1000000,t,77,Brasil
dc6fb4a2-f9aa-4292-82a4-3eef0ae0d32c,12fd54e8-347a-413b-bc5b-b219c4c43a58,e323d598-9a9f-45c6-8945-7385bccd238a,EC Ponta Grossa,🐂,0,0,0,0,0,0,0,50,2026-04-30 23:00:06.021173+00,1000000,t,86,Brasil
57467fcf-7726-4e36-8f0d-54e663126469,708bd4ae-5612-4ad3-8812-2461998711f0,4aa94084-efe9-454f-8e2c-37e91fee7835,União Nova Esperança,⚽,0,0,0,0,0,0,0,50,2026-04-30 23:00:06.19979+00,1000000,t,65,Brasil
2d739a95-b2ac-4d69-8955-5d3df4f62ecd,708bd4ae-5612-4ad3-8812-2461998711f0,de7d54c2-dc12-444f-bb07-6dff3cc28324,Real Sol Nascente,🏟️,0,0,0,0,0,0,0,50,2026-04-30 23:00:06.19979+00,1000000,t,68,Brasil
f47b0a91-3db5-4fe7-b0ac-e6bf86a382b1,708bd4ae-5612-4ad3-8812-2461998711f0,44973098-a9fa-48bd-9469-effc5dededc2,Inter Vila Rica,🦅,0,0,0,0,0,0,0,50,2026-04-30 23:00:06.19979+00,1000000,t,57,Brasil
63f6c18b-1368-49ed-8946-1752ce6d3130,4544bf87-f7f8-41b8-8b68-3d7116fc9bd8,c78f1561-1dbe-46b4-989f-7204b0609ca7,Nacional Bela Vista,⚪,0,0,0,0,0,0,0,50,2026-04-30 23:00:05.052081+00,1000000,t,79,Brasil
173d8467-1be5-4bde-8712-17d13bdd5c60,4544bf87-f7f8-41b8-8b68-3d7116fc9bd8,28928c56-4e91-426b-abea-6d7d5c5a95b4,Sporting Cruz Alta,🟣,0,0,0,0,0,0,0,50,2026-04-30 23:00:05.052081+00,1000000,t,88,Brasil
4dac3c21-ac73-408c-8b82-6b73ced0b2a7,4544bf87-f7f8-41b8-8b68-3d7116fc9bd8,110c8e2d-5491-4bfc-b272-e2c3b91a6972,Racing Santo Amaro,🟠,0,0,0,0,0,0,0,50,2026-04-30 23:00:05.052081+00,1000000,t,89,Brasil
15e4af08-f8c4-4695-9946-ca272d9e2dae,4544bf87-f7f8-41b8-8b68-3d7116fc9bd8,26a022be-6fbe-407d-8b57-f6a6ac699167,Olimpia Jardim,⚽,0,0,0,0,0,0,0,50,2026-04-30 23:00:05.052081+00,1000000,t,87,Brasil
7b3484e6-ab61-41a7-93ad-22bed6daf254,4544bf87-f7f8-41b8-8b68-3d7116fc9bd8,1c642a5a-a2a5-4dbf-85d0-efd86e56cca3,Estrela São Miguel,🏟️,0,0,0,0,0,0,0,50,2026-04-30 23:00:05.052081+00,1000000,t,78,Brasil
580e3355-0541-49d1-a9f7-6096f50fe8ea,f95a8cf9-5061-4ca5-a16d-b3cb450aa604,13c3e858-e34a-4524-8885-730f09508b25,Racing Santo Amaro,🟠,0,0,0,0,0,0,0,50,2026-04-28 23:00:18.784024+00,1000000,t,68,Brasil
6027e845-f9de-4928-a032-1d2db559525e,3bae64aa-7f59-49fe-bf6c-65f4da6bfe45,4071ab93-eb66-438e-9533-580a4c76df2a,SC Sol Nascente,🏟️,0,0,0,0,0,0,0,50,2026-04-28 23:00:19.037627+00,1000000,t,69,Brasil
539fb948-a5ff-43c6-a75b-8ab77fd1b768,3bae64aa-7f59-49fe-bf6c-65f4da6bfe45,b7a1568a-4b53-4c02-bf32-199b8b5c4da6,Nacional Bela Vista,⚪,0,0,0,0,0,0,0,50,2026-04-28 23:00:19.302861+00,1000000,t,76,Brasil
2b93870f-f2f3-45b1-bdec-3500e375a2a8,0cb4ea7a-0640-4e68-a686-24d0eb79315f,17acb169-0e84-4249-90b7-b3f94e6ebb1b,Real Lagoa Santa,🟡,0,0,0,0,0,0,0,50,2026-04-28 23:00:19.792247+00,1000000,t,69,Brasil
859b6b33-2fc6-4652-ac9e-b98ca119b836,0cb4ea7a-0640-4e68-a686-24d0eb79315f,4fd00d46-441b-414c-ac88-a709e569fdf4,EC Ponta Grossa,🐂,0,0,0,0,0,0,0,50,2026-04-28 23:00:20.037557+00,1000000,t,79,Brasil
22a9ea14-6684-45ff-9d95-31d254019844,0452611e-dfde-4fb8-81f2-4896dac43222,b4d48ed9-7e8e-4ab6-b540-3aece04eb388,Sport Vale Verde,🔵,0,0,0,0,0,0,0,50,2026-04-28 23:00:20.311019+00,1000000,t,66,Brasil
6a56d973-a461-4341-97ce-02de50680b1b,0452611e-dfde-4fb8-81f2-4896dac43222,64656772-63d3-4931-8b25-198961733c17,SC Alto da Serra,🐺,0,0,0,0,0,0,0,50,2026-04-28 23:00:20.557265+00,1000000,t,74,Brasil
f29df2c8-0238-41f8-b9fa-dfde3bc19606,0b7ae0a4-28d1-421a-931a-49672c3ca84b,a0ed559c-9901-433a-b0bc-5f0b082bcc47,Atlético Campo Grande,🐂,0,0,0,0,0,0,0,50,2026-04-28 23:00:20.935286+00,1000000,t,67,Brasil
e0260051-9233-4f51-8dc0-3664925be865,0b7ae0a4-28d1-421a-931a-49672c3ca84b,61b419c3-7dc2-4ec5-bc6f-92205cfeca93,Estrela São Miguel,🏟️,0,0,0,0,0,0,0,50,2026-04-28 23:00:21.179218+00,1000000,t,73,Brasil
b9ff2dd5-85b3-4444-b3b1-72e8b2886263,c8dcfaa6-a9cc-4a64-b344-5f36383c9132,fab2edf2-4fd7-43b9-9418-3dd46c95bfd0,EC Monte Azul,🐺,0,0,0,0,0,0,0,50,2026-04-28 23:00:21.457405+00,1000000,t,66,Brasil
9cec6deb-fd4c-4132-9bfe-d1e86a2ce771,c8dcfaa6-a9cc-4a64-b344-5f36383c9132,82625cf9-0515-4f6b-84df-9de156d5c85b,Racing Santo Amaro,🟠,0,0,0,0,0,0,0,50,2026-04-28 23:00:21.707785+00,1000000,t,79,Brasil
6a4464ad-a576-4930-ae45-5f121d0c51ab,6af99593-633c-49a2-926e-7f3957a296cb,5191293d-2b3c-4516-ac1a-517340d95432,SC Sol Nascente,🏟️,0,0,0,0,0,0,0,50,2026-04-28 23:00:21.951599+00,1000000,t,66,Brasil
f2f100f4-eee9-4a83-9852-628aa90f2dac,6af99593-633c-49a2-926e-7f3957a296cb,a9e58515-c6a4-460b-ab59-03eeb69095fe,Nacional Bela Vista,⚪,0,0,0,0,0,0,0,50,2026-04-28 23:00:22.186927+00,1000000,t,72,Brasil
b497f16f-fd55-4429-963e-261a4ed2adef,9fadf224-b30a-4261-979f-719fb86056dd,e5bacc43-3239-4f4d-9304-006180631ca6,Real Lagoa Santa,🟡,0,0,0,0,0,0,0,50,2026-04-28 23:00:22.670783+00,1000000,t,80,Brasil
545e742c-5f04-426f-a844-32220a9b8af3,9fadf224-b30a-4261-979f-719fb86056dd,e1781da0-f70f-4507-9487-b4eb4136de70,EC Ponta Grossa,🐂,0,0,0,0,0,0,0,50,2026-04-28 23:00:22.937754+00,1000000,t,79,Brasil
8699de6c-322d-4e44-b380-4149f9b94843,975d28df-6a5b-44f6-8f17-47bc7d68b525,e895593c-7ecc-4edf-9ca7-f55dbd26465f,Sport Vale Verde,🔵,0,0,0,0,0,0,0,50,2026-04-28 23:00:23.216873+00,1000000,t,75,Brasil
b8fbae44-f48f-49a2-a8b4-77c29cbad044,975d28df-6a5b-44f6-8f17-47bc7d68b525,9dd37982-a70a-431f-a98e-00a4d9c2679d,SC Alto da Serra,🐺,0,0,0,0,0,0,0,50,2026-04-28 23:00:23.474335+00,1000000,t,65,Brasil
8edaf374-5f92-4b3d-ad26-ffc911107b74,67a912a6-a397-441f-80d8-70999f6354d5,e745b937-8310-42e4-9981-23f37602d2f9,Atlético Campo Grande,🐂,0,0,0,0,0,0,0,50,2026-04-28 23:00:23.7522+00,1000000,t,79,Brasil
757cbe6d-7eaf-466b-8fcc-008abd1f256c,67a912a6-a397-441f-80d8-70999f6354d5,fa13a49a-910d-48cd-b987-21d7c278a139,Estrela São Miguel,🏟️,0,0,0,0,0,0,0,50,2026-04-28 23:00:24.007393+00,1000000,t,69,Brasil
3b5c816a-3f85-4445-9536-a632249f03b1,77fc79cf-d87d-4675-8080-6f08b784e059,73119bc4-0db1-4fe3-9203-8656c409fdee,EC Monte Azul,🐺,0,0,0,0,0,0,0,50,2026-04-28 23:00:24.264268+00,1000000,t,61,Brasil
b5ab56b2-a12b-4498-ac92-8eace372d0f8,77fc79cf-d87d-4675-8080-6f08b784e059,da93789e-ce66-4d97-915c-f9c525fb7929,Racing Santo Amaro,🟠,0,0,0,0,0,0,0,50,2026-04-28 23:00:24.514246+00,1000000,t,63,Brasil
01712cf3-cb0b-4ec7-86ca-7140e03bfdaf,058e6ae2-3160-44d9-a544-86d32b1c3867,b13821c6-0711-4f46-9706-dbf087799624,SC Sol Nascente,🏟️,0,0,0,0,0,0,0,50,2026-04-28 23:00:24.7817+00,1000000,t,75,Brasil
7fac2717-d6d4-4bda-84a1-259a2cff38e8,058e6ae2-3160-44d9-a544-86d32b1c3867,b9570e80-50c9-4232-9347-ba736df4b6c8,Nacional Bela Vista,⚪,0,0,0,0,0,0,0,50,2026-04-28 23:00:25.033391+00,1000000,t,63,Brasil
c34716de-3069-493c-9d81-99d9298b2cfc,1200a446-4c3a-4c61-9c09-71a0ff7e4f26,2d1efac1-b3f7-4cad-ac39-5a654b7b4564,Real Lagoa Santa,🟡,0,0,0,0,0,0,0,50,2026-04-28 23:00:25.536119+00,1000000,t,64,Brasil
63796add-ddc1-42f3-9a68-96e890e5c787,4544bf87-f7f8-41b8-8b68-3d7116fc9bd8,baacaa76-0632-4e81-b945-714378776e81,FC Boa Vista,🦅,0,0,0,0,0,0,0,50,2026-04-30 23:00:05.052081+00,1000000,t,86,Brasil
e8100178-952a-4300-ba05-9c767e001478,4544bf87-f7f8-41b8-8b68-3d7116fc9bd8,a4e044ac-d076-4333-9413-53b7f769e47c,SC Alto da Serra,🐺,0,0,0,0,0,0,0,50,2026-04-30 23:00:05.052081+00,1000000,t,79,Brasil
2cb5c66d-5c50-4286-850b-81a5ac657309,4544bf87-f7f8-41b8-8b68-3d7116fc9bd8,5eb5d88e-a246-4116-ad4b-aa972306fe6c,AC Morro Alto,🦁,0,0,0,0,0,0,0,50,2026-04-30 23:00:05.052081+00,1000000,t,75,Brasil
d13f13ec-fcb6-445b-bd85-16112e5a327a,4544bf87-f7f8-41b8-8b68-3d7116fc9bd8,e9bc7041-bdd8-467b-aa65-2089201297aa,EC Ponta Grossa,🐂,0,0,0,0,0,0,0,50,2026-04-30 23:00:05.052081+00,1000000,t,81,Brasil
5a936b0f-da80-4916-a83b-a622ac7c4182,62194cf4-ccc4-4ba8-9225-d06e0dc847e0,ed6f4bbc-c94f-4c33-bf01-c4ce8059104d,Clube Boa Vista,🦅,0,0,0,0,0,0,0,50,2026-04-30 23:00:07.456768+00,1000000,t,65,Brasil
2e25245d-863d-45b5-9047-77c49da25161,62194cf4-ccc4-4ba8-9225-d06e0dc847e0,00ed20c9-5094-48c1-930f-e7f538249b09,Atlético Alto da Serra,🐺,0,0,0,0,0,0,0,50,2026-04-30 23:00:07.456768+00,1000000,t,72,Brasil
07f41345-6088-4c3b-a2bb-a98e355f3849,62194cf4-ccc4-4ba8-9225-d06e0dc847e0,bf01f039-f0dd-4c03-8f51-14fefc6f564a,Esporte Morro Alto,🦁,0,0,0,0,0,0,0,50,2026-04-30 23:00:07.456768+00,1000000,t,74,Brasil
d047720e-a18c-4a78-a29c-93c58f4d3353,62194cf4-ccc4-4ba8-9225-d06e0dc847e0,621819e5-4efe-4717-a2af-9c064151f743,Sport Ponta Grossa,🐂,0,0,0,0,0,0,0,50,2026-04-30 23:00:07.456768+00,1000000,t,72,Brasil
475fcef0-3b6a-4425-ba50-2430f756704c,99683c61-d65d-41df-ad0b-96096a46bae7,f8acda4a-cf32-49c0-b62b-e696cb3bf828,FC Nova Esperança,⚽,0,0,0,0,0,0,0,50,2026-04-30 23:00:07.900806+00,1000000,t,72,Brasil
2fd9d156-69da-48f8-87fd-0e726d726fe3,99683c61-d65d-41df-ad0b-96096a46bae7,d969da5d-122d-4414-b812-50933ae42aec,SC Sol Nascente,🏟️,0,0,0,0,0,0,0,50,2026-04-30 23:00:07.900806+00,1000000,t,78,Brasil
44810643-3da2-4f62-9589-dc1a0c407003,99683c61-d65d-41df-ad0b-96096a46bae7,99ece845-83e7-4ced-a7be-6ff793ba6aa8,AC Vila Rica,🦅,0,0,0,0,0,0,0,50,2026-04-30 23:00:07.900806+00,1000000,t,78,Brasil
aa49038e-1461-44c7-9141-d7198755aec2,99683c61-d65d-41df-ad0b-96096a46bae7,914f0b5b-9c0d-43c3-a299-a49d89ad0fd7,EC Monte Azul,🐺,0,0,0,0,0,0,0,50,2026-04-30 23:00:07.900806+00,1000000,t,70,Brasil
d8a8f4a7-133b-4d1e-9edc-e13ae85ae65a,99683c61-d65d-41df-ad0b-96096a46bae7,c54a0233-fb46-4896-8703-01a5ae6a5405,Clube Rio Claro,🦁,0,0,0,0,0,0,0,50,2026-04-30 23:00:07.900806+00,1000000,t,74,Brasil
1a8a5200-fa0e-42cb-b174-f2f2e04d3ae3,99683c61-d65d-41df-ad0b-96096a46bae7,20c53f33-48fe-4586-9a5d-f8e48518ae9a,Atlético Campo Grande,🐂,0,0,0,0,0,0,0,50,2026-04-30 23:00:07.900806+00,1000000,t,72,Brasil
6b38b90c-3dd2-4f75-a388-86cb0263781b,99683c61-d65d-41df-ad0b-96096a46bae7,f101b94a-330a-4023-9f17-06fb94a1c422,Esporte Serra Alta,🔴,0,0,0,0,0,0,0,50,2026-04-30 23:00:07.900806+00,1000000,t,71,Brasil
984bc89d-1756-4dd5-91ea-d27f07f3e561,99683c61-d65d-41df-ad0b-96096a46bae7,4d20aa51-8076-4d5a-80a3-57b78efcccd8,Sport Vale Verde,🔵,0,0,0,0,0,0,0,50,2026-04-30 23:00:07.900806+00,1000000,t,67,Brasil
2c573692-fd74-47f3-9131-5f83b6c3cf39,99683c61-d65d-41df-ad0b-96096a46bae7,47517ea9-ac61-4885-ac3e-6b74fc034e31,União Pedra Branca,🟢,0,0,0,0,0,0,0,50,2026-04-30 23:00:07.900806+00,1000000,t,76,Brasil
b844f9a7-4cca-4394-8079-5b07dc4cfce6,99683c61-d65d-41df-ad0b-96096a46bae7,7bd38996-d926-4605-9fa5-43f4a5f5e318,Real Lagoa Santa,🟡,0,0,0,0,0,0,0,50,2026-04-30 23:00:07.900806+00,1000000,t,65,Brasil
5927ab9a-0ef2-4a83-965b-a9e590a53040,99683c61-d65d-41df-ad0b-96096a46bae7,c4648e44-0979-4fb3-89ea-e7c2be78e5ea,Inter Porto Alegre,⚫,0,0,0,0,0,0,0,50,2026-04-30 23:00:07.900806+00,1000000,t,66,Brasil
4af1bf9d-d1f4-448d-9534-87eef1bba2ae,99683c61-d65d-41df-ad0b-96096a46bae7,b1480c0f-f504-466c-a7bb-b62af04cad57,Nacional Bela Vista,⚪,0,0,0,0,0,0,0,50,2026-04-30 23:00:07.900806+00,1000000,t,70,Brasil
e5716801-e259-4fd0-a6c3-9f3351e276a4,99683c61-d65d-41df-ad0b-96096a46bae7,2556050c-266e-4231-bcc1-327669a1caf6,Sporting Cruz Alta,🟣,0,0,0,0,0,0,0,50,2026-04-30 23:00:07.900806+00,1000000,t,73,Brasil
450a854c-c5e9-4c1d-a9b1-e559006facbe,99683c61-d65d-41df-ad0b-96096a46bae7,0c969afc-e9ba-4764-af3a-6202468960fc,Racing Santo Amaro,🟠,0,0,0,0,0,0,0,50,2026-04-30 23:00:07.900806+00,1000000,t,79,Brasil
5336ff6d-77cc-449c-b0f0-a3338a1771a0,2ff5f6b8-f378-49be-864f-bd4b231640f1,e99eac36-f312-441e-bf45-aac5f47ca21a,Estrela Bela Vista,⚪,0,0,0,0,0,0,0,50,2026-04-30 23:00:05.136757+00,1000000,t,67,Brasil
5a432f8c-ec08-4baf-9080-4861c2005789,2ff5f6b8-f378-49be-864f-bd4b231640f1,4be1660e-65ad-4e6c-8ae4-0a11b3f12696,FC Cruz Alta,🟣,0,0,0,0,0,0,0,50,2026-04-30 23:00:05.136757+00,1000000,t,67,Brasil
71d1edbb-61c7-45ab-bf2e-70eeff0b912d,2ff5f6b8-f378-49be-864f-bd4b231640f1,17eb07f7-cbbd-40b0-8dc1-bcc3b4a10080,SC Santo Amaro,🟠,0,0,0,0,0,0,0,50,2026-04-30 23:00:05.136757+00,1000000,t,76,Brasil
8e23fd1b-6217-4711-ba69-429047cfc562,2ff5f6b8-f378-49be-864f-bd4b231640f1,8383d775-a9fb-4639-8797-ac9e6faf0f8b,AC Jardim,⚽,0,0,0,0,0,0,0,50,2026-04-30 23:00:05.136757+00,1000000,t,73,Brasil
4e64b32c-0350-4c84-ae55-ee3517a11c9e,2ff5f6b8-f378-49be-864f-bd4b231640f1,7340a651-3acb-495e-8070-d7dcf75d9570,EC São Miguel,🏟️,0,0,0,0,0,0,0,50,2026-04-30 23:00:05.136757+00,1000000,t,67,Brasil
146e0afe-dc18-41e5-92c9-2c31e609f25d,f95a8cf9-5061-4ca5-a16d-b3cb450aa604,4774a758-57f8-4828-9aad-2af2b3124815,Olimpia Jardim,⚽,0,0,0,0,0,0,0,50,2026-04-28 23:00:18.807654+00,1000000,t,78,Brasil
596eb55e-07d0-4b72-9d01-374d6880c1bb,3bae64aa-7f59-49fe-bf6c-65f4da6bfe45,f3e1389b-f59c-406d-9d02-d6d5c5f193c0,AC Vila Rica,🦅,0,0,0,0,0,0,0,50,2026-04-28 23:00:19.063808+00,1000000,t,63,Brasil
3a153d12-4458-49bd-a378-eb05cd01e13b,3bae64aa-7f59-49fe-bf6c-65f4da6bfe45,7fcbd871-c404-49ad-aa46-ed26bea4955a,Sporting Cruz Alta,🟣,0,0,0,0,0,0,0,50,2026-04-28 23:00:19.325199+00,1000000,t,73,Brasil
c1197d46-1460-4889-a626-ed448fc00b08,0cb4ea7a-0640-4e68-a686-24d0eb79315f,875f705f-23b0-4a93-88ce-294950fcb7e3,FC Nova Esperança,⚽,0,0,0,0,0,0,0,50,2026-04-28 23:00:19.57114+00,1000000,t,68,Brasil
d9d4fbeb-1c65-4588-ba14-7b730d1d5fd9,0cb4ea7a-0640-4e68-a686-24d0eb79315f,dd047b8e-8e20-4caa-bd09-1e85294506be,Inter Porto Alegre,⚫,0,0,0,0,0,0,0,50,2026-04-28 23:00:19.817379+00,1000000,t,74,Brasil
3bd07613-f7c3-4f1e-a727-fcecd62b7fb9,0452611e-dfde-4fb8-81f2-4896dac43222,423c7ca7-b48c-4491-9465-13ca25fbac79,União Pedra Branca,🟢,0,0,0,0,0,0,0,50,2026-04-28 23:00:20.334864+00,1000000,t,71,Brasil
a4dbb7e4-e0a7-40c5-a012-6c44347855dd,0452611e-dfde-4fb8-81f2-4896dac43222,6c2a2f0f-dbaa-487f-91f9-4e0b8c1df10d,AC Morro Alto,🦁,0,0,0,0,0,0,0,50,2026-04-28 23:00:20.582705+00,1000000,t,79,Brasil
19bef5d4-8fb2-494c-b5a8-68a99a23ad01,0b7ae0a4-28d1-421a-931a-49672c3ca84b,064085a6-1627-4b96-846c-6343b685fa5d,Esporte Serra Alta,🔴,0,0,0,0,0,0,0,50,2026-04-28 23:00:20.959251+00,1000000,t,78,Brasil
80927888-c0f2-4b78-b426-c8810ab9641b,0b7ae0a4-28d1-421a-931a-49672c3ca84b,b14e3231-7564-4ff7-803c-835377540302,FC Boa Vista,🦅,0,0,0,0,0,0,0,50,2026-04-28 23:00:21.202445+00,1000000,t,64,Brasil
8efd92a7-bbe0-4db0-a72a-acb3205244e8,c8dcfaa6-a9cc-4a64-b344-5f36383c9132,96d232d9-7682-4aa2-8b6e-96fea47e0ad9,Clube Rio Claro,🦁,0,0,0,0,0,0,0,50,2026-04-28 23:00:21.480738+00,1000000,t,61,Brasil
695f961b-6a53-4af8-b120-e09936b5bdd5,c8dcfaa6-a9cc-4a64-b344-5f36383c9132,9989ec33-917d-42f3-bf29-0a9dc5877a72,Olimpia Jardim,⚽,0,0,0,0,0,0,0,50,2026-04-28 23:00:21.731261+00,1000000,t,67,Brasil
78c64f85-a87c-4079-858a-9811b033f3d5,6af99593-633c-49a2-926e-7f3957a296cb,eb35f2b3-dca6-4156-a2da-a698761d1661,AC Vila Rica,🦅,0,0,0,0,0,0,0,50,2026-04-28 23:00:21.973428+00,1000000,t,68,Brasil
5fcf50c4-6fd4-417a-9080-a7ceb43fa4eb,6af99593-633c-49a2-926e-7f3957a296cb,67d0380c-b5db-4e4b-a1a8-15f03be7b733,Sporting Cruz Alta,🟣,0,0,0,0,0,0,0,50,2026-04-28 23:00:22.210041+00,1000000,t,68,Brasil
12e2d96f-7e70-484c-967f-9749b8a9c3a2,9fadf224-b30a-4261-979f-719fb86056dd,58d6aa2a-7102-45f6-b9aa-10fd055cd66e,FC Nova Esperança,⚽,0,0,0,0,0,0,0,50,2026-04-28 23:00:22.445692+00,1000000,t,61,Brasil
b98d1ed0-64ed-4db8-b7bb-51d8a89073bb,9fadf224-b30a-4261-979f-719fb86056dd,33ae0d91-f7c3-44ff-879b-5d8c5b3e47f0,Inter Porto Alegre,⚫,0,0,0,0,0,0,0,50,2026-04-28 23:00:22.6952+00,1000000,t,63,Brasil
46f30ded-70a0-41e4-900e-9cdf40145671,975d28df-6a5b-44f6-8f17-47bc7d68b525,b37e7c21-0afb-4732-93a0-41cccde16722,União Pedra Branca,🟢,0,0,0,0,0,0,0,50,2026-04-28 23:00:23.240217+00,1000000,t,62,Brasil
1b9f6657-a56e-4990-bcff-c5d6fdb59c68,975d28df-6a5b-44f6-8f17-47bc7d68b525,028634ff-2649-4828-b455-9e9cea505a04,AC Morro Alto,🦁,0,0,0,0,0,0,0,50,2026-04-28 23:00:23.500815+00,1000000,t,73,Brasil
04eb0e68-564b-40f0-b607-adb1117ec317,67a912a6-a397-441f-80d8-70999f6354d5,00a1e68c-4ad5-452d-9269-703dd5f9d5d6,Esporte Serra Alta,🔴,0,0,0,0,0,0,0,50,2026-04-28 23:00:23.777189+00,1000000,t,77,Brasil
79711a92-eade-438b-9cc6-fffd63b6326b,67a912a6-a397-441f-80d8-70999f6354d5,01ac8e3d-9d39-4f0f-a6a1-e8a53a156be3,FC Boa Vista,🦅,0,0,0,0,0,0,0,50,2026-04-28 23:00:24.032852+00,1000000,t,74,Brasil
ea4e4a1e-391a-47a5-af96-0313dbb7d4e3,77fc79cf-d87d-4675-8080-6f08b784e059,cbf2db20-2ba7-4bdd-b4d8-2e20c6306028,Clube Rio Claro,🦁,0,0,0,0,0,0,0,50,2026-04-28 23:00:24.289284+00,1000000,t,72,Brasil
a4d3c901-378b-490d-9dc6-3b28620acb22,77fc79cf-d87d-4675-8080-6f08b784e059,de5be7ed-4ed2-4712-bc44-4885c581d4e6,Olimpia Jardim,⚽,0,0,0,0,0,0,0,50,2026-04-28 23:00:24.537709+00,1000000,t,67,Brasil
a3e31a16-df42-463d-8c54-a4785253b7ac,058e6ae2-3160-44d9-a544-86d32b1c3867,5de2d44a-7045-4d59-bdee-636387ee3321,AC Vila Rica,🦅,0,0,0,0,0,0,0,50,2026-04-28 23:00:24.810737+00,1000000,t,73,Brasil
b0a86550-68a3-4957-9879-5946521bafd0,058e6ae2-3160-44d9-a544-86d32b1c3867,b93986fc-b81d-47bf-bef9-5d3eeb9bf437,Sporting Cruz Alta,🟣,0,0,0,0,0,0,0,50,2026-04-28 23:00:25.05783+00,1000000,t,79,Brasil
c5962fc3-756e-484a-80bc-e20ad7d85025,1200a446-4c3a-4c61-9c09-71a0ff7e4f26,4b845c05-0770-4587-b02d-a430dcb436ef,FC Nova Esperança,⚽,0,0,0,0,0,0,0,50,2026-04-28 23:00:25.30532+00,1000000,t,71,Brasil
d1671846-106c-48da-bca0-77dd21cd5567,2ff5f6b8-f378-49be-864f-bd4b231640f1,5802cae3-9d4b-4387-9a77-e9745915e862,Clube Boa Vista,🦅,0,0,0,0,0,0,0,50,2026-04-30 23:00:05.136757+00,1000000,t,72,Brasil
cd8715fd-0b83-4009-b218-7bcc9ec8c499,2ff5f6b8-f378-49be-864f-bd4b231640f1,6368da01-8745-49e1-b0bc-c902323ab1a4,Atlético Alto da Serra,🐺,0,0,0,0,0,0,0,50,2026-04-30 23:00:05.136757+00,1000000,t,68,Brasil
c17eef28-79e2-4ea5-840a-1b37da8f0ce4,2ff5f6b8-f378-49be-864f-bd4b231640f1,0f0cb65c-2103-47e3-b895-e21fd06a213d,Esporte Morro Alto,🦁,0,0,0,0,0,0,0,50,2026-04-30 23:00:05.136757+00,1000000,t,79,Brasil
b30640e1-0497-4df5-b3a9-5adfb3ba2d7b,2ff5f6b8-f378-49be-864f-bd4b231640f1,5eaafe3b-4e12-4cc1-80ec-b3a3b8093685,Sport Ponta Grossa,🐂,0,0,0,0,0,0,0,50,2026-04-30 23:00:05.136757+00,1000000,t,66,Brasil
b0f98b35-c738-4747-859a-2b481896d8d4,5550f31e-2b7d-45dd-98a1-4ad0a90855bd,106b81a0-f607-44ca-a4e3-07fdc52377ba,União Nova Esperança,⚽,0,0,0,0,0,0,0,50,2026-04-30 23:00:07.524959+00,1000000,t,65,Brasil
aa1311d4-5c57-47cf-be18-1090bb636621,5550f31e-2b7d-45dd-98a1-4ad0a90855bd,640d1eb2-7f60-49fd-93d4-bd23f9979ae5,Real Sol Nascente,🏟️,0,0,0,0,0,0,0,50,2026-04-30 23:00:07.524959+00,1000000,t,56,Brasil
98bd4239-4e70-4369-970a-1b1679db7845,5550f31e-2b7d-45dd-98a1-4ad0a90855bd,b49c655d-27c4-47b5-857e-19b908bc2c3d,Inter Vila Rica,🦅,0,0,0,0,0,0,0,50,2026-04-30 23:00:07.524959+00,1000000,t,56,Brasil
cee1d303-fee8-4db2-865d-c41fa8d1290d,5550f31e-2b7d-45dd-98a1-4ad0a90855bd,d218becd-7226-4b3c-b86b-b674af598b15,Nacional Monte Azul,🐺,0,0,0,0,0,0,0,50,2026-04-30 23:00:07.524959+00,1000000,t,63,Brasil
21b39ef5-65fa-4ba8-9bdd-5ea8c405a676,5550f31e-2b7d-45dd-98a1-4ad0a90855bd,6b8e5f4b-fdcf-414a-a90b-c11672309571,Sporting Rio Claro,🦁,0,0,0,0,0,0,0,50,2026-04-30 23:00:07.524959+00,1000000,t,55,Brasil
62431e0f-aeb9-4cee-be97-d919ee0d8c7a,5550f31e-2b7d-45dd-98a1-4ad0a90855bd,0e91881c-382e-489e-a911-14b43eb825b0,Racing Campo Grande,🐂,0,0,0,0,0,0,0,50,2026-04-30 23:00:07.524959+00,1000000,t,58,Brasil
a00ebf4c-4214-4e9f-86f8-684785d0c73e,5550f31e-2b7d-45dd-98a1-4ad0a90855bd,bc02c3e6-0bf6-414d-b3c9-6bd059b3ca9f,Olimpia Serra Alta,🔴,0,0,0,0,0,0,0,50,2026-04-30 23:00:07.524959+00,1000000,t,65,Brasil
b94c9af7-1750-4a26-a5f2-f78f69f7bc17,5550f31e-2b7d-45dd-98a1-4ad0a90855bd,0c063d46-14e5-46e1-976f-6538944a981a,Estrela Vale Verde,🔵,0,0,0,0,0,0,0,50,2026-04-30 23:00:07.524959+00,1000000,t,56,Brasil
d79d679c-bb8a-4595-9e1a-b3378bdddadb,5550f31e-2b7d-45dd-98a1-4ad0a90855bd,119b4bd4-8362-4784-b66b-a5a254ba78ef,FC Pedra Branca,🟢,0,0,0,0,0,0,0,50,2026-04-30 23:00:07.524959+00,1000000,t,56,Brasil
62d44cca-8ad6-45e0-be3f-5311ad8659ff,5550f31e-2b7d-45dd-98a1-4ad0a90855bd,288228d5-3808-4012-b98c-a7c3a0b2bcde,SC Lagoa Santa,🟡,0,0,0,0,0,0,0,50,2026-04-30 23:00:07.524959+00,1000000,t,61,Brasil
a8dbb582-c1ae-4fdc-860e-6c837c9b7ea5,5550f31e-2b7d-45dd-98a1-4ad0a90855bd,8fe03e9d-49ac-4fc6-9aac-da805642640f,AC Porto Alegre,⚫,0,0,0,0,0,0,0,50,2026-04-30 23:00:07.524959+00,1000000,t,68,Brasil
c1802b5d-fc29-46f3-9eae-4bc5b428182a,5550f31e-2b7d-45dd-98a1-4ad0a90855bd,52a29dfb-f252-4e33-b438-41e79eb6a588,EC Bela Vista,⚪,0,0,0,0,0,0,0,50,2026-04-30 23:00:07.524959+00,1000000,t,68,Brasil
2e4c6721-d2de-4bdd-98c2-279454c75998,5550f31e-2b7d-45dd-98a1-4ad0a90855bd,e95927b6-df82-43a6-bd7f-185b602987c8,Clube Cruz Alta,🟣,0,0,0,0,0,0,0,50,2026-04-30 23:00:07.524959+00,1000000,t,67,Brasil
55545f17-75eb-4d57-b59d-4b1015db2877,5550f31e-2b7d-45dd-98a1-4ad0a90855bd,38f9a2d6-83db-46f8-b0c5-edab3a3fe19c,Atlético Santo Amaro,🟠,0,0,0,0,0,0,0,50,2026-04-30 23:00:07.524959+00,1000000,t,66,Brasil
3636b843-163e-49e1-b6c8-5c540cebc063,5550f31e-2b7d-45dd-98a1-4ad0a90855bd,40133785-0745-4054-b1af-9dec60508cd5,Esporte Jardim,⚽,0,0,0,0,0,0,0,50,2026-04-30 23:00:07.524959+00,1000000,t,61,Brasil
a5255c5b-9f71-423a-a740-665bdfb13d66,5550f31e-2b7d-45dd-98a1-4ad0a90855bd,110e99e5-9373-428f-92e6-376cd25134b1,Sport São Miguel,🏟️,0,0,0,0,0,0,0,50,2026-04-30 23:00:07.524959+00,1000000,t,62,Brasil
11b1c86d-ea24-4896-b663-07c5c3cec71f,5550f31e-2b7d-45dd-98a1-4ad0a90855bd,36a0fb64-ea19-4041-b143-4e4204ec8338,União Boa Vista,🦅,0,0,0,0,0,0,0,50,2026-04-30 23:00:07.524959+00,1000000,t,57,Brasil
b07d7c7c-cff5-4681-9cf1-180d80deb960,5550f31e-2b7d-45dd-98a1-4ad0a90855bd,5346f47e-de14-4386-ad2e-e6f54c961d09,Real Alto da Serra,🐺,0,0,0,0,0,0,0,50,2026-04-30 23:00:07.524959+00,1000000,t,66,Brasil
5f03cfff-52ca-46cd-891e-8b2edc7995bf,05558aa1-2e2b-4647-b965-c239f8e571c1,fbe92a6b-ed69-4ba2-ba07-0d69fde6e57a,Sport Bela Vista,⚪,0,0,0,0,0,0,0,50,2026-04-30 23:00:05.312969+00,1000000,t,51,Brasil
cb1e754c-5131-4e1e-a468-6dec6b096e84,3bae64aa-7f59-49fe-bf6c-65f4da6bfe45,91d056b5-aca4-49cc-9d38-41b6992e38c9,EC Ponta Grossa,🐂,0,0,0,0,0,0,0,50,2026-04-28 23:00:19.497248+00,1000000,t,61,Brasil
950dcfca-3cc2-438e-87aa-4609dcaf6143,0cb4ea7a-0640-4e68-a686-24d0eb79315f,c57090a3-ebf3-42a3-8a8d-8215f325b3e0,Sport Vale Verde,🔵,0,0,0,0,0,0,0,50,2026-04-28 23:00:19.734136+00,1000000,t,67,Brasil
0c70a3dc-0863-4d1d-9136-60fb55675b18,0cb4ea7a-0640-4e68-a686-24d0eb79315f,a37ceb9b-f116-4967-ade3-8d02da23aeb3,SC Alto da Serra,🐺,0,0,0,0,0,0,0,50,2026-04-28 23:00:19.99026+00,1000000,t,71,Brasil
2caa37a7-f0c5-4227-a185-3eb79408c010,0452611e-dfde-4fb8-81f2-4896dac43222,5c984f1b-6cc4-4c3a-9ff5-483177a8bfcc,Atlético Campo Grande,🐂,0,0,0,0,0,0,0,50,2026-04-28 23:00:20.263501+00,1000000,t,72,Brasil
e4692ef2-8c54-4c85-9cf9-48e5f7737361,0452611e-dfde-4fb8-81f2-4896dac43222,5570964d-a4d6-42ec-99b8-cb42170e05ac,Estrela São Miguel,🏟️,0,0,0,0,0,0,0,50,2026-04-28 23:00:20.512409+00,1000000,t,68,Brasil
b2800276-2021-403b-b766-36e09cbfe2a9,0b7ae0a4-28d1-421a-931a-49672c3ca84b,1b1ab8eb-7fe9-4e81-bdc2-3b6bc65f3924,EC Monte Azul,🐺,0,0,0,0,0,0,0,50,2026-04-28 23:00:20.887364+00,1000000,t,80,Brasil
37f11819-9118-4359-b98e-8af79d81efd7,0b7ae0a4-28d1-421a-931a-49672c3ca84b,f2f31f78-1803-48fe-829b-1ccb6723c38d,Racing Santo Amaro,🟠,0,0,0,0,0,0,0,50,2026-04-28 23:00:21.13368+00,1000000,t,75,Brasil
56db2200-3bf8-4d2a-b9ef-3a6cf2bcf8d0,c8dcfaa6-a9cc-4a64-b344-5f36383c9132,eb221762-4fa3-49a5-b30c-07dd36d23df0,SC Sol Nascente,🏟️,0,0,0,0,0,0,0,50,2026-04-28 23:00:21.401903+00,1000000,t,65,Brasil
66d375fd-2458-4870-b857-a6829cc3ff4b,c8dcfaa6-a9cc-4a64-b344-5f36383c9132,84fb0087-c256-497f-89ee-a58222a80d1b,Nacional Bela Vista,⚪,0,0,0,0,0,0,0,50,2026-04-28 23:00:21.658857+00,1000000,t,64,Brasil
1b13f194-d242-4db5-8fe1-712220ceec3d,6af99593-633c-49a2-926e-7f3957a296cb,c36181d6-aad1-48e5-b841-b6da4b43d54a,Real Lagoa Santa,🟡,0,0,0,0,0,0,0,50,2026-04-28 23:00:22.142025+00,1000000,t,69,Brasil
14384423-5f57-4daf-be56-b42f475a07c0,6af99593-633c-49a2-926e-7f3957a296cb,d7b027a3-6965-4b39-90e1-a9140af93eb3,EC Ponta Grossa,🐂,0,0,0,0,0,0,0,50,2026-04-28 23:00:22.37628+00,1000000,t,70,Brasil
bd7f667f-1b84-4f5b-9bc8-8c277a81765f,9fadf224-b30a-4261-979f-719fb86056dd,6fdb3a67-aa1d-4955-bf54-41657342c8c7,Sport Vale Verde,🔵,0,0,0,0,0,0,0,50,2026-04-28 23:00:22.622573+00,1000000,t,76,Brasil
ca1a9b48-e648-4cde-98cb-356ed2ce7adb,9fadf224-b30a-4261-979f-719fb86056dd,0c0eb885-b6b3-4f91-9e7a-c6b4e5ca2ee4,SC Alto da Serra,🐺,0,0,0,0,0,0,0,50,2026-04-28 23:00:22.89205+00,1000000,t,69,Brasil
938b5240-39e2-4edc-9d50-a9c507e475a9,975d28df-6a5b-44f6-8f17-47bc7d68b525,70e057d4-e38b-4568-ad8f-d2b37587d8d8,Atlético Campo Grande,🐂,0,0,0,0,0,0,0,50,2026-04-28 23:00:23.161676+00,1000000,t,66,Brasil
6bfaf35a-2e68-40bc-9a8e-bf615e4f1fb3,975d28df-6a5b-44f6-8f17-47bc7d68b525,64c46af9-3249-4845-97e8-6238c9585c20,Estrela São Miguel,🏟️,0,0,0,0,0,0,0,50,2026-04-28 23:00:23.420932+00,1000000,t,62,Brasil
602c512d-c9c0-4298-9169-3d15ac3b23f8,67a912a6-a397-441f-80d8-70999f6354d5,834a2546-92e0-4c1c-a5b3-c23e8c33ea20,EC Monte Azul,🐺,0,0,0,0,0,0,0,50,2026-04-28 23:00:23.703651+00,1000000,t,61,Brasil
e8822ede-362e-436f-878c-ff06c1eca08d,67a912a6-a397-441f-80d8-70999f6354d5,d21b35d6-dd67-44c8-9a80-ca70c629ceee,Racing Santo Amaro,🟠,0,0,0,0,0,0,0,50,2026-04-28 23:00:23.954751+00,1000000,t,79,Brasil
50afab04-64f7-45d9-a042-de05970c2435,77fc79cf-d87d-4675-8080-6f08b784e059,c28db22f-4264-4149-9309-e99bc823abe6,SC Sol Nascente,🏟️,0,0,0,0,0,0,0,50,2026-04-28 23:00:24.216696+00,1000000,t,69,Brasil
b72e9d90-06dc-4076-9a1c-45269d0bca09,77fc79cf-d87d-4675-8080-6f08b784e059,e1d2d43c-6ae9-4c7d-9616-9bb93993589e,Nacional Bela Vista,⚪,0,0,0,0,0,0,0,50,2026-04-28 23:00:24.464705+00,1000000,t,78,Brasil
b5e14cdd-c1cf-4d45-ba74-0830a72db13d,058e6ae2-3160-44d9-a544-86d32b1c3867,e3cb4ca9-a3f7-41b3-817a-1db59c3048e7,Real Lagoa Santa,🟡,0,0,0,0,0,0,0,50,2026-04-28 23:00:24.985533+00,1000000,t,62,Brasil
4e9d5d53-de6a-423d-a865-bf570d45ed3f,058e6ae2-3160-44d9-a544-86d32b1c3867,a9c37f43-5ee8-4766-9ddf-4b8e91eafa69,EC Ponta Grossa,🐂,0,0,0,0,0,0,0,50,2026-04-28 23:00:25.232539+00,1000000,t,67,Brasil
6bb418df-d469-4942-88ed-8261f76e1d4b,1200a446-4c3a-4c61-9c09-71a0ff7e4f26,7371f9f1-afbd-4481-8470-d1640adc4412,Sport Vale Verde,🔵,0,0,0,0,0,0,0,50,2026-04-28 23:00:25.484471+00,1000000,t,78,Brasil
c1a51074-ac13-40d7-8f23-10b4d4bc0693,1200a446-4c3a-4c61-9c09-71a0ff7e4f26,9a5d2000-b404-4471-838d-3d4aa9ec46a4,SC Alto da Serra,🐺,0,0,0,0,0,0,0,50,2026-04-28 23:00:25.750732+00,1000000,t,63,Brasil
25a39f2f-156a-4a23-8ce5-1d3280c288f0,a29e6633-2342-4b1f-a078-2807a6cff552,f1b4e677-1d91-4eb9-8bf6-52a5e734902b,Atlético Campo Grande,🐂,0,0,0,0,0,0,0,50,2026-04-28 23:00:25.991836+00,1000000,t,67,Brasil
e12b7678-3f0d-4225-8d6f-f5ec32f43f3f,a29e6633-2342-4b1f-a078-2807a6cff552,d27429aa-5072-4fd3-addd-60f55ee3356f,Estrela São Miguel,🏟️,0,0,0,0,0,0,0,50,2026-04-28 23:00:26.268657+00,1000000,t,60,Brasil
eaa5a4b8-87fe-40ba-9d61-47b0321952ce,2e9f0354-3670-4094-a9b8-3b8e396b7e56,69842e61-5863-4894-81e3-f1247b39267b,EC Monte Azul,🐺,0,0,0,0,0,0,0,50,2026-04-28 23:00:26.522979+00,1000000,t,80,Brasil
d05c2c96-7c21-474a-bda1-981efbba677d,05558aa1-2e2b-4647-b965-c239f8e571c1,b2c7202d-e550-4cf8-ae8b-13eb25a8d2bd,União Cruz Alta,🟣,0,0,0,0,0,0,0,50,2026-04-30 23:00:05.312969+00,1000000,t,45,Brasil
667696dc-71b0-4448-9e52-794c508be00d,05558aa1-2e2b-4647-b965-c239f8e571c1,93194747-2899-438b-b2a8-20707d1fd2f9,Real Santo Amaro,🟠,0,0,0,0,0,0,0,50,2026-04-30 23:00:05.312969+00,1000000,t,54,Brasil
9dbc926d-2a3f-43c7-9c56-c3f306691822,05558aa1-2e2b-4647-b965-c239f8e571c1,6aa63091-a999-41e1-8e12-b2c2b7387060,Inter Jardim,⚽,0,0,0,0,0,0,0,50,2026-04-30 23:00:05.312969+00,1000000,t,47,Brasil
3e3b1080-658c-4b64-935f-e21223e3d99f,05558aa1-2e2b-4647-b965-c239f8e571c1,fd7884fa-a23b-4ee6-b055-254fec4fe282,Nacional São Miguel,🏟️,0,0,0,0,0,0,0,50,2026-04-30 23:00:05.312969+00,1000000,t,49,Brasil
e5ecfafc-0c6d-406c-9f4c-90f7d11affeb,05558aa1-2e2b-4647-b965-c239f8e571c1,abdd40af-24f6-4499-9583-16b625e58d23,Sporting Boa Vista,🦅,0,0,0,0,0,0,0,50,2026-04-30 23:00:05.312969+00,1000000,t,55,Brasil
f25548f6-0a9b-455e-aef5-1b36da83349b,05558aa1-2e2b-4647-b965-c239f8e571c1,eb66cba1-83c6-4011-94cb-5d7656ea8ca2,Racing Alto da Serra,🐺,0,0,0,0,0,0,0,50,2026-04-30 23:00:05.312969+00,1000000,t,56,Brasil
59140fed-1dbf-44fe-8f83-d358b93246a8,05558aa1-2e2b-4647-b965-c239f8e571c1,8088cf7f-3d36-4473-bad4-58f36ff5dc99,Olimpia Morro Alto,🦁,0,0,0,0,0,0,0,50,2026-04-30 23:00:05.312969+00,1000000,t,48,Brasil
6f2267ae-8f90-4c13-abfe-bd7ccdc051bd,05558aa1-2e2b-4647-b965-c239f8e571c1,07535cd9-a69d-4617-a1c1-0184e9ca8edd,Estrela Ponta Grossa,🐂,0,0,0,0,0,0,0,50,2026-04-30 23:00:05.312969+00,1000000,t,53,Brasil
411c5d67-1155-42b0-9c6d-5e75c911909e,3653cfca-8137-4c58-a86f-8cc76d7b0a9d,ac2090bb-c9b5-4ce8-82fd-b3be82c97a91,Clube Nova Esperança,⚽,0,0,0,0,0,0,0,50,2026-04-30 23:00:07.052527+00,1000000,t,73,Brasil
bc353c16-8c42-4c81-9f06-1f8709e3edec,3653cfca-8137-4c58-a86f-8cc76d7b0a9d,9c7d7ae5-1511-4fb8-bb48-60227a4b01cf,Atlético Sol Nascente,🏟️,0,0,0,0,0,0,0,50,2026-04-30 23:00:07.052527+00,1000000,t,70,Brasil
9eb2006a-69cf-4161-8824-016b5e96dab6,3653cfca-8137-4c58-a86f-8cc76d7b0a9d,f7f38304-edcf-45c2-8f83-c94960673a86,Esporte Vila Rica,🦅,0,0,0,0,0,0,0,50,2026-04-30 23:00:07.052527+00,1000000,t,65,Brasil
6f6cc0c4-1815-4f8d-abc3-c5e3b23e770a,3653cfca-8137-4c58-a86f-8cc76d7b0a9d,9c3a1422-3e9e-45ed-b77a-dea4e57cc3c9,Sport Monte Azul,🐺,0,0,0,0,0,0,0,50,2026-04-30 23:00:07.052527+00,1000000,t,79,Brasil
4aa2fb3d-32ad-42d2-9773-a4ea28775cac,3653cfca-8137-4c58-a86f-8cc76d7b0a9d,9e42c346-741b-4df6-a241-275329c3b2f5,União Rio Claro,🦁,0,0,0,0,0,0,0,50,2026-04-30 23:00:07.052527+00,1000000,t,79,Brasil
69d964db-210b-4d89-8e0f-9035f5863b94,3653cfca-8137-4c58-a86f-8cc76d7b0a9d,eb6df6dd-8255-425b-a2cf-0cf388d05708,Real Campo Grande,🐂,0,0,0,0,0,0,0,50,2026-04-30 23:00:07.052527+00,1000000,t,80,Brasil
9f3ccf47-c438-490b-92e4-850ab4259f53,3653cfca-8137-4c58-a86f-8cc76d7b0a9d,82a42dc4-3e62-4bbe-a9cc-806d44c91192,Inter Serra Alta,🔴,0,0,0,0,0,0,0,50,2026-04-30 23:00:07.052527+00,1000000,t,76,Brasil
ddc0c59d-c34b-4958-a5e7-e89aba396be9,3653cfca-8137-4c58-a86f-8cc76d7b0a9d,65a5c20f-f7ec-432b-b22e-fd6ed2c870a1,Nacional Vale Verde,🔵,0,0,0,0,0,0,0,50,2026-04-30 23:00:07.052527+00,1000000,t,72,Brasil
ba31ee9b-a919-40e6-958f-e25b974ea812,3653cfca-8137-4c58-a86f-8cc76d7b0a9d,497c0467-e2a8-4a81-a374-6b7bff8daffa,Sporting Pedra Branca,🟢,0,0,0,0,0,0,0,50,2026-04-30 23:00:07.052527+00,1000000,t,67,Brasil
ca81bc03-ea45-418b-ac41-3e52a791bc86,3653cfca-8137-4c58-a86f-8cc76d7b0a9d,50d10cad-b7da-489d-a107-ae8b026fa032,Racing Lagoa Santa,🟡,0,0,0,0,0,0,0,50,2026-04-30 23:00:07.052527+00,1000000,t,75,Brasil
1fbf0566-d4b1-4536-a956-bae364e3d5d5,3653cfca-8137-4c58-a86f-8cc76d7b0a9d,b82f23b4-8917-42d7-8c89-eaf561cc4b2f,Olimpia Porto Alegre,⚫,0,0,0,0,0,0,0,50,2026-04-30 23:00:07.052527+00,1000000,t,74,Brasil
d2a4bfda-13ed-4fc4-9bac-caea7394d2c8,3653cfca-8137-4c58-a86f-8cc76d7b0a9d,24dbf50d-bb4e-4101-baff-17d6ccc63540,Estrela Bela Vista,⚪,0,0,0,0,0,0,0,50,2026-04-30 23:00:07.052527+00,1000000,t,69,Brasil
b87ef8f0-b6a2-4233-9b0b-725408b44a4b,3653cfca-8137-4c58-a86f-8cc76d7b0a9d,0f287935-ec5a-4606-a14f-4023d5fd8336,FC Cruz Alta,🟣,0,0,0,0,0,0,0,50,2026-04-30 23:00:07.052527+00,1000000,t,75,Brasil
3357c968-e636-4dc6-9f91-bbb3053b6205,3653cfca-8137-4c58-a86f-8cc76d7b0a9d,a13da1c9-2e9f-4eff-a7f1-a3546c907387,SC Santo Amaro,🟠,0,0,0,0,0,0,0,50,2026-04-30 23:00:07.052527+00,1000000,t,70,Brasil
8763a5c7-79b0-4c9d-8b4b-155673c65af7,3653cfca-8137-4c58-a86f-8cc76d7b0a9d,36cc8c3a-a9d6-4848-b79e-231e6fb185ee,AC Jardim,⚽,0,0,0,0,0,0,0,50,2026-04-30 23:00:07.052527+00,1000000,t,65,Brasil
7b8361b1-3612-4e92-b55a-53815659f709,3653cfca-8137-4c58-a86f-8cc76d7b0a9d,4abbd8f1-2bcd-4e15-b2a6-907653a0d1c5,EC São Miguel,🏟️,0,0,0,0,0,0,0,50,2026-04-30 23:00:07.052527+00,1000000,t,70,Brasil
473728d7-acf9-4ab7-8bc0-40f96dd08803,0cb4ea7a-0640-4e68-a686-24d0eb79315f,a6c28332-3baf-40bc-bbba-603714ce9f40,Estrela São Miguel,🏟️,0,0,0,0,0,0,0,50,2026-04-28 23:00:19.942327+00,1000000,t,64,Brasil
565e9d84-225a-43c5-9413-3cde06100c65,0452611e-dfde-4fb8-81f2-4896dac43222,83a85ab0-dc1d-4e67-94e5-84fff86b0a06,EC Monte Azul,🐺,0,0,0,0,0,0,0,50,2026-04-28 23:00:20.216774+00,1000000,t,64,Brasil
25a5f995-219b-4dcc-a3c7-721e9dc9512c,0452611e-dfde-4fb8-81f2-4896dac43222,aa7a57b6-31aa-41d8-95fc-7250e85acb03,Racing Santo Amaro,🟠,0,0,0,0,0,0,0,50,2026-04-28 23:00:20.463264+00,1000000,t,67,Brasil
978ca1d3-3ea8-48b8-95b2-f81d3bddf53e,0b7ae0a4-28d1-421a-931a-49672c3ca84b,e1df9136-afb6-43f6-ac88-21477f77b9ac,SC Sol Nascente,🏟️,0,0,0,0,0,0,0,50,2026-04-28 23:00:20.836546+00,1000000,t,77,Brasil
ee1dfd43-2eb2-4109-9d2f-67fdcd951180,0b7ae0a4-28d1-421a-931a-49672c3ca84b,f653f814-b937-4fc6-a39a-487636e7199b,Nacional Bela Vista,⚪,0,0,0,0,0,0,0,50,2026-04-28 23:00:21.077784+00,1000000,t,78,Brasil
0e6985a4-4e9d-4738-97dd-b7f1478bc4a3,c8dcfaa6-a9cc-4a64-b344-5f36383c9132,a65364e4-6969-480b-9153-088d07a01e3c,Real Lagoa Santa,🟡,0,0,0,0,0,0,0,50,2026-04-28 23:00:21.610044+00,1000000,t,72,Brasil
40894a20-de58-422c-94d6-65f72c497f06,c8dcfaa6-a9cc-4a64-b344-5f36383c9132,901e682a-841a-41db-8604-c0ec7f7cf5f3,EC Ponta Grossa,🐂,0,0,0,0,0,0,0,50,2026-04-28 23:00:21.853562+00,1000000,t,78,Brasil
4745b7da-9fd1-4a0d-ab1a-1c93f7f37451,6af99593-633c-49a2-926e-7f3957a296cb,e2220678-d190-40d1-a464-d0224a19dc8b,Sport Vale Verde,🔵,0,0,0,0,0,0,0,50,2026-04-28 23:00:22.092982+00,1000000,t,66,Brasil
36f72070-f3b4-46d0-97fe-9509b70a6c9a,6af99593-633c-49a2-926e-7f3957a296cb,4093ac39-3b6b-4f36-9b38-9a4a42f0d0ff,SC Alto da Serra,🐺,0,0,0,0,0,0,0,50,2026-04-28 23:00:22.329153+00,1000000,t,64,Brasil
b4896227-50ef-4176-909c-fa3e04e16035,9fadf224-b30a-4261-979f-719fb86056dd,c1803689-70b5-48c5-b65a-b1c6a674d2cb,Atlético Campo Grande,🐂,0,0,0,0,0,0,0,50,2026-04-28 23:00:22.561246+00,1000000,t,74,Brasil
a66511f7-b322-41c6-9eef-a40360e0e18e,9fadf224-b30a-4261-979f-719fb86056dd,670d56ef-0751-4544-8984-0603bb7fb03d,Estrela São Miguel,🏟️,0,0,0,0,0,0,0,50,2026-04-28 23:00:22.837078+00,1000000,t,79,Brasil
55698d51-7612-480b-8361-d603e4b64f1b,975d28df-6a5b-44f6-8f17-47bc7d68b525,a531c778-3605-42c2-927c-23e9a2dcdc59,EC Monte Azul,🐺,0,0,0,0,0,0,0,50,2026-04-28 23:00:23.088937+00,1000000,t,68,Brasil
dd3889ae-cea3-42b8-9c7f-9279ae0fdcf8,975d28df-6a5b-44f6-8f17-47bc7d68b525,e2f46312-e099-4dc6-bfe6-f4db1a80cce7,Racing Santo Amaro,🟠,0,0,0,0,0,0,0,50,2026-04-28 23:00:23.36409+00,1000000,t,64,Brasil
5cd7c4dc-dbc7-46ac-bbdd-e01a427df3cd,67a912a6-a397-441f-80d8-70999f6354d5,00fae01f-1bcb-41c1-8a8b-c23b5cb7eeb6,SC Sol Nascente,🏟️,0,0,0,0,0,0,0,50,2026-04-28 23:00:23.654284+00,1000000,t,64,Brasil
66d7c41d-1b9c-4afe-9baa-1f54ba94a665,67a912a6-a397-441f-80d8-70999f6354d5,37f51cc8-4485-4734-8227-1bfe6791eb4a,Nacional Bela Vista,⚪,0,0,0,0,0,0,0,50,2026-04-28 23:00:23.906925+00,1000000,t,71,Brasil
7a2845cd-611d-41cb-a8f0-3a694083f246,77fc79cf-d87d-4675-8080-6f08b784e059,a4461f72-80aa-4916-9120-80ac693a2a8f,Real Lagoa Santa,🟡,0,0,0,0,0,0,0,50,2026-04-28 23:00:24.409374+00,1000000,t,78,Brasil
350223a4-7f3f-45aa-b4dc-1a31ae60600b,77fc79cf-d87d-4675-8080-6f08b784e059,1eaf5024-6b8d-44f8-b892-fb430d4d09f7,EC Ponta Grossa,🐂,0,0,0,0,0,0,0,50,2026-04-28 23:00:24.671756+00,1000000,t,76,Brasil
df82f42a-ad46-4b18-8eb3-c10f0b9f2580,058e6ae2-3160-44d9-a544-86d32b1c3867,f6e85c5f-667f-42e1-a2f2-2f32a386a99a,Sport Vale Verde,🔵,0,0,0,0,0,0,0,50,2026-04-28 23:00:24.93537+00,1000000,t,66,Brasil
5458454f-d1e7-45ed-b79f-74d039aec733,058e6ae2-3160-44d9-a544-86d32b1c3867,69071fa0-af04-45e6-a0b8-e57ae1e104b8,SC Alto da Serra,🐺,0,0,0,0,0,0,0,50,2026-04-28 23:00:25.17995+00,1000000,t,62,Brasil
ab08863c-f155-43f7-80f2-bbd1c45d426f,1200a446-4c3a-4c61-9c09-71a0ff7e4f26,89488bfe-1fc9-47ca-9dab-36a2e717b20d,Atlético Campo Grande,🐂,0,0,0,0,0,0,0,50,2026-04-28 23:00:25.435784+00,1000000,t,77,Brasil
876027f3-4a75-489c-bdfb-e807ab9a14c7,1200a446-4c3a-4c61-9c09-71a0ff7e4f26,0489b4f0-ca32-48cd-aa5e-a42372b408bf,Estrela São Miguel,🏟️,0,0,0,0,0,0,0,50,2026-04-28 23:00:25.678768+00,1000000,t,76,Brasil
44937eb2-2072-463a-95f4-fba48a8ef6d0,a29e6633-2342-4b1f-a078-2807a6cff552,ca6c41d9-e638-40f8-84ac-4b42428e7379,EC Monte Azul,🐺,0,0,0,0,0,0,0,50,2026-04-28 23:00:25.944086+00,1000000,t,79,Brasil
74c8f66d-5134-42c8-88c4-1224f5441cf6,a29e6633-2342-4b1f-a078-2807a6cff552,83e99f40-9ae1-4653-8e7c-51ac4e435716,Racing Santo Amaro,🟠,0,0,0,0,0,0,0,50,2026-04-28 23:00:26.218999+00,1000000,t,72,Brasil
1042931a-bbca-42d4-a617-be29ee21552b,2e9f0354-3670-4094-a9b8-3b8e396b7e56,a38f24c3-5235-48ed-8f5e-406a88742baa,SC Sol Nascente,🏟️,0,0,0,0,0,0,0,50,2026-04-28 23:00:26.471449+00,1000000,t,61,Brasil
4d0c8ec3-f1a3-4df5-8ddf-70854819b903,2e9f0354-3670-4094-a9b8-3b8e396b7e56,90eb6c5c-ca3d-4009-b161-141bfbea9203,Nacional Bela Vista,⚪,0,0,0,0,0,0,0,50,2026-04-28 23:00:26.723389+00,1000000,t,80,Brasil
76c94613-9879-470a-bb2c-aad3d446783f,300e8201-6391-44dc-ba3f-68e9df60db63,7dd521ad-c85e-4c68-b3db-9f4acec2c6cb,Estrela Bela Vista,⚪,0,0,0,0,0,0,0,50,2026-04-30 23:00:05.633364+00,1000000,t,67,Brasil
95459b38-b1da-4f7e-969f-61c57c097423,300e8201-6391-44dc-ba3f-68e9df60db63,35f81d9a-4e2d-4b61-bc06-0335cc8e0dad,FC Cruz Alta,🟣,0,0,0,0,0,0,0,50,2026-04-30 23:00:05.633364+00,1000000,t,78,Brasil
ee47c900-63c3-4121-88ad-1dd1712e3223,300e8201-6391-44dc-ba3f-68e9df60db63,7aca7b39-e2c5-45c9-9701-07b1498abbc1,SC Santo Amaro,🟠,0,0,0,0,0,0,0,50,2026-04-30 23:00:05.633364+00,1000000,t,65,Brasil
ca1c3ce9-1292-4e07-a267-82951bc6472f,300e8201-6391-44dc-ba3f-68e9df60db63,1e46ab34-fb00-4e90-9112-b8186e66f1d3,AC Jardim,⚽,0,0,0,0,0,0,0,50,2026-04-30 23:00:05.633364+00,1000000,t,78,Brasil
65459d8e-9cc4-4bbf-959b-960037c36d43,300e8201-6391-44dc-ba3f-68e9df60db63,7c5b6b8f-6fab-4273-9a9d-91fee2d277dc,EC São Miguel,🏟️,0,0,0,0,0,0,0,50,2026-04-30 23:00:05.633364+00,1000000,t,74,Brasil
1be4ea1e-57af-47a8-9a40-5ef05a11f188,300e8201-6391-44dc-ba3f-68e9df60db63,75b7bc15-029e-4dfe-8391-158aea4c56be,Clube Boa Vista,🦅,0,0,0,0,0,0,0,50,2026-04-30 23:00:05.633364+00,1000000,t,66,Brasil
4651def5-912b-4b1e-bb8a-78e5be9a32a2,300e8201-6391-44dc-ba3f-68e9df60db63,35466c66-b911-4abf-9612-bcee0eb4dd13,Atlético Alto da Serra,🐺,0,0,0,0,0,0,0,50,2026-04-30 23:00:05.633364+00,1000000,t,65,Brasil
97a97256-80e7-4ead-8204-cbce314170c3,300e8201-6391-44dc-ba3f-68e9df60db63,99c13257-afee-4910-adce-80929b67e24d,Esporte Morro Alto,🦁,0,0,0,0,0,0,0,50,2026-04-30 23:00:05.633364+00,1000000,t,70,Brasil
3dc6e773-2808-4150-9b7c-004e19bb9cca,300e8201-6391-44dc-ba3f-68e9df60db63,1e16886c-1d95-4638-acc2-e1d493a4b06f,Sport Ponta Grossa,🐂,0,0,0,0,0,0,0,50,2026-04-30 23:00:05.633364+00,1000000,t,66,Brasil
7e106e81-af34-472e-83d5-3178a201fbf3,169e0d34-6672-4067-8ec7-7fbff4c476b3,fd7d4812-6c34-4b10-9349-b2baf21d6bb8,Sporting Nova Esperança,⚽,0,0,0,0,0,0,0,50,2026-04-30 23:00:05.793946+00,1000000,t,56,Brasil
a59fbacf-d6b6-45d7-8489-0877f4e50395,169e0d34-6672-4067-8ec7-7fbff4c476b3,6c812553-eae3-448b-ba62-8549888b19e6,Racing Sol Nascente,🏟️,0,0,0,0,0,0,0,50,2026-04-30 23:00:05.793946+00,1000000,t,58,Brasil
122ecb9f-6b61-41a2-8c50-50717bebc86f,169e0d34-6672-4067-8ec7-7fbff4c476b3,66557308-1ea6-41bc-8072-3f0bf1989e51,Olimpia Vila Rica,🦅,0,0,0,0,0,0,0,50,2026-04-30 23:00:05.793946+00,1000000,t,50,Brasil
29a2bd1f-4435-4131-a399-e381e5d6bf01,169e0d34-6672-4067-8ec7-7fbff4c476b3,77cd5058-b131-419e-947d-eaabfd79e96f,Estrela Monte Azul,🐺,0,0,0,0,0,0,0,50,2026-04-30 23:00:05.793946+00,1000000,t,48,Brasil
8696b90a-b8ba-4665-ae6c-fcd450c1e331,169e0d34-6672-4067-8ec7-7fbff4c476b3,7542ff33-489e-4e4e-bf5f-b43389d9b4ae,FC Rio Claro,🦁,0,0,0,0,0,0,0,50,2026-04-30 23:00:05.793946+00,1000000,t,51,Brasil
76a5b831-f62c-4f3c-87bf-6a53c4dadade,169e0d34-6672-4067-8ec7-7fbff4c476b3,682388dd-f59c-43c2-bc7b-94a702e51986,SC Campo Grande,🐂,0,0,0,0,0,0,0,50,2026-04-30 23:00:05.793946+00,1000000,t,53,Brasil
4d67aadc-9576-48ae-9e81-39985b038bc0,169e0d34-6672-4067-8ec7-7fbff4c476b3,a83a174f-8502-4092-ad3f-a7546fcf7ce8,AC Serra Alta,🔴,0,0,0,0,0,0,0,50,2026-04-30 23:00:05.793946+00,1000000,t,56,Brasil
862f6bbb-4a61-4023-9acd-0111da618039,169e0d34-6672-4067-8ec7-7fbff4c476b3,26470fd1-fe4c-4a2a-b034-ffa8cfde65f2,EC Vale Verde,🔵,0,0,0,0,0,0,0,50,2026-04-30 23:00:05.793946+00,1000000,t,57,Brasil
343b1472-dbeb-4a7c-ae19-fe8fe6f9b368,169e0d34-6672-4067-8ec7-7fbff4c476b3,e9c31f27-3f23-4598-ad72-9fe493cedccd,Clube Pedra Branca,🟢,0,0,0,0,0,0,0,50,2026-04-30 23:00:05.793946+00,1000000,t,53,Brasil
52c3f028-d77e-4e01-be35-0cd12ec48c64,169e0d34-6672-4067-8ec7-7fbff4c476b3,afabae16-1c37-4e8b-b491-756fae3e577a,Atlético Lagoa Santa,🟡,0,0,0,0,0,0,0,50,2026-04-30 23:00:05.793946+00,1000000,t,60,Brasil
bc4e1a75-4f73-4a87-a770-cdfd6da0b459,169e0d34-6672-4067-8ec7-7fbff4c476b3,7228fb8b-7048-4586-9281-ad43dff2f545,Esporte Porto Alegre,⚫,0,0,0,0,0,0,0,50,2026-04-30 23:00:05.793946+00,1000000,t,50,Brasil
1383f55e-271a-4186-8189-3dbc5b5e51f5,169e0d34-6672-4067-8ec7-7fbff4c476b3,508ba884-febb-41ab-81c5-1baeaccdcdce,Sport Bela Vista,⚪,0,0,0,0,0,0,0,50,2026-04-30 23:00:05.793946+00,1000000,t,53,Brasil
37ef24b4-bfb8-4f83-afa8-295cf81ae1a2,169e0d34-6672-4067-8ec7-7fbff4c476b3,1632746d-eccd-4335-b6e7-9ee3d107bf4b,União Cruz Alta,🟣,0,0,0,0,0,0,0,50,2026-04-30 23:00:05.793946+00,1000000,t,58,Brasil
fe278b66-b80d-4e3a-a56f-cc4c803b4000,169e0d34-6672-4067-8ec7-7fbff4c476b3,044beeeb-b8a9-4b8e-ab82-3e5621f848ff,Real Santo Amaro,🟠,0,0,0,0,0,0,0,50,2026-04-30 23:00:05.793946+00,1000000,t,46,Brasil
27de583f-7b41-484a-99df-6e88e94f857d,169e0d34-6672-4067-8ec7-7fbff4c476b3,ba7e7d71-a765-4bbf-9af0-14956727e2ea,Inter Jardim,⚽,0,0,0,0,0,0,0,50,2026-04-30 23:00:05.793946+00,1000000,t,53,Brasil
ea0910ea-6168-48bd-a199-69008400e512,169e0d34-6672-4067-8ec7-7fbff4c476b3,64d0161b-024b-485e-9694-e7c7bcebdddc,Nacional São Miguel,🏟️,0,0,0,0,0,0,0,50,2026-04-30 23:00:05.793946+00,1000000,t,51,Brasil
3fe728b0-be26-4993-834e-2077a19f1838,169e0d34-6672-4067-8ec7-7fbff4c476b3,83689a9e-99e8-40f1-b05e-183bde364e17,Sporting Boa Vista,🦅,0,0,0,0,0,0,0,50,2026-04-30 23:00:05.793946+00,1000000,t,48,Brasil
bc59e8dc-f39f-4eb9-8a21-005685c54782,0452611e-dfde-4fb8-81f2-4896dac43222,5fda7dee-a655-4789-bb73-d7248a82e2a6,FC Nova Esperança,⚽,0,0,0,0,0,0,0,50,2026-04-28 23:00:20.137735+00,1000000,t,74,Brasil
4d3661e8-7792-4ed3-94fb-f4e50925e450,0452611e-dfde-4fb8-81f2-4896dac43222,52c86fad-4c61-423c-9854-f2ae94c69936,Inter Porto Alegre,⚫,0,0,0,0,0,0,0,50,2026-04-28 23:00:20.384291+00,1000000,t,62,Brasil
e327cd67-8ec5-4051-a5b8-db618b08e697,0b7ae0a4-28d1-421a-931a-49672c3ca84b,4e20f5e8-f160-48d7-a317-601050889f85,União Pedra Branca,🟢,0,0,0,0,0,0,0,50,2026-04-28 23:00:21.006287+00,1000000,t,77,Brasil
8ae2b9fa-7931-4801-91f2-c8d4e9587300,0b7ae0a4-28d1-421a-931a-49672c3ca84b,d3fe80f3-5367-469c-9729-fcfee886cf77,AC Morro Alto,🦁,0,0,0,0,0,0,0,50,2026-04-28 23:00:21.261626+00,1000000,t,79,Brasil
98279efb-9e23-40de-8030-4507b0c924f1,c8dcfaa6-a9cc-4a64-b344-5f36383c9132,7678a8bf-fec5-4bec-83b6-641a8af2b342,Esporte Serra Alta,🔴,0,0,0,0,0,0,0,50,2026-04-28 23:00:21.537613+00,1000000,t,74,Brasil
c2703867-8081-4bd1-a394-9c5018bb49a5,c8dcfaa6-a9cc-4a64-b344-5f36383c9132,f05a44e8-a780-4930-9d16-85aa4dc43926,FC Boa Vista,🦅,0,0,0,0,0,0,0,50,2026-04-28 23:00:21.778794+00,1000000,t,67,Brasil
a8b03374-4224-4037-a567-bf4fc7c7d2e8,6af99593-633c-49a2-926e-7f3957a296cb,2dbbec09-3874-42c4-a4bb-457e9d3e897c,Clube Rio Claro,🦁,0,0,0,0,0,0,0,50,2026-04-28 23:00:22.021039+00,1000000,t,66,Brasil
00d5c0ba-1c62-493f-8f1b-6e932941f557,6af99593-633c-49a2-926e-7f3957a296cb,1d169697-6983-4d5a-94ad-3e8b0e49cbdf,Olimpia Jardim,⚽,0,0,0,0,0,0,0,50,2026-04-28 23:00:22.255358+00,1000000,t,64,Brasil
f11bcdef-2c20-4a04-837e-814d756d133f,9fadf224-b30a-4261-979f-719fb86056dd,f0b0f952-eb88-44e4-9020-2e43610220fb,AC Vila Rica,🦅,0,0,0,0,0,0,0,50,2026-04-28 23:00:22.493144+00,1000000,t,61,Brasil
72c5acb7-c5ee-4bff-96ec-db026e0b5464,9fadf224-b30a-4261-979f-719fb86056dd,f50e6314-5237-4df2-bdc0-ef04297d957f,Sporting Cruz Alta,🟣,0,0,0,0,0,0,0,50,2026-04-28 23:00:22.754795+00,1000000,t,79,Brasil
e812243c-9718-4f4e-a414-b7d8c212ad0b,975d28df-6a5b-44f6-8f17-47bc7d68b525,8d30df70-f66e-486a-9710-213475ae0c0d,FC Nova Esperança,⚽,0,0,0,0,0,0,0,50,2026-04-28 23:00:23.01805+00,1000000,t,69,Brasil
a731d74d-56eb-49cd-bd80-3cb39abdfb3a,975d28df-6a5b-44f6-8f17-47bc7d68b525,ac48ba99-7857-46db-a0e1-4339a17cab82,Inter Porto Alegre,⚫,0,0,0,0,0,0,0,50,2026-04-28 23:00:23.289182+00,1000000,t,64,Brasil
9609f580-f5c0-4312-ad6b-f8795a13b2d4,67a912a6-a397-441f-80d8-70999f6354d5,ce0ee73e-9b68-4832-8e25-4f4beddabbba,União Pedra Branca,🟢,0,0,0,0,0,0,0,50,2026-04-28 23:00:23.835069+00,1000000,t,64,Brasil
7069b5f5-f4c6-42fd-8b5f-8fc7d2acc9cd,67a912a6-a397-441f-80d8-70999f6354d5,19ff6f7d-c156-4972-be91-3a2e40d4fd2f,AC Morro Alto,🦁,0,0,0,0,0,0,0,50,2026-04-28 23:00:24.09054+00,1000000,t,67,Brasil
2399b25a-9d18-4fa2-a272-9b91fbe4044e,77fc79cf-d87d-4675-8080-6f08b784e059,35d62c75-7266-431e-9bb3-c74712c92ced,Esporte Serra Alta,🔴,0,0,0,0,0,0,0,50,2026-04-28 23:00:24.338577+00,1000000,t,79,Brasil
cde7c76a-3af3-48a9-908e-6d6958282d1d,77fc79cf-d87d-4675-8080-6f08b784e059,620c5bab-9240-4ad0-af4e-3ca7dddec381,FC Boa Vista,🦅,0,0,0,0,0,0,0,50,2026-04-28 23:00:24.592959+00,1000000,t,66,Brasil
f9693706-baf6-45f6-951a-ba3b7082275d,058e6ae2-3160-44d9-a544-86d32b1c3867,439d9bc6-5d27-4248-ac15-0aedd68079a3,Clube Rio Claro,🦁,0,0,0,0,0,0,0,50,2026-04-28 23:00:24.860041+00,1000000,t,60,Brasil
a81ecbad-5835-4422-8841-f4f90128b1ca,058e6ae2-3160-44d9-a544-86d32b1c3867,d8a3098b-bf15-4b45-a170-375c603b2b86,Olimpia Jardim,⚽,0,0,0,0,0,0,0,50,2026-04-28 23:00:25.108553+00,1000000,t,72,Brasil
dcaa1505-22a9-4b87-a9be-241cc1781f8d,1200a446-4c3a-4c61-9c09-71a0ff7e4f26,6703d1cb-3a1b-43c4-952d-74877cb2c8e2,AC Vila Rica,🦅,0,0,0,0,0,0,0,50,2026-04-28 23:00:25.352522+00,1000000,t,73,Brasil
d3385e87-2a53-45f6-9696-4ad5644991bf,1200a446-4c3a-4c61-9c09-71a0ff7e4f26,949b1056-0626-424b-85c9-c91b7711d380,Sporting Cruz Alta,🟣,0,0,0,0,0,0,0,50,2026-04-28 23:00:25.606118+00,1000000,t,68,Brasil
0b157869-ee3e-4aec-82ab-589394ffa5bc,a29e6633-2342-4b1f-a078-2807a6cff552,8d645589-ee3e-4d4f-bac5-0ded89ff337f,FC Nova Esperança,⚽,0,0,0,0,0,0,0,50,2026-04-28 23:00:25.872697+00,1000000,t,77,Brasil
e653b53b-9473-4cbb-9aa1-ca5bcd89bedc,a29e6633-2342-4b1f-a078-2807a6cff552,52764f3d-c83a-4ea0-8ef6-09e2b4d143c2,Inter Porto Alegre,⚫,0,0,0,0,0,0,0,50,2026-04-28 23:00:26.140517+00,1000000,t,70,Brasil
e87dc365-52af-48ca-abfb-b088cf05cdda,2e9f0354-3670-4094-a9b8-3b8e396b7e56,bd31300d-1c8f-4adc-9688-e67f9f182756,União Pedra Branca,🟢,0,0,0,0,0,0,0,50,2026-04-28 23:00:26.65199+00,1000000,t,75,Brasil
fc32c185-8f7b-486a-969b-9619aef24a0b,2e9f0354-3670-4094-a9b8-3b8e396b7e56,5b6263d0-f9bb-4bb8-b57e-0620024265b3,AC Morro Alto,🦁,0,0,0,0,0,0,0,50,2026-04-28 23:00:26.912845+00,1000000,t,75,Brasil
ca9f24ed-a391-48dd-b707-dc64db886426,61f5f772-90d8-46dd-9739-635dc3db5890,f6ac82e9-eb94-4987-85b7-c218b1cf4eaf,EC Bela Vista,⚪,0,0,0,0,0,0,0,50,2026-04-30 23:00:05.7217+00,1000000,t,69,Brasil
103d1cc9-c557-41e4-9419-f69e2c2cd623,61f5f772-90d8-46dd-9739-635dc3db5890,36f6c1b9-f717-4ab1-bbb9-a3ed003d218d,Clube Cruz Alta,🟣,0,0,0,0,0,0,0,50,2026-04-30 23:00:05.7217+00,1000000,t,58,Brasil
6f3cad2e-5115-4127-91e8-4f452bdd519c,61f5f772-90d8-46dd-9739-635dc3db5890,9c30e74a-7001-4978-9fc4-1c4807c9b08c,Atlético Santo Amaro,🟠,0,0,0,0,0,0,0,50,2026-04-30 23:00:05.7217+00,1000000,t,66,Brasil
5bba8feb-e805-40b8-9956-bfd22d6fac07,61f5f772-90d8-46dd-9739-635dc3db5890,f354799e-ce8b-4979-b1d0-278931991064,Esporte Jardim,⚽,0,0,0,0,0,0,0,50,2026-04-30 23:00:05.7217+00,1000000,t,63,Brasil
bde1d8cd-4b80-49f2-acaa-daf755565d24,61f5f772-90d8-46dd-9739-635dc3db5890,9136c6ca-f08e-4432-b082-c681aa15899c,Sport São Miguel,🏟️,0,0,0,0,0,0,0,50,2026-04-30 23:00:05.7217+00,1000000,t,60,Brasil
ffdc219f-386a-494c-b445-2a5cfca4cada,61f5f772-90d8-46dd-9739-635dc3db5890,4a387828-1c05-4d65-accf-2a512adead3b,União Boa Vista,🦅,0,0,0,0,0,0,0,50,2026-04-30 23:00:05.7217+00,1000000,t,56,Brasil
ae548cc9-2f66-4a5c-978c-e8d820031358,61f5f772-90d8-46dd-9739-635dc3db5890,a7c11da5-e92c-4ebf-8865-fb419a7feefd,Real Alto da Serra,🐺,0,0,0,0,0,0,0,50,2026-04-30 23:00:05.7217+00,1000000,t,61,Brasil
141d504b-0e12-4d4b-ab1c-770010761aaa,61f5f772-90d8-46dd-9739-635dc3db5890,c9fbcb05-a841-43e9-ab8d-483bf4d26a56,Inter Morro Alto,🦁,0,0,0,0,0,0,0,50,2026-04-30 23:00:05.7217+00,1000000,t,64,Brasil
0642c853-9221-40b6-a876-fb71833550bc,61f5f772-90d8-46dd-9739-635dc3db5890,407aca44-3baf-41b5-86ba-d9bdeef5526a,Nacional Ponta Grossa,🐂,0,0,0,0,0,0,0,50,2026-04-30 23:00:05.7217+00,1000000,t,60,Brasil
ddce98b2-fc97-44e3-9713-1ebcf492388b,f2f67cc3-9c88-4e3f-b84d-2bcfd89fb25d,6e3d31c8-964a-43a7-947d-904922e18616,Sporting Nova Esperança,⚽,0,0,0,0,0,0,0,50,2026-04-30 23:00:06.308309+00,1000000,t,50,Brasil
0fd6e70d-454b-4329-9a24-69afa0124596,f2f67cc3-9c88-4e3f-b84d-2bcfd89fb25d,24776068-fb95-45ea-a8b7-d855638aa796,Racing Sol Nascente,🏟️,0,0,0,0,0,0,0,50,2026-04-30 23:00:06.308309+00,1000000,t,55,Brasil
bce981bf-5cec-4abe-8756-8187f687494f,f2f67cc3-9c88-4e3f-b84d-2bcfd89fb25d,bc0f4de9-72ed-43ce-aa72-fc0e6fac39ee,Olimpia Vila Rica,🦅,0,0,0,0,0,0,0,50,2026-04-30 23:00:06.308309+00,1000000,t,55,Brasil
79a974be-3c84-4349-90bc-d9b7d6741005,f2f67cc3-9c88-4e3f-b84d-2bcfd89fb25d,68a4a71f-ce97-4c2e-89d8-77740f2861e7,Estrela Monte Azul,🐺,0,0,0,0,0,0,0,50,2026-04-30 23:00:06.308309+00,1000000,t,57,Brasil
779c5f55-391d-4f9b-a164-26b5f2f9181e,f2f67cc3-9c88-4e3f-b84d-2bcfd89fb25d,03c659b1-82ac-4d0a-9abe-033ddc5d5d83,FC Rio Claro,🦁,0,0,0,0,0,0,0,50,2026-04-30 23:00:06.308309+00,1000000,t,57,Brasil
4e2c7b31-8224-4060-b53c-31364abc4e1e,f2f67cc3-9c88-4e3f-b84d-2bcfd89fb25d,e065dff2-a440-4efa-9dff-93d8109b9b12,SC Campo Grande,🐂,0,0,0,0,0,0,0,50,2026-04-30 23:00:06.308309+00,1000000,t,52,Brasil
ded03cc4-2e1a-4131-9c63-5df117545249,f2f67cc3-9c88-4e3f-b84d-2bcfd89fb25d,f5500551-ada6-4a3d-a7a5-efd424eff102,AC Serra Alta,🔴,0,0,0,0,0,0,0,50,2026-04-30 23:00:06.308309+00,1000000,t,49,Brasil
b133a759-4668-4567-9ed8-40f1d444b93f,f2f67cc3-9c88-4e3f-b84d-2bcfd89fb25d,27460c81-07a4-4d2b-b517-07e4f06ac28e,EC Vale Verde,🔵,0,0,0,0,0,0,0,50,2026-04-30 23:00:06.308309+00,1000000,t,48,Brasil
9c0e8f80-3e27-47f1-a6c5-44fcf4ad481b,f2f67cc3-9c88-4e3f-b84d-2bcfd89fb25d,cc963202-ea86-48a8-94dc-f055856b71dc,Clube Pedra Branca,🟢,0,0,0,0,0,0,0,50,2026-04-30 23:00:06.308309+00,1000000,t,46,Brasil
c3e60231-56aa-4954-b514-308537ceb90d,f2f67cc3-9c88-4e3f-b84d-2bcfd89fb25d,aaf12b24-2330-4069-b670-9f88c4ad601a,Atlético Lagoa Santa,🟡,0,0,0,0,0,0,0,50,2026-04-30 23:00:06.308309+00,1000000,t,55,Brasil
86f04cb7-9e29-4bb1-a6ca-ecb0d0d89edf,f2f67cc3-9c88-4e3f-b84d-2bcfd89fb25d,facad5f6-3df3-461c-82d5-53c8ec1e00a9,Esporte Porto Alegre,⚫,0,0,0,0,0,0,0,50,2026-04-30 23:00:06.308309+00,1000000,t,53,Brasil
abc80fdb-acf2-4d50-a4c0-63167cfc4f7b,f2f67cc3-9c88-4e3f-b84d-2bcfd89fb25d,029f0374-47c4-4613-85d2-538174aad29f,Sport Bela Vista,⚪,0,0,0,0,0,0,0,50,2026-04-30 23:00:06.308309+00,1000000,t,48,Brasil
47d14d39-381a-46c8-8c6f-62739a54d0b7,f2f67cc3-9c88-4e3f-b84d-2bcfd89fb25d,2e168cb4-df21-43cd-8d5b-b3223055360b,União Cruz Alta,🟣,0,0,0,0,0,0,0,50,2026-04-30 23:00:06.308309+00,1000000,t,58,Brasil
7088318b-40ed-40b3-8593-9e86e28e5734,f2f67cc3-9c88-4e3f-b84d-2bcfd89fb25d,c77435f6-55ff-4619-8b90-aec958e0c0b2,Real Santo Amaro,🟠,0,0,0,0,0,0,0,50,2026-04-30 23:00:06.308309+00,1000000,t,49,Brasil
e1cb21ba-1850-4dd8-8f16-6fb5e91de965,f2f67cc3-9c88-4e3f-b84d-2bcfd89fb25d,15ce231e-d283-46ea-b291-67753a6a3e3e,Inter Jardim,⚽,0,0,0,0,0,0,0,50,2026-04-30 23:00:06.308309+00,1000000,t,52,Brasil
34233d21-b71c-41f7-ad9b-45d2acd2ea27,f2f67cc3-9c88-4e3f-b84d-2bcfd89fb25d,00a5a1f3-0686-4335-af4d-ceab4a41f9cc,Nacional São Miguel,🏟️,0,0,0,0,0,0,0,50,2026-04-30 23:00:06.308309+00,1000000,t,52,Brasil
69621b1c-7fde-484d-846e-f586e24fe9aa,f2f67cc3-9c88-4e3f-b84d-2bcfd89fb25d,4d29890f-269c-40cf-bffd-a3c6c05575b9,Sporting Boa Vista,🦅,0,0,0,0,0,0,0,50,2026-04-30 23:00:06.308309+00,1000000,t,48,Brasil
2d48f81b-5631-4243-8757-f3d21d8e9c23,f2f67cc3-9c88-4e3f-b84d-2bcfd89fb25d,d811aeda-701f-4503-b65f-38e20b63947b,Racing Alto da Serra,🐺,0,0,0,0,0,0,0,50,2026-04-30 23:00:06.308309+00,1000000,t,59,Brasil
0572dc78-0b26-4e41-be3e-277a63ff0bb4,0452611e-dfde-4fb8-81f2-4896dac43222,fa12ed7f-8b79-4a52-a8ca-6e4864105782,Esporte Serra Alta,🔴,0,0,0,0,0,0,0,50,2026-04-28 23:00:20.287789+00,1000000,t,61,Brasil
29791d58-4253-4406-9ecf-2f61cb237c12,0452611e-dfde-4fb8-81f2-4896dac43222,45478ba2-6086-41ee-a879-b336694b4050,FC Boa Vista,🦅,0,0,0,0,0,0,0,50,2026-04-28 23:00:20.534641+00,1000000,t,64,Brasil
fddecc4b-5611-4e5a-aa74-9569d548398f,0b7ae0a4-28d1-421a-931a-49672c3ca84b,805fb5c2-0f21-4992-952e-3cce27bb48b2,Clube Rio Claro,🦁,0,0,0,0,0,0,0,50,2026-04-28 23:00:20.911339+00,1000000,t,71,Brasil
dcf7bd83-301b-4119-9768-506518d29169,0b7ae0a4-28d1-421a-931a-49672c3ca84b,8452ec79-ed6e-4e67-9cd2-ce9ec9d86679,Olimpia Jardim,⚽,0,0,0,0,0,0,0,50,2026-04-28 23:00:21.156134+00,1000000,t,67,Brasil
70ca5d0c-1b3d-482e-bdf6-ba93f2d9ba9f,c8dcfaa6-a9cc-4a64-b344-5f36383c9132,2c92b0a9-2b72-43c5-b3e5-4a918134a9a1,AC Vila Rica,🦅,0,0,0,0,0,0,0,50,2026-04-28 23:00:21.434288+00,1000000,t,66,Brasil
8ff547a8-9bba-4bd1-8486-c2b4cfba267a,c8dcfaa6-a9cc-4a64-b344-5f36383c9132,269f1383-abf7-4009-b440-2c3b96caed5d,Sporting Cruz Alta,🟣,0,0,0,0,0,0,0,50,2026-04-28 23:00:21.683566+00,1000000,t,77,Brasil
3b609750-3105-4500-a2b8-9d9f1f92b8e7,6af99593-633c-49a2-926e-7f3957a296cb,02000318-6eac-496e-bc7e-577f89c623b5,FC Nova Esperança,⚽,0,0,0,0,0,0,0,50,2026-04-28 23:00:21.927271+00,1000000,t,66,Brasil
64213656-be5b-471b-8630-49f25f03875d,6af99593-633c-49a2-926e-7f3957a296cb,36680bcb-cf9b-4dcc-9828-3f40d6461f2f,Inter Porto Alegre,⚫,0,0,0,0,0,0,0,50,2026-04-28 23:00:22.164288+00,1000000,t,66,Brasil
23db959a-a36f-414b-b84e-b8807f798e56,9fadf224-b30a-4261-979f-719fb86056dd,a18a9bc5-5354-4a77-b058-f80bd7334c80,União Pedra Branca,🟢,0,0,0,0,0,0,0,50,2026-04-28 23:00:22.647691+00,1000000,t,60,Brasil
cfb81d8b-83e2-4092-8f9c-1c79ae10ed96,9fadf224-b30a-4261-979f-719fb86056dd,21e00a44-3eeb-4630-b427-6f2bfccc840e,AC Morro Alto,🦁,0,0,0,0,0,0,0,50,2026-04-28 23:00:22.915182+00,1000000,t,80,Brasil
3c0c35c5-4f48-4fc4-a73a-0a765521c353,975d28df-6a5b-44f6-8f17-47bc7d68b525,cdbd9504-d4d6-4161-afb8-2b1e40a1dd69,Esporte Serra Alta,🔴,0,0,0,0,0,0,0,50,2026-04-28 23:00:23.192746+00,1000000,t,77,Brasil
521bb951-fc82-4f25-a86a-0701eac3ee96,975d28df-6a5b-44f6-8f17-47bc7d68b525,3e6f9032-f59e-4a83-90f7-e483dd28fe7d,FC Boa Vista,🦅,0,0,0,0,0,0,0,50,2026-04-28 23:00:23.446141+00,1000000,t,79,Brasil
8f734447-116e-4c22-9f5e-7b7d54eac74c,67a912a6-a397-441f-80d8-70999f6354d5,38be64c9-e1ae-4338-881e-cbd0df1f6cd7,Clube Rio Claro,🦁,0,0,0,0,0,0,0,50,2026-04-28 23:00:23.727883+00,1000000,t,64,Brasil
ee77560a-92c9-410a-837e-3b68fce9c169,67a912a6-a397-441f-80d8-70999f6354d5,5f35a749-cc7e-4c41-b4da-177763390614,Olimpia Jardim,⚽,0,0,0,0,0,0,0,50,2026-04-28 23:00:23.981958+00,1000000,t,74,Brasil
83433f47-9851-4ee0-80c2-2da0770949c9,77fc79cf-d87d-4675-8080-6f08b784e059,f79c9ddd-83b1-4aa2-93f8-6d5693069faa,AC Vila Rica,🦅,0,0,0,0,0,0,0,50,2026-04-28 23:00:24.24011+00,1000000,t,64,Brasil
6a760061-f554-4d4e-b204-6d165addd3dd,77fc79cf-d87d-4675-8080-6f08b784e059,d6e3bd8f-47a4-4581-9807-1e8438edb2d4,Sporting Cruz Alta,🟣,0,0,0,0,0,0,0,50,2026-04-28 23:00:24.490527+00,1000000,t,69,Brasil
aea055cf-3bd6-454b-9d36-51a01e8de3a3,058e6ae2-3160-44d9-a544-86d32b1c3867,a2b42acb-3b38-4f78-bfb8-96f6397f37a7,FC Nova Esperança,⚽,0,0,0,0,0,0,0,50,2026-04-28 23:00:24.758263+00,1000000,t,72,Brasil
d34e5459-458e-47ca-8ca3-97277c72bbc8,058e6ae2-3160-44d9-a544-86d32b1c3867,5acde161-8050-4674-9b1f-b066a6b1872f,Inter Porto Alegre,⚫,0,0,0,0,0,0,0,50,2026-04-28 23:00:25.010001+00,1000000,t,80,Brasil
7298b498-9051-49a6-bbed-d8e768f23f6a,1200a446-4c3a-4c61-9c09-71a0ff7e4f26,e3d82722-9434-442c-b2b4-545a53dfc480,União Pedra Branca,🟢,0,0,0,0,0,0,0,50,2026-04-28 23:00:25.512349+00,1000000,t,63,Brasil
d9fb0d7c-a372-497e-8e21-f057137988ee,1200a446-4c3a-4c61-9c09-71a0ff7e4f26,d9bdcb39-67fc-4835-bf9e-7e6ac700b870,AC Morro Alto,🦁,0,0,0,0,0,0,0,50,2026-04-28 23:00:25.773526+00,1000000,t,78,Brasil
aa4d0183-1b3b-42f4-a354-bca0242b7629,a29e6633-2342-4b1f-a078-2807a6cff552,013a7e1b-8e34-4930-8bd5-c834f610fe55,Esporte Serra Alta,🔴,0,0,0,0,0,0,0,50,2026-04-28 23:00:26.01663+00,1000000,t,78,Brasil
bc8c8cda-fcae-40a4-bc62-38ba42bd42ba,a29e6633-2342-4b1f-a078-2807a6cff552,3b125d60-ff06-4933-a207-40296de928ec,FC Boa Vista,🦅,0,0,0,0,0,0,0,50,2026-04-28 23:00:26.294657+00,1000000,t,75,Brasil
33a26cf6-67eb-410d-b67e-01eae64efeec,2e9f0354-3670-4094-a9b8-3b8e396b7e56,0f4b3917-cf82-44e5-bf8c-2d263537ab25,Clube Rio Claro,🦁,0,0,0,0,0,0,0,50,2026-04-28 23:00:26.547374+00,1000000,t,64,Brasil
f8d3359d-e8a3-4068-8063-544292af1f21,2e9f0354-3670-4094-a9b8-3b8e396b7e56,f362b609-25f0-45b7-ba80-7b39cc74851b,Olimpia Jardim,⚽,0,0,0,0,0,0,0,50,2026-04-28 23:00:26.816431+00,1000000,t,79,Brasil
2e8ce709-c5cd-475e-b947-9ecd282243f4,169e0d34-6672-4067-8ec7-7fbff4c476b3,c1a96438-329f-400d-889a-8f2cc410987e,Racing Alto da Serra,🐺,0,0,0,0,0,0,0,50,2026-04-30 23:00:05.793946+00,1000000,t,57,Brasil
4350e01e-356d-4e56-adac-4ce0f56fd5f0,169e0d34-6672-4067-8ec7-7fbff4c476b3,7378c1a4-96cb-4264-b400-e42d95d78374,Olimpia Morro Alto,🦁,0,0,0,0,0,0,0,50,2026-04-30 23:00:05.793946+00,1000000,t,48,Brasil
d0ca599d-e6c9-4fc6-a1b3-61bd59e196fb,169e0d34-6672-4067-8ec7-7fbff4c476b3,c631dd1d-0fb2-4f7c-ab13-2d06739f21a3,Estrela Ponta Grossa,🐂,0,0,0,0,0,0,0,50,2026-04-30 23:00:05.793946+00,1000000,t,56,Brasil
d95297a5-93ab-4edf-b57b-b13806998c6b,aede48f3-f4e5-4b3a-a002-a3b9bf0d4438,252d9822-1c41-4769-aeb1-23c9fe322f47,Clube Nova Esperança,⚽,0,0,0,0,0,0,0,50,2026-04-30 23:00:06.096116+00,1000000,t,76,Brasil
a24e1eae-b390-43cb-9b28-a14f3ecc7043,aede48f3-f4e5-4b3a-a002-a3b9bf0d4438,0559b154-0033-4880-8fa6-7a3ced3ed1ba,Atlético Sol Nascente,🏟️,0,0,0,0,0,0,0,50,2026-04-30 23:00:06.096116+00,1000000,t,80,Brasil
a96f39d0-f8fa-49b9-9d8a-e7095d1e8a04,aede48f3-f4e5-4b3a-a002-a3b9bf0d4438,b433a275-7d99-4213-a97b-735be7407f75,Esporte Vila Rica,🦅,0,0,0,0,0,0,0,50,2026-04-30 23:00:06.096116+00,1000000,t,70,Brasil
4a7cb4a7-47fb-4bc9-a9a7-03990c0063c2,aede48f3-f4e5-4b3a-a002-a3b9bf0d4438,66856bb8-18c3-4326-90b3-4582b78f48e6,Sport Monte Azul,🐺,0,0,0,0,0,0,0,50,2026-04-30 23:00:06.096116+00,1000000,t,68,Brasil
700167f0-71e9-4384-8156-57c266003cd5,aede48f3-f4e5-4b3a-a002-a3b9bf0d4438,dd4bfc91-b8fc-46ca-886f-cdcfe14b41c5,União Rio Claro,🦁,0,0,0,0,0,0,0,50,2026-04-30 23:00:06.096116+00,1000000,t,71,Brasil
d43799d6-01bb-4d23-b516-b115204b8d7b,aede48f3-f4e5-4b3a-a002-a3b9bf0d4438,2d5ef26c-6180-41c4-88fd-148cfac4dc2e,Real Campo Grande,🐂,0,0,0,0,0,0,0,50,2026-04-30 23:00:06.096116+00,1000000,t,68,Brasil
d1c8edcc-6316-423f-908f-87b98f7e419e,aede48f3-f4e5-4b3a-a002-a3b9bf0d4438,e9ef805e-b041-48c8-801a-12ff8cad41b1,Inter Serra Alta,🔴,0,0,0,0,0,0,0,50,2026-04-30 23:00:06.096116+00,1000000,t,71,Brasil
fb639410-f015-4399-8933-4b48815ee62c,aede48f3-f4e5-4b3a-a002-a3b9bf0d4438,b14c1a57-20f8-4b70-8016-c3a356610a4a,Nacional Vale Verde,🔵,0,0,0,0,0,0,0,50,2026-04-30 23:00:06.096116+00,1000000,t,68,Brasil
bf912038-2e2c-4509-98c4-ed284c0c96cf,aede48f3-f4e5-4b3a-a002-a3b9bf0d4438,6e6fe752-a09a-4cbf-bd2a-321208a5e549,Sporting Pedra Branca,🟢,0,0,0,0,0,0,0,50,2026-04-30 23:00:06.096116+00,1000000,t,79,Brasil
3628c0ac-9caa-46e4-bd7f-56fdde9d32b8,aede48f3-f4e5-4b3a-a002-a3b9bf0d4438,776873a8-3c7d-478a-8221-5ddab20b8cb1,Racing Lagoa Santa,🟡,0,0,0,0,0,0,0,50,2026-04-30 23:00:06.096116+00,1000000,t,73,Brasil
43dce314-9418-44ea-b9ec-fb77b4cb23e4,aede48f3-f4e5-4b3a-a002-a3b9bf0d4438,4b515a3c-5ede-473a-aae9-542b03c81ac2,Olimpia Porto Alegre,⚫,0,0,0,0,0,0,0,50,2026-04-30 23:00:06.096116+00,1000000,t,71,Brasil
21bf2392-e0db-4c3f-9f75-3b9932a96ee9,aede48f3-f4e5-4b3a-a002-a3b9bf0d4438,b4c0ea2d-f036-499f-be7c-2049a665c0d1,Estrela Bela Vista,⚪,0,0,0,0,0,0,0,50,2026-04-30 23:00:06.096116+00,1000000,t,75,Brasil
5310d42b-6173-4381-b9a6-3ed1085c90aa,aede48f3-f4e5-4b3a-a002-a3b9bf0d4438,94a35c5f-e386-4563-b784-606f12ea2dc2,FC Cruz Alta,🟣,0,0,0,0,0,0,0,50,2026-04-30 23:00:06.096116+00,1000000,t,80,Brasil
6de817a2-76cf-45a7-b3eb-ab3d7c0af0a2,aede48f3-f4e5-4b3a-a002-a3b9bf0d4438,6fa7a251-c41a-4382-a3a7-39655a8d39f9,SC Santo Amaro,🟠,0,0,0,0,0,0,0,50,2026-04-30 23:00:06.096116+00,1000000,t,72,Brasil
91204802-bc5e-4871-a025-cf5ced12c2f7,aede48f3-f4e5-4b3a-a002-a3b9bf0d4438,cbf31294-1502-4f0c-a421-c97c2df242bd,AC Jardim,⚽,0,0,0,0,0,0,0,50,2026-04-30 23:00:06.096116+00,1000000,t,67,Brasil
1845e1e6-061f-4f91-9206-537aa35b21dd,aede48f3-f4e5-4b3a-a002-a3b9bf0d4438,67bf12c2-478a-476d-9446-c61893ce0dd3,EC São Miguel,🏟️,0,0,0,0,0,0,0,50,2026-04-30 23:00:06.096116+00,1000000,t,68,Brasil
4c3c5726-4425-4cb5-b8ba-bca7444c2e48,aede48f3-f4e5-4b3a-a002-a3b9bf0d4438,d94b23c0-3ad1-4d00-8a1e-7573f0755e5f,Clube Boa Vista,🦅,0,0,0,0,0,0,0,50,2026-04-30 23:00:06.096116+00,1000000,t,70,Brasil
c3f70ea3-f26b-4c93-9d26-2770858b0098,aede48f3-f4e5-4b3a-a002-a3b9bf0d4438,af213bc7-ff07-4af1-b64f-cd2d09fad41e,Atlético Alto da Serra,🐺,0,0,0,0,0,0,0,50,2026-04-30 23:00:06.096116+00,1000000,t,79,Brasil
cbfd419a-62df-4d63-bdaf-87f894e14623,aede48f3-f4e5-4b3a-a002-a3b9bf0d4438,7f61b43c-89ce-44a5-ba47-d8f9a69c50be,Esporte Morro Alto,🦁,0,0,0,0,0,0,0,50,2026-04-30 23:00:06.096116+00,1000000,t,70,Brasil
10eee1b3-d339-4713-9500-e85f7d075349,aede48f3-f4e5-4b3a-a002-a3b9bf0d4438,8d8ae110-97e3-471a-848b-0a1dd90e5cb2,Sport Ponta Grossa,🐂,0,0,0,0,0,0,0,50,2026-04-30 23:00:06.096116+00,1000000,t,76,Brasil
33f982d7-268f-4d0b-a631-67eb34297099,67519bed-51a0-43ff-8bcb-8322de53df1f,f73ffb90-1381-4965-a6e2-a6e36056d849,Clube Nova Esperança,⚽,0,0,0,0,0,0,0,50,2026-04-30 23:00:06.580867+00,1000000,t,70,Brasil
77b21a93-c963-45ab-8082-96ab95cbccf2,67519bed-51a0-43ff-8bcb-8322de53df1f,df5c6893-1959-425a-820c-27cb247af0b5,Atlético Sol Nascente,🏟️,0,0,0,0,0,0,0,50,2026-04-30 23:00:06.580867+00,1000000,t,68,Brasil
548540d9-e0ab-4c44-b311-f02a8f3d9963,67519bed-51a0-43ff-8bcb-8322de53df1f,615d8819-6666-4eca-b7f5-2b79602726e1,Esporte Vila Rica,🦅,0,0,0,0,0,0,0,50,2026-04-30 23:00:06.580867+00,1000000,t,77,Brasil
420c1958-2e1b-4485-b7d0-aa7f438cb643,67519bed-51a0-43ff-8bcb-8322de53df1f,78a97cad-af83-4d05-b587-298484411802,Sport Monte Azul,🐺,0,0,0,0,0,0,0,50,2026-04-30 23:00:06.580867+00,1000000,t,78,Brasil
4e4df883-f5f2-4ba7-88b7-6321d3c09da3,0452611e-dfde-4fb8-81f2-4896dac43222,e80519d8-23dd-430c-97e3-8a5e50ec26c9,Olimpia Jardim,⚽,0,0,0,0,0,0,0,50,2026-04-28 23:00:20.489277+00,1000000,t,63,Brasil
d71c95e9-3beb-4012-8156-60f3a62738d9,0b7ae0a4-28d1-421a-931a-49672c3ca84b,fea75c7f-a798-448d-8aa6-1139cfa717e9,AC Vila Rica,🦅,0,0,0,0,0,0,0,50,2026-04-28 23:00:20.862063+00,1000000,t,61,Brasil
fe8fe646-e9eb-4ccc-b700-c85908bfd4f4,0b7ae0a4-28d1-421a-931a-49672c3ca84b,28e3b9fb-9238-459a-b886-101d0c30c77d,Sporting Cruz Alta,🟣,0,0,0,0,0,0,0,50,2026-04-28 23:00:21.102172+00,1000000,t,78,Brasil
65d32f43-531d-4aeb-9d8b-315a50d7814d,c8dcfaa6-a9cc-4a64-b344-5f36383c9132,2cc7598a-ea1c-4c79-883a-669c86303cb9,FC Nova Esperança,⚽,0,0,0,0,0,0,0,50,2026-04-28 23:00:21.36225+00,1000000,t,76,Brasil
0167db4c-c4dd-47c8-a536-b1ad1efce364,c8dcfaa6-a9cc-4a64-b344-5f36383c9132,968910e5-6de1-4da1-af05-9bb0f299cbbb,Inter Porto Alegre,⚫,0,0,0,0,0,0,0,50,2026-04-28 23:00:21.634989+00,1000000,t,70,Brasil
7cdff3f6-6012-4b25-96e8-0deb41436ba0,6af99593-633c-49a2-926e-7f3957a296cb,1e3c2124-9a77-4b78-9f59-ea46a505f79e,União Pedra Branca,🟢,0,0,0,0,0,0,0,50,2026-04-28 23:00:22.118294+00,1000000,t,71,Brasil
9d1a1e90-e0e0-48b3-ac47-007ed02f1afb,6af99593-633c-49a2-926e-7f3957a296cb,c8f70a4d-0bc2-47ac-ba58-71ccbd7b05e8,AC Morro Alto,🦁,0,0,0,0,0,0,0,50,2026-04-28 23:00:22.354155+00,1000000,t,80,Brasil
f70962a8-4a64-44ed-9931-5ca8d5468008,9fadf224-b30a-4261-979f-719fb86056dd,8de1a4ec-ebb7-4e43-bd9f-4c1a8777ab29,Esporte Serra Alta,🔴,0,0,0,0,0,0,0,50,2026-04-28 23:00:22.596065+00,1000000,t,65,Brasil
cbdf4f94-b39f-4156-b9b8-e8877f45f995,9fadf224-b30a-4261-979f-719fb86056dd,fce8778a-7b8f-47e1-ba09-0be9ea64cf59,FC Boa Vista,🦅,0,0,0,0,0,0,0,50,2026-04-28 23:00:22.862259+00,1000000,t,70,Brasil
d58c46f5-6c36-4cee-8afe-1f4441146400,975d28df-6a5b-44f6-8f17-47bc7d68b525,c78fe60b-b93d-4b8f-96b8-70f5accd10ac,Clube Rio Claro,🦁,0,0,0,0,0,0,0,50,2026-04-28 23:00:23.136428+00,1000000,t,64,Brasil
1f2ee416-bba8-40bc-a66a-26ce52574a4d,975d28df-6a5b-44f6-8f17-47bc7d68b525,596fc746-79d2-4edc-97db-1f737303b4de,Olimpia Jardim,⚽,0,0,0,0,0,0,0,50,2026-04-28 23:00:23.393879+00,1000000,t,72,Brasil
83982e34-0393-4a57-a6f1-8c923ac06390,67a912a6-a397-441f-80d8-70999f6354d5,e38859af-3320-4160-9ff7-f18a6bd9064f,AC Vila Rica,🦅,0,0,0,0,0,0,0,50,2026-04-28 23:00:23.678964+00,1000000,t,68,Brasil
ac941db7-83c3-4b51-8402-7a80b5fd1415,67a912a6-a397-441f-80d8-70999f6354d5,8a3c3115-0e76-47cb-adf9-b9dc6a12b36d,Sporting Cruz Alta,🟣,0,0,0,0,0,0,0,50,2026-04-28 23:00:23.931057+00,1000000,t,72,Brasil
83de5804-197a-4549-abdf-7fbb2546c4e3,77fc79cf-d87d-4675-8080-6f08b784e059,d8067cf0-1d3d-4e7e-9af5-641353d69398,FC Nova Esperança,⚽,0,0,0,0,0,0,0,50,2026-04-28 23:00:24.19184+00,1000000,t,66,Brasil
3373d60d-dffe-4210-8ec8-d31bd6c70baf,77fc79cf-d87d-4675-8080-6f08b784e059,e5cd4ae9-0891-4484-a7b3-c71a1018915f,Inter Porto Alegre,⚫,0,0,0,0,0,0,0,50,2026-04-28 23:00:24.440916+00,1000000,t,69,Brasil
ea6c7fd8-9852-4f50-9db8-338141250410,058e6ae2-3160-44d9-a544-86d32b1c3867,7aa866d5-13e8-4b05-a0ce-04b863f50dd4,União Pedra Branca,🟢,0,0,0,0,0,0,0,50,2026-04-28 23:00:24.960012+00,1000000,t,77,Brasil
4191fe9b-9ecc-4078-9d58-baef3c14af6f,058e6ae2-3160-44d9-a544-86d32b1c3867,0876fed9-53ea-40fd-8d59-b89591d18d04,AC Morro Alto,🦁,0,0,0,0,0,0,0,50,2026-04-28 23:00:25.207466+00,1000000,t,70,Brasil
f7de6bb7-3a2e-4c57-b30c-82a71befcb21,1200a446-4c3a-4c61-9c09-71a0ff7e4f26,c23f06e0-e294-4af6-af3e-b24582d5798a,Esporte Serra Alta,🔴,0,0,0,0,0,0,0,50,2026-04-28 23:00:25.462282+00,1000000,t,80,Brasil
f80ce4e9-8aff-4712-a912-43ac098f2f5e,1200a446-4c3a-4c61-9c09-71a0ff7e4f26,50fdb0b8-efcf-45c2-912c-729f21de5f13,FC Boa Vista,🦅,0,0,0,0,0,0,0,50,2026-04-28 23:00:25.714006+00,1000000,t,69,Brasil
1820ac55-ade3-4a12-be7f-02694d1abc4b,a29e6633-2342-4b1f-a078-2807a6cff552,bfeec50f-d14e-4e98-b3b2-f6ebffdecd71,Clube Rio Claro,🦁,0,0,0,0,0,0,0,50,2026-04-28 23:00:25.967624+00,1000000,t,75,Brasil
0bb52d69-8a41-4266-88ed-e519bab238d9,a29e6633-2342-4b1f-a078-2807a6cff552,48c933c8-0857-4e4b-ba84-2882ba670717,Olimpia Jardim,⚽,0,0,0,0,0,0,0,50,2026-04-28 23:00:26.242825+00,1000000,t,65,Brasil
9055ad55-8018-4980-8618-5867470b4a63,2e9f0354-3670-4094-a9b8-3b8e396b7e56,a699ceaa-74d4-4d76-801d-f63a2171527b,AC Vila Rica,🦅,0,0,0,0,0,0,0,50,2026-04-28 23:00:26.496545+00,1000000,t,62,Brasil
4a49e545-9eec-444b-9561-2691950e3af7,2e9f0354-3670-4094-a9b8-3b8e396b7e56,ee733cde-3ce1-47c0-9500-79c53abdcfa2,Sporting Cruz Alta,🟣,0,0,0,0,0,0,0,50,2026-04-28 23:00:26.748314+00,1000000,t,71,Brasil
2f88c6ed-c90f-4568-a853-9283ecba1365,708bd4ae-5612-4ad3-8812-2461998711f0,abef3630-9ca6-49f7-b9fd-b77d0cf47046,Nacional Monte Azul,🐺,0,0,0,0,0,0,0,50,2026-04-30 23:00:06.19979+00,1000000,t,70,Brasil
a509222b-9905-4c13-a869-da07c1d2de8c,708bd4ae-5612-4ad3-8812-2461998711f0,ef8ad3dc-7897-4305-8ec9-d06c7eaed55c,Sporting Rio Claro,🦁,0,0,0,0,0,0,0,50,2026-04-30 23:00:06.19979+00,1000000,t,58,Brasil
21f9497d-3db5-4a35-a7a7-4e8a2d43b560,708bd4ae-5612-4ad3-8812-2461998711f0,0455272b-a686-4a7c-8991-ab6713ab7bee,Racing Campo Grande,🐂,0,0,0,0,0,0,0,50,2026-04-30 23:00:06.19979+00,1000000,t,61,Brasil
40ae90cf-85e3-4f2c-8b6c-7a60a173b424,708bd4ae-5612-4ad3-8812-2461998711f0,959f51d4-b452-4d0e-807a-dc1c6763405d,Olimpia Serra Alta,🔴,0,0,0,0,0,0,0,50,2026-04-30 23:00:06.19979+00,1000000,t,60,Brasil
b4f54715-1528-4f59-ae28-c04e65b66950,708bd4ae-5612-4ad3-8812-2461998711f0,35529d25-43d9-4212-b3a9-7fbecb2335aa,Estrela Vale Verde,🔵,0,0,0,0,0,0,0,50,2026-04-30 23:00:06.19979+00,1000000,t,65,Brasil
2c679502-21ad-498e-bf94-d43c72f4ae31,708bd4ae-5612-4ad3-8812-2461998711f0,74f6c528-4fe7-4f8a-9803-62c97ad16ad2,FC Pedra Branca,🟢,0,0,0,0,0,0,0,50,2026-04-30 23:00:06.19979+00,1000000,t,59,Brasil
6183ccf6-6251-446c-abda-b7d2bf6f59a9,708bd4ae-5612-4ad3-8812-2461998711f0,9ba16d39-84bb-4ef0-afa3-d5cf183d2478,SC Lagoa Santa,🟡,0,0,0,0,0,0,0,50,2026-04-30 23:00:06.19979+00,1000000,t,60,Brasil
cb7bd26f-1fcb-4a67-b76c-f7971ec2a959,708bd4ae-5612-4ad3-8812-2461998711f0,aa157cb2-8d7b-4ad8-9ba3-710d72fc66b1,AC Porto Alegre,⚫,0,0,0,0,0,0,0,50,2026-04-30 23:00:06.19979+00,1000000,t,68,Brasil
60f89342-e829-45ae-8ef6-c7daaa37ebfb,708bd4ae-5612-4ad3-8812-2461998711f0,a18d9122-85ec-45ff-8dad-982c10bd5e6b,EC Bela Vista,⚪,0,0,0,0,0,0,0,50,2026-04-30 23:00:06.19979+00,1000000,t,66,Brasil
4b467cf6-cc3d-48ff-9022-219a641939cf,708bd4ae-5612-4ad3-8812-2461998711f0,7ba55ea2-9d97-43dd-90cd-6b779441a315,Clube Cruz Alta,🟣,0,0,0,0,0,0,0,50,2026-04-30 23:00:06.19979+00,1000000,t,57,Brasil
d6f2672c-1f8d-422a-b489-25f7c0875197,708bd4ae-5612-4ad3-8812-2461998711f0,d8e06439-ba8e-411f-be72-fd4b6c6412f5,Atlético Santo Amaro,🟠,0,0,0,0,0,0,0,50,2026-04-30 23:00:06.19979+00,1000000,t,63,Brasil
713df0ff-5c25-4746-9979-95f3ee4fdc69,708bd4ae-5612-4ad3-8812-2461998711f0,16758918-f0d1-4a35-9024-9013601702d3,Esporte Jardim,⚽,0,0,0,0,0,0,0,50,2026-04-30 23:00:06.19979+00,1000000,t,67,Brasil
f4c66dae-bc40-43ac-bafd-a249b4505fec,708bd4ae-5612-4ad3-8812-2461998711f0,05382086-926f-4cba-be8e-e9b12123c696,Sport São Miguel,🏟️,0,0,0,0,0,0,0,50,2026-04-30 23:00:06.19979+00,1000000,t,67,Brasil
5bfc8067-6111-4a43-92ea-a0b10609337d,708bd4ae-5612-4ad3-8812-2461998711f0,c29ecef9-3dcb-404b-83b1-83b06125ee23,União Boa Vista,🦅,0,0,0,0,0,0,0,50,2026-04-30 23:00:06.19979+00,1000000,t,63,Brasil
5f4e39cb-7bfc-4dd5-94bf-ab96f031e8fd,708bd4ae-5612-4ad3-8812-2461998711f0,4bd24580-77d9-4973-b1ba-26dbec4dc6b3,Real Alto da Serra,🐺,0,0,0,0,0,0,0,50,2026-04-30 23:00:06.19979+00,1000000,t,59,Brasil
55f5ab20-4087-4d8c-9834-91f74b78aa96,708bd4ae-5612-4ad3-8812-2461998711f0,452c7941-db8c-4121-97af-d44e62282097,Inter Morro Alto,🦁,0,0,0,0,0,0,0,50,2026-04-30 23:00:06.19979+00,1000000,t,65,Brasil
485d9d01-d457-457a-ada4-4ee4fd53d900,708bd4ae-5612-4ad3-8812-2461998711f0,68b82d75-99d4-4b41-9f23-6a9b217da010,Nacional Ponta Grossa,🐂,0,0,0,0,0,0,0,50,2026-04-30 23:00:06.19979+00,1000000,t,65,Brasil
4b548da6-411b-4b8f-9b41-5c2c815372f6,2bbfd1a2-a637-4c87-9ad7-851ad79b215a,d48fb1e8-beac-4e0e-a728-d15b5900009f,União Nova Esperança,⚽,0,0,0,0,0,0,0,50,2026-04-30 23:00:06.684106+00,1000000,t,64,Brasil
ca4bd4d3-85af-4622-893e-b5bc34cef517,2bbfd1a2-a637-4c87-9ad7-851ad79b215a,e5081efe-8cef-4ea7-8f89-68d60ef03131,Real Sol Nascente,🏟️,0,0,0,0,0,0,0,50,2026-04-30 23:00:06.684106+00,1000000,t,60,Brasil
fe89a213-e32c-46c6-8c92-85107f57c72a,2bbfd1a2-a637-4c87-9ad7-851ad79b215a,e514da80-3a1d-4d74-af86-1038223a279f,Inter Vila Rica,🦅,0,0,0,0,0,0,0,50,2026-04-30 23:00:06.684106+00,1000000,t,70,Brasil
7d90faa6-dc29-4e6e-9abe-6f05b10d9e83,2bbfd1a2-a637-4c87-9ad7-851ad79b215a,899f8f74-8b8a-4f88-adec-0ff596f8f686,Nacional Monte Azul,🐺,0,0,0,0,0,0,0,50,2026-04-30 23:00:06.684106+00,1000000,t,68,Brasil
37929566-f39b-463c-a780-66885107ac50,2bbfd1a2-a637-4c87-9ad7-851ad79b215a,362a2adb-da9e-41cb-9956-ea1e95562f60,Sporting Rio Claro,🦁,0,0,0,0,0,0,0,50,2026-04-30 23:00:06.684106+00,1000000,t,67,Brasil
0fc9c7f3-a73b-4003-92d4-c7d06b961475,2bbfd1a2-a637-4c87-9ad7-851ad79b215a,83a200ed-5a91-4252-a6d3-3f6a7ae3aea0,Racing Campo Grande,🐂,0,0,0,0,0,0,0,50,2026-04-30 23:00:06.684106+00,1000000,t,61,Brasil
003441b8-7e3b-4d3b-80f2-18938d5914de,2bbfd1a2-a637-4c87-9ad7-851ad79b215a,183ec873-bc0b-44c4-93e6-a1bec5c57f41,Olimpia Serra Alta,🔴,0,0,0,0,0,0,0,50,2026-04-30 23:00:06.684106+00,1000000,t,70,Brasil
7560994f-3d91-4452-85e7-4ece67ce9188,2bbfd1a2-a637-4c87-9ad7-851ad79b215a,e08c806c-a1f4-4306-862b-ee4990ab3e49,Estrela Vale Verde,🔵,0,0,0,0,0,0,0,50,2026-04-30 23:00:06.684106+00,1000000,t,67,Brasil
f7d0c9d8-aa72-4dd4-b0eb-95e7b27fbeb4,2bbfd1a2-a637-4c87-9ad7-851ad79b215a,ab79c6ea-80f1-4edf-b16c-11ba60964edb,FC Pedra Branca,🟢,0,0,0,0,0,0,0,50,2026-04-30 23:00:06.684106+00,1000000,t,55,Brasil
42359876-0eea-49c3-8def-e9ce0bf8c11b,2bbfd1a2-a637-4c87-9ad7-851ad79b215a,f6fd770b-14f7-45e5-aff7-133e6b445a87,SC Lagoa Santa,🟡,0,0,0,0,0,0,0,50,2026-04-30 23:00:06.684106+00,1000000,t,70,Brasil
5c4538ce-796f-46d4-8863-9b3235be7771,2bbfd1a2-a637-4c87-9ad7-851ad79b215a,49bb2a76-3c7e-41b9-8af6-1c12cb190f73,AC Porto Alegre,⚫,0,0,0,0,0,0,0,50,2026-04-30 23:00:06.684106+00,1000000,t,62,Brasil
941db55f-9801-4a3f-ba9a-8e6a938847d9,0452611e-dfde-4fb8-81f2-4896dac43222,e4390a5d-8d22-4ac0-a629-37b1cf407d93,EC Ponta Grossa,🐂,0,0,0,0,0,0,0,50,2026-04-28 23:00:20.742401+00,1000000,t,75,Brasil
c4211128-7f76-4e2c-8e33-758328a7b736,0b7ae0a4-28d1-421a-931a-49672c3ca84b,48dcc082-dbfe-4781-954c-dc7071da5903,Sport Vale Verde,🔵,0,0,0,0,0,0,0,50,2026-04-28 23:00:20.982201+00,1000000,t,74,Brasil
805a6ab5-d95a-47af-81e2-5a65ed46f301,0b7ae0a4-28d1-421a-931a-49672c3ca84b,d4733a89-6f09-428e-979b-b3b311bb6ec1,SC Alto da Serra,🐺,0,0,0,0,0,0,0,50,2026-04-28 23:00:21.226356+00,1000000,t,74,Brasil
b3b96119-f6a3-4008-b165-4046a525d63a,c8dcfaa6-a9cc-4a64-b344-5f36383c9132,b2850cba-d7f4-4111-b570-defc210acd6f,Atlético Campo Grande,🐂,0,0,0,0,0,0,0,50,2026-04-28 23:00:21.512376+00,1000000,t,65,Brasil
fe394efa-0177-4782-bd9c-bb536ed143e4,c8dcfaa6-a9cc-4a64-b344-5f36383c9132,ac090a92-55af-4a2c-afa1-b171168f30e4,Estrela São Miguel,🏟️,0,0,0,0,0,0,0,50,2026-04-28 23:00:21.753095+00,1000000,t,78,Brasil
e7f33a5e-f835-4bc6-a6d7-e9109c8c6cab,6af99593-633c-49a2-926e-7f3957a296cb,35813671-50df-4a2b-b91b-5ced74c2781e,EC Monte Azul,🐺,0,0,0,0,0,0,0,50,2026-04-28 23:00:21.995454+00,1000000,t,72,Brasil
cb241000-a2df-47a5-885d-b3ddb224c7a1,6af99593-633c-49a2-926e-7f3957a296cb,9a8a14ad-167c-4c08-8e4c-e76db2e244f3,Racing Santo Amaro,🟠,0,0,0,0,0,0,0,50,2026-04-28 23:00:22.233369+00,1000000,t,64,Brasil
f7c30391-ab40-46bb-9a4b-7682c2cf42dd,9fadf224-b30a-4261-979f-719fb86056dd,6b02b7f1-f80b-41ca-bb4d-5914c8ebfbe4,SC Sol Nascente,🏟️,0,0,0,0,0,0,0,50,2026-04-28 23:00:22.469246+00,1000000,t,70,Brasil
6e656e78-4413-47c8-a610-b2979a7089dd,9fadf224-b30a-4261-979f-719fb86056dd,64aef02b-e121-4d72-94bd-31d74c76e2cc,Nacional Bela Vista,⚪,0,0,0,0,0,0,0,50,2026-04-28 23:00:22.718653+00,1000000,t,60,Brasil
ae1eb0aa-c96a-49fd-8a64-a8633ab954a3,975d28df-6a5b-44f6-8f17-47bc7d68b525,44e4c374-7822-4aa4-a337-ed1cbfec321e,Real Lagoa Santa,🟡,0,0,0,0,0,0,0,50,2026-04-28 23:00:23.263617+00,1000000,t,65,Brasil
f178b35c-e85a-439c-a6e0-c119f9704b14,975d28df-6a5b-44f6-8f17-47bc7d68b525,0cc2dc2f-e7d9-4551-9998-8ec60f20b5fa,EC Ponta Grossa,🐂,0,0,0,0,0,0,0,50,2026-04-28 23:00:23.524532+00,1000000,t,74,Brasil
f9254788-22fd-49c3-ae80-31a355c36be0,67a912a6-a397-441f-80d8-70999f6354d5,8fc9314e-f623-472f-a466-51d4a0dfa5d3,Sport Vale Verde,🔵,0,0,0,0,0,0,0,50,2026-04-28 23:00:23.804338+00,1000000,t,68,Brasil
2ca2a579-f60e-456f-8e0d-bcaad855576d,67a912a6-a397-441f-80d8-70999f6354d5,f7861f17-390c-41ba-baa5-acd775511a79,SC Alto da Serra,🐺,0,0,0,0,0,0,0,50,2026-04-28 23:00:24.057004+00,1000000,t,71,Brasil
9267dbe1-fc64-4511-8d29-a06c85556b80,77fc79cf-d87d-4675-8080-6f08b784e059,f5f5beb8-a554-4986-b1ca-4d006bc479be,Atlético Campo Grande,🐂,0,0,0,0,0,0,0,50,2026-04-28 23:00:24.314468+00,1000000,t,70,Brasil
6001e885-256e-4cb9-b416-e3d60726ae83,77fc79cf-d87d-4675-8080-6f08b784e059,a5e83b82-bfbc-4189-9fc6-4e446ed72e2d,Estrela São Miguel,🏟️,0,0,0,0,0,0,0,50,2026-04-28 23:00:24.568453+00,1000000,t,60,Brasil
13f920a0-2ade-4e3e-af4c-b1c780b38ad4,058e6ae2-3160-44d9-a544-86d32b1c3867,6f9ab7a5-bee9-4541-84aa-9bd0d536e1f0,EC Monte Azul,🐺,0,0,0,0,0,0,0,50,2026-04-28 23:00:24.836391+00,1000000,t,75,Brasil
fe1e4dcc-17e3-46df-b362-3a32c104dbd7,058e6ae2-3160-44d9-a544-86d32b1c3867,568552f7-ad54-4776-9bcc-b700892ab121,Racing Santo Amaro,🟠,0,0,0,0,0,0,0,50,2026-04-28 23:00:25.083064+00,1000000,t,78,Brasil
760c240b-ad28-4c40-ae97-d11ccd1f16c0,1200a446-4c3a-4c61-9c09-71a0ff7e4f26,c06b7366-a9f3-468a-b1e5-225d9e9c59fa,SC Sol Nascente,🏟️,0,0,0,0,0,0,0,50,2026-04-28 23:00:25.327936+00,1000000,t,79,Brasil
d71ea87d-936e-43be-9b83-5bccf9e17a91,1200a446-4c3a-4c61-9c09-71a0ff7e4f26,68b7ce1d-fc12-425b-acea-e3fb42402d6b,Nacional Bela Vista,⚪,0,0,0,0,0,0,0,50,2026-04-28 23:00:25.58183+00,1000000,t,68,Brasil
8741bd2a-4d5c-4854-b804-9d8ad5ba125c,a29e6633-2342-4b1f-a078-2807a6cff552,ef587e56-a0ef-47c5-9a74-b2cc0a455234,Real Lagoa Santa,🟡,0,0,0,0,0,0,0,50,2026-04-28 23:00:26.115424+00,1000000,t,71,Brasil
d73f1a80-1d5f-4599-a13a-d28b34d3c008,a29e6633-2342-4b1f-a078-2807a6cff552,87a5a308-7480-4e41-b4ae-a6fd3b8aade7,EC Ponta Grossa,🐂,0,0,0,0,0,0,0,50,2026-04-28 23:00:26.363264+00,1000000,t,66,Brasil
41b08154-f48e-48e1-a4c2-89f588c9f7c7,2e9f0354-3670-4094-a9b8-3b8e396b7e56,33ce336f-a571-41ae-8156-59be2097fa8c,Sport Vale Verde,🔵,0,0,0,0,0,0,0,50,2026-04-28 23:00:26.627701+00,1000000,t,73,Brasil
2a0d8c72-39ad-4aac-8ca2-82772bf48864,2e9f0354-3670-4094-a9b8-3b8e396b7e56,408c4dd5-974c-4631-b54e-a7f41fbfe23f,SC Alto da Serra,🐺,0,0,0,0,0,0,0,50,2026-04-28 23:00:26.890985+00,1000000,t,63,Brasil
69a46889-b049-45a2-8a20-1df49af30655,f2f67cc3-9c88-4e3f-b84d-2bcfd89fb25d,090cc8f5-058a-4165-9ed4-fa5eb5676c92,Olimpia Morro Alto,🦁,0,0,0,0,0,0,0,50,2026-04-30 23:00:06.308309+00,1000000,t,54,Brasil
1c9800f5-dd54-4935-9656-c86ffad4bfa0,f2f67cc3-9c88-4e3f-b84d-2bcfd89fb25d,9da3ddf7-31e9-440e-b702-c6f8584df367,Estrela Ponta Grossa,🐂,0,0,0,0,0,0,0,50,2026-04-30 23:00:06.308309+00,1000000,t,52,Brasil
d15b2989-7fd1-4a91-9bdf-995834324d73,d0eaa1f3-7a1d-4f81-83e2-a4ab6b30bb14,f8b3adf6-fda0-4ed7-83a3-a547c3d033c1,FC Nova Esperança,⚽,0,0,0,0,0,0,0,50,2026-04-30 23:00:06.50635+00,1000000,t,82,Brasil
17a33bb1-230b-4d20-83c0-6be8e2cc5609,d0eaa1f3-7a1d-4f81-83e2-a4ab6b30bb14,34885125-0c99-4d27-8140-792cea667008,SC Sol Nascente,🏟️,0,0,0,0,0,0,0,50,2026-04-30 23:00:06.50635+00,1000000,t,79,Brasil
d3881813-1487-4aaa-9114-805de92dddac,d0eaa1f3-7a1d-4f81-83e2-a4ab6b30bb14,a0759bc2-881f-40af-86e1-e11a0a2edcd8,AC Vila Rica,🦅,0,0,0,0,0,0,0,50,2026-04-30 23:00:06.50635+00,1000000,t,85,Brasil
550b5b31-0f2c-4316-85b7-4c84b9217602,d0eaa1f3-7a1d-4f81-83e2-a4ab6b30bb14,b05ed824-d80c-4920-bb8e-9ab9c47ad6a3,EC Monte Azul,🐺,0,0,0,0,0,0,0,50,2026-04-30 23:00:06.50635+00,1000000,t,77,Brasil
a8c802e1-01b4-4abd-bde5-ffffdce9cdf1,d0eaa1f3-7a1d-4f81-83e2-a4ab6b30bb14,a9357684-3d41-485f-bce0-bb1939a23a45,Clube Rio Claro,🦁,0,0,0,0,0,0,0,50,2026-04-30 23:00:06.50635+00,1000000,t,84,Brasil
b40d68d6-4a4e-400e-a006-9aa47a132713,d0eaa1f3-7a1d-4f81-83e2-a4ab6b30bb14,015b739a-5751-43b2-a69c-99afd75adc95,Atlético Campo Grande,🐂,0,0,0,0,0,0,0,50,2026-04-30 23:00:06.50635+00,1000000,t,76,Brasil
215ba1b0-1c6f-4cc5-90db-94f0e0b8dadf,d0eaa1f3-7a1d-4f81-83e2-a4ab6b30bb14,c900c011-cf19-4999-8111-e76e041c088c,Esporte Serra Alta,🔴,0,0,0,0,0,0,0,50,2026-04-30 23:00:06.50635+00,1000000,t,86,Brasil
98db8508-7a9a-49bf-bf62-6e4df7d74fb2,d0eaa1f3-7a1d-4f81-83e2-a4ab6b30bb14,769a1daf-7bad-4276-9fc3-46e78cc10d8f,Sport Vale Verde,🔵,0,0,0,0,0,0,0,50,2026-04-30 23:00:06.50635+00,1000000,t,88,Brasil
5a33068d-3907-4505-8539-fe28b9732681,d0eaa1f3-7a1d-4f81-83e2-a4ab6b30bb14,6866bd11-f958-45a1-b4a2-911cc8265858,União Pedra Branca,🟢,0,0,0,0,0,0,0,50,2026-04-30 23:00:06.50635+00,1000000,t,79,Brasil
928b8d1f-f412-4a91-9e7f-5e79ac644885,d0eaa1f3-7a1d-4f81-83e2-a4ab6b30bb14,7a7e143b-2b25-47a5-b201-94687a165102,Real Lagoa Santa,🟡,0,0,0,0,0,0,0,50,2026-04-30 23:00:06.50635+00,1000000,t,86,Brasil
ddaa2c82-fe4f-4d22-9e8b-e70dae0dc5b0,d0eaa1f3-7a1d-4f81-83e2-a4ab6b30bb14,c3f67792-129f-4278-a196-3fb7c9b3d9b2,Inter Porto Alegre,⚫,0,0,0,0,0,0,0,50,2026-04-30 23:00:06.50635+00,1000000,t,77,Brasil
a3754d24-fd77-4865-8036-bff8bc7584e2,d0eaa1f3-7a1d-4f81-83e2-a4ab6b30bb14,dc4b6aea-f9c9-482a-b27d-1623436547b3,Nacional Bela Vista,⚪,0,0,0,0,0,0,0,50,2026-04-30 23:00:06.50635+00,1000000,t,89,Brasil
6da612e7-518c-4518-a862-0c7534f3d712,d0eaa1f3-7a1d-4f81-83e2-a4ab6b30bb14,fc861eeb-2fd5-4d5d-8a27-f16520c86f74,Sporting Cruz Alta,🟣,0,0,0,0,0,0,0,50,2026-04-30 23:00:06.50635+00,1000000,t,88,Brasil
0a221fac-1ddd-4af3-843e-ff8296ddf493,d0eaa1f3-7a1d-4f81-83e2-a4ab6b30bb14,b074f417-6882-43b3-b3fd-e242460c7410,Racing Santo Amaro,🟠,0,0,0,0,0,0,0,50,2026-04-30 23:00:06.50635+00,1000000,t,88,Brasil
bfcdf325-62c8-46ff-a2e6-ee83b2757f93,d0eaa1f3-7a1d-4f81-83e2-a4ab6b30bb14,01b0e4f4-e3c3-4f8e-9793-555c9e413483,Olimpia Jardim,⚽,0,0,0,0,0,0,0,50,2026-04-30 23:00:06.50635+00,1000000,t,87,Brasil
559cc0da-b4e7-4769-bc04-97aec7bcaf3d,d0eaa1f3-7a1d-4f81-83e2-a4ab6b30bb14,16ee47d1-0cec-48f9-ba50-defb14499d0d,Estrela São Miguel,🏟️,0,0,0,0,0,0,0,50,2026-04-30 23:00:06.50635+00,1000000,t,83,Brasil
1f2a201a-d274-403b-991d-05034476e622,d0eaa1f3-7a1d-4f81-83e2-a4ab6b30bb14,f1c45843-cd57-4b58-9b18-c33bca01dd60,FC Boa Vista,🦅,0,0,0,0,0,0,0,50,2026-04-30 23:00:06.50635+00,1000000,t,75,Brasil
0dbc9d6b-af61-4edd-9535-9b35a2ec454e,d0eaa1f3-7a1d-4f81-83e2-a4ab6b30bb14,deb28253-f422-4d20-8c84-e52e94f4b11d,SC Alto da Serra,🐺,0,0,0,0,0,0,0,50,2026-04-30 23:00:06.50635+00,1000000,t,77,Brasil
589a0320-9eac-4095-8cb7-cc2837b3231d,d0eaa1f3-7a1d-4f81-83e2-a4ab6b30bb14,c235f6f0-17ee-4ee4-bea9-dd5d593f92a7,AC Morro Alto,🦁,0,0,0,0,0,0,0,50,2026-04-30 23:00:06.50635+00,1000000,t,87,Brasil
31f0d89c-02d8-40e3-9c00-a7127cd44d89,d0eaa1f3-7a1d-4f81-83e2-a4ab6b30bb14,351af979-bb39-42a2-b54a-45687e22ff10,EC Ponta Grossa,🐂,0,0,0,0,0,0,0,50,2026-04-30 23:00:06.50635+00,1000000,t,76,Brasil
108cb44a-164f-4345-a32d-1d7e3c34793d,5b73470f-df85-4ecd-9d9e-63f21aa07e7f,e0913b0a-c14c-4be5-9f99-fe38e77e717b,FC Nova Esperança,⚽,0,0,0,0,0,0,0,50,2026-04-30 23:00:06.960436+00,1000000,t,81,Brasil
bd3df5b1-af64-40f4-a0b8-67e8d375b63d,5b73470f-df85-4ecd-9d9e-63f21aa07e7f,88a12a27-161a-4439-9490-68320dea77b2,SC Sol Nascente,🏟️,0,0,0,0,0,0,0,50,2026-04-30 23:00:06.960436+00,1000000,t,89,Brasil
ac85c7c8-c0ad-4d53-a67e-994783d80596,5b73470f-df85-4ecd-9d9e-63f21aa07e7f,83ddc69d-abf0-432b-ba96-a59d81f89dfc,AC Vila Rica,🦅,0,0,0,0,0,0,0,50,2026-04-30 23:00:06.960436+00,1000000,t,90,Brasil
ea3b931b-86e0-4033-b35d-dc177073d73a,5b73470f-df85-4ecd-9d9e-63f21aa07e7f,9de0c150-0a79-4b9e-956d-f317e9cf13d1,EC Monte Azul,🐺,0,0,0,0,0,0,0,50,2026-04-30 23:00:06.960436+00,1000000,t,82,Brasil
fb4aa36e-9909-47d0-933a-be73136b9d06,5b73470f-df85-4ecd-9d9e-63f21aa07e7f,a7b636d7-8f65-43fe-86df-ea8048001673,Clube Rio Claro,🦁,0,0,0,0,0,0,0,50,2026-04-30 23:00:06.960436+00,1000000,t,82,Brasil
a52b2316-cd60-4ca1-afdd-4b98cb7c3adf,5b73470f-df85-4ecd-9d9e-63f21aa07e7f,03e44515-e42c-4e2c-a8b6-6ec20b4836a2,Atlético Campo Grande,🐂,0,0,0,0,0,0,0,50,2026-04-30 23:00:06.960436+00,1000000,t,83,Brasil
3ca90399-197b-442a-8858-ac553791aab0,67519bed-51a0-43ff-8bcb-8322de53df1f,8be3dc1b-2da8-4f0e-a0c7-0ed36b3b2c8e,União Rio Claro,🦁,0,0,0,0,0,0,0,50,2026-04-30 23:00:06.580867+00,1000000,t,80,Brasil
cb3de0db-c0f8-487d-a9c0-2d602eb2a080,67519bed-51a0-43ff-8bcb-8322de53df1f,72086b33-9b4a-4a16-96ff-132b0ca18304,Real Campo Grande,🐂,0,0,0,0,0,0,0,50,2026-04-30 23:00:06.580867+00,1000000,t,76,Brasil
37aa95b8-8c28-4bf7-a530-caa1e1a1aa5f,67519bed-51a0-43ff-8bcb-8322de53df1f,fbb20cb3-eab9-4fda-bca2-8da8f99320ed,Inter Serra Alta,🔴,0,0,0,0,0,0,0,50,2026-04-30 23:00:06.580867+00,1000000,t,78,Brasil
90f192fe-68e0-400e-a13b-dffbcdf98e19,67519bed-51a0-43ff-8bcb-8322de53df1f,13e3ac21-ad85-42f0-bce6-b313fde60a75,Nacional Vale Verde,🔵,0,0,0,0,0,0,0,50,2026-04-30 23:00:06.580867+00,1000000,t,80,Brasil
fd7d9f30-e01e-482d-8e45-687f6e22805b,67519bed-51a0-43ff-8bcb-8322de53df1f,ce865777-388d-44db-b5fb-173c647e070c,Sporting Pedra Branca,🟢,0,0,0,0,0,0,0,50,2026-04-30 23:00:06.580867+00,1000000,t,66,Brasil
3bb582b5-ff34-459a-a43b-a231884e625e,67519bed-51a0-43ff-8bcb-8322de53df1f,c51fc7a5-1741-4945-8d0b-78a58ee5d474,Racing Lagoa Santa,🟡,0,0,0,0,0,0,0,50,2026-04-30 23:00:06.580867+00,1000000,t,80,Brasil
4960149a-d835-4c14-a545-c619ff62f455,67519bed-51a0-43ff-8bcb-8322de53df1f,39d96bc2-1870-4c69-b51b-e718fb034ddb,Olimpia Porto Alegre,⚫,0,0,0,0,0,0,0,50,2026-04-30 23:00:06.580867+00,1000000,t,66,Brasil
89030d39-b764-471f-a7e1-671604305d4e,67519bed-51a0-43ff-8bcb-8322de53df1f,9845bb60-eebb-47df-b6d6-e91408490a42,Estrela Bela Vista,⚪,0,0,0,0,0,0,0,50,2026-04-30 23:00:06.580867+00,1000000,t,78,Brasil
f70e2feb-6d26-4944-9e36-c748d665e499,67519bed-51a0-43ff-8bcb-8322de53df1f,4a7d2e3c-cb77-4b07-a501-39c37a328413,FC Cruz Alta,🟣,0,0,0,0,0,0,0,50,2026-04-30 23:00:06.580867+00,1000000,t,68,Brasil
09efc562-fed3-46d6-8fae-fa65a015beec,67519bed-51a0-43ff-8bcb-8322de53df1f,82993229-18b8-4d83-b481-689eb7987347,SC Santo Amaro,🟠,0,0,0,0,0,0,0,50,2026-04-30 23:00:06.580867+00,1000000,t,73,Brasil
854f97c5-38d4-4698-be83-ddceedc1065f,67519bed-51a0-43ff-8bcb-8322de53df1f,b0adb883-286c-4e49-baaa-b9d31a928d0c,AC Jardim,⚽,0,0,0,0,0,0,0,50,2026-04-30 23:00:06.580867+00,1000000,t,70,Brasil
bf1b5069-b788-41ec-b0ac-9815e446a7f3,67519bed-51a0-43ff-8bcb-8322de53df1f,4c65fce6-ac3a-4dc4-88fa-d4ba79e434e2,EC São Miguel,🏟️,0,0,0,0,0,0,0,50,2026-04-30 23:00:06.580867+00,1000000,t,70,Brasil
0a2c5c6b-0cd9-4dc0-b3af-056d7f3af665,67519bed-51a0-43ff-8bcb-8322de53df1f,130affbb-f494-44ce-bfeb-f6adc53e7934,Clube Boa Vista,🦅,0,0,0,0,0,0,0,50,2026-04-30 23:00:06.580867+00,1000000,t,68,Brasil
09a3a2bf-488f-46d4-a5b7-9b7962592d7e,67519bed-51a0-43ff-8bcb-8322de53df1f,227b99f1-761e-49a6-8b44-eede6f167fb4,Atlético Alto da Serra,🐺,0,0,0,0,0,0,0,50,2026-04-30 23:00:06.580867+00,1000000,t,69,Brasil
8678f2fb-26e5-4817-8c59-6ab599b627b7,67519bed-51a0-43ff-8bcb-8322de53df1f,681fd36e-40a4-43b8-acbc-57b22308fa14,Esporte Morro Alto,🦁,0,0,0,0,0,0,0,50,2026-04-30 23:00:06.580867+00,1000000,t,80,Brasil
a23f7105-d16a-49e6-9c1a-ff840a28367e,67519bed-51a0-43ff-8bcb-8322de53df1f,f386d6db-ef55-4cdf-8215-95a7d99348db,Sport Ponta Grossa,🐂,0,0,0,0,0,0,0,50,2026-04-30 23:00:06.580867+00,1000000,t,70,Brasil
7254d5da-a3a6-43d0-94f6-7488ea7b6152,5550f31e-2b7d-45dd-98a1-4ad0a90855bd,436dd64c-b7bb-4c57-8885-8adb800251e0,Inter Morro Alto,🦁,0,0,0,0,0,0,0,50,2026-04-30 23:00:07.524959+00,1000000,t,58,Brasil
158e262f-89e0-44d5-91c4-034c41fc4fd0,5550f31e-2b7d-45dd-98a1-4ad0a90855bd,e7d94e1b-1e5a-44d0-b983-6a8c8cc28bee,Nacional Ponta Grossa,🐂,0,0,0,0,0,0,0,50,2026-04-30 23:00:07.524959+00,1000000,t,62,Brasil
90d3b8f1-1e9a-4354-a8f6-e56a54a6c1d2,99683c61-d65d-41df-ad0b-96096a46bae7,ab36c2c9-6f2f-49d6-bffd-5b6a381ca661,Olimpia Jardim,⚽,0,0,0,0,0,0,0,50,2026-04-30 23:00:07.900806+00,1000000,t,73,Brasil
99129935-dc71-48b7-8490-fda0842ce7fb,99683c61-d65d-41df-ad0b-96096a46bae7,2d443898-85ea-451c-a93e-eeaa6a959b67,Estrela São Miguel,🏟️,0,0,0,0,0,0,0,50,2026-04-30 23:00:07.900806+00,1000000,t,73,Brasil
f7c3deb0-89a2-4c4e-b1ed-26483810a0f1,99683c61-d65d-41df-ad0b-96096a46bae7,f42e23bf-1c3b-4cc5-9dc9-b05a862abf48,FC Boa Vista,🦅,0,0,0,0,0,0,0,50,2026-04-30 23:00:07.900806+00,1000000,t,75,Brasil
1ed5209b-46f0-4330-9703-20b5b8e9a0e1,99683c61-d65d-41df-ad0b-96096a46bae7,b784f7f8-ba95-4931-ba8c-2070a9a68829,SC Alto da Serra,🐺,0,0,0,0,0,0,0,50,2026-04-30 23:00:07.900806+00,1000000,t,72,Brasil
2de7f6ce-3fc8-4cba-b27a-c309d3fe62e5,99683c61-d65d-41df-ad0b-96096a46bae7,b0566e12-f86a-4189-bd48-dd1e6c37ded5,AC Morro Alto,🦁,0,0,0,0,0,0,0,50,2026-04-30 23:00:07.900806+00,1000000,t,68,Brasil
2088e81a-bab9-47fb-8678-e8f8ba291754,99683c61-d65d-41df-ad0b-96096a46bae7,aa5c54cb-b712-476b-a1f2-a4acf04922f6,EC Ponta Grossa,🐂,0,0,0,0,0,0,0,50,2026-04-30 23:00:07.900806+00,1000000,t,77,Brasil
f259abbb-3d00-43b3-8abf-41b6e263f3ec,1758c902-a2cf-4364-ac9b-77af6ba77a95,3aa7a76d-1bdd-4300-abdf-e8cf69139ef8,União Nova Esperança,⚽,0,0,0,0,0,0,0,50,2026-04-30 23:00:08.041984+00,1000000,t,47,Brasil
9ff20216-1a84-4093-9351-495359473bdb,1758c902-a2cf-4364-ac9b-77af6ba77a95,14645a4e-fb4c-4d45-a606-614fd0f6cbff,Real Sol Nascente,🏟️,0,0,0,0,0,0,0,50,2026-04-30 23:00:08.041984+00,1000000,t,59,Brasil
196862a8-4c29-489a-b3c7-9dded7541753,1758c902-a2cf-4364-ac9b-77af6ba77a95,0032c500-b33a-4d21-b7d0-cd32b6acc830,Inter Vila Rica,🦅,0,0,0,0,0,0,0,50,2026-04-30 23:00:08.041984+00,1000000,t,57,Brasil
0e57d84b-5a27-48cb-bc42-114813e05a6c,1758c902-a2cf-4364-ac9b-77af6ba77a95,38af9374-c729-46de-b376-74834a023119,Nacional Monte Azul,🐺,0,0,0,0,0,0,0,50,2026-04-30 23:00:08.041984+00,1000000,t,46,Brasil
3e3735bb-6b59-4453-8a1e-12ae8f1d8f3d,1758c902-a2cf-4364-ac9b-77af6ba77a95,a60a4fd4-2c0e-4140-9ac3-fa378c76fa5f,Sporting Rio Claro,🦁,0,0,0,0,0,0,0,50,2026-04-30 23:00:08.041984+00,1000000,t,59,Brasil
2d938279-5639-4141-b2a9-3153a04c7d24,1758c902-a2cf-4364-ac9b-77af6ba77a95,f7bbc73f-5167-49fa-9b2e-cfe4e0778d68,Racing Campo Grande,🐂,0,0,0,0,0,0,0,50,2026-04-30 23:00:08.041984+00,1000000,t,52,Brasil
65c985b7-f7e7-442f-b7c5-6c62ebf482fe,1758c902-a2cf-4364-ac9b-77af6ba77a95,e0c70c39-1bd3-4e35-825a-68f4404dd440,Olimpia Serra Alta,🔴,0,0,0,0,0,0,0,50,2026-04-30 23:00:08.041984+00,1000000,t,51,Brasil
8ab0bcd5-f5ba-49f7-b25a-d1dbe56dd38f,1758c902-a2cf-4364-ac9b-77af6ba77a95,60566938-ba33-4b50-b2c7-5bbdbe3c41cb,Estrela Vale Verde,🔵,0,0,0,0,0,0,0,50,2026-04-30 23:00:08.041984+00,1000000,t,60,Brasil
cc5785df-8c38-48e4-bbac-1b294e273b38,1758c902-a2cf-4364-ac9b-77af6ba77a95,9dad962e-33ca-4dcc-b3a7-6dd3686ddbc5,FC Pedra Branca,🟢,0,0,0,0,0,0,0,50,2026-04-30 23:00:08.041984+00,1000000,t,57,Brasil
036d2840-7824-4c2e-902a-b268ba05e8f1,1758c902-a2cf-4364-ac9b-77af6ba77a95,470d64b2-2f48-42e0-9b94-e8afce381614,SC Lagoa Santa,🟡,0,0,0,0,0,0,0,50,2026-04-30 23:00:08.041984+00,1000000,t,48,Brasil
80cacdf5-eb3b-4163-9f52-44527fd2cfdb,1758c902-a2cf-4364-ac9b-77af6ba77a95,0c728427-8439-40e9-a93f-f26afd61b31f,AC Porto Alegre,⚫,0,0,0,0,0,0,0,50,2026-04-30 23:00:08.041984+00,1000000,t,57,Brasil
abe27b28-9215-4ccd-b2f0-9486bdccb6ac,1758c902-a2cf-4364-ac9b-77af6ba77a95,dc6daf9c-8ab3-4f9b-b287-745b41980476,EC Bela Vista,⚪,0,0,0,0,0,0,0,50,2026-04-30 23:00:08.041984+00,1000000,t,49,Brasil
aa3cb4a3-e4c3-40a5-9402-abf99245c2d9,1758c902-a2cf-4364-ac9b-77af6ba77a95,8eafbcc3-e323-4d0e-90a5-8e044441df06,Clube Cruz Alta,🟣,0,0,0,0,0,0,0,50,2026-04-30 23:00:08.041984+00,1000000,t,48,Brasil
1dec3f82-b533-4ea4-9eae-393ae4e8f6bb,1758c902-a2cf-4364-ac9b-77af6ba77a95,3f51699b-2a9b-4ff9-9ff8-5999c9882fa2,Atlético Santo Amaro,🟠,0,0,0,0,0,0,0,50,2026-04-30 23:00:08.041984+00,1000000,t,60,Brasil
badc74ca-35e2-4ebd-9596-0760754a049c,1758c902-a2cf-4364-ac9b-77af6ba77a95,8cce5b0e-9d4a-4242-93d3-017a8f5aea4f,Esporte Jardim,⚽,0,0,0,0,0,0,0,50,2026-04-30 23:00:08.041984+00,1000000,t,56,Brasil
a4683e95-3c1b-4b4f-a5ec-ba2773a1fb2f,1758c902-a2cf-4364-ac9b-77af6ba77a95,c647ab63-10d3-44ed-bf1a-82d30e42f2de,Sport São Miguel,🏟️,0,0,0,0,0,0,0,50,2026-04-30 23:00:08.041984+00,1000000,t,51,Brasil
9be18c61-d968-432b-9764-fcf708511542,1758c902-a2cf-4364-ac9b-77af6ba77a95,9584c8e0-3b0a-4649-bb16-b0eea2cb646c,União Boa Vista,🦅,0,0,0,0,0,0,0,50,2026-04-30 23:00:08.041984+00,1000000,t,47,Brasil
300c9ecd-fea7-4436-9888-fe70cbb2b748,1758c902-a2cf-4364-ac9b-77af6ba77a95,5e722508-47ca-4ea2-93a0-0fd67fcdba0d,Real Alto da Serra,🐺,0,0,0,0,0,0,0,50,2026-04-30 23:00:08.041984+00,1000000,t,50,Brasil
1efb024e-64f8-4d0d-9d14-287064915840,1758c902-a2cf-4364-ac9b-77af6ba77a95,64195ab4-35cb-40f2-9210-659a069f3817,Inter Morro Alto,🦁,0,0,0,0,0,0,0,50,2026-04-30 23:00:08.041984+00,1000000,t,55,Brasil
ba976469-75de-46de-8f9e-59af29692b16,1758c902-a2cf-4364-ac9b-77af6ba77a95,67b60fad-4ec9-4bb4-919a-fa2cde6a16cc,Nacional Ponta Grossa,🐂,0,0,0,0,0,0,0,50,2026-04-30 23:00:08.041984+00,1000000,t,56,Brasil
81b904ec-f254-42e3-9dae-4d701fb9f5c0,1a7f6c73-14a7-43ab-bc09-a1ce4b4f7ba0,9648e353-43ae-4b54-b5f2-dc1d362919d8,Clube Nova Esperança,⚽,0,0,0,0,0,0,0,50,2026-04-30 23:00:08.30555+00,1000000,t,74,Brasil
80dca55b-1883-4d35-9a05-5df852159a54,1a7f6c73-14a7-43ab-bc09-a1ce4b4f7ba0,5f014575-90a4-487c-9ab1-344728da544d,Atlético Sol Nascente,🏟️,0,0,0,0,0,0,0,50,2026-04-30 23:00:08.30555+00,1000000,t,67,Brasil
3595e37a-dc03-4d0d-be23-754539a644db,1a7f6c73-14a7-43ab-bc09-a1ce4b4f7ba0,71f2c39d-7734-495b-a334-ef2ec8ae2443,Esporte Vila Rica,🦅,0,0,0,0,0,0,0,50,2026-04-30 23:00:08.30555+00,1000000,t,70,Brasil
c3e7d5f0-172f-43e8-b773-2c258757bd59,1a7f6c73-14a7-43ab-bc09-a1ce4b4f7ba0,43d83e24-c47f-4527-ab00-d5fbb2604587,Sport Monte Azul,🐺,0,0,0,0,0,0,0,50,2026-04-30 23:00:08.30555+00,1000000,t,80,Brasil
11711c1d-af6b-4632-8a7f-1f7d5c13676e,1a7f6c73-14a7-43ab-bc09-a1ce4b4f7ba0,36e3e628-79f0-4975-bd62-02b0d2117aba,União Rio Claro,🦁,0,0,0,0,0,0,0,50,2026-04-30 23:00:08.30555+00,1000000,t,73,Brasil
4a9c28f6-49be-403a-b2b1-04a04eb65c05,1a7f6c73-14a7-43ab-bc09-a1ce4b4f7ba0,51b70957-2a45-4fbe-a378-5ad76e774dd0,Real Campo Grande,🐂,0,0,0,0,0,0,0,50,2026-04-30 23:00:08.30555+00,1000000,t,72,Brasil
fe95bd20-0473-444d-a396-73bce7586c5a,1a7f6c73-14a7-43ab-bc09-a1ce4b4f7ba0,68c719f8-24bb-4267-b020-e10f54be7e00,Inter Serra Alta,🔴,0,0,0,0,0,0,0,50,2026-04-30 23:00:08.30555+00,1000000,t,78,Brasil
e17a84ba-bb04-47c0-a4ea-e6b01160fa04,05c592cb-5979-47b3-8dfe-47339b7e8eaf,ca56a2a6-d011-4ee1-9a2a-ec28ad23d67f,FC Boa Vista,🦅,0,0,0,0,0,0,0,50,2026-04-29 23:00:03.503842+00,1000000,t,68,Brasil
11d27925-ce38-4beb-9634-8a5a5e36f996,2bbfd1a2-a637-4c87-9ad7-851ad79b215a,cc7ae8f7-8e16-49d0-850a-fcf12f55e61d,EC Bela Vista,⚪,0,0,0,0,0,0,0,50,2026-04-30 23:00:06.684106+00,1000000,t,56,Brasil
45dd26ad-35eb-4b14-9470-1e4929e2f7ac,2bbfd1a2-a637-4c87-9ad7-851ad79b215a,0a92fd39-6d43-4ad9-8cf1-a15d7266d36d,Clube Cruz Alta,🟣,0,0,0,0,0,0,0,50,2026-04-30 23:00:06.684106+00,1000000,t,68,Brasil
535774c2-0512-455a-a90f-fd44adb7fbb3,2bbfd1a2-a637-4c87-9ad7-851ad79b215a,26f6c6d3-500b-4a0a-a0a2-5e8418fe9876,Atlético Santo Amaro,🟠,0,0,0,0,0,0,0,50,2026-04-30 23:00:06.684106+00,1000000,t,62,Brasil
0999a9fc-9030-4a9c-aab1-efc606aaeb29,2bbfd1a2-a637-4c87-9ad7-851ad79b215a,a563c08b-0a6f-44ce-b89b-807148142f5a,Esporte Jardim,⚽,0,0,0,0,0,0,0,50,2026-04-30 23:00:06.684106+00,1000000,t,62,Brasil
d0ad5119-a62e-4b92-963a-ec28097af128,2bbfd1a2-a637-4c87-9ad7-851ad79b215a,a3f216c9-3e08-4f9c-bc84-461cacd7043a,Sport São Miguel,🏟️,0,0,0,0,0,0,0,50,2026-04-30 23:00:06.684106+00,1000000,t,68,Brasil
1494223b-01cc-4f16-89e1-7f400251cebd,2bbfd1a2-a637-4c87-9ad7-851ad79b215a,0a1a218e-e760-456a-a508-407727149ff9,União Boa Vista,🦅,0,0,0,0,0,0,0,50,2026-04-30 23:00:06.684106+00,1000000,t,56,Brasil
146ab4bc-6724-49cd-9422-5ba47ba59d76,2bbfd1a2-a637-4c87-9ad7-851ad79b215a,3b83647e-ffda-411b-a105-615344d49c6b,Real Alto da Serra,🐺,0,0,0,0,0,0,0,50,2026-04-30 23:00:06.684106+00,1000000,t,69,Brasil
78910e80-9d79-4797-8a68-69ce2e46b9a9,2bbfd1a2-a637-4c87-9ad7-851ad79b215a,b2b6ec39-417c-4249-9c64-5f079b15aad2,Inter Morro Alto,🦁,0,0,0,0,0,0,0,50,2026-04-30 23:00:06.684106+00,1000000,t,69,Brasil
4336dd97-b3d1-4cb2-8ce9-77fa1cbf41fb,2bbfd1a2-a637-4c87-9ad7-851ad79b215a,58ad4cd2-38ed-4138-8bc8-38f63081a22f,Nacional Ponta Grossa,🐂,0,0,0,0,0,0,0,50,2026-04-30 23:00:06.684106+00,1000000,t,59,Brasil
29a3b008-151b-4710-bd5b-a76a139cda92,93fceaeb-470c-4f55-b4b3-cd80655a8b2d,55256e6d-105f-42a9-ad51-d774103f3449,Racing Alto da Serra,🐺,0,0,0,0,0,0,0,50,2026-04-30 23:00:07.600882+00,1000000,t,58,Brasil
11a73f6d-ddc5-463a-9b2c-0ffc38a87c38,93fceaeb-470c-4f55-b4b3-cd80655a8b2d,b514f23a-e975-4f0a-bc1b-c2d83108ce79,Olimpia Morro Alto,🦁,0,0,0,0,0,0,0,50,2026-04-30 23:00:07.600882+00,1000000,t,46,Brasil
3ba5346d-5dd7-4ca6-bc3d-27e6b199e80b,93fceaeb-470c-4f55-b4b3-cd80655a8b2d,eb13ed4a-ac3f-4321-a4c0-93ba10048397,Estrela Ponta Grossa,🐂,0,0,0,0,0,0,0,50,2026-04-30 23:00:07.600882+00,1000000,t,48,Brasil
605a8c3a-18c8-416e-838d-3e823c895a96,29779061-b179-4707-b99c-c3c06d4ac773,0a2722d6-1224-469a-9144-ef5c0c339f6b,Clube Nova Esperança,⚽,0,0,0,0,0,0,0,50,2026-04-30 23:00:07.973416+00,1000000,t,62,Brasil
54e241d6-0fa2-4537-b1a6-f4822b50893b,29779061-b179-4707-b99c-c3c06d4ac773,f47ad73c-2b6d-41bd-8610-a4412ef01986,Atlético Sol Nascente,🏟️,0,0,0,0,0,0,0,50,2026-04-30 23:00:07.973416+00,1000000,t,69,Brasil
878eafe1-cbe2-456c-9a19-1e495cd5d306,29779061-b179-4707-b99c-c3c06d4ac773,0dc84498-ab9c-4e2d-922f-20515d6f275c,Esporte Vila Rica,🦅,0,0,0,0,0,0,0,50,2026-04-30 23:00:07.973416+00,1000000,t,60,Brasil
567075bf-6eaa-4429-9d17-e2d82002c16b,29779061-b179-4707-b99c-c3c06d4ac773,12b280a5-3621-421a-9abb-9a33435a3a9c,Sport Monte Azul,🐺,0,0,0,0,0,0,0,50,2026-04-30 23:00:07.973416+00,1000000,t,69,Brasil
3027ad1c-b3bd-4bbf-b7bf-61faf73d6c20,29779061-b179-4707-b99c-c3c06d4ac773,1b3678cf-218f-46a3-a285-8ef54df71efa,União Rio Claro,🦁,0,0,0,0,0,0,0,50,2026-04-30 23:00:07.973416+00,1000000,t,55,Brasil
4a278031-a0b3-46ad-9f6c-1efa9bf6452a,29779061-b179-4707-b99c-c3c06d4ac773,677fbbaf-7ebe-4076-8184-cdab7929bee9,Real Campo Grande,🐂,0,0,0,0,0,0,0,50,2026-04-30 23:00:07.973416+00,1000000,t,67,Brasil
4cc8429a-c4b7-4ed8-b99b-a4a0c8ccb9c5,29779061-b179-4707-b99c-c3c06d4ac773,9613dfd2-cf17-4f34-8d0b-46bd4f9ba609,Inter Serra Alta,🔴,0,0,0,0,0,0,0,50,2026-04-30 23:00:07.973416+00,1000000,t,55,Brasil
2c1bb681-364e-4f92-9f1e-179b13d0a616,29779061-b179-4707-b99c-c3c06d4ac773,f5349f5c-702d-4503-8d06-33b157ea1b7e,Nacional Vale Verde,🔵,0,0,0,0,0,0,0,50,2026-04-30 23:00:07.973416+00,1000000,t,68,Brasil
17164f72-ee72-45af-8b1f-51943afb1cc0,29779061-b179-4707-b99c-c3c06d4ac773,65f05543-4afa-4a4f-b382-60ca99f93bf8,Sporting Pedra Branca,🟢,0,0,0,0,0,0,0,50,2026-04-30 23:00:07.973416+00,1000000,t,66,Brasil
af27ce23-95eb-41d0-adb1-4c3406024dfe,29779061-b179-4707-b99c-c3c06d4ac773,2b9a6065-ca9f-485d-a1b0-3cafcc1a4835,Racing Lagoa Santa,🟡,0,0,0,0,0,0,0,50,2026-04-30 23:00:07.973416+00,1000000,t,67,Brasil
becc414f-55dc-492d-bbef-b30f3a8fc57e,29779061-b179-4707-b99c-c3c06d4ac773,1a23738b-4a0f-416e-b776-a62a5ff16902,Olimpia Porto Alegre,⚫,0,0,0,0,0,0,0,50,2026-04-30 23:00:07.973416+00,1000000,t,61,Brasil
bf19f722-3979-4308-b62a-cf3601b42458,29779061-b179-4707-b99c-c3c06d4ac773,8ea78dbc-a838-4fc9-980e-a8d9d454eecf,Estrela Bela Vista,⚪,0,0,0,0,0,0,0,50,2026-04-30 23:00:07.973416+00,1000000,t,55,Brasil
7c0ebaff-e81b-4c20-a5b4-22e08b2b884c,29779061-b179-4707-b99c-c3c06d4ac773,9c9d6ea9-d831-4c17-9ae2-b8231e1e2084,FC Cruz Alta,🟣,0,0,0,0,0,0,0,50,2026-04-30 23:00:07.973416+00,1000000,t,61,Brasil
9f53d497-9004-4d1e-8bcf-957b9c878d6b,29779061-b179-4707-b99c-c3c06d4ac773,01dbf21e-1097-4489-a0e4-ad8bb6f05bd0,SC Santo Amaro,🟠,0,0,0,0,0,0,0,50,2026-04-30 23:00:07.973416+00,1000000,t,63,Brasil
dce347e0-0ccb-4882-a319-5ebfaec3acb6,29779061-b179-4707-b99c-c3c06d4ac773,2a7a3f39-ddf6-4561-95b1-d590966d9497,AC Jardim,⚽,0,0,0,0,0,0,0,50,2026-04-30 23:00:07.973416+00,1000000,t,60,Brasil
2e67862c-cccf-48be-92c7-b83a2a30ade7,29779061-b179-4707-b99c-c3c06d4ac773,90fa39b5-ebca-4db9-9535-23d9c515b121,EC São Miguel,🏟️,0,0,0,0,0,0,0,50,2026-04-30 23:00:07.973416+00,1000000,t,59,Brasil
51b90f5d-23a4-45d9-9f70-d7f278361273,29779061-b179-4707-b99c-c3c06d4ac773,fdffabc6-1369-4bd3-a43e-f75a416c38aa,Clube Boa Vista,🦅,0,0,0,0,0,0,0,50,2026-04-30 23:00:07.973416+00,1000000,t,69,Brasil
ddcd858e-6abb-4fbb-9324-ce0dd7df57e1,29779061-b179-4707-b99c-c3c06d4ac773,329f23ed-3ce6-4ced-8228-8855721a08e7,Atlético Alto da Serra,🐺,0,0,0,0,0,0,0,50,2026-04-30 23:00:07.973416+00,1000000,t,67,Brasil
5f1c63db-c6d5-4b4d-8252-b46969cca245,29779061-b179-4707-b99c-c3c06d4ac773,d7978595-d241-4370-b0fa-b47be1430d69,Esporte Morro Alto,🦁,0,0,0,0,0,0,0,50,2026-04-30 23:00:07.973416+00,1000000,t,65,Brasil
c4f01cf1-d525-4502-abac-8e3da756296f,29779061-b179-4707-b99c-c3c06d4ac773,fc875aaa-2935-4958-95ec-85ae0aa3c4ba,Sport Ponta Grossa,🐂,0,0,0,0,0,0,0,50,2026-04-30 23:00:07.973416+00,1000000,t,59,Brasil
5db8f26e-abdb-4c1c-9cab-2533416045fa,adff1a74-22f5-4ce3-8d6c-539e07c47bbc,cb05a749-b318-4337-b34c-4aac70f9cddb,FC Nova Esperança,⚽,0,0,0,0,0,0,0,50,2026-04-30 23:00:08.219255+00,1000000,t,75,Brasil
6c8c31a0-1282-42c5-8262-d555cdd01e89,adff1a74-22f5-4ce3-8d6c-539e07c47bbc,9830da61-c474-449c-b26e-da59f182583d,SC Sol Nascente,🏟️,0,0,0,0,0,0,0,50,2026-04-30 23:00:08.219255+00,1000000,t,81,Brasil
4b0a0a67-c99f-4dc3-adb8-97752c81f304,adff1a74-22f5-4ce3-8d6c-539e07c47bbc,662d3417-44c8-4003-b1f6-08aefdf08592,AC Vila Rica,🦅,0,0,0,0,0,0,0,50,2026-04-30 23:00:08.219255+00,1000000,t,87,Brasil
7b06ac32-8660-4f60-bf12-585e57cde9b6,adff1a74-22f5-4ce3-8d6c-539e07c47bbc,033d1e4c-2bf0-411e-be92-78dfbbeea087,EC Monte Azul,🐺,0,0,0,0,0,0,0,50,2026-04-30 23:00:08.219255+00,1000000,t,82,Brasil
d5629931-aed5-459e-a03f-2b03c9c71138,adff1a74-22f5-4ce3-8d6c-539e07c47bbc,86cbca4a-41e5-47b9-a359-4ce5dd4900f8,Clube Rio Claro,🦁,0,0,0,0,0,0,0,50,2026-04-30 23:00:08.219255+00,1000000,t,81,Brasil
40522e9e-bcf6-4a2b-8a47-c2a10ea5effe,adff1a74-22f5-4ce3-8d6c-539e07c47bbc,effa742d-467b-4204-8f96-ca7c94426994,Atlético Campo Grande,🐂,0,0,0,0,0,0,0,50,2026-04-30 23:00:08.219255+00,1000000,t,84,Brasil
05356b35-6985-4697-b167-623f4985dea4,adff1a74-22f5-4ce3-8d6c-539e07c47bbc,3f10f1c8-515e-47b0-9391-f2709b9c55d4,Esporte Serra Alta,🔴,0,0,0,0,0,0,0,50,2026-04-30 23:00:08.219255+00,1000000,t,77,Brasil
2bbbc68f-4c35-4175-8692-804a2740ebc1,adff1a74-22f5-4ce3-8d6c-539e07c47bbc,c9f9554e-d191-49bc-a68d-2dc07963cdc7,Sport Vale Verde,🔵,0,0,0,0,0,0,0,50,2026-04-30 23:00:08.219255+00,1000000,t,83,Brasil
6c76c9ec-ab36-4328-ad4a-eaad1269d453,adff1a74-22f5-4ce3-8d6c-539e07c47bbc,303c366f-0b5e-468c-8d2a-6393a13c3008,União Pedra Branca,🟢,0,0,0,0,0,0,0,50,2026-04-30 23:00:08.219255+00,1000000,t,89,Brasil
121d4247-e53c-4ddb-90f8-61912c36d8e4,adff1a74-22f5-4ce3-8d6c-539e07c47bbc,f14de21e-5c38-4193-abf4-32c22abfa549,Real Lagoa Santa,🟡,0,0,0,0,0,0,0,50,2026-04-30 23:00:08.219255+00,1000000,t,82,Brasil
77b27b4f-68de-45c6-8eeb-492dd09ae294,adff1a74-22f5-4ce3-8d6c-539e07c47bbc,6c0904ae-0a88-4570-83f8-7eba370a230f,Inter Porto Alegre,⚫,0,0,0,0,0,0,0,50,2026-04-30 23:00:08.219255+00,1000000,t,81,Brasil
24503098-396c-4b58-ab7a-50b9fab2f451,adff1a74-22f5-4ce3-8d6c-539e07c47bbc,ba19b4e7-57bc-4d35-957a-bc9832bbe5c2,Nacional Bela Vista,⚪,0,0,0,0,0,0,0,50,2026-04-30 23:00:08.219255+00,1000000,t,81,Brasil
d9f86dd5-77db-45f3-9437-050550fc0e05,adff1a74-22f5-4ce3-8d6c-539e07c47bbc,a01fce15-d424-45a5-a374-be081eb5efb4,Sporting Cruz Alta,🟣,0,0,0,0,0,0,0,50,2026-04-30 23:00:08.219255+00,1000000,t,81,Brasil
5a993658-cee8-47ad-9688-1b3a66082d7b,adff1a74-22f5-4ce3-8d6c-539e07c47bbc,d73ee4dd-8fec-4b3c-8293-04c5b0ed7b73,Racing Santo Amaro,🟠,0,0,0,0,0,0,0,50,2026-04-30 23:00:08.219255+00,1000000,t,85,Brasil
7f43984c-7b82-49e1-939c-1a8fd8aff6a2,adff1a74-22f5-4ce3-8d6c-539e07c47bbc,6ba9daa0-3d9c-489b-ae89-ba22309aee1a,Olimpia Jardim,⚽,0,0,0,0,0,0,0,50,2026-04-30 23:00:08.219255+00,1000000,t,89,Brasil
82a10e55-ac7b-450e-b1cf-aa3e90583773,adff1a74-22f5-4ce3-8d6c-539e07c47bbc,44b7e476-d651-4369-bb2e-b6bb97b7e12f,Estrela São Miguel,🏟️,0,0,0,0,0,0,0,50,2026-04-30 23:00:08.219255+00,1000000,t,82,Brasil
cde65f91-ceb4-4799-b5be-c2d658244f27,adff1a74-22f5-4ce3-8d6c-539e07c47bbc,48800d18-ce39-40e2-bc80-b1ca4e4070eb,FC Boa Vista,🦅,0,0,0,0,0,0,0,50,2026-04-30 23:00:08.219255+00,1000000,t,77,Brasil
a5697c36-8056-4e9a-80b2-fae295d195dd,adff1a74-22f5-4ce3-8d6c-539e07c47bbc,1102821f-3997-4c9b-b0a2-235d6352ac51,SC Alto da Serra,🐺,0,0,0,0,0,0,0,50,2026-04-30 23:00:08.219255+00,1000000,t,84,Brasil
83f080d0-247f-445b-9ccb-e84d9ce0f24e,05c592cb-5979-47b3-8dfe-47339b7e8eaf,59baf131-b5c7-4f96-9b44-995b69a7ebb0,SC Alto da Serra,🐺,0,0,0,0,0,0,0,50,2026-04-29 23:00:03.531591+00,1000000,t,61,Brasil
00da883d-3bff-4121-9b9f-7c56f940e7e3,9d38ff34-2e8b-4475-aee7-b8479df3a6b4,89def6d6-910e-467d-9f76-92ee8452b596,Racing Alto da Serra,🐺,0,0,0,0,0,0,0,50,2026-04-30 23:00:06.760891+00,1000000,t,59,Brasil
6f13092d-83f1-47ec-a52c-c4b0875aa9de,9d38ff34-2e8b-4475-aee7-b8479df3a6b4,231b1d34-d11c-4fc8-9a45-33aaa7872a89,Olimpia Morro Alto,🦁,0,0,0,0,0,0,0,50,2026-04-30 23:00:06.760891+00,1000000,t,50,Brasil
d8aa7e60-02f2-4551-978a-7af63cef98f8,9d38ff34-2e8b-4475-aee7-b8479df3a6b4,79393c1b-027b-48ac-8137-96a4405b981d,Estrela Ponta Grossa,🐂,0,0,0,0,0,0,0,50,2026-04-30 23:00:06.760891+00,1000000,t,47,Brasil
6a3817fd-093d-4a69-814a-750c7df65a5c,ccb95e4c-2890-4f28-8c47-abfc9f82e1ee,3bec5554-13cb-44de-b678-45718f617015,SC Sol Nascente,🏟️,0,0,0,0,0,0,0,50,2026-04-30 23:00:07.781653+00,1000000,t,77,Brasil
36bf60f2-1221-419c-ac85-f43108998896,ccb95e4c-2890-4f28-8c47-abfc9f82e1ee,2f761ffb-c1e7-47af-9a64-db6a7ceb76cf,AC Vila Rica,🦅,0,0,0,0,0,0,0,50,2026-04-30 23:00:07.781653+00,1000000,t,86,Brasil
a1947419-5b9f-448a-9557-83c8124f4d1f,ccb95e4c-2890-4f28-8c47-abfc9f82e1ee,fc4dfae9-f59d-46a1-8e20-3b8a2a7d0c7d,Clube Rio Claro,🦁,0,0,0,0,0,0,0,50,2026-04-30 23:00:07.781653+00,1000000,t,89,Brasil
8c6c7af5-c5f4-4d15-98f3-11f74cfce249,ccb95e4c-2890-4f28-8c47-abfc9f82e1ee,50c1e235-1054-437c-9b89-84ad47ba1cb6,Atlético Campo Grande,🐂,0,0,0,0,0,0,0,50,2026-04-30 23:00:07.781653+00,1000000,t,78,Brasil
f2734d80-48be-4e64-8984-3e7642febe84,ccb95e4c-2890-4f28-8c47-abfc9f82e1ee,de611cc0-9a2b-4c86-abe0-59b535c20d67,Esporte Serra Alta,🔴,0,0,0,0,0,0,0,50,2026-04-30 23:00:07.781653+00,1000000,t,88,Brasil
1d53a975-c188-48df-8f8b-a914297a5778,ccb95e4c-2890-4f28-8c47-abfc9f82e1ee,96bc6979-ca65-4454-a756-e969f0d24996,Sport Vale Verde,🔵,0,0,0,0,0,0,0,50,2026-04-30 23:00:07.781653+00,1000000,t,90,Brasil
c46558bd-17e0-4968-81ed-d7499b2858fb,ccb95e4c-2890-4f28-8c47-abfc9f82e1ee,81cae3d1-2c6e-432a-b487-aa7b7cce1eeb,União Pedra Branca,🟢,0,0,0,0,0,0,0,50,2026-04-30 23:00:07.781653+00,1000000,t,83,Brasil
2a253ce3-dff5-4cb6-9765-37b92e410e7b,ccb95e4c-2890-4f28-8c47-abfc9f82e1ee,94c3b889-69ca-4da1-ac12-657328960bef,Real Lagoa Santa,🟡,0,0,0,0,0,0,0,50,2026-04-30 23:00:07.781653+00,1000000,t,82,Brasil
279a4a59-2db4-424e-a2f8-1695b38edb3d,ccb95e4c-2890-4f28-8c47-abfc9f82e1ee,74a7e010-df3f-4187-928f-66c1130af198,Inter Porto Alegre,⚫,0,0,0,0,0,0,0,50,2026-04-30 23:00:07.781653+00,1000000,t,89,Brasil
81588d22-4f71-441f-acf4-eea0bf6adf85,ccb95e4c-2890-4f28-8c47-abfc9f82e1ee,f5567628-53eb-4211-a19b-6d492235e451,Nacional Bela Vista,⚪,0,0,0,0,0,0,0,50,2026-04-30 23:00:07.781653+00,1000000,t,75,Brasil
719483d8-cb26-40d5-8322-304d4931fcfb,ccb95e4c-2890-4f28-8c47-abfc9f82e1ee,86945782-6832-412c-9deb-52fdf887a965,Sporting Cruz Alta,🟣,0,0,0,0,0,0,0,50,2026-04-30 23:00:07.781653+00,1000000,t,80,Brasil
0458eb9f-242f-479a-b537-ca982960ca12,ccb95e4c-2890-4f28-8c47-abfc9f82e1ee,6ba114a1-3281-41e1-8f92-b27f682e81fb,Racing Santo Amaro,🟠,0,0,0,0,0,0,0,50,2026-04-30 23:00:07.781653+00,1000000,t,84,Brasil
5e4f0063-a275-48fc-9d42-72343e7bc6c9,ccb95e4c-2890-4f28-8c47-abfc9f82e1ee,fa9695ee-efd9-4448-aa8a-115b7fb04cea,Olimpia Jardim,⚽,0,0,0,0,0,0,0,50,2026-04-30 23:00:07.781653+00,1000000,t,78,Brasil
99883716-3b19-425c-927a-d979366e2035,ccb95e4c-2890-4f28-8c47-abfc9f82e1ee,837ed2bd-0e59-4ee7-b80f-e21a1e1ccdb2,Estrela São Miguel,🏟️,0,0,0,0,0,0,0,50,2026-04-30 23:00:07.781653+00,1000000,t,89,Brasil
dced93ce-f77c-4328-8faa-e2646fc5301b,ccb95e4c-2890-4f28-8c47-abfc9f82e1ee,6910ebdd-703b-4b7f-8335-6997d2ca3191,FC Boa Vista,🦅,0,0,0,0,0,0,0,50,2026-04-30 23:00:07.781653+00,1000000,t,75,Brasil
fbe42fb1-300a-456c-b4d1-0da9fb96e10c,ccb95e4c-2890-4f28-8c47-abfc9f82e1ee,dcfdf00b-60d1-40cb-8764-b9d20068c376,SC Alto da Serra,🐺,0,0,0,0,0,0,0,50,2026-04-30 23:00:07.781653+00,1000000,t,86,Brasil
53ac432a-ee5d-466d-858d-f63fd8b34537,ccb95e4c-2890-4f28-8c47-abfc9f82e1ee,62f00b92-1571-46dc-b949-c0abfadd6308,AC Morro Alto,🦁,0,0,0,0,0,0,0,50,2026-04-30 23:00:07.781653+00,1000000,t,76,Brasil
c25e97b2-7ae8-45ff-91a0-01cbd88024be,ccb95e4c-2890-4f28-8c47-abfc9f82e1ee,96a98bce-c6e5-4b17-af47-634bea6281f5,EC Ponta Grossa,🐂,0,0,0,0,0,0,0,50,2026-04-30 23:00:07.781653+00,1000000,t,75,Brasil
c219067f-79a2-43e9-a1a8-38d8fcedf6ab,adff1a74-22f5-4ce3-8d6c-539e07c47bbc,49e82fd7-3674-4b97-84c1-acc6d4302de2,AC Morro Alto,🦁,0,0,0,0,0,0,0,50,2026-04-30 23:00:08.219255+00,1000000,t,88,Brasil
c861b585-2bda-40da-96cf-c708d01f832c,adff1a74-22f5-4ce3-8d6c-539e07c47bbc,0db2add3-8a10-4ffc-9c44-0889d02e5d64,EC Ponta Grossa,🐂,0,0,0,0,0,0,0,50,2026-04-30 23:00:08.219255+00,1000000,t,79,Brasil
f7a8f7d3-a4a4-4f0a-a31b-80f6687d1e0a,1a7f6c73-14a7-43ab-bc09-a1ce4b4f7ba0,c4e7a6fa-1158-4615-b797-b23a1933e934,Nacional Vale Verde,🔵,0,0,0,0,0,0,0,50,2026-04-30 23:00:08.30555+00,1000000,t,76,Brasil
126811a2-cd46-4b6c-a167-82fe354e92f4,1a7f6c73-14a7-43ab-bc09-a1ce4b4f7ba0,59b91a7d-4d8e-468d-8134-3ac12e86a3e7,Sporting Pedra Branca,🟢,0,0,0,0,0,0,0,50,2026-04-30 23:00:08.30555+00,1000000,t,70,Brasil
e3e9858a-1396-4df6-b26c-c26f9ca7a78a,1a7f6c73-14a7-43ab-bc09-a1ce4b4f7ba0,3caf608d-57dc-41f3-ab41-4b13bf597585,Racing Lagoa Santa,🟡,0,0,0,0,0,0,0,50,2026-04-30 23:00:08.30555+00,1000000,t,78,Brasil
877dc6fc-d25e-41ce-9ab5-cc00cf4fffef,1a7f6c73-14a7-43ab-bc09-a1ce4b4f7ba0,1c2edebe-8068-4e7c-beef-f9e79fcac5a5,Olimpia Porto Alegre,⚫,0,0,0,0,0,0,0,50,2026-04-30 23:00:08.30555+00,1000000,t,65,Brasil
97058b79-502c-4287-a6d6-6e8e5d9c0c10,1a7f6c73-14a7-43ab-bc09-a1ce4b4f7ba0,944ff4a2-3571-426d-afca-6c6351e00ad1,Estrela Bela Vista,⚪,0,0,0,0,0,0,0,50,2026-04-30 23:00:08.30555+00,1000000,t,80,Brasil
52516422-371c-4284-9ddd-37d8958a4125,1a7f6c73-14a7-43ab-bc09-a1ce4b4f7ba0,347f35ab-5eb8-4f96-bed0-7c0018caabf6,FC Cruz Alta,🟣,0,0,0,0,0,0,0,50,2026-04-30 23:00:08.30555+00,1000000,t,73,Brasil
965dba74-4425-4ac4-baa9-bfcfda9ddf84,1a7f6c73-14a7-43ab-bc09-a1ce4b4f7ba0,d855f108-5845-46e3-9279-97489d7bfa60,SC Santo Amaro,🟠,0,0,0,0,0,0,0,50,2026-04-30 23:00:08.30555+00,1000000,t,74,Brasil
a310c32f-9248-478c-b6e1-86b1a6b650a6,1a7f6c73-14a7-43ab-bc09-a1ce4b4f7ba0,cbfcd622-4333-44bf-9754-64899b376ac4,AC Jardim,⚽,0,0,0,0,0,0,0,50,2026-04-30 23:00:08.30555+00,1000000,t,71,Brasil
9a6a2b25-8c57-4ff5-95ab-9e10e45289b6,1a7f6c73-14a7-43ab-bc09-a1ce4b4f7ba0,9d91b1b7-186c-4552-a07a-94d473710b55,EC São Miguel,🏟️,0,0,0,0,0,0,0,50,2026-04-30 23:00:08.30555+00,1000000,t,77,Brasil
8f73293c-02ab-4e13-9e06-4207cd3a6cee,1a7f6c73-14a7-43ab-bc09-a1ce4b4f7ba0,bb525739-3e7c-4b3d-8748-6a47bdf0817c,Clube Boa Vista,🦅,0,0,0,0,0,0,0,50,2026-04-30 23:00:08.30555+00,1000000,t,71,Brasil
b13ab8c8-961a-4828-bb53-3b632a47936e,1a7f6c73-14a7-43ab-bc09-a1ce4b4f7ba0,b235291a-647c-487a-8f65-7197483d06a8,Atlético Alto da Serra,🐺,0,0,0,0,0,0,0,50,2026-04-30 23:00:08.30555+00,1000000,t,70,Brasil
c032eb03-f2f5-41c5-8f28-c0831dc0ed3e,1a7f6c73-14a7-43ab-bc09-a1ce4b4f7ba0,908283bf-1a93-459a-8de2-0ca4267980f9,Esporte Morro Alto,🦁,0,0,0,0,0,0,0,50,2026-04-30 23:00:08.30555+00,1000000,t,66,Brasil
5af55d72-3b16-4e49-9f29-8a35dcdb1566,1a7f6c73-14a7-43ab-bc09-a1ce4b4f7ba0,72693043-0113-45c8-b6de-bab68dcb526a,Sport Ponta Grossa,🐂,0,0,0,0,0,0,0,50,2026-04-30 23:00:08.30555+00,1000000,t,73,Brasil
830732e4-626d-48ef-aba3-2caf115fb254,9202e86c-8eb3-442d-b889-923f76b781be,cbe16fe2-f334-43af-ae06-f4cd94d67b31,União Nova Esperança,⚽,0,0,0,0,0,0,0,50,2026-04-30 23:00:09.041571+00,1000000,t,60,Brasil
2c1cde51-7e9d-41c2-8d7c-d6f988c3b9c1,9202e86c-8eb3-442d-b889-923f76b781be,60cdb14a-f4f0-4490-8552-8a0ff1dd1644,Real Sol Nascente,🏟️,0,0,0,0,0,0,0,50,2026-04-30 23:00:09.041571+00,1000000,t,62,Brasil
b9209c03-04fa-4aa8-b2c0-9dc3afef1303,9202e86c-8eb3-442d-b889-923f76b781be,74155f89-c9fb-46d9-88a9-ec89ac4f0b33,Inter Vila Rica,🦅,0,0,0,0,0,0,0,50,2026-04-30 23:00:09.041571+00,1000000,t,58,Brasil
a172b792-c895-476e-a21d-eaf7eab00cbb,9202e86c-8eb3-442d-b889-923f76b781be,216ce8ed-f489-4201-ad5c-e77e3ea4a72d,Nacional Monte Azul,🐺,0,0,0,0,0,0,0,50,2026-04-30 23:00:09.041571+00,1000000,t,61,Brasil
4c42a2f9-b381-4c53-b147-d0abefa77f36,9202e86c-8eb3-442d-b889-923f76b781be,5e619e54-115d-4d81-88db-76767f478823,Sporting Rio Claro,🦁,0,0,0,0,0,0,0,50,2026-04-30 23:00:09.041571+00,1000000,t,57,Brasil
1133ebb3-1e2c-4e05-b108-9da56efbaca2,9202e86c-8eb3-442d-b889-923f76b781be,17f1c48c-6cc2-4265-ad1f-c0e804d17b0a,Racing Campo Grande,🐂,0,0,0,0,0,0,0,50,2026-04-30 23:00:09.041571+00,1000000,t,70,Brasil
19fafedd-6ec8-40a0-9758-5e54b4df5b24,9202e86c-8eb3-442d-b889-923f76b781be,d70ffb50-16fc-4272-9b46-c8c881ec19f8,Olimpia Serra Alta,🔴,0,0,0,0,0,0,0,50,2026-04-30 23:00:09.041571+00,1000000,t,65,Brasil
1e7a7c99-1bd4-4729-8c64-ac575080848b,9202e86c-8eb3-442d-b889-923f76b781be,194bc138-5e4c-4e6a-8b7a-27eacc5e11ec,Estrela Vale Verde,🔵,0,0,0,0,0,0,0,50,2026-04-30 23:00:09.041571+00,1000000,t,61,Brasil
b650be0a-ba44-4075-8190-0b4b91131fd0,9202e86c-8eb3-442d-b889-923f76b781be,9bc80adc-9ebe-4b78-8ef1-2d52026e5912,FC Pedra Branca,🟢,0,0,0,0,0,0,0,50,2026-04-30 23:00:09.041571+00,1000000,t,68,Brasil
bfd97dcc-53bd-4f52-adbf-75e9ae9a81c9,9202e86c-8eb3-442d-b889-923f76b781be,643c3044-8b6c-4fb8-b3dd-68baaef99837,SC Lagoa Santa,🟡,0,0,0,0,0,0,0,50,2026-04-30 23:00:09.041571+00,1000000,t,65,Brasil
b29baff4-e58b-420f-be2b-7c1f605f7f97,9202e86c-8eb3-442d-b889-923f76b781be,30ad2337-1b36-47aa-ad6d-9f8504e4c0f9,AC Porto Alegre,⚫,0,0,0,0,0,0,0,50,2026-04-30 23:00:09.041571+00,1000000,t,60,Brasil
252ec446-7874-4adc-8fcf-f7ab2b922b40,9202e86c-8eb3-442d-b889-923f76b781be,c02fcb92-2247-4064-8ba9-5284008c5615,EC Bela Vista,⚪,0,0,0,0,0,0,0,50,2026-04-30 23:00:09.041571+00,1000000,t,60,Brasil
209ccf17-9327-442d-b2b3-4a40d55c3954,9202e86c-8eb3-442d-b889-923f76b781be,1022222c-797c-4e52-9b62-9d745d99158b,Clube Cruz Alta,🟣,0,0,0,0,0,0,0,50,2026-04-30 23:00:09.041571+00,1000000,t,70,Brasil
b86ef5e4-c3e0-45e1-a62e-f078e86b03b6,05c592cb-5979-47b3-8dfe-47339b7e8eaf,c7f829a5-d618-45b0-bfa7-cbda5916e23b,AC Morro Alto,🦁,0,0,0,0,0,0,0,50,2026-04-29 23:00:03.556618+00,1000000,t,80,Brasil
1bb2fb07-694d-4841-bbe7-d2144f2e4768,5b73470f-df85-4ecd-9d9e-63f21aa07e7f,ec81e6ab-28f7-4dc3-aee1-640ad3716c9b,Esporte Serra Alta,🔴,0,0,0,0,0,0,0,50,2026-04-30 23:00:06.960436+00,1000000,t,77,Brasil
5e766f16-1039-484f-9b12-a903c64a2dc3,5b73470f-df85-4ecd-9d9e-63f21aa07e7f,ad162c74-fe7d-44cf-bbc1-6bb27a435a17,Sport Vale Verde,🔵,0,0,0,0,0,0,0,50,2026-04-30 23:00:06.960436+00,1000000,t,83,Brasil
8043042e-ee61-4225-97c8-1edc0c7bd873,5b73470f-df85-4ecd-9d9e-63f21aa07e7f,d9406f7d-caa0-45bc-a748-9d2cf028961b,União Pedra Branca,🟢,0,0,0,0,0,0,0,50,2026-04-30 23:00:06.960436+00,1000000,t,90,Brasil
bb4016a1-af0e-4425-b05e-8942f21c7873,5b73470f-df85-4ecd-9d9e-63f21aa07e7f,4a89c79b-4982-47f6-a9b2-ee529b930c49,Real Lagoa Santa,🟡,0,0,0,0,0,0,0,50,2026-04-30 23:00:06.960436+00,1000000,t,81,Brasil
73623b6a-dfea-4e21-8068-b4cad771ea2f,5b73470f-df85-4ecd-9d9e-63f21aa07e7f,1e7ea29b-b9ac-4a3c-b353-36e85d26c7c1,Inter Porto Alegre,⚫,0,0,0,0,0,0,0,50,2026-04-30 23:00:06.960436+00,1000000,t,86,Brasil
db22c388-79c9-438d-983b-d55bc58bc888,5b73470f-df85-4ecd-9d9e-63f21aa07e7f,4f88893c-9ce2-47b8-a652-d0155cc302f7,Nacional Bela Vista,⚪,0,0,0,0,0,0,0,50,2026-04-30 23:00:06.960436+00,1000000,t,89,Brasil
c9e6d975-359e-4e23-867a-a646ce5ea4be,5b73470f-df85-4ecd-9d9e-63f21aa07e7f,11a6cb2d-1f0b-47f7-8a6d-6271c5d11245,Sporting Cruz Alta,🟣,0,0,0,0,0,0,0,50,2026-04-30 23:00:06.960436+00,1000000,t,87,Brasil
35883223-d7f7-4e17-bfa2-cf2492ea319e,5b73470f-df85-4ecd-9d9e-63f21aa07e7f,1eff892e-0d6f-44d6-a326-1609f025a2d8,Racing Santo Amaro,🟠,0,0,0,0,0,0,0,50,2026-04-30 23:00:06.960436+00,1000000,t,85,Brasil
45de92f0-ae8a-4ca0-ba8b-37a62df1a722,5b73470f-df85-4ecd-9d9e-63f21aa07e7f,64e7f5d8-93d2-4442-b698-1bdbac0cb5fa,Olimpia Jardim,⚽,0,0,0,0,0,0,0,50,2026-04-30 23:00:06.960436+00,1000000,t,78,Brasil
db68c936-ef01-4597-ae4a-32ecbd11e03e,5b73470f-df85-4ecd-9d9e-63f21aa07e7f,a6256314-9473-43b3-99fa-e23924f5a10b,Estrela São Miguel,🏟️,0,0,0,0,0,0,0,50,2026-04-30 23:00:06.960436+00,1000000,t,84,Brasil
5440af3c-249a-4c65-b156-ab263e1bc312,5b73470f-df85-4ecd-9d9e-63f21aa07e7f,93ffd955-c6bf-4adf-8e18-3aa1d6503df6,FC Boa Vista,🦅,0,0,0,0,0,0,0,50,2026-04-30 23:00:06.960436+00,1000000,t,78,Brasil
9a4f7a28-42a2-40ba-a8f4-40d87f42daea,5b73470f-df85-4ecd-9d9e-63f21aa07e7f,f9e44603-00bd-4e5b-a2cf-973c73b6a67f,SC Alto da Serra,🐺,0,0,0,0,0,0,0,50,2026-04-30 23:00:06.960436+00,1000000,t,86,Brasil
fc8940b5-a3cb-4092-aded-206c61696324,5b73470f-df85-4ecd-9d9e-63f21aa07e7f,1b9577db-7da7-4c2d-9bc2-f30d7c75a2f5,AC Morro Alto,🦁,0,0,0,0,0,0,0,50,2026-04-30 23:00:06.960436+00,1000000,t,78,Brasil
7358b1da-14a9-49a6-a8ca-670f395a17f2,5b73470f-df85-4ecd-9d9e-63f21aa07e7f,de2452d9-56ad-429f-a549-c461171c5c02,EC Ponta Grossa,🐂,0,0,0,0,0,0,0,50,2026-04-30 23:00:06.960436+00,1000000,t,77,Brasil
4a4013a6-68ce-4417-9294-61690b5a52c8,ca6155f3-38e7-4738-b2a1-5f3d35c28584,d5aa9990-46c4-4550-a8a0-cb8d1c4dcc69,União Nova Esperança,⚽,0,0,0,0,0,0,0,50,2026-04-30 23:00:07.130508+00,1000000,t,63,Brasil
b249f00c-27bc-4f65-abc9-f1b4921ebfda,ca6155f3-38e7-4738-b2a1-5f3d35c28584,f18d6e3b-2381-4b20-b689-1d2e9fb45fec,Real Sol Nascente,🏟️,0,0,0,0,0,0,0,50,2026-04-30 23:00:07.130508+00,1000000,t,55,Brasil
3dd98d0e-b8ee-4ebd-98f1-87bfe1fd0615,ca6155f3-38e7-4738-b2a1-5f3d35c28584,63770a51-72d6-48e3-81e2-5dbb284caa49,Inter Vila Rica,🦅,0,0,0,0,0,0,0,50,2026-04-30 23:00:07.130508+00,1000000,t,65,Brasil
b80696da-a152-48ca-a03b-1cf1ea2cf6aa,ca6155f3-38e7-4738-b2a1-5f3d35c28584,fbb67696-d05e-44cb-821c-49a724c25f0c,Nacional Monte Azul,🐺,0,0,0,0,0,0,0,50,2026-04-30 23:00:07.130508+00,1000000,t,65,Brasil
f8b4764d-2faa-4ca6-8b07-2e5077b73f1c,ca6155f3-38e7-4738-b2a1-5f3d35c28584,1c2d55fd-2304-495e-a7b9-bfae37f9a81f,Sporting Rio Claro,🦁,0,0,0,0,0,0,0,50,2026-04-30 23:00:07.130508+00,1000000,t,59,Brasil
83b1d35e-796e-4cb6-85cf-a9b7de26584e,ca6155f3-38e7-4738-b2a1-5f3d35c28584,1dd1588e-fbfa-4a8e-88c4-dd065072e4ef,Racing Campo Grande,🐂,0,0,0,0,0,0,0,50,2026-04-30 23:00:07.130508+00,1000000,t,61,Brasil
5b69fe75-cd0a-415b-8525-d941f94fba33,ca6155f3-38e7-4738-b2a1-5f3d35c28584,b47cb853-4794-4bd0-a2ac-8e20f44b3d83,Olimpia Serra Alta,🔴,0,0,0,0,0,0,0,50,2026-04-30 23:00:07.130508+00,1000000,t,63,Brasil
8c815cd6-31d7-4387-a186-d7490919a726,ca6155f3-38e7-4738-b2a1-5f3d35c28584,bafe59dc-ff04-4fba-8dea-bddc9dec574b,Estrela Vale Verde,🔵,0,0,0,0,0,0,0,50,2026-04-30 23:00:07.130508+00,1000000,t,60,Brasil
930679eb-dbcc-40cc-abcd-d0c86662f6d8,ca6155f3-38e7-4738-b2a1-5f3d35c28584,ad109942-15db-439f-a593-95aa594c849b,FC Pedra Branca,🟢,0,0,0,0,0,0,0,50,2026-04-30 23:00:07.130508+00,1000000,t,63,Brasil
3929c991-123d-4d01-8ccd-e20b61f56696,ca6155f3-38e7-4738-b2a1-5f3d35c28584,bb732f58-4bb3-4cbf-a80b-a6be1b0cd196,SC Lagoa Santa,🟡,0,0,0,0,0,0,0,50,2026-04-30 23:00:07.130508+00,1000000,t,68,Brasil
26988485-84e0-4015-81a5-74616e0c39c9,ca6155f3-38e7-4738-b2a1-5f3d35c28584,8e26eaff-a26b-440d-b9e5-369c1d4ff5f7,AC Porto Alegre,⚫,0,0,0,0,0,0,0,50,2026-04-30 23:00:07.130508+00,1000000,t,62,Brasil
200f6393-b8e1-421d-be1b-c519703eaa10,ca6155f3-38e7-4738-b2a1-5f3d35c28584,c69002f5-2ad4-49ad-9bb2-3e12a399f1cd,EC Bela Vista,⚪,0,0,0,0,0,0,0,50,2026-04-30 23:00:07.130508+00,1000000,t,65,Brasil
f0186e4d-9adc-481a-b946-87984a0e72a6,ca6155f3-38e7-4738-b2a1-5f3d35c28584,d9b2588d-28bf-4c58-9355-7570b944d161,Clube Cruz Alta,🟣,0,0,0,0,0,0,0,50,2026-04-30 23:00:07.130508+00,1000000,t,66,Brasil
07acff86-616d-45aa-9e4b-9d55da1f5578,ca6155f3-38e7-4738-b2a1-5f3d35c28584,931154fb-b33e-4865-bed6-6fd046cd101b,Atlético Santo Amaro,🟠,0,0,0,0,0,0,0,50,2026-04-30 23:00:07.130508+00,1000000,t,55,Brasil
53ae6c11-9eda-4801-b752-4ea4ecea21c1,ca6155f3-38e7-4738-b2a1-5f3d35c28584,b6dbf845-6faf-4e3d-9793-b693dbaeeba1,Esporte Jardim,⚽,0,0,0,0,0,0,0,50,2026-04-30 23:00:07.130508+00,1000000,t,64,Brasil
03be0132-5a9c-4ff0-923b-1921de4284c7,ca6155f3-38e7-4738-b2a1-5f3d35c28584,ebacf46b-ca58-4885-a61b-31b031609b6f,Sport São Miguel,🏟️,0,0,0,0,0,0,0,50,2026-04-30 23:00:07.130508+00,1000000,t,60,Brasil
a5004de7-8074-44b7-9fe1-57fc8497585c,ca6155f3-38e7-4738-b2a1-5f3d35c28584,cc9b3a57-443b-4598-ac23-1cfb2b357f80,União Boa Vista,🦅,0,0,0,0,0,0,0,50,2026-04-30 23:00:07.130508+00,1000000,t,68,Brasil
468ebddd-50df-4466-bd60-fea096f96afd,ca6155f3-38e7-4738-b2a1-5f3d35c28584,2afc012e-b4bd-4085-b588-fa456888a195,Real Alto da Serra,🐺,0,0,0,0,0,0,0,50,2026-04-30 23:00:07.130508+00,1000000,t,59,Brasil
ed890105-c9b5-4b52-9347-e4937b34176f,ca6155f3-38e7-4738-b2a1-5f3d35c28584,f24652e6-a245-4722-bd25-fd40c4034c74,Inter Morro Alto,🦁,0,0,0,0,0,0,0,50,2026-04-30 23:00:07.130508+00,1000000,t,69,Brasil
eff9bb52-22d4-4c1f-ad87-d66407918da5,ca6155f3-38e7-4738-b2a1-5f3d35c28584,34a58067-76a4-4c69-bfac-73e13ad19578,Nacional Ponta Grossa,🐂,0,0,0,0,0,0,0,50,2026-04-30 23:00:07.130508+00,1000000,t,67,Brasil
8b244616-80f0-40d2-935b-65f8870a0da6,62194cf4-ccc4-4ba8-9225-d06e0dc847e0,a8c0a5f3-3023-43a5-887e-a140363e8890,Clube Nova Esperança,⚽,0,0,0,0,0,0,0,50,2026-04-30 23:00:07.456768+00,1000000,t,68,Brasil
124d4573-7c2c-4d2e-8894-732986d3d43e,62194cf4-ccc4-4ba8-9225-d06e0dc847e0,6adaaed7-462c-44df-a158-0328573fa3cc,Atlético Sol Nascente,🏟️,0,0,0,0,0,0,0,50,2026-04-30 23:00:07.456768+00,1000000,t,73,Brasil
58a59234-07a4-4f2e-a563-2ed9d570a552,62194cf4-ccc4-4ba8-9225-d06e0dc847e0,c22d9bb8-6b0d-4f91-bfdc-6714e223116a,Esporte Vila Rica,🦅,0,0,0,0,0,0,0,50,2026-04-30 23:00:07.456768+00,1000000,t,71,Brasil
b2d1163a-8762-4e73-80ec-0ae73982a45b,62194cf4-ccc4-4ba8-9225-d06e0dc847e0,d3aab9e8-4b71-48ea-a502-7eff1f58883f,Sport Monte Azul,🐺,0,0,0,0,0,0,0,50,2026-04-30 23:00:07.456768+00,1000000,t,75,Brasil
8ce2b2a4-86b3-4720-8fba-65c11ba02752,62194cf4-ccc4-4ba8-9225-d06e0dc847e0,f091396c-15ef-46f7-886a-9fc79a489d4a,União Rio Claro,🦁,0,0,0,0,0,0,0,50,2026-04-30 23:00:07.456768+00,1000000,t,79,Brasil
642faa01-e4de-45f9-8559-25ee060a0796,62194cf4-ccc4-4ba8-9225-d06e0dc847e0,3dad1406-f545-4eb2-9a4c-4f0eb409e974,Real Campo Grande,🐂,0,0,0,0,0,0,0,50,2026-04-30 23:00:07.456768+00,1000000,t,72,Brasil
6f9cd7dc-078b-4833-80f1-c97e8f8c8071,62194cf4-ccc4-4ba8-9225-d06e0dc847e0,5ac14994-fb01-4015-ae33-885d51645801,Inter Serra Alta,🔴,0,0,0,0,0,0,0,50,2026-04-30 23:00:07.456768+00,1000000,t,72,Brasil
39dc1f4c-69f1-4b61-8e5c-87b98a2e0ef9,62194cf4-ccc4-4ba8-9225-d06e0dc847e0,c422a892-2932-4c7c-b2e1-e5d4e590f9ba,Nacional Vale Verde,🔵,0,0,0,0,0,0,0,50,2026-04-30 23:00:07.456768+00,1000000,t,71,Brasil
cd6a4795-be18-4597-aa0c-7e282cef7594,62194cf4-ccc4-4ba8-9225-d06e0dc847e0,6acf10f9-67a2-4a97-94a9-8754216033d1,Sporting Pedra Branca,🟢,0,0,0,0,0,0,0,50,2026-04-30 23:00:07.456768+00,1000000,t,74,Brasil
782625a5-cd70-4e1a-8a40-f2f7bbc2bcc9,62194cf4-ccc4-4ba8-9225-d06e0dc847e0,347c99b5-4ce9-4342-bf5f-790b6182248c,Racing Lagoa Santa,🟡,0,0,0,0,0,0,0,50,2026-04-30 23:00:07.456768+00,1000000,t,66,Brasil
5e22bcac-5bc3-4272-84c3-7e24bfb5a238,62194cf4-ccc4-4ba8-9225-d06e0dc847e0,491333b6-cd8d-4eb7-9f5b-e5fac22ca1e9,Olimpia Porto Alegre,⚫,0,0,0,0,0,0,0,50,2026-04-30 23:00:07.456768+00,1000000,t,70,Brasil
33e19d2f-1168-479d-9c7b-2592fc719584,62194cf4-ccc4-4ba8-9225-d06e0dc847e0,567a897f-cf23-4b05-9742-92eb095482b6,Estrela Bela Vista,⚪,0,0,0,0,0,0,0,50,2026-04-30 23:00:07.456768+00,1000000,t,76,Brasil
2282bbc1-a7fb-4a5e-af69-c1f7b07bfa45,62194cf4-ccc4-4ba8-9225-d06e0dc847e0,d3c851e5-2c40-4074-91bb-38ca393404c9,FC Cruz Alta,🟣,0,0,0,0,0,0,0,50,2026-04-30 23:00:07.456768+00,1000000,t,73,Brasil
544ec64b-6e1d-4271-b014-1122bd8eab80,62194cf4-ccc4-4ba8-9225-d06e0dc847e0,9273d19f-7cf0-4414-9028-21618429d095,SC Santo Amaro,🟠,0,0,0,0,0,0,0,50,2026-04-30 23:00:07.456768+00,1000000,t,77,Brasil
ca7db4c7-7dbd-40de-8e43-205afe260c5a,62194cf4-ccc4-4ba8-9225-d06e0dc847e0,c6838c96-5dfb-421c-b831-5ae59993c35c,AC Jardim,⚽,0,0,0,0,0,0,0,50,2026-04-30 23:00:07.456768+00,1000000,t,71,Brasil
02d0b40a-5e96-4107-8b48-d06b7cdea3ee,62194cf4-ccc4-4ba8-9225-d06e0dc847e0,3cbf0f9f-f1c6-4bae-81f4-5d46b9f07e4c,EC São Miguel,🏟️,0,0,0,0,0,0,0,50,2026-04-30 23:00:07.456768+00,1000000,t,79,Brasil
e37089a2-95b1-4e37-87ef-a51ec493a2ef,3653cfca-8137-4c58-a86f-8cc76d7b0a9d,c26c29fc-eee3-4ae3-8e25-df07ea040000,Clube Boa Vista,🦅,0,0,0,0,0,0,0,50,2026-04-30 23:00:07.052527+00,1000000,t,68,Brasil
e7859699-43a3-4837-8dad-051c2fae4394,7bd2849a-dfaf-47a1-9eed-968363017bef,de736e7f-23e3-4cce-ad75-e5e4c4913676,Atlético Campo Grande,🐂,0,0,0,0,0,0,0,50,2026-04-28 23:00:03.310025+00,1000000,t,76,Brasil
5283b662-20a1-429b-b4b5-a855b7c7df77,7bd2849a-dfaf-47a1-9eed-968363017bef,a1d9e5d9-cb02-4769-a21b-9dd5f8bcadd3,Esporte Serra Alta,🔴,0,0,0,0,0,0,0,50,2026-04-28 23:00:03.337711+00,1000000,t,66,Brasil
c5b2cfcd-8b24-4c24-a549-680d6cd5043b,7bd2849a-dfaf-47a1-9eed-968363017bef,ae6ac848-428f-47d4-abbf-6f3fdca80e46,Sport Vale Verde,🔵,0,0,0,0,0,0,0,50,2026-04-28 23:00:03.362652+00,1000000,t,74,Brasil
aedbf325-2ea1-4000-8089-47768e3d9c54,7bd2849a-dfaf-47a1-9eed-968363017bef,8dfe0129-f09b-4822-86ed-3aaeda521c8f,União Pedra Branca,🟢,0,0,0,0,0,0,0,50,2026-04-28 23:00:03.388233+00,1000000,t,80,Brasil
d315d406-08d2-40b3-8c42-16f697a6392b,7bd2849a-dfaf-47a1-9eed-968363017bef,e045f33a-7b35-4b64-b7fd-d5d99e5ab726,Real Lagoa Santa,🟡,0,0,0,0,0,0,0,50,2026-04-28 23:00:03.41462+00,1000000,t,63,Brasil
7651da09-98e9-4326-bbd1-0232ba19c1a7,7bd2849a-dfaf-47a1-9eed-968363017bef,2eea4e48-cd26-4d92-8ebe-2a7812f47087,Inter Porto Alegre,⚫,0,0,0,0,0,0,0,50,2026-04-28 23:00:03.44624+00,1000000,t,66,Brasil
488d1005-92dc-4d65-904a-dc5332fd0e60,7bd2849a-dfaf-47a1-9eed-968363017bef,86514b42-2638-4680-b5c4-fbd06d08cc94,Nacional Bela Vista,⚪,0,0,0,0,0,0,0,50,2026-04-28 23:00:03.469935+00,1000000,t,67,Brasil
50901ad4-5e75-4117-8434-ab3982b22a99,7bd2849a-dfaf-47a1-9eed-968363017bef,3ca78f54-cf4a-472f-8362-d05f543b1791,Sporting Cruz Alta,🟣,0,0,0,0,0,0,0,50,2026-04-28 23:00:03.497929+00,1000000,t,73,Brasil
9dad8bf4-f5b3-43b4-aa1c-b6324e09f3d6,7bd2849a-dfaf-47a1-9eed-968363017bef,65257472-bdd7-4cd3-9d33-8ed4b4878870,Racing Santo Amaro,🟠,0,0,0,0,0,0,0,50,2026-04-28 23:00:03.527194+00,1000000,t,66,Brasil
c0cf3d90-f321-4435-8968-fc8f81846cd5,7bd2849a-dfaf-47a1-9eed-968363017bef,70e213d0-4466-4690-b880-c7bdccec4a77,Olimpia Jardim,⚽,0,0,0,0,0,0,0,50,2026-04-28 23:00:03.554536+00,1000000,t,79,Brasil
f43c1ba1-525d-4705-bde2-be8c569806e4,7bd2849a-dfaf-47a1-9eed-968363017bef,859c25b8-fb4e-4f57-83ab-cf506fb37d45,Estrela São Miguel,🏟️,0,0,0,0,0,0,0,50,2026-04-28 23:00:03.588557+00,1000000,t,71,Brasil
2a50fc67-4b8d-44db-b164-8cb523195a1a,7bd2849a-dfaf-47a1-9eed-968363017bef,2d23c47a-3cb9-4375-aac6-1f9d537c450f,FC Boa Vista,🦅,0,0,0,0,0,0,0,50,2026-04-28 23:00:03.623266+00,1000000,t,64,Brasil
1b6f9575-7a14-4a06-9a2c-54b0887a7d89,7bd2849a-dfaf-47a1-9eed-968363017bef,9eb0b290-f36f-4fee-aa5f-414d0dc41e4a,SC Alto da Serra,🐺,0,0,0,0,0,0,0,50,2026-04-28 23:00:03.651637+00,1000000,t,67,Brasil
45b48570-5bb9-41ae-ac83-a715d7dc85ae,7bd2849a-dfaf-47a1-9eed-968363017bef,ed957b40-73dc-4293-b106-056ef291c86a,AC Morro Alto,🦁,0,0,0,0,0,0,0,50,2026-04-28 23:00:03.677729+00,1000000,t,71,Brasil
9a84836d-a46e-4817-8c7c-4f63c8efbd05,7bd2849a-dfaf-47a1-9eed-968363017bef,d179c436-90af-469d-bf14-f6ce8d8bf6d4,EC Ponta Grossa,🐂,0,0,0,0,0,0,0,50,2026-04-28 23:00:03.703381+00,1000000,t,65,Brasil
92092808-525d-4cd4-b502-bb9311454e7e,1dcf059e-0174-4de5-8d58-25095b029123,e8ea802a-fe1a-47dd-ae62-2b9b0b5abb3d,FC Nova Esperança,⚽,0,0,0,0,0,0,0,50,2026-04-28 23:00:03.785699+00,1000000,t,79,Brasil
12e606c1-294c-4410-9bf8-1c40e0a23632,1dcf059e-0174-4de5-8d58-25095b029123,d06ca4dd-8659-4e19-b609-1479522ed849,SC Sol Nascente,🏟️,0,0,0,0,0,0,0,50,2026-04-28 23:00:03.813405+00,1000000,t,77,Brasil
5a10dc36-40b1-4be6-9f6d-bfc418bd0001,1dcf059e-0174-4de5-8d58-25095b029123,6f582c22-a638-4c6e-b20c-c9c2ad0372a6,AC Vila Rica,🦅,0,0,0,0,0,0,0,50,2026-04-28 23:00:03.836817+00,1000000,t,61,Brasil
47b436c7-a36b-4a5b-914c-a373ead9ff1d,1dcf059e-0174-4de5-8d58-25095b029123,344e994b-3132-4cc5-9af1-38be15e9a2db,EC Monte Azul,🐺,0,0,0,0,0,0,0,50,2026-04-28 23:00:03.862097+00,1000000,t,76,Brasil
66e186c3-ab3d-4cd4-bcf7-0623b3085db0,1dcf059e-0174-4de5-8d58-25095b029123,081c3b16-7745-41a1-ad2d-7f7b7914739e,Clube Rio Claro,🦁,0,0,0,0,0,0,0,50,2026-04-28 23:00:03.886234+00,1000000,t,69,Brasil
3372aa18-ba6a-46f5-9b00-1366e1c54b1d,1dcf059e-0174-4de5-8d58-25095b029123,36cb9065-dc59-4ec8-a5f2-75d8c09352fd,Atlético Campo Grande,🐂,0,0,0,0,0,0,0,50,2026-04-28 23:00:03.908792+00,1000000,t,72,Brasil
6a5237f9-7e95-44a8-bc0d-77e907a24717,1dcf059e-0174-4de5-8d58-25095b029123,3a387e22-b82b-4347-a73a-d52c285aa5e8,Esporte Serra Alta,🔴,0,0,0,0,0,0,0,50,2026-04-28 23:00:03.93496+00,1000000,t,62,Brasil
d2c14489-ace8-4a7d-ad14-cb160fd848e5,1dcf059e-0174-4de5-8d58-25095b029123,f49bf9ac-5e90-4290-a917-87bd2f3c3134,Sport Vale Verde,🔵,0,0,0,0,0,0,0,50,2026-04-28 23:00:03.95899+00,1000000,t,73,Brasil
822854f3-ed93-4b59-8a0e-d4a709fb8e77,1dcf059e-0174-4de5-8d58-25095b029123,e509ad74-0fa2-4d58-acdd-69d17632588d,União Pedra Branca,🟢,0,0,0,0,0,0,0,50,2026-04-28 23:00:03.983555+00,1000000,t,66,Brasil
d2afe982-589d-4498-81e0-40285fc7dbf3,1dcf059e-0174-4de5-8d58-25095b029123,f0fac1f1-ce82-462c-b58b-0ff20029d2b3,Real Lagoa Santa,🟡,0,0,0,0,0,0,0,50,2026-04-28 23:00:04.008879+00,1000000,t,70,Brasil
c2ddd9e0-1ae7-4d17-856b-47357fcac253,1dcf059e-0174-4de5-8d58-25095b029123,c4cdded2-f9b6-4e05-b10a-b2f087c65d0c,Inter Porto Alegre,⚫,0,0,0,0,0,0,0,50,2026-04-28 23:00:04.039963+00,1000000,t,80,Brasil
c12966ff-53d7-4346-b077-77441b23c5b0,1dcf059e-0174-4de5-8d58-25095b029123,029e09a9-6aac-4924-8bd2-8425f5fda5b2,Nacional Bela Vista,⚪,0,0,0,0,0,0,0,50,2026-04-28 23:00:04.068417+00,1000000,t,78,Brasil
58359978-5c84-4a99-b05f-8f8453506624,1dcf059e-0174-4de5-8d58-25095b029123,39b1d561-009c-457a-abee-dc46a438909c,Sporting Cruz Alta,🟣,0,0,0,0,0,0,0,50,2026-04-28 23:00:04.094352+00,1000000,t,76,Brasil
baec9d96-a937-45ca-9d3f-0cc108eb6825,1dcf059e-0174-4de5-8d58-25095b029123,506f4025-41d3-4e16-9cd7-4acc79f50b5a,Racing Santo Amaro,🟠,0,0,0,0,0,0,0,50,2026-04-28 23:00:04.119914+00,1000000,t,60,Brasil
6befb319-fe85-4371-a1f1-4d3f03c30fad,1dcf059e-0174-4de5-8d58-25095b029123,2b4ff8d9-5c17-43bf-a818-8837db236767,Olimpia Jardim,⚽,0,0,0,0,0,0,0,50,2026-04-28 23:00:04.153292+00,1000000,t,73,Brasil
3bac7f03-d9e5-4504-b089-30a2341b5d35,1dcf059e-0174-4de5-8d58-25095b029123,e973f4b0-fc92-4b74-943e-aecad2e79e92,Estrela São Miguel,🏟️,0,0,0,0,0,0,0,50,2026-04-28 23:00:04.177884+00,1000000,t,74,Brasil
108933b0-f3b0-4f63-a451-bcc08fadff36,1dcf059e-0174-4de5-8d58-25095b029123,919e80c1-bd2f-488c-9e99-d621f7aefc3c,FC Boa Vista,🦅,0,0,0,0,0,0,0,50,2026-04-28 23:00:04.204399+00,1000000,t,73,Brasil
81df7c69-9965-40ee-9bc3-efe78e29a34d,1dcf059e-0174-4de5-8d58-25095b029123,2a3bf1b4-f287-46f3-87a6-58c6665b4f33,SC Alto da Serra,🐺,0,0,0,0,0,0,0,50,2026-04-28 23:00:04.228937+00,1000000,t,78,Brasil
b6a5b67c-83e2-453a-9a79-137db9a22a86,1dcf059e-0174-4de5-8d58-25095b029123,9fab7991-9e59-4413-a2dd-603fab4a3e31,AC Morro Alto,🦁,0,0,0,0,0,0,0,50,2026-04-28 23:00:04.261205+00,1000000,t,80,Brasil
a722ae6e-6e9c-41e2-8459-c09532c4423d,1dcf059e-0174-4de5-8d58-25095b029123,91c4e086-d802-4e1f-94a8-4af3e57c22b5,EC Ponta Grossa,🐂,0,0,0,0,0,0,0,50,2026-04-28 23:00:04.290697+00,1000000,t,71,Brasil
1f33d86d-f290-4d45-be57-b76dd66b268d,fadd72c9-8c42-4a14-8a36-7526799fe528,589c0cc0-b8ea-439d-93b0-985ac82f7f04,FC Nova Esperança,⚽,0,0,0,0,0,0,0,50,2026-04-28 23:00:04.376043+00,1000000,t,75,Brasil
e529980c-8e22-485f-89f2-0ad61c03378c,fadd72c9-8c42-4a14-8a36-7526799fe528,3a44baba-34e5-4b21-bab3-49d959c5a703,SC Sol Nascente,🏟️,0,0,0,0,0,0,0,50,2026-04-28 23:00:04.403183+00,1000000,t,68,Brasil
6605c022-12dc-4b2f-965d-d52f8aa78b87,fadd72c9-8c42-4a14-8a36-7526799fe528,6f604c3c-1bfd-427f-a79d-d629b30470ce,AC Vila Rica,🦅,0,0,0,0,0,0,0,50,2026-04-28 23:00:04.432623+00,1000000,t,76,Brasil
1e9253dd-c9e8-43cd-ae0e-df9e429bfad6,fadd72c9-8c42-4a14-8a36-7526799fe528,788c7752-2075-4a7d-af28-bf222d726fc1,EC Monte Azul,🐺,0,0,0,0,0,0,0,50,2026-04-28 23:00:04.458963+00,1000000,t,65,Brasil
82d4f5a8-d844-4aae-af8f-d96c9d33e10d,fadd72c9-8c42-4a14-8a36-7526799fe528,51e4609d-e2af-446c-b7ce-9f0e3ca8716a,Clube Rio Claro,🦁,0,0,0,0,0,0,0,50,2026-04-28 23:00:04.491836+00,1000000,t,66,Brasil
e8ec3a5e-5bfd-4a6e-987e-00ebca3ad290,fadd72c9-8c42-4a14-8a36-7526799fe528,73f978dd-e4c6-476f-862d-572b2735c1ca,Real Lagoa Santa,🟡,0,0,0,0,0,0,0,50,2026-04-28 23:00:04.619391+00,1000000,t,63,Brasil
aa034dfa-e136-4d83-b2c9-4fc59427962b,ed9c27a0-da4b-478e-96fe-f3d497b8f0d7,ba4f5519-eba5-4f79-912f-a55d2585e7d2,FC Nova Esperança,⚽,0,0,0,0,0,0,0,50,2026-04-28 23:00:04.967796+00,1000000,t,76,Brasil
52860a8a-f39e-46f5-a8f7-37a54803caec,ed9c27a0-da4b-478e-96fe-f3d497b8f0d7,d79c3c0f-4a26-4616-9e5c-8bb9c71eb91a,Olimpia Jardim,⚽,0,0,0,0,0,0,0,50,2026-04-28 23:00:05.341843+00,1000000,t,62,Brasil
c2e8d4fe-515d-4f16-ab73-8def522f6122,2432f3ef-2a23-458a-b97b-034681e0ef0e,f3400c40-b97c-48ef-8535-3aee8b091333,SC Sol Nascente,🏟️,0,0,0,0,0,0,0,50,2026-04-28 23:00:05.583358+00,1000000,t,78,Brasil
f93d8cf4-e83a-4268-a5fc-59dfa2b83880,2432f3ef-2a23-458a-b97b-034681e0ef0e,781f2396-180a-4e19-8c09-e8bdf62cf136,Atlético Campo Grande,🐂,0,0,0,0,0,0,0,50,2026-04-28 23:00:05.698323+00,1000000,t,79,Brasil
f65d47e6-6733-4eb4-83ad-8d3afa51f3dd,2432f3ef-2a23-458a-b97b-034681e0ef0e,241b21bc-bd5d-49cf-9abb-ac31193cee8f,Estrela São Miguel,🏟️,0,0,0,0,0,0,0,50,2026-04-28 23:00:05.9486+00,1000000,t,74,Brasil
4f9eed1c-fd01-47a6-bead-dd26f2eda420,ad03d6d7-8062-4bf7-b67e-cef3ed0290f1,4e5b3399-e812-4940-ba62-ff3547d97c06,AC Vila Rica,🦅,0,0,0,0,0,0,0,50,2026-04-28 23:00:06.180148+00,1000000,t,60,Brasil
d0c3f1ea-f63a-49e7-8d62-0dbf0eb96d37,ad03d6d7-8062-4bf7-b67e-cef3ed0290f1,289ca609-57ec-45fd-844b-2bb6881538a6,Estrela São Miguel,🏟️,0,0,0,0,0,0,0,50,2026-04-28 23:00:06.503817+00,1000000,t,74,Brasil
98a43a2d-3f78-4d84-9112-5e484388dc80,c7f453f5-0a45-4633-b967-e0f7fb07027c,b293c101-82c3-4e3d-be93-c85ba791bf26,AC Vila Rica,🦅,0,0,0,0,0,0,0,50,2026-04-28 23:00:06.727958+00,1000000,t,68,Brasil
533bda49-a6e7-48d0-8a58-d3fcf49bdd4d,c7f453f5-0a45-4633-b967-e0f7fb07027c,21928324-d667-404b-b0a0-0dcd01473e2b,Sport Vale Verde,🔵,0,0,0,0,0,0,0,50,2026-04-28 23:00:06.848366+00,1000000,t,69,Brasil
e5fe0fd1-76a0-4dfd-b917-cb7aaafd1329,c7f453f5-0a45-4633-b967-e0f7fb07027c,5d8210a5-11d5-4742-8978-17bd1ea586ba,Sporting Cruz Alta,🟣,0,0,0,0,0,0,0,50,2026-04-28 23:00:06.982117+00,1000000,t,77,Brasil
ed793140-b057-4933-95e4-f5d139543080,c7f453f5-0a45-4633-b967-e0f7fb07027c,2558ec47-7c6b-4a2c-831f-a6cd303a907d,SC Alto da Serra,🐺,0,0,0,0,0,0,0,50,2026-04-28 23:00:07.11913+00,1000000,t,63,Brasil
ad771a17-8377-4b8e-9ebf-25fae5868d7d,9f54506a-9700-4dc6-a0a6-f125e87c5411,9e435e32-d025-4f6f-a046-0da8cf97f6f1,AC Morro Alto,🦁,0,0,0,0,0,0,0,50,2026-04-28 23:00:07.707609+00,1000000,t,71,Brasil
40584b03-5a8e-46e8-a1d7-bfde243d9d58,7df44559-1fc7-4fcf-9ba3-e706f6ee305c,0bf3df57-a1dd-4441-b072-9b5d59bf1eaa,Estrela São Miguel,🏟️,0,0,0,0,0,0,0,50,2026-04-28 23:00:08.182304+00,1000000,t,62,Brasil
e7d39f37-f0b9-4406-afbb-f75d5bc02894,e7d75f89-a1ef-43e1-bf30-544d92746b95,7f75a7ec-9e50-4b6f-9428-7b28be155fd0,Olimpia Jardim,⚽,0,0,0,0,0,0,0,50,2026-04-28 23:00:08.737129+00,1000000,t,76,Brasil
d4b331c9-11e1-4b63-96b8-d150c5f3d9f5,e7d75f89-a1ef-43e1-bf30-544d92746b95,4d292701-708f-4473-8d86-06c958b5c721,AC Morro Alto,🦁,0,0,0,0,0,0,0,50,2026-04-28 23:00:08.864531+00,1000000,t,76,Brasil
4f360b3e-af4d-4fd3-b410-04ae838973f9,a997e866-5737-4716-880c-dc83f1bf010d,aa11136a-f9f0-4bc2-b9e5-8d14bcb072f0,SC Sol Nascente,🏟️,0,0,0,0,0,0,0,50,2026-04-28 23:00:08.985206+00,1000000,t,78,Brasil
f3a88c50-7f40-4d23-bec4-50449aa2d74a,a997e866-5737-4716-880c-dc83f1bf010d,8c3f4617-7675-4d05-88dc-27ddfcfde858,Esporte Serra Alta,🔴,0,0,0,0,0,0,0,50,2026-04-28 23:00:09.111185+00,1000000,t,78,Brasil
79d17c0f-74ed-4c7f-b3e5-b851a1754cb1,a997e866-5737-4716-880c-dc83f1bf010d,78a56c1d-50ee-4963-a043-13d1ce6d91d4,Nacional Bela Vista,⚪,0,0,0,0,0,0,0,50,2026-04-28 23:00:09.234677+00,1000000,t,65,Brasil
9241b3bb-1ab2-47a9-b89a-1bb384281217,168bdc91-91cf-47aa-8bdf-252bcafff559,7e2c0475-fcc3-4f47-a114-34d550438a60,União Pedra Branca,🟢,0,0,0,0,0,0,0,50,2026-04-28 23:00:09.73974+00,1000000,t,80,Brasil
4ed7f26a-6fcd-4e62-841f-e363d80fb066,390cc26d-d714-4373-9e2c-c73b25711bb6,bc908fc6-a69c-41df-98b0-dd862f51816b,FC Nova Esperança,⚽,0,0,0,0,0,0,0,50,2026-04-28 23:00:10.089754+00,1000000,t,72,Brasil
779eef3b-f5d1-47bf-8369-bc83bd5a327c,390cc26d-d714-4373-9e2c-c73b25711bb6,fc534660-3c2c-4d93-8ead-df08428e503f,Esporte Serra Alta,🔴,0,0,0,0,0,0,0,50,2026-04-28 23:00:10.244852+00,1000000,t,77,Brasil
5e86381c-6d98-4435-a588-e2db2d817f46,390cc26d-d714-4373-9e2c-c73b25711bb6,adc95bfb-29ef-42e0-8451-2e42007e2aac,Inter Porto Alegre,⚫,0,0,0,0,0,0,0,50,2026-04-28 23:00:10.355737+00,1000000,t,69,Brasil
fd751f83-8138-4313-a882-001da02f6984,390cc26d-d714-4373-9e2c-c73b25711bb6,0fc38be6-3055-4823-b858-2ea193029d44,Estrela São Miguel,🏟️,0,0,0,0,0,0,0,50,2026-04-28 23:00:10.477683+00,1000000,t,65,Brasil
714eb91d-19ff-4e6e-bb50-83c4ff79b250,590f934b-1ecb-4188-ab95-5b8d92e7f990,35eeb335-0fed-47fc-bf74-b8d1dce845e6,Sporting Cruz Alta,🟣,0,0,0,0,0,0,0,50,2026-04-28 23:00:11.520702+00,1000000,t,62,Brasil
a11d117f-4c6c-49d6-ba21-fb00c0f6f6ee,590f934b-1ecb-4188-ab95-5b8d92e7f990,7c03ccc0-80a3-4dbf-aebf-4de907e2ca7a,SC Alto da Serra,🐺,0,0,0,0,0,0,0,50,2026-04-28 23:00:11.656679+00,1000000,t,67,Brasil
6056e46c-3598-4075-a9a9-db74b39bfb3e,04cfcb07-7ca4-407c-bef6-0ff5b8537b17,d2aee8ee-be4d-4860-a4a4-340a5215067b,Atlético Campo Grande,🐂,0,0,0,0,0,0,0,50,2026-04-28 23:00:12.475848+00,1000000,t,63,Brasil
adae3bb4-ae00-4d88-9a26-3167b401b7cc,04cfcb07-7ca4-407c-bef6-0ff5b8537b17,4a4e0f3b-d4b9-444f-a113-e7155c30aecf,Inter Porto Alegre,⚫,0,0,0,0,0,0,0,50,2026-04-28 23:00:12.592283+00,1000000,t,65,Brasil
35808e0f-d51c-442e-ad5c-c2cd3b64bca7,04cfcb07-7ca4-407c-bef6-0ff5b8537b17,17ea253c-361e-488e-954d-dd2f319d4412,Estrela São Miguel,🏟️,0,0,0,0,0,0,0,50,2026-04-28 23:00:12.707687+00,1000000,t,62,Brasil
7622674f-20eb-4203-be6d-ff4743f1db1d,1f42bcc3-fbee-4e20-8b4a-2d0c96f5e59b,ee640bb3-2455-4b63-9396-2228d2404868,Real Lagoa Santa,🟡,0,0,0,0,0,0,0,50,2026-04-28 23:00:13.650701+00,1000000,t,63,Brasil
03726215-0319-406f-8ffd-18e85200aa59,497bd4a2-4ffe-4974-a481-2ffb088cd9c0,2f8d1436-0ec1-497d-a300-1abee68aea77,Esporte Serra Alta,🔴,0,0,0,0,0,0,0,50,2026-04-28 23:00:14.129124+00,1000000,t,79,Brasil
65f448b5-e091-445c-8f10-91d46f58ef14,497bd4a2-4ffe-4974-a481-2ffb088cd9c0,f4a6a6c1-ae7e-442f-bd67-04cccbcb18f8,Inter Porto Alegre,⚫,0,0,0,0,0,0,0,50,2026-04-28 23:00:14.233387+00,1000000,t,66,Brasil
8ca6a278-6f52-4183-bdc1-c4582749be38,148b6e11-44da-4df2-a402-3d5f99f317d2,7843ec85-7357-44a3-9b8f-5b4cbe524b2e,AC Vila Rica,🦅,0,0,0,0,0,0,0,50,2026-04-28 23:00:14.599528+00,1000000,t,66,Brasil
b13c9786-e0d5-4768-8089-d20e4ffec599,148b6e11-44da-4df2-a402-3d5f99f317d2,ba526ad8-e7bc-44ed-9dc1-75bd3abd4ac8,Olimpia Jardim,⚽,0,0,0,0,0,0,0,50,2026-04-28 23:00:14.998539+00,1000000,t,62,Brasil
86d16768-01ac-42b5-af83-67a530ab1083,148b6e11-44da-4df2-a402-3d5f99f317d2,6ced12fd-02b5-4b4f-a675-d5099878069b,EC Ponta Grossa,🐂,0,0,0,0,0,0,0,50,2026-04-28 23:00:15.114435+00,1000000,t,67,Brasil
4d57da8c-9497-47dc-98a9-98adf7e9e34c,a9e12894-c3eb-40ea-94ff-f41f397ec9d6,0f77b546-9edc-4da6-b597-b35fa8c6f568,Esporte Serra Alta,🔴,0,0,0,0,0,0,0,50,2026-04-28 23:00:15.32939+00,1000000,t,68,Brasil
43b3adf9-fd92-4ef0-b3a5-5e9494df693b,79fd5a8f-df18-451a-b5f3-67fb78b6493e,53cbfab1-f199-491c-b202-35eeb6e47ef1,Atlético Campo Grande,🐂,0,0,0,0,0,0,0,50,2026-04-28 23:00:15.823696+00,1000000,t,76,Brasil
255deb86-6816-4d4f-bb6c-759a4f4882e6,79fd5a8f-df18-451a-b5f3-67fb78b6493e,f3f74837-2ea7-487d-aa50-b83f085b9e5d,Estrela São Miguel,🏟️,0,0,0,0,0,0,0,50,2026-04-28 23:00:16.066857+00,1000000,t,66,Brasil
cb74d1b8-1c54-47bb-83b5-7f593a7158d2,50e56f23-d6dd-4883-b1db-0a6fa125aa1c,f3f33d03-0430-4e86-8692-916e76d25c44,EC Monte Azul,🐺,0,0,0,0,0,0,0,50,2026-04-28 23:00:16.32647+00,1000000,t,64,Brasil
2394fdd3-fd0d-45a2-b694-9d6c1ce56509,50e56f23-d6dd-4883-b1db-0a6fa125aa1c,31086db3-87fa-4e96-858b-93333a86fcb4,Racing Santo Amaro,🟠,0,0,0,0,0,0,0,50,2026-04-28 23:00:16.565609+00,1000000,t,76,Brasil
3ea39074-9ff1-43aa-9f3d-6af5097dd802,d4fca163-5dc9-461d-a5eb-a2af84f1134f,af6dbe52-b6a1-4577-8d96-2358769febe9,SC Sol Nascente,🏟️,0,0,0,0,0,0,0,50,2026-04-28 23:00:16.802166+00,1000000,t,68,Brasil
c5a758c3-a75b-4d61-9b68-319ad89457ae,d4fca163-5dc9-461d-a5eb-a2af84f1134f,791a33a6-4523-4f3f-8e48-e6a3add9812b,Nacional Bela Vista,⚪,0,0,0,0,0,0,0,50,2026-04-28 23:00:17.063931+00,1000000,t,71,Brasil
08ca4245-49c1-47aa-a517-485ad7cdd1c5,e725e3f5-266c-4a65-9089-a209007d81cf,ef4c90ef-d205-4672-aeb0-fc065094a863,Real Lagoa Santa,🟡,0,0,0,0,0,0,0,50,2026-04-28 23:00:17.595444+00,1000000,t,72,Brasil
95b5497e-a6cb-4c2e-835b-387f47876f00,e725e3f5-266c-4a65-9089-a209007d81cf,446905d7-4b2e-429c-a6d0-9a50ff075193,EC Ponta Grossa,🐂,0,0,0,0,0,0,0,50,2026-04-28 23:00:17.836698+00,1000000,t,63,Brasil
755abdc7-0e74-40bd-9c0b-a8f74dd7cd86,bd1384af-2f4d-4e28-bb37-8875ec8b192e,c221bdd7-3b85-4c67-b922-93ba7aa444e2,Sport Vale Verde,🔵,0,0,0,0,0,0,0,50,2026-04-28 23:00:18.098154+00,1000000,t,69,Brasil
4983e764-9e62-4aea-be34-7da4e94692f7,bd1384af-2f4d-4e28-bb37-8875ec8b192e,0e4484de-79a2-4bab-b93f-8c3351297296,SC Alto da Serra,🐺,0,0,0,0,0,0,0,50,2026-04-28 23:00:18.337907+00,1000000,t,78,Brasil
66846270-9f37-40c1-9aad-8aa5f12725ad,f95a8cf9-5061-4ca5-a16d-b3cb450aa604,20b0b792-f158-48a5-b99b-0d653764fc3e,Atlético Campo Grande,🐂,0,0,0,0,0,0,0,50,2026-04-28 23:00:18.594529+00,1000000,t,75,Brasil
c08dff79-3d7f-4084-9328-d49f987a257a,f95a8cf9-5061-4ca5-a16d-b3cb450aa604,3164c50d-bff5-4222-ad69-b97022c69e68,Estrela São Miguel,🏟️,0,0,0,0,0,0,0,50,2026-04-28 23:00:18.844752+00,1000000,t,74,Brasil
2c2339d3-0ed6-47ff-95fe-07fb3588c118,3bae64aa-7f59-49fe-bf6c-65f4da6bfe45,1d967887-5ecc-4a58-9fa5-b5b1f04caa71,EC Monte Azul,🐺,0,0,0,0,0,0,0,50,2026-04-28 23:00:19.087117+00,1000000,t,73,Brasil
5a2a0bbf-fd5f-4357-80a3-5a5558a34c42,3bae64aa-7f59-49fe-bf6c-65f4da6bfe45,40296f5f-de6c-4344-81c1-34223ef512e2,Racing Santo Amaro,🟠,0,0,0,0,0,0,0,50,2026-04-28 23:00:19.356247+00,1000000,t,65,Brasil
ca968b9a-f0b3-42be-b3df-600ecacaa7c7,0cb4ea7a-0640-4e68-a686-24d0eb79315f,fa662893-5dd4-4f37-844e-fe6567dbea6e,SC Sol Nascente,🏟️,0,0,0,0,0,0,0,50,2026-04-28 23:00:19.594529+00,1000000,t,69,Brasil
de1f23e6-c5d1-4130-a2a3-c168e1270682,0cb4ea7a-0640-4e68-a686-24d0eb79315f,ed32572e-93ee-41ba-bba5-d7bbdc2e9abf,Nacional Bela Vista,⚪,0,0,0,0,0,0,0,50,2026-04-28 23:00:19.84317+00,1000000,t,80,Brasil
c16a187f-4120-4f2e-aa82-e7a0c85a257d,0452611e-dfde-4fb8-81f2-4896dac43222,fd35d025-c570-4cae-a4e3-ab9e2af0b4da,Real Lagoa Santa,🟡,0,0,0,0,0,0,0,50,2026-04-28 23:00:20.360401+00,1000000,t,78,Brasil
3139fc86-9b30-4095-98a1-c795c97eae54,fadd72c9-8c42-4a14-8a36-7526799fe528,185c24f3-428c-453b-b503-6d2069dead6e,Atlético Campo Grande,🐂,0,0,0,0,0,0,0,50,2026-04-28 23:00:04.517414+00,1000000,t,69,Brasil
b6e9e507-7bb4-45ee-b851-cddd72626e8f,fadd72c9-8c42-4a14-8a36-7526799fe528,55fb8273-7fa6-4bf1-b33d-9ba1e3b3db77,Olimpia Jardim,⚽,0,0,0,0,0,0,0,50,2026-04-28 23:00:04.754887+00,1000000,t,73,Brasil
b9844a5a-7b96-463a-b228-3f9c32eea079,fadd72c9-8c42-4a14-8a36-7526799fe528,c648cd6e-6080-46dd-954a-b5d9f3e872d3,AC Morro Alto,🦁,0,0,0,0,0,0,0,50,2026-04-28 23:00:04.865045+00,1000000,t,78,Brasil
8b99a4f5-cf52-44b3-ba6f-f9af40f544a1,ed9c27a0-da4b-478e-96fe-f3d497b8f0d7,8ea45cc5-bd9d-47b3-906a-68a711c66ded,Atlético Campo Grande,🐂,0,0,0,0,0,0,0,50,2026-04-28 23:00:05.112709+00,1000000,t,76,Brasil
c249d94b-02c4-4e4c-8ee2-753333256d57,ed9c27a0-da4b-478e-96fe-f3d497b8f0d7,075a3755-ff06-4b69-80df-8cc79cd8522a,Inter Porto Alegre,⚫,0,0,0,0,0,0,0,50,2026-04-28 23:00:05.240506+00,1000000,t,74,Brasil
0fd766a0-41db-4a6f-8de3-16980f5ecade,ed9c27a0-da4b-478e-96fe-f3d497b8f0d7,32a0ad91-3a56-4cd7-a466-a1b50bfb447a,EC Ponta Grossa,🐂,0,0,0,0,0,0,0,50,2026-04-28 23:00:05.47665+00,1000000,t,69,Brasil
d8441ddf-592e-4826-83af-9860b296c1b6,2432f3ef-2a23-458a-b97b-034681e0ef0e,94131ff5-780f-4487-9907-94918bf6664d,Esporte Serra Alta,🔴,0,0,0,0,0,0,0,50,2026-04-28 23:00:05.721278+00,1000000,t,78,Brasil
18d341c7-c743-4c04-8c95-34d6ad190030,2432f3ef-2a23-458a-b97b-034681e0ef0e,2671f451-1989-4a7c-ba52-62e0161af6fe,Nacional Bela Vista,⚪,0,0,0,0,0,0,0,50,2026-04-28 23:00:05.847119+00,1000000,t,60,Brasil
fc68664a-bf5f-4446-a06a-34098b1e5c00,ad03d6d7-8062-4bf7-b67e-cef3ed0290f1,caeb5a5f-cfa5-41ce-b3aa-6f7036afe157,Nacional Bela Vista,⚪,0,0,0,0,0,0,0,50,2026-04-28 23:00:06.407539+00,1000000,t,70,Brasil
a8922b53-7aff-400c-bb24-d82bd9cab5c4,c7f453f5-0a45-4633-b967-e0f7fb07027c,fd773993-4310-416c-8848-647a6e33e648,União Pedra Branca,🟢,0,0,0,0,0,0,0,50,2026-04-28 23:00:06.872913+00,1000000,t,80,Brasil
8fa3a7e3-bc71-4781-a5f8-04ed56ebceb8,9f54506a-9700-4dc6-a0a6-f125e87c5411,9866729d-fad0-4310-9812-b80b66b14879,FC Nova Esperança,⚽,0,0,0,0,0,0,0,50,2026-04-28 23:00:07.245319+00,1000000,t,73,Brasil
9cde881c-325d-4ebc-9e45-151a702441cc,9f54506a-9700-4dc6-a0a6-f125e87c5411,f5e79bc6-1d54-447a-9975-ca1b445d4cec,Atlético Campo Grande,🐂,0,0,0,0,0,0,0,50,2026-04-28 23:00:07.372164+00,1000000,t,70,Brasil
c98f0ad2-90d2-4163-ad3a-630605c9d9da,9f54506a-9700-4dc6-a0a6-f125e87c5411,f0ed1bcf-3791-4acd-bd33-7c79c64e880c,Real Lagoa Santa,🟡,0,0,0,0,0,0,0,50,2026-04-28 23:00:07.486748+00,1000000,t,76,Brasil
dc6aa8bc-3906-42df-9ca6-97faf8302775,9f54506a-9700-4dc6-a0a6-f125e87c5411,6288f375-4cd1-494d-8b8d-92c62140540b,Olimpia Jardim,⚽,0,0,0,0,0,0,0,50,2026-04-28 23:00:07.605336+00,1000000,t,66,Brasil
01515630-f7c0-43b2-98b3-32e552f4edd3,7df44559-1fc7-4fcf-9ba3-e706f6ee305c,56dacd66-0783-4633-a53f-4389cda3f2d8,AC Vila Rica,🦅,0,0,0,0,0,0,0,50,2026-04-28 23:00:07.859817+00,1000000,t,70,Brasil
e7bbc195-1bf8-4138-b8a3-908507c18a7e,7df44559-1fc7-4fcf-9ba3-e706f6ee305c,153bea8c-12ed-4732-8a15-eb29e1482da6,Nacional Bela Vista,⚪,0,0,0,0,0,0,0,50,2026-04-28 23:00:08.086326+00,1000000,t,75,Brasil
c69149bb-e4e2-4ec9-9d84-a5a19656e3b4,e7d75f89-a1ef-43e1-bf30-544d92746b95,17654ca2-aa1f-4210-98a4-db10ddb7dfac,Esporte Serra Alta,🔴,0,0,0,0,0,0,0,50,2026-04-28 23:00:08.522802+00,1000000,t,76,Brasil
5dcf55bf-da56-46cd-8cb1-abf8b6ffcc8e,e7d75f89-a1ef-43e1-bf30-544d92746b95,87e6d509-b69c-4df6-bd10-44f35cbc6664,Estrela São Miguel,🏟️,0,0,0,0,0,0,0,50,2026-04-28 23:00:08.786419+00,1000000,t,72,Brasil
2563976d-f674-46d8-ba57-b82aadd93f15,a997e866-5737-4716-880c-dc83f1bf010d,c9ac7610-8e54-4dc1-a016-77867b7552f3,EC Monte Azul,🐺,0,0,0,0,0,0,0,50,2026-04-28 23:00:09.034608+00,1000000,t,69,Brasil
304b7ecf-2bd5-4d56-b83d-b4ebc5f75fc7,a997e866-5737-4716-880c-dc83f1bf010d,635fa704-c543-4749-a610-df6651be1f99,União Pedra Branca,🟢,0,0,0,0,0,0,0,50,2026-04-28 23:00:09.158201+00,1000000,t,74,Brasil
c9dee333-138f-46ab-aeca-b44877a1410b,a997e866-5737-4716-880c-dc83f1bf010d,891dbbf1-16b1-41c0-b945-0c5bb4cc44e2,Racing Santo Amaro,🟠,0,0,0,0,0,0,0,50,2026-04-28 23:00:09.284582+00,1000000,t,73,Brasil
b976413c-95ef-4e3c-bb24-d808500df7b6,a997e866-5737-4716-880c-dc83f1bf010d,1805470d-b558-4c40-8bbd-3f0503ef170b,AC Morro Alto,🦁,0,0,0,0,0,0,0,50,2026-04-28 23:00:09.419705+00,1000000,t,74,Brasil
b9a6f435-0ee3-4926-83d6-2690808d377e,168bdc91-91cf-47aa-8bdf-252bcafff559,06da9e7b-2333-4d58-b47c-07f5c3c6ce07,SC Sol Nascente,🏟️,0,0,0,0,0,0,0,50,2026-04-28 23:00:09.552174+00,1000000,t,66,Brasil
a83c4032-ca0b-460d-ab86-818a9b6bafa9,7ae83877-7538-4bf4-9bc9-13c4d63cc720,eec487b3-7aa0-4d98-a46f-0dc31e21d58e,Clube Rio Claro,🦁,0,0,0,0,0,0,0,50,2026-04-28 23:00:10.749783+00,1000000,t,74,Brasil
18faa236-a713-431a-8810-25f8c2cab1c4,590f934b-1ecb-4188-ab95-5b8d92e7f990,ba81b0ef-f4d0-4fba-bb1d-e8b24387a781,AC Vila Rica,🦅,0,0,0,0,0,0,0,50,2026-04-28 23:00:11.256098+00,1000000,t,68,Brasil
5d78a6b6-4307-4516-8a9e-415cffb0cd9a,590f934b-1ecb-4188-ab95-5b8d92e7f990,eaf03f0c-2d34-4339-9fef-459482440833,Nacional Bela Vista,⚪,0,0,0,0,0,0,0,50,2026-04-28 23:00:11.49494+00,1000000,t,66,Brasil
f60627bb-444a-4792-9ae3-8e7022a94378,590f934b-1ecb-4188-ab95-5b8d92e7f990,9689728d-1de5-48b6-9a9b-416523b407e8,FC Boa Vista,🦅,0,0,0,0,0,0,0,50,2026-04-28 23:00:11.632775+00,1000000,t,75,Brasil
53b67cff-2907-492b-a86a-7cb1410beff6,2ad56061-91a0-4cac-8c9d-1baf5b90b467,a2909a30-d653-49e4-ad7f-5977af98bd7d,Racing Santo Amaro,🟠,0,0,0,0,0,0,0,50,2026-04-28 23:00:12.130157+00,1000000,t,63,Brasil
92498d62-50c2-4313-9331-40c1f4fe8554,2ad56061-91a0-4cac-8c9d-1baf5b90b467,c12e9849-337c-4f73-a2cf-3645f65fa04c,SC Alto da Serra,🐺,0,0,0,0,0,0,0,50,2026-04-28 23:00:12.23485+00,1000000,t,62,Brasil
08834721-faee-46f3-b0ae-a9acc74ac3ee,04cfcb07-7ca4-407c-bef6-0ff5b8537b17,4df0f8ae-c797-47a5-9fbd-8c5e340c1851,Real Lagoa Santa,🟡,0,0,0,0,0,0,0,50,2026-04-28 23:00:12.568761+00,1000000,t,61,Brasil
bfdf74d5-2259-48b2-b331-142ec6ae1da3,04cfcb07-7ca4-407c-bef6-0ff5b8537b17,6c70cc47-ed89-4b59-806d-440980d353ba,AC Morro Alto,🦁,0,0,0,0,0,0,0,50,2026-04-28 23:00:12.779405+00,1000000,t,76,Brasil
9db7e419-8ec0-41b8-b57b-6aff3ca491ff,83937cfe-e758-45a5-81f4-076e3c03747e,56d92f8a-341c-43d5-a2de-f6c5182daabb,SC Sol Nascente,🏟️,0,0,0,0,0,0,0,50,2026-04-28 23:00:12.911339+00,1000000,t,75,Brasil
1dcca974-e8d5-4a4c-b3f1-534278957384,83937cfe-e758-45a5-81f4-076e3c03747e,1ad3bfa6-ee03-4dbc-9e39-8c99c24872a0,Atlético Campo Grande,🐂,0,0,0,0,0,0,0,50,2026-04-28 23:00:13.009475+00,1000000,t,66,Brasil
4f919a8d-8436-4cb4-a40b-5392205322b8,83937cfe-e758-45a5-81f4-076e3c03747e,0ca35a21-0e80-4bc7-af04-6fc25a1d04fb,Inter Porto Alegre,⚫,0,0,0,0,0,0,0,50,2026-04-28 23:00:13.13367+00,1000000,t,66,Brasil
4f7111bf-a1bc-43b5-bf3e-85753b186a79,83937cfe-e758-45a5-81f4-076e3c03747e,9aba04d3-ea43-474b-afa8-766e0a604124,Estrela São Miguel,🏟️,0,0,0,0,0,0,0,50,2026-04-28 23:00:13.258077+00,1000000,t,68,Brasil
b264f21c-cf2f-4044-bbd5-a1d661629872,83937cfe-e758-45a5-81f4-076e3c03747e,4d4f0f1c-0d8b-4d7c-9877-0cd3dee15a0f,EC Ponta Grossa,🐂,0,0,0,0,0,0,0,50,2026-04-28 23:00:13.362586+00,1000000,t,71,Brasil
44d8fb92-ad5e-43c5-9b92-40ba83392667,1f42bcc3-fbee-4e20-8b4a-2d0c96f5e59b,2c0f3bef-bc41-4bfc-842b-da1e4802dfa0,Sporting Cruz Alta,🟣,0,0,0,0,0,0,0,50,2026-04-28 23:00:13.716891+00,1000000,t,69,Brasil
1691a30b-6816-47e2-84ac-0a8a0cb49d71,497bd4a2-4ffe-4974-a481-2ffb088cd9c0,cde95660-3ac4-4f90-8c0c-cb868dd39582,Clube Rio Claro,🦁,0,0,0,0,0,0,0,50,2026-04-28 23:00:14.084328+00,1000000,t,66,Brasil
0795e2c7-5707-4752-8f88-0ef47f747ff6,148b6e11-44da-4df2-a402-3d5f99f317d2,39926aad-13d0-4348-be34-3d54a3ab2318,Esporte Serra Alta,🔴,0,0,0,0,0,0,0,50,2026-04-28 23:00:14.698202+00,1000000,t,68,Brasil
ff996982-8f8b-428b-8075-d5f584c14af7,148b6e11-44da-4df2-a402-3d5f99f317d2,a233a0fe-f3df-4324-99b7-e72b5510cde0,Sporting Cruz Alta,🟣,0,0,0,0,0,0,0,50,2026-04-28 23:00:14.932191+00,1000000,t,61,Brasil
fa18405f-2fbd-4080-8878-3036d0f5f8e5,148b6e11-44da-4df2-a402-3d5f99f317d2,b0d32305-d8ed-4086-8d67-db12c2a95026,SC Alto da Serra,🐺,0,0,0,0,0,0,0,50,2026-04-28 23:00:15.067771+00,1000000,t,64,Brasil
ed5eaaaa-7fa0-4185-97c3-fe94c8df8016,a9e12894-c3eb-40ea-94ff-f41f397ec9d6,e7685ea3-a747-4de7-ac8f-5228a5e1fcce,FC Nova Esperança,⚽,0,0,0,0,0,0,0,50,2026-04-28 23:00:15.186328+00,1000000,t,80,Brasil
736e1834-2336-468c-95f5-7662fd0c40a5,79fd5a8f-df18-451a-b5f3-67fb78b6493e,2da148f5-d4b2-4868-85b6-374813cafe1b,Nacional Bela Vista,⚪,0,0,0,0,0,0,0,50,2026-04-28 23:00:15.96962+00,1000000,t,61,Brasil
7b7751c5-65c0-4622-b798-34cc2aac7459,50e56f23-d6dd-4883-b1db-0a6fa125aa1c,a9c5d7a4-24c1-4432-81d4-795f3ab7260c,Real Lagoa Santa,🟡,0,0,0,0,0,0,0,50,2026-04-28 23:00:16.466169+00,1000000,t,79,Brasil
1e5ec30e-b72e-4215-b030-984aa47e18a9,50e56f23-d6dd-4883-b1db-0a6fa125aa1c,d40726c7-76b9-4aa6-b91b-30f0b7e944a9,EC Ponta Grossa,🐂,0,0,0,0,0,0,0,50,2026-04-28 23:00:16.708826+00,1000000,t,73,Brasil
bcf5988a-c05f-4e1c-a0e3-aecb8782b47d,d4fca163-5dc9-461d-a5eb-a2af84f1134f,affc0999-f79f-4bc9-b883-ce752dcb528c,Sport Vale Verde,🔵,0,0,0,0,0,0,0,50,2026-04-28 23:00:16.947333+00,1000000,t,60,Brasil
94c0b69e-4621-40a0-90e5-4f957db3adf4,d4fca163-5dc9-461d-a5eb-a2af84f1134f,cc3ee0d8-5b04-442b-a204-bdabc22532b0,SC Alto da Serra,🐺,0,0,0,0,0,0,0,50,2026-04-28 23:00:17.223437+00,1000000,t,80,Brasil
8787113f-326b-4a03-8e39-6ca2180b5048,e725e3f5-266c-4a65-9089-a209007d81cf,3549920a-a6b2-4d34-abe4-fb7b14a8acb8,Atlético Campo Grande,🐂,0,0,0,0,0,0,0,50,2026-04-28 23:00:17.48202+00,1000000,t,70,Brasil
28fa6a96-4438-46e6-8f00-93e578356192,e725e3f5-266c-4a65-9089-a209007d81cf,2abf4274-6f59-40ef-b11e-dd6b194bb72c,Estrela São Miguel,🏟️,0,0,0,0,0,0,0,50,2026-04-28 23:00:17.743112+00,1000000,t,69,Brasil
5ba3b621-632e-4562-9f0e-67c06fd828e6,bd1384af-2f4d-4e28-bb37-8875ec8b192e,132c923f-db8d-412b-967c-b2293e9e457e,EC Monte Azul,🐺,0,0,0,0,0,0,0,50,2026-04-28 23:00:17.998664+00,1000000,t,63,Brasil
37821bf2-2f86-4c6e-8e47-25f0f451e880,bd1384af-2f4d-4e28-bb37-8875ec8b192e,92e9a794-79f5-400d-adb9-965fac9188ec,Racing Santo Amaro,🟠,0,0,0,0,0,0,0,50,2026-04-28 23:00:18.246275+00,1000000,t,68,Brasil
2a2a5f60-6d98-4f79-a590-30446bbebd15,f95a8cf9-5061-4ca5-a16d-b3cb450aa604,69297ead-2f2b-474e-8d11-1cb39a6441ca,SC Sol Nascente,🏟️,0,0,0,0,0,0,0,50,2026-04-28 23:00:18.482139+00,1000000,t,68,Brasil
72298c0b-2cfd-4295-a8b1-cd20b1e90027,f95a8cf9-5061-4ca5-a16d-b3cb450aa604,ee14f612-3456-4a58-8977-3593aff6c6c1,Nacional Bela Vista,⚪,0,0,0,0,0,0,0,50,2026-04-28 23:00:18.739223+00,1000000,t,78,Brasil
51887f51-65ea-4e43-be33-7719c2862921,3bae64aa-7f59-49fe-bf6c-65f4da6bfe45,f13ba0dc-1ae2-4def-bcb5-ecb4994ec393,Real Lagoa Santa,🟡,0,0,0,0,0,0,0,50,2026-04-28 23:00:19.257876+00,1000000,t,72,Brasil
68bdf591-0500-4b8d-b8b0-075166f728bb,fadd72c9-8c42-4a14-8a36-7526799fe528,283bcb16-9f9d-425a-bbbb-d9f56613b317,Esporte Serra Alta,🔴,0,0,0,0,0,0,0,50,2026-04-28 23:00:04.544038+00,1000000,t,66,Brasil
77d6fc33-290e-4990-bd69-c374e2339e37,fadd72c9-8c42-4a14-8a36-7526799fe528,f71054bc-30ca-42f5-ac93-24f89c458e6f,Nacional Bela Vista,⚪,0,0,0,0,0,0,0,50,2026-04-28 23:00:04.674356+00,1000000,t,60,Brasil
4cbb4a76-ead9-469f-a305-7b5e33b54975,ed9c27a0-da4b-478e-96fe-f3d497b8f0d7,c7fd623b-53d5-4c93-bc0f-65e90f6d16e4,Sport Vale Verde,🔵,0,0,0,0,0,0,0,50,2026-04-28 23:00:05.164325+00,1000000,t,70,Brasil
c59058df-64de-437a-ab3e-85003fda4a01,ed9c27a0-da4b-478e-96fe-f3d497b8f0d7,ec37895d-a4bb-4d96-9158-7af47323a025,Sporting Cruz Alta,🟣,0,0,0,0,0,0,0,50,2026-04-28 23:00:05.293772+00,1000000,t,66,Brasil
dee4c9d3-e311-49f9-a50a-d5c87f2af7c2,2432f3ef-2a23-458a-b97b-034681e0ef0e,1bf49bb0-7131-4346-a873-d05718f7c4f5,União Pedra Branca,🟢,0,0,0,0,0,0,0,50,2026-04-28 23:00:05.774466+00,1000000,t,76,Brasil
ce03e4fc-ca03-49b2-ba13-84320685a66d,2432f3ef-2a23-458a-b97b-034681e0ef0e,9b322c3c-f265-4132-bd78-7caf9ba46dfb,Racing Santo Amaro,🟠,0,0,0,0,0,0,0,50,2026-04-28 23:00:05.895524+00,1000000,t,72,Brasil
3105c1a3-f86c-4869-adf6-177518b41dee,2432f3ef-2a23-458a-b97b-034681e0ef0e,8385c498-4c4d-4f80-86e7-1236cc277df3,AC Morro Alto,🦁,0,0,0,0,0,0,0,50,2026-04-28 23:00:06.023809+00,1000000,t,72,Brasil
b8a591bf-3cb7-473d-949c-fca6968ba106,ad03d6d7-8062-4bf7-b67e-cef3ed0290f1,a091a6e0-e1dc-4af5-bb4a-a5000eb3924a,Racing Santo Amaro,🟠,0,0,0,0,0,0,0,50,2026-04-28 23:00:06.453475+00,1000000,t,77,Brasil
6ff688e0-9106-4d1e-8fd4-4e5b76a394f1,c7f453f5-0a45-4633-b967-e0f7fb07027c,865f1926-fcc6-4d72-a5b0-f855924be410,FC Nova Esperança,⚽,0,0,0,0,0,0,0,50,2026-04-28 23:00:06.676605+00,1000000,t,62,Brasil
289a24a7-333c-4323-b461-5e904aa706f9,c7f453f5-0a45-4633-b967-e0f7fb07027c,b48b901c-1e27-4420-9a6f-783066b16b97,Atlético Campo Grande,🐂,0,0,0,0,0,0,0,50,2026-04-28 23:00:06.799975+00,1000000,t,69,Brasil
ee30cd22-068c-4c67-a018-24168552dfaf,c7f453f5-0a45-4633-b967-e0f7fb07027c,1520dc9e-e859-4bb7-b614-4f8e9e1cabb5,Inter Porto Alegre,⚫,0,0,0,0,0,0,0,50,2026-04-28 23:00:06.926095+00,1000000,t,75,Brasil
7e13c797-882a-4403-b608-bd99cd8b8b24,c7f453f5-0a45-4633-b967-e0f7fb07027c,30d01d30-671a-4dde-bf1c-01dc7f8d1984,Estrela São Miguel,🏟️,0,0,0,0,0,0,0,50,2026-04-28 23:00:07.062183+00,1000000,t,60,Brasil
80c05f5f-83a7-4278-aa50-bcb412a6366e,9f54506a-9700-4dc6-a0a6-f125e87c5411,b3ded1a2-0333-4af3-9eaa-338d7c2e1efb,Sport Vale Verde,🔵,0,0,0,0,0,0,0,50,2026-04-28 23:00:07.423748+00,1000000,t,64,Brasil
9de56250-3f7a-4aec-99c7-6467f28b451e,7df44559-1fc7-4fcf-9ba3-e706f6ee305c,03414133-dd92-4bcc-8777-792342eef820,União Pedra Branca,🟢,0,0,0,0,0,0,0,50,2026-04-28 23:00:08.015839+00,1000000,t,75,Brasil
1cc97daa-5be2-41c6-83a3-43ebb0bcd673,7df44559-1fc7-4fcf-9ba3-e706f6ee305c,cb8a9ab4-91ae-4b26-bc81-e1ad2adda689,Racing Santo Amaro,🟠,0,0,0,0,0,0,0,50,2026-04-28 23:00:08.133985+00,1000000,t,71,Brasil
16d0b0db-1700-4349-b119-e13adf590b79,e7d75f89-a1ef-43e1-bf30-544d92746b95,51e4304d-556c-4eae-81d1-40c28601275d,Clube Rio Claro,🦁,0,0,0,0,0,0,0,50,2026-04-28 23:00:08.472029+00,1000000,t,75,Brasil
99a58bb4-95c0-4ef9-9915-ef4d1fd34f19,e7d75f89-a1ef-43e1-bf30-544d92746b95,1755f6f9-32cf-45e3-9fdf-f49affc41ded,Racing Santo Amaro,🟠,0,0,0,0,0,0,0,50,2026-04-28 23:00:08.705081+00,1000000,t,80,Brasil
0e4f4653-4fb3-41cd-994c-a35d7061bb2f,e7d75f89-a1ef-43e1-bf30-544d92746b95,4a21d619-f628-4c01-9b2f-27738daed0e3,SC Alto da Serra,🐺,0,0,0,0,0,0,0,50,2026-04-28 23:00:08.835821+00,1000000,t,63,Brasil
0f92a6f9-ea39-45de-9d9d-092a46dffff0,a997e866-5737-4716-880c-dc83f1bf010d,a70d9b9a-1fbb-4bb4-8e5f-9c6c52cbea1c,FC Nova Esperança,⚽,0,0,0,0,0,0,0,50,2026-04-28 23:00:08.962768+00,1000000,t,76,Brasil
b36b2c6a-f4eb-4417-aaf2-da1031a595cd,a997e866-5737-4716-880c-dc83f1bf010d,118dadb2-38da-45fe-8fc8-10a6cb8da1c2,Atlético Campo Grande,🐂,0,0,0,0,0,0,0,50,2026-04-28 23:00:09.085948+00,1000000,t,78,Brasil
777865e7-b7c0-4c62-b49c-990565407a05,a997e866-5737-4716-880c-dc83f1bf010d,cb5d21b5-9642-4cad-852f-643fe0d0b24e,Inter Porto Alegre,⚫,0,0,0,0,0,0,0,50,2026-04-28 23:00:09.209925+00,1000000,t,80,Brasil
20688af5-d9c9-45f8-9877-98cbabf39e25,168bdc91-91cf-47aa-8bdf-252bcafff559,e0c6b0f2-a0a1-4beb-999e-f7b013d61dba,Sport Vale Verde,🔵,0,0,0,0,0,0,0,50,2026-04-28 23:00:09.715253+00,1000000,t,64,Brasil
0829374e-ec22-48b4-9fed-149c4c08473a,168bdc91-91cf-47aa-8bdf-252bcafff559,87de0a07-24b3-4f99-b082-c6e0d013db42,FC Boa Vista,🦅,0,0,0,0,0,0,0,50,2026-04-28 23:00:09.943221+00,1000000,t,75,Brasil
0eba3a62-03b5-465d-a31f-631d89652f50,390cc26d-d714-4373-9e2c-c73b25711bb6,72913d1c-6246-4e84-8b8b-535c91d127ac,AC Morro Alto,🦁,0,0,0,0,0,0,0,50,2026-04-28 23:00:10.550772+00,1000000,t,64,Brasil
db73a86c-4174-4e3d-aa0c-7241c8d39dc5,7ae83877-7538-4bf4-9bc9-13c4d63cc720,550b0334-7a3a-4c43-b968-cb6ab5d05e58,FC Nova Esperança,⚽,0,0,0,0,0,0,0,50,2026-04-28 23:00:10.657274+00,1000000,t,67,Brasil
51e54154-d674-4faa-b659-e213b31fd4a8,7ae83877-7538-4bf4-9bc9-13c4d63cc720,567dc3fa-03f5-46f6-8151-66fb56ece0ef,Inter Porto Alegre,⚫,0,0,0,0,0,0,0,50,2026-04-28 23:00:10.906674+00,1000000,t,71,Brasil
b79913c9-72c3-4571-bdd1-68b1886265c5,7ae83877-7538-4bf4-9bc9-13c4d63cc720,af591933-5c7d-44fc-8579-2f6710ea9e16,Estrela São Miguel,🏟️,0,0,0,0,0,0,0,50,2026-04-28 23:00:11.025123+00,1000000,t,70,Brasil
aae202eb-63dc-497b-af29-10e346f921e6,590f934b-1ecb-4188-ab95-5b8d92e7f990,23618a4c-4b20-4c61-8cca-bb9e317cc121,EC Monte Azul,🐺,0,0,0,0,0,0,0,50,2026-04-28 23:00:11.280805+00,1000000,t,76,Brasil
8fae97b9-4eea-4539-9d0f-8fd0b9391f34,2ad56061-91a0-4cac-8c9d-1baf5b90b467,5b2ca01f-e7a5-4762-872b-9cffbade7bf3,Clube Rio Claro,🦁,0,0,0,0,0,0,0,50,2026-04-28 23:00:11.902047+00,1000000,t,67,Brasil
2faa4d7c-8095-490f-b346-b2f438eccbfc,2ad56061-91a0-4cac-8c9d-1baf5b90b467,ab72a56a-13bc-42ae-b3c9-cfa0791992c3,Real Lagoa Santa,🟡,0,0,0,0,0,0,0,50,2026-04-28 23:00:12.026651+00,1000000,t,60,Brasil
ca430be1-f640-41c0-95cd-bf3ee8936a3e,04cfcb07-7ca4-407c-bef6-0ff5b8537b17,3d02e938-1786-410a-8632-614178669522,FC Nova Esperança,⚽,0,0,0,0,0,0,0,50,2026-04-28 23:00:12.352693+00,1000000,t,80,Brasil
165be8b8-7380-4551-b1c0-6c5a6da9a541,04cfcb07-7ca4-407c-bef6-0ff5b8537b17,6256422a-0452-47cc-90f5-b31e57489175,EC Ponta Grossa,🐂,0,0,0,0,0,0,0,50,2026-04-28 23:00:12.801807+00,1000000,t,64,Brasil
228c173d-0513-4010-a41f-166157a8fe79,83937cfe-e758-45a5-81f4-076e3c03747e,8e5dc1d4-e094-4ab2-b780-84ca339b1fb9,Esporte Serra Alta,🔴,0,0,0,0,0,0,0,50,2026-04-28 23:00:13.035072+00,1000000,t,75,Brasil
208742e6-71c0-495c-af45-bea7b18483b1,83937cfe-e758-45a5-81f4-076e3c03747e,bbde1110-4312-45d6-a50b-60821d79b279,Nacional Bela Vista,⚪,0,0,0,0,0,0,0,50,2026-04-28 23:00:13.156384+00,1000000,t,60,Brasil
0caf698c-98bc-4fff-a794-f5fef1b53b0a,83937cfe-e758-45a5-81f4-076e3c03747e,3d0896f7-d654-47a5-880d-0d40e2e3069f,FC Boa Vista,🦅,0,0,0,0,0,0,0,50,2026-04-28 23:00:13.281794+00,1000000,t,65,Brasil
092e0473-538a-40cd-b4e3-f07538025e0b,1f42bcc3-fbee-4e20-8b4a-2d0c96f5e59b,3d1d0fc9-c152-41c7-9b37-b06849b5fbed,Racing Santo Amaro,🟠,0,0,0,0,0,0,0,50,2026-04-28 23:00:13.770647+00,1000000,t,72,Brasil
182f4341-3862-44a6-9a88-5b8a04ac9798,497bd4a2-4ffe-4974-a481-2ffb088cd9c0,f7b39de9-406a-41a4-a758-43d530dbd0d2,Atlético Campo Grande,🐂,0,0,0,0,0,0,0,50,2026-04-28 23:00:14.106964+00,1000000,t,65,Brasil
6358b3a0-2a85-4034-aa72-e6c5242875fb,497bd4a2-4ffe-4974-a481-2ffb088cd9c0,bee7a01c-cc19-44a3-9e53-c35d2ae00e4c,Real Lagoa Santa,🟡,0,0,0,0,0,0,0,50,2026-04-28 23:00:14.209885+00,1000000,t,76,Brasil
aaf8d28e-3b72-4900-8c57-b5c98e640b31,497bd4a2-4ffe-4974-a481-2ffb088cd9c0,7450c452-f4d2-4f72-acd7-872c8fafb79d,Olimpia Jardim,⚽,0,0,0,0,0,0,0,50,2026-04-28 23:00:14.333559+00,1000000,t,62,Brasil
db951684-6067-450f-92d7-191e4651089b,497bd4a2-4ffe-4974-a481-2ffb088cd9c0,91da12ea-0b81-4507-8780-ffd4667d4530,EC Ponta Grossa,🐂,0,0,0,0,0,0,0,50,2026-04-28 23:00:14.47085+00,1000000,t,70,Brasil
32fff76c-8fe9-440c-9060-8e8d70d1eab5,148b6e11-44da-4df2-a402-3d5f99f317d2,c70a2e4f-99f4-41d4-99ce-a6970b39d092,SC Sol Nascente,🏟️,0,0,0,0,0,0,0,50,2026-04-28 23:00:14.574914+00,1000000,t,71,Brasil
9a4b02f4-20d9-4205-8197-6c29786d88f4,148b6e11-44da-4df2-a402-3d5f99f317d2,46dd57df-b912-4833-9710-8b62aada929c,União Pedra Branca,🟢,0,0,0,0,0,0,0,50,2026-04-28 23:00:14.744704+00,1000000,t,80,Brasil
5ad49387-ea5b-4478-bc71-e90f08628060,a9e12894-c3eb-40ea-94ff-f41f397ec9d6,969e34e9-e9fd-45cd-bf76-12e531fb689d,Atlético Campo Grande,🐂,0,0,0,0,0,0,0,50,2026-04-28 23:00:15.304704+00,1000000,t,73,Brasil
f86088e8-031d-4c93-b3f4-210bb38e6f5f,79fd5a8f-df18-451a-b5f3-67fb78b6493e,ec0d981f-c525-412a-b41c-84f05436f20d,EC Monte Azul,🐺,0,0,0,0,0,0,0,50,2026-04-28 23:00:15.77782+00,1000000,t,74,Brasil
97089425-10f1-498b-a4ed-9b7a2229c80e,79fd5a8f-df18-451a-b5f3-67fb78b6493e,76b93c2b-5e82-4a07-9fe2-508c831278b4,Racing Santo Amaro,🟠,0,0,0,0,0,0,0,50,2026-04-28 23:00:16.015935+00,1000000,t,65,Brasil
a8b4fc45-de09-4fae-86ab-42f1f669a5a0,50e56f23-d6dd-4883-b1db-0a6fa125aa1c,ddf153a6-9d63-491f-b284-3af49a3357be,SC Sol Nascente,🏟️,0,0,0,0,0,0,0,50,2026-04-28 23:00:16.275334+00,1000000,t,77,Brasil
84a89df1-dc7b-407a-9695-ff23d9c111cb,50e56f23-d6dd-4883-b1db-0a6fa125aa1c,1a07bb3e-77d8-4eeb-ad81-eceea72af25d,Nacional Bela Vista,⚪,0,0,0,0,0,0,0,50,2026-04-28 23:00:16.518113+00,1000000,t,75,Brasil
1f6f665b-2fc1-484b-aeb0-db0a12fba963,d4fca163-5dc9-461d-a5eb-a2af84f1134f,74696021-d578-46b1-adb8-b43746663d8b,Real Lagoa Santa,🟡,0,0,0,0,0,0,0,50,2026-04-28 23:00:17.011003+00,1000000,t,63,Brasil
9ad326e6-2d87-44a6-9a27-24cbd8142480,d4fca163-5dc9-461d-a5eb-a2af84f1134f,3d3e74c8-b48a-448a-870a-e8add0ed7206,EC Ponta Grossa,🐂,0,0,0,0,0,0,0,50,2026-04-28 23:00:17.285128+00,1000000,t,67,Brasil
5a2e05a0-a68d-45f0-92bf-e09af291938e,e725e3f5-266c-4a65-9089-a209007d81cf,b2c26e37-d4c6-4693-bc27-44e6d01a0785,Sport Vale Verde,🔵,0,0,0,0,0,0,0,50,2026-04-28 23:00:17.53916+00,1000000,t,60,Brasil
a568278f-62ee-4992-b2bb-7cef506e0ae5,e725e3f5-266c-4a65-9089-a209007d81cf,375f0f56-31a1-4d42-b98f-1d5dbaf59d13,SC Alto da Serra,🐺,0,0,0,0,0,0,0,50,2026-04-28 23:00:17.789605+00,1000000,t,68,Brasil
3f7381f2-1119-4f50-8b41-6bd47a92e73e,bd1384af-2f4d-4e28-bb37-8875ec8b192e,6ec9abe1-072c-4f3b-985a-13b15cf62f63,Atlético Campo Grande,🐂,0,0,0,0,0,0,0,50,2026-04-28 23:00:18.047463+00,1000000,t,79,Brasil
2c720078-b992-4d22-b772-abdf270940db,bd1384af-2f4d-4e28-bb37-8875ec8b192e,7f9e0a39-f3db-4ef1-9548-8408d664adce,Estrela São Miguel,🏟️,0,0,0,0,0,0,0,50,2026-04-28 23:00:18.292478+00,1000000,t,73,Brasil
cf9b4a17-250b-45d0-a29e-5ae9b0f73c70,f95a8cf9-5061-4ca5-a16d-b3cb450aa604,ddcf0ac9-f3f7-42ac-8b26-48a8351cc8ee,EC Monte Azul,🐺,0,0,0,0,0,0,0,50,2026-04-28 23:00:18.541443+00,1000000,t,74,Brasil
93eb935a-3d44-4d2a-9686-843cd9583f35,fadd72c9-8c42-4a14-8a36-7526799fe528,6df6252f-2705-4711-95b0-60d9e11c27b3,Sport Vale Verde,🔵,0,0,0,0,0,0,0,50,2026-04-28 23:00:04.570875+00,1000000,t,80,Brasil
cd2e1588-39a6-40f7-8362-b12e27a8761d,ed9c27a0-da4b-478e-96fe-f3d497b8f0d7,87339464-7445-418a-93db-725dac5c3614,EC Monte Azul,🐺,0,0,0,0,0,0,0,50,2026-04-28 23:00:05.042855+00,1000000,t,72,Brasil
845a1dc2-b317-47d6-8402-9988f3835da2,2432f3ef-2a23-458a-b97b-034681e0ef0e,1f6052e9-800c-4414-a35f-f5c403952d8f,EC Monte Azul,🐺,0,0,0,0,0,0,0,50,2026-04-28 23:00:05.644569+00,1000000,t,73,Brasil
69a59757-f95c-4d50-add8-c9ac7d19cebf,ad03d6d7-8062-4bf7-b67e-cef3ed0290f1,c8151a85-995a-4d0f-9570-c9918c903a67,FC Nova Esperança,⚽,0,0,0,0,0,0,0,50,2026-04-28 23:00:06.125891+00,1000000,t,71,Brasil
189345fd-39c2-490d-9c0e-c9983b878ebe,ad03d6d7-8062-4bf7-b67e-cef3ed0290f1,a8f393f3-16e5-4bec-833c-712eb20b3318,União Pedra Branca,🟢,0,0,0,0,0,0,0,50,2026-04-28 23:00:06.337861+00,1000000,t,79,Brasil
b862c68e-4b18-4d2e-81b0-81c764b666dd,ad03d6d7-8062-4bf7-b67e-cef3ed0290f1,e9a3e32e-7e5a-4659-b78c-218342bf5ba4,SC Alto da Serra,🐺,0,0,0,0,0,0,0,50,2026-04-28 23:00:06.55454+00,1000000,t,71,Brasil
c444ae98-518a-4667-aea9-1bfa707bd99a,c7f453f5-0a45-4633-b967-e0f7fb07027c,a0563ba3-0320-4f41-9eba-6603d14594bd,Clube Rio Claro,🦁,0,0,0,0,0,0,0,50,2026-04-28 23:00:06.77661+00,1000000,t,65,Brasil
50f6ea06-e2f1-450a-9f4d-324cf813fc29,c7f453f5-0a45-4633-b967-e0f7fb07027c,98c11e9c-1b34-4ad6-8ef5-bcb78179df8b,Olimpia Jardim,⚽,0,0,0,0,0,0,0,50,2026-04-28 23:00:07.03827+00,1000000,t,63,Brasil
937f0cad-e4b5-4f9e-80e9-b310cf026fb3,9f54506a-9700-4dc6-a0a6-f125e87c5411,7b7e5a54-e389-40ee-95cc-288ffaf02bdf,EC Ponta Grossa,🐂,0,0,0,0,0,0,0,50,2026-04-28 23:00:07.736531+00,1000000,t,68,Brasil
fd0de583-b318-40c2-a2b5-62cd4276c60d,7df44559-1fc7-4fcf-9ba3-e706f6ee305c,53b31793-b284-497a-a8ad-48a1ae191dde,Esporte Serra Alta,🔴,0,0,0,0,0,0,0,50,2026-04-28 23:00:07.965465+00,1000000,t,67,Brasil
9bad0971-a81d-46d8-8e1d-90b4e43a1808,7df44559-1fc7-4fcf-9ba3-e706f6ee305c,bc0ab46d-1a8f-4126-9967-3d1982c6cd8a,FC Boa Vista,🦅,0,0,0,0,0,0,0,50,2026-04-28 23:00:08.205331+00,1000000,t,64,Brasil
6c7868a2-7926-447c-9473-5257a9d8c3e2,e7d75f89-a1ef-43e1-bf30-544d92746b95,f2bbee56-dd00-41ac-b6d1-6e9ab4ab7b3e,Sport Vale Verde,🔵,0,0,0,0,0,0,0,50,2026-04-28 23:00:08.547523+00,1000000,t,77,Brasil
a80b1805-a461-48c2-88ff-418c135a1c9a,e7d75f89-a1ef-43e1-bf30-544d92746b95,f55eaa87-5519-4632-9830-d43513125c54,FC Boa Vista,🦅,0,0,0,0,0,0,0,50,2026-04-28 23:00:08.811214+00,1000000,t,61,Brasil
a63f19b6-87c2-434d-a13d-7427429bfd76,a997e866-5737-4716-880c-dc83f1bf010d,148eabf1-dd7d-4356-bc70-a08e9aa8fced,Real Lagoa Santa,🟡,0,0,0,0,0,0,0,50,2026-04-28 23:00:09.183827+00,1000000,t,80,Brasil
9b85c40a-885a-462e-b87e-4bc5ba438c0d,168bdc91-91cf-47aa-8bdf-252bcafff559,27030444-b953-400e-97a7-047f9d3e7478,Esporte Serra Alta,🔴,0,0,0,0,0,0,0,50,2026-04-28 23:00:09.691688+00,1000000,t,67,Brasil
79f8c2fd-6f27-4879-ac32-0912d0befa88,168bdc91-91cf-47aa-8bdf-252bcafff559,552e87ad-1212-40fd-b34b-397475559d55,Nacional Bela Vista,⚪,0,0,0,0,0,0,0,50,2026-04-28 23:00:09.811031+00,1000000,t,72,Brasil
51f5f968-01bd-43a0-bbf8-b9a96b02a0a3,168bdc91-91cf-47aa-8bdf-252bcafff559,06b2613f-3762-4d1e-bc2e-f61e1a901040,Estrela São Miguel,🏟️,0,0,0,0,0,0,0,50,2026-04-28 23:00:09.916479+00,1000000,t,64,Brasil
8a9ff39f-17ee-4f41-bdbb-725670e45152,390cc26d-d714-4373-9e2c-c73b25711bb6,8fc94d3e-4bae-494c-ac5a-5e750745db41,Clube Rio Claro,🦁,0,0,0,0,0,0,0,50,2026-04-28 23:00:10.188856+00,1000000,t,79,Brasil
5c02c451-76c6-4852-95d8-5d19c2b545d0,390cc26d-d714-4373-9e2c-c73b25711bb6,1d397a72-280f-43ae-b1b4-0fee82775ca2,Sporting Cruz Alta,🟣,0,0,0,0,0,0,0,50,2026-04-28 23:00:10.403724+00,1000000,t,61,Brasil
1ed6a5b8-e683-4e78-889e-d241e09ae5ba,390cc26d-d714-4373-9e2c-c73b25711bb6,55859710-8e8f-4a2a-9f50-1e1431b2af08,SC Alto da Serra,🐺,0,0,0,0,0,0,0,50,2026-04-28 23:00:10.526094+00,1000000,t,65,Brasil
9e5d5869-0681-4b34-ae20-cdbe71dd0cf3,7ae83877-7538-4bf4-9bc9-13c4d63cc720,46dea232-f501-450b-8058-04020bebcc3b,Real Lagoa Santa,🟡,0,0,0,0,0,0,0,50,2026-04-28 23:00:10.875704+00,1000000,t,73,Brasil
e7254b9f-950e-4f19-8f30-bc3b5fbb855a,7ae83877-7538-4bf4-9bc9-13c4d63cc720,c6d99d2e-a8ed-4617-a4b6-3bdd467632ab,Olimpia Jardim,⚽,0,0,0,0,0,0,0,50,2026-04-28 23:00:11.000354+00,1000000,t,70,Brasil
268a6e32-79ab-49f6-90dc-1e39638196e9,590f934b-1ecb-4188-ab95-5b8d92e7f990,9f086f59-9f29-4315-9259-c835f60deb17,Sport Vale Verde,🔵,0,0,0,0,0,0,0,50,2026-04-28 23:00:11.393607+00,1000000,t,60,Brasil
35207606-bf47-41ee-8b89-4dd63f3d4ff5,2ad56061-91a0-4cac-8c9d-1baf5b90b467,2183ef2c-3bf6-4def-bb1e-7ef37e411d3f,EC Monte Azul,🐺,0,0,0,0,0,0,0,50,2026-04-28 23:00:11.878784+00,1000000,t,67,Brasil
042b1ead-6f26-4c67-8b30-0e09d1275318,2ad56061-91a0-4cac-8c9d-1baf5b90b467,eb68ede4-8f31-4e63-bf9a-dad1384e944a,União Pedra Branca,🟢,0,0,0,0,0,0,0,50,2026-04-28 23:00:11.996263+00,1000000,t,70,Brasil
e69f4c99-8797-427f-9e75-e47ff66c2724,04cfcb07-7ca4-407c-bef6-0ff5b8537b17,48366c47-0f07-41ac-9baa-e332d26bd536,Clube Rio Claro,🦁,0,0,0,0,0,0,0,50,2026-04-28 23:00:12.453847+00,1000000,t,67,Brasil
abaf140a-ed93-4cc3-91d8-66197f2fb341,04cfcb07-7ca4-407c-bef6-0ff5b8537b17,11bfd2e8-1060-475e-81e9-5460d05d0c16,Olimpia Jardim,⚽,0,0,0,0,0,0,0,50,2026-04-28 23:00:12.685439+00,1000000,t,79,Brasil
89393cff-b2df-47ff-984a-204eed9ab833,1f42bcc3-fbee-4e20-8b4a-2d0c96f5e59b,93ce8747-dfaa-43a1-b1ad-b2e328e14def,AC Vila Rica,🦅,0,0,0,0,0,0,0,50,2026-04-28 23:00:13.490557+00,1000000,t,60,Brasil
f6e7c5b0-3470-42bf-a039-7eeca5daa8b2,1f42bcc3-fbee-4e20-8b4a-2d0c96f5e59b,d4b30a6c-5a19-4703-9427-ffd091767ad8,Sport Vale Verde,🔵,0,0,0,0,0,0,0,50,2026-04-28 23:00:13.604733+00,1000000,t,66,Brasil
16fe4a3f-f2c0-435b-88e8-0228160e74e5,1f42bcc3-fbee-4e20-8b4a-2d0c96f5e59b,5d16f4cd-74de-434d-af67-040e0fe85e1d,SC Alto da Serra,🐺,0,0,0,0,0,0,0,50,2026-04-28 23:00:13.869184+00,1000000,t,72,Brasil
f5cb91ad-d13c-4153-b174-9c61e6a5ad0f,497bd4a2-4ffe-4974-a481-2ffb088cd9c0,fcbe864d-0ca2-465e-827f-00e5781f7fda,FC Nova Esperança,⚽,0,0,0,0,0,0,0,50,2026-04-28 23:00:13.98829+00,1000000,t,67,Brasil
c9b1d0c5-812d-4e48-9bd9-cdad33f4da61,497bd4a2-4ffe-4974-a481-2ffb088cd9c0,ee1ad2eb-4d7e-44d6-94ca-a446ad209c30,AC Morro Alto,🦁,0,0,0,0,0,0,0,50,2026-04-28 23:00:14.446406+00,1000000,t,67,Brasil
9e70b420-fd59-4c79-b7ba-c6e8a80807e1,148b6e11-44da-4df2-a402-3d5f99f317d2,7505dbe8-4596-40e3-b9e7-8b7c86fd7370,Sport Vale Verde,🔵,0,0,0,0,0,0,0,50,2026-04-28 23:00:14.72177+00,1000000,t,76,Brasil
c09f7b96-bf2e-4593-9de6-63ec2c8a441c,148b6e11-44da-4df2-a402-3d5f99f317d2,b281fdc8-5270-467f-a132-a8f057ad1f03,Racing Santo Amaro,🟠,0,0,0,0,0,0,0,50,2026-04-28 23:00:14.965618+00,1000000,t,74,Brasil
1a8e7ab4-0ee4-4e05-8639-2a9cd7bafa73,148b6e11-44da-4df2-a402-3d5f99f317d2,f9847c7e-9aaf-4ae0-a09f-8d050b6b27dd,AC Morro Alto,🦁,0,0,0,0,0,0,0,50,2026-04-28 23:00:15.091827+00,1000000,t,77,Brasil
e0a2c6aa-e626-4a9d-964c-784016daa556,a9e12894-c3eb-40ea-94ff-f41f397ec9d6,1ab004ee-96d8-49fc-afb1-b4575b7c2cfb,Real Lagoa Santa,🟡,0,0,0,0,0,0,0,50,2026-04-28 23:00:15.404113+00,1000000,t,67,Brasil
052e8a9c-a68f-47c9-94d5-e0178eb9fed3,a9e12894-c3eb-40ea-94ff-f41f397ec9d6,f2d68ccf-5e0d-4b78-ab8e-9bbee81d430e,Olimpia Jardim,⚽,0,0,0,0,0,0,0,50,2026-04-28 23:00:15.518013+00,1000000,t,73,Brasil
d531191c-d387-43ef-9349-5d5200285d21,a9e12894-c3eb-40ea-94ff-f41f397ec9d6,423ee3f2-b1e9-4143-93f4-2ff868615d91,EC Ponta Grossa,🐂,0,0,0,0,0,0,0,50,2026-04-28 23:00:15.634747+00,1000000,t,79,Brasil
8624b804-7089-4392-9031-6aafc2a64722,79fd5a8f-df18-451a-b5f3-67fb78b6493e,9849f521-9c43-4404-bb5d-e9fd80710658,AC Vila Rica,🦅,0,0,0,0,0,0,0,50,2026-04-28 23:00:15.754095+00,1000000,t,72,Brasil
5847df2b-2737-4165-be57-200ecc3f2d44,79fd5a8f-df18-451a-b5f3-67fb78b6493e,fa8b23aa-af04-43f9-b343-fd06e1511169,Sporting Cruz Alta,🟣,0,0,0,0,0,0,0,50,2026-04-28 23:00:15.994037+00,1000000,t,70,Brasil
8aeccdfb-ca52-4d75-a9b7-530e8176c6dc,50e56f23-d6dd-4883-b1db-0a6fa125aa1c,f926bfac-ea1a-49c3-8136-721f6597591b,FC Nova Esperança,⚽,0,0,0,0,0,0,0,50,2026-04-28 23:00:16.248212+00,1000000,t,64,Brasil
896ca4b6-618c-45f7-9b2d-7d7c7ad4557f,50e56f23-d6dd-4883-b1db-0a6fa125aa1c,522c6e9f-7bd1-450e-9c7b-8b7f03e25923,Inter Porto Alegre,⚫,0,0,0,0,0,0,0,50,2026-04-28 23:00:16.491715+00,1000000,t,79,Brasil
ffdac8a8-46ae-45d9-9449-2967b0b37ea2,d4fca163-5dc9-461d-a5eb-a2af84f1134f,41c1925a-ddcd-477c-89de-60b9e665645f,União Pedra Branca,🟢,0,0,0,0,0,0,0,50,2026-04-28 23:00:16.969523+00,1000000,t,76,Brasil
d46f03a6-074b-4246-a2c7-cbef6396d6c6,d4fca163-5dc9-461d-a5eb-a2af84f1134f,d7cb81c9-802e-45c9-b0a4-ba10f85afef4,AC Morro Alto,🦁,0,0,0,0,0,0,0,50,2026-04-28 23:00:17.259177+00,1000000,t,69,Brasil
f6c0a45b-d193-4737-9e7c-cff78cb88543,e725e3f5-266c-4a65-9089-a209007d81cf,e8352897-985d-44d5-9bc4-47bf95f56175,Esporte Serra Alta,🔴,0,0,0,0,0,0,0,50,2026-04-28 23:00:17.505727+00,1000000,t,75,Brasil
bf3833e1-e899-49ca-8a77-79d59eb79e84,e725e3f5-266c-4a65-9089-a209007d81cf,a32564c8-8b38-43a4-aa0c-58d34fa31582,FC Boa Vista,🦅,0,0,0,0,0,0,0,50,2026-04-28 23:00:17.767379+00,1000000,t,64,Brasil
986ffdfb-d40d-4e93-b96d-07eb5ac13543,bd1384af-2f4d-4e28-bb37-8875ec8b192e,5bc698b8-17cc-4070-a8f8-efb93c9e327d,Clube Rio Claro,🦁,0,0,0,0,0,0,0,50,2026-04-28 23:00:18.023427+00,1000000,t,67,Brasil
51bacf1d-07b2-4927-83e0-86a372254410,bd1384af-2f4d-4e28-bb37-8875ec8b192e,1f7672b0-05dc-4777-ad4f-9a545758315d,Olimpia Jardim,⚽,0,0,0,0,0,0,0,50,2026-04-28 23:00:18.269304+00,1000000,t,61,Brasil
7b5e61cc-5cdd-4fff-a23a-54f987f74030,f95a8cf9-5061-4ca5-a16d-b3cb450aa604,d09d7f1a-03e6-4c50-aa76-d01042f06596,AC Vila Rica,🦅,0,0,0,0,0,0,0,50,2026-04-28 23:00:18.518276+00,1000000,t,74,Brasil
22b53a45-0e5d-4a1c-8064-3cd1f98fd456,f95a8cf9-5061-4ca5-a16d-b3cb450aa604,7b8ee054-499f-4f7c-841d-6335f367389c,Sporting Cruz Alta,🟣,0,0,0,0,0,0,0,50,2026-04-28 23:00:18.761321+00,1000000,t,73,Brasil
d74cd866-5beb-468a-bc56-8b0557f04236,3bae64aa-7f59-49fe-bf6c-65f4da6bfe45,a75f0544-8f69-470c-bf5b-c0408e663a98,FC Nova Esperança,⚽,0,0,0,0,0,0,0,50,2026-04-28 23:00:19.013628+00,1000000,t,74,Brasil
9de3b7d7-a591-4a8b-bf9d-d567744325f4,3bae64aa-7f59-49fe-bf6c-65f4da6bfe45,a56e7f9e-3a13-4e46-9580-678b4c494302,Inter Porto Alegre,⚫,0,0,0,0,0,0,0,50,2026-04-28 23:00:19.279249+00,1000000,t,66,Brasil
49a587f7-1b03-4f52-a70f-8ce2248df0d3,0cb4ea7a-0640-4e68-a686-24d0eb79315f,9b56e532-2ba8-4261-93a9-2203cf449381,União Pedra Branca,🟢,0,0,0,0,0,0,0,50,2026-04-28 23:00:19.769552+00,1000000,t,67,Brasil
949dcbd6-bdb8-4823-9647-e2c79591dc07,0cb4ea7a-0640-4e68-a686-24d0eb79315f,f086090d-0bb1-4854-adaf-fb1a63e06ad9,AC Morro Alto,🦁,0,0,0,0,0,0,0,50,2026-04-28 23:00:20.014916+00,1000000,t,60,Brasil
da0bc5ee-bbd6-473a-a6d4-5ed687a6a6f9,fadd72c9-8c42-4a14-8a36-7526799fe528,2b8a5db3-8869-4395-8b48-c08e8c7f2504,União Pedra Branca,🟢,0,0,0,0,0,0,0,50,2026-04-28 23:00:04.595754+00,1000000,t,64,Brasil
fccf5893-dd0e-4076-8289-c1f435e86561,ed9c27a0-da4b-478e-96fe-f3d497b8f0d7,3454fa69-2f01-4e40-92a6-6daabaf87c37,Clube Rio Claro,🦁,0,0,0,0,0,0,0,50,2026-04-28 23:00:05.067355+00,1000000,t,66,Brasil
e88860e3-9de1-4dad-abd9-2b6fcc607113,ed9c27a0-da4b-478e-96fe-f3d497b8f0d7,02fed59e-301d-445d-a28f-e215c46f00f1,Racing Santo Amaro,🟠,0,0,0,0,0,0,0,50,2026-04-28 23:00:05.31779+00,1000000,t,78,Brasil
61df3e88-2f4a-4ff4-ad6b-ddad03aba43b,2432f3ef-2a23-458a-b97b-034681e0ef0e,1959a465-ac1b-43cb-9970-87354cac3f4d,FC Nova Esperança,⚽,0,0,0,0,0,0,0,50,2026-04-28 23:00:05.558291+00,1000000,t,70,Brasil
0dc6d976-77d0-4bd2-a439-94cdc93ebafe,2432f3ef-2a23-458a-b97b-034681e0ef0e,7fcdf402-32c5-4810-a38f-5b7a9c839597,Clube Rio Claro,🦁,0,0,0,0,0,0,0,50,2026-04-28 23:00:05.672974+00,1000000,t,61,Brasil
ba6f00e5-df83-4f1f-8fbf-1f5c2790ee3a,2432f3ef-2a23-458a-b97b-034681e0ef0e,1cf8b5ce-c2fe-4dd8-9494-3e1d184370c1,Olimpia Jardim,⚽,0,0,0,0,0,0,0,50,2026-04-28 23:00:05.923872+00,1000000,t,65,Brasil
cc29d16c-cf85-4271-a8e7-8cae35c5ee83,ad03d6d7-8062-4bf7-b67e-cef3ed0290f1,163bbbba-7cd7-4047-ae9b-39f174e5ec30,SC Sol Nascente,🏟️,0,0,0,0,0,0,0,50,2026-04-28 23:00:06.153542+00,1000000,t,77,Brasil
5648df9a-2fc4-423c-9060-952558ab1cd3,ad03d6d7-8062-4bf7-b67e-cef3ed0290f1,b65138a1-4bce-4ca4-8c2d-a806badaf8b0,Olimpia Jardim,⚽,0,0,0,0,0,0,0,50,2026-04-28 23:00:06.479732+00,1000000,t,60,Brasil
fabfb4d4-2d6a-416f-86fd-8562229e4844,c7f453f5-0a45-4633-b967-e0f7fb07027c,d1bd5881-70ae-4b8e-9d36-16c0a210c1d1,SC Sol Nascente,🏟️,0,0,0,0,0,0,0,50,2026-04-28 23:00:06.701082+00,1000000,t,74,Brasil
949c4fe5-62fb-4345-aa6f-c4e8b9faf220,c7f453f5-0a45-4633-b967-e0f7fb07027c,12d04899-121d-4bd5-b8e7-6ad0680a8b7a,Nacional Bela Vista,⚪,0,0,0,0,0,0,0,50,2026-04-28 23:00:06.953824+00,1000000,t,80,Brasil
455dcd4c-ac34-4262-9c58-266a3a40bbdb,9f54506a-9700-4dc6-a0a6-f125e87c5411,7d57b1c5-5cc4-49b1-840c-0d9b69cae647,EC Monte Azul,🐺,0,0,0,0,0,0,0,50,2026-04-28 23:00:07.325212+00,1000000,t,64,Brasil
a98ede86-f702-4b4d-bff9-dc5861cd8159,9f54506a-9700-4dc6-a0a6-f125e87c5411,d31e6ec6-1fc0-4eba-931f-c8cbddab07fb,Sporting Cruz Alta,🟣,0,0,0,0,0,0,0,50,2026-04-28 23:00:07.556532+00,1000000,t,63,Brasil
81a349d8-59ec-4678-bd88-0965a08894e4,7df44559-1fc7-4fcf-9ba3-e706f6ee305c,46d5645c-bfd6-49a1-8256-4bde13cd3636,AC Morro Alto,🦁,0,0,0,0,0,0,0,50,2026-04-28 23:00:08.260077+00,1000000,t,77,Brasil
59c30fed-6fb0-4ae8-bcf2-2f7098f62610,e7d75f89-a1ef-43e1-bf30-544d92746b95,dbab32c6-a994-467b-a431-12bf9bc7944d,FC Nova Esperança,⚽,0,0,0,0,0,0,0,50,2026-04-28 23:00:08.368072+00,1000000,t,76,Brasil
f33a74ab-2fc7-4dd7-87a9-9c704a657efa,e7d75f89-a1ef-43e1-bf30-544d92746b95,6e54a7dc-6865-4daa-9321-9c6ab6fdb70a,Real Lagoa Santa,🟡,0,0,0,0,0,0,0,50,2026-04-28 23:00:08.598366+00,1000000,t,80,Brasil
9bb4c99f-86fb-430c-a25b-7d53d8f0c5f1,a997e866-5737-4716-880c-dc83f1bf010d,8b2ba1aa-f941-40fe-8ad6-d053bb972283,Estrela São Miguel,🏟️,0,0,0,0,0,0,0,50,2026-04-28 23:00:09.342717+00,1000000,t,64,Brasil
d3af8238-077d-4abe-b1eb-f30710c60318,168bdc91-91cf-47aa-8bdf-252bcafff559,89771b04-96b1-4f71-88ee-e13cf5186432,EC Monte Azul,🐺,0,0,0,0,0,0,0,50,2026-04-28 23:00:09.604885+00,1000000,t,74,Brasil
2989fe9f-5e2f-4a2d-be91-4e238a035bf0,390cc26d-d714-4373-9e2c-c73b25711bb6,187e010d-5d4c-4636-b0e7-0b58f7ecc85f,Atlético Campo Grande,🐂,0,0,0,0,0,0,0,50,2026-04-28 23:00:10.212716+00,1000000,t,64,Brasil
be6f7165-352b-45ab-b7a8-b3f78f85b053,390cc26d-d714-4373-9e2c-c73b25711bb6,17799c0c-e95a-409d-8fc6-99a7e0179623,Real Lagoa Santa,🟡,0,0,0,0,0,0,0,50,2026-04-28 23:00:10.328915+00,1000000,t,72,Brasil
25cbb6d9-57b3-43b8-93e9-7fece6d02e37,390cc26d-d714-4373-9e2c-c73b25711bb6,eee066d0-33b1-4e04-9d18-8439f77f240a,Olimpia Jardim,⚽,0,0,0,0,0,0,0,50,2026-04-28 23:00:10.454281+00,1000000,t,69,Brasil
28eca5ee-a9c7-4245-9e51-304b843cd690,7ae83877-7538-4bf4-9bc9-13c4d63cc720,f0c381c3-f71b-4ac2-9666-a75e55f31abe,SC Sol Nascente,🏟️,0,0,0,0,0,0,0,50,2026-04-28 23:00:10.679004+00,1000000,t,80,Brasil
1823c842-3421-4a29-bd6d-2bab6034d234,7ae83877-7538-4bf4-9bc9-13c4d63cc720,c2dbe96b-30c2-4591-bf34-3b908e72547f,Esporte Serra Alta,🔴,0,0,0,0,0,0,0,50,2026-04-28 23:00:10.801078+00,1000000,t,77,Brasil
68053eb1-4c16-45c1-967a-d8b56b5a0e4d,7ae83877-7538-4bf4-9bc9-13c4d63cc720,a81a9099-a8b1-46e6-a138-f285e683a586,Nacional Bela Vista,⚪,0,0,0,0,0,0,0,50,2026-04-28 23:00:10.931304+00,1000000,t,60,Brasil
d6570691-7483-46a9-a4e4-2203d1968094,7ae83877-7538-4bf4-9bc9-13c4d63cc720,a50ad506-183e-4a78-9eb8-cfa8420657ea,FC Boa Vista,🦅,0,0,0,0,0,0,0,50,2026-04-28 23:00:11.050077+00,1000000,t,80,Brasil
7b9c955f-7fe4-43b6-a680-553aec8391a2,590f934b-1ecb-4188-ab95-5b8d92e7f990,c8f088a2-40f6-4f92-9300-eba5c4dedd8b,Clube Rio Claro,🦁,0,0,0,0,0,0,0,50,2026-04-28 23:00:11.307562+00,1000000,t,60,Brasil
1066757f-9d0c-4697-8968-a2d7a26c7a6d,590f934b-1ecb-4188-ab95-5b8d92e7f990,74b5b04b-98e9-433b-bf1a-2c287d7148dd,Racing Santo Amaro,🟠,0,0,0,0,0,0,0,50,2026-04-28 23:00:11.551341+00,1000000,t,67,Brasil
3f4f38bf-0de3-4173-bde5-b0e0a9bece87,590f934b-1ecb-4188-ab95-5b8d92e7f990,d05759cf-c893-44f3-8175-7b5a18b04492,AC Morro Alto,🦁,0,0,0,0,0,0,0,50,2026-04-28 23:00:11.694303+00,1000000,t,66,Brasil
f55d8fb2-9652-44d7-9d93-b497023c96a7,2ad56061-91a0-4cac-8c9d-1baf5b90b467,8598a58b-4d52-403d-8734-88dd22204a0c,Esporte Serra Alta,🔴,0,0,0,0,0,0,0,50,2026-04-28 23:00:11.947532+00,1000000,t,79,Brasil
586b1c56-ddca-4fcb-86bd-c308a62d0af2,2ad56061-91a0-4cac-8c9d-1baf5b90b467,a107d6d3-b3b4-4824-b0e8-dbcce3b4ea1a,AC Morro Alto,🦁,0,0,0,0,0,0,0,50,2026-04-28 23:00:12.259342+00,1000000,t,61,Brasil
cdf31f01-ab87-4e2b-9047-c9c9ba2ef637,04cfcb07-7ca4-407c-bef6-0ff5b8537b17,14a5aabe-29d4-4dfa-a2f1-63470d47f011,SC Sol Nascente,🏟️,0,0,0,0,0,0,0,50,2026-04-28 23:00:12.377836+00,1000000,t,63,Brasil
e588e977-aaad-4325-bd6c-45ad9c831272,04cfcb07-7ca4-407c-bef6-0ff5b8537b17,1b9308e9-4b67-40a3-ba84-6c13110c5ccc,Esporte Serra Alta,🔴,0,0,0,0,0,0,0,50,2026-04-28 23:00:12.498811+00,1000000,t,76,Brasil
cb91eb75-08ec-47ea-8d5a-de8e1c375f53,83937cfe-e758-45a5-81f4-076e3c03747e,a3434e8b-a3a0-4665-8f04-85ae5cfaf650,AC Vila Rica,🦅,0,0,0,0,0,0,0,50,2026-04-28 23:00:12.938008+00,1000000,t,70,Brasil
4622b08d-e978-4d1d-9296-6508de12cc99,83937cfe-e758-45a5-81f4-076e3c03747e,878adc90-dfbf-44d8-b31a-323f10a89f2b,Sport Vale Verde,🔵,0,0,0,0,0,0,0,50,2026-04-28 23:00:13.058279+00,1000000,t,72,Brasil
1f40ce1f-1404-4c69-a56e-972cccb17006,83937cfe-e758-45a5-81f4-076e3c03747e,9bb9c186-f3fe-4809-86f8-61e50f962c75,Sporting Cruz Alta,🟣,0,0,0,0,0,0,0,50,2026-04-28 23:00:13.181399+00,1000000,t,72,Brasil
35b9bfff-ea28-48ee-900d-b90685c4aeaf,1f42bcc3-fbee-4e20-8b4a-2d0c96f5e59b,bd0a083d-b82c-4891-8da6-018e856fc1b4,EC Monte Azul,🐺,0,0,0,0,0,0,0,50,2026-04-28 23:00:13.513563+00,1000000,t,60,Brasil
faa52838-78ba-4b50-a90d-99c86bec3b87,1f42bcc3-fbee-4e20-8b4a-2d0c96f5e59b,43269bec-62c8-4967-b601-a5e04d1dcb9f,União Pedra Branca,🟢,0,0,0,0,0,0,0,50,2026-04-28 23:00:13.627313+00,1000000,t,60,Brasil
334e031d-49df-4873-b1af-1b15749f25ae,1f42bcc3-fbee-4e20-8b4a-2d0c96f5e59b,2e68eedc-4546-487f-900d-8bf6a5f502bc,Olimpia Jardim,⚽,0,0,0,0,0,0,0,50,2026-04-28 23:00:13.794371+00,1000000,t,61,Brasil
8f0274ae-dd62-4ba1-8f5f-2b1c2abb2083,1f42bcc3-fbee-4e20-8b4a-2d0c96f5e59b,c3f8afa5-df45-4355-892f-cf86591f8954,AC Morro Alto,🦁,0,0,0,0,0,0,0,50,2026-04-28 23:00:13.893149+00,1000000,t,75,Brasil
28d2ddbe-3cfc-4c69-b86a-3d1adb3d8c07,497bd4a2-4ffe-4974-a481-2ffb088cd9c0,61cbdbc6-5452-4af5-a244-fdb0a4931822,SC Sol Nascente,🏟️,0,0,0,0,0,0,0,50,2026-04-28 23:00:14.011241+00,1000000,t,63,Brasil
7370d016-86a9-4ebc-ae1e-c9e7a7d00380,148b6e11-44da-4df2-a402-3d5f99f317d2,09d30c8e-08de-415f-b08f-949aedd3a924,Real Lagoa Santa,🟡,0,0,0,0,0,0,0,50,2026-04-28 23:00:14.775366+00,1000000,t,61,Brasil
29a1720a-a079-46e5-9d93-7812c900156c,a9e12894-c3eb-40ea-94ff-f41f397ec9d6,8bef4cc7-9078-4821-83ae-18e0fc4b1bee,SC Sol Nascente,🏟️,0,0,0,0,0,0,0,50,2026-04-28 23:00:15.210223+00,1000000,t,76,Brasil
bcb72a5e-d867-4d6d-b4ce-051b6bbe3c5a,a9e12894-c3eb-40ea-94ff-f41f397ec9d6,7bd4950f-aa2d-4094-8e03-89385448665f,Inter Porto Alegre,⚫,0,0,0,0,0,0,0,50,2026-04-28 23:00:15.427337+00,1000000,t,71,Brasil
6966b23e-dc29-4565-9d39-05fab0bdb0f6,a9e12894-c3eb-40ea-94ff-f41f397ec9d6,fe8601b4-beae-4890-9636-63555e1e86ac,Estrela São Miguel,🏟️,0,0,0,0,0,0,0,50,2026-04-28 23:00:15.543368+00,1000000,t,71,Brasil
3ce63834-51b8-4acc-bb99-fbaa5586044c,79fd5a8f-df18-451a-b5f3-67fb78b6493e,a5d7effa-e364-4161-864f-61715fc6e827,Clube Rio Claro,🦁,0,0,0,0,0,0,0,50,2026-04-28 23:00:15.80117+00,1000000,t,60,Brasil
423c433d-7132-4d18-b571-190485ef61e0,79fd5a8f-df18-451a-b5f3-67fb78b6493e,99bec9ba-bf7a-4751-b445-461e1fcaa378,Olimpia Jardim,⚽,0,0,0,0,0,0,0,50,2026-04-28 23:00:16.038761+00,1000000,t,73,Brasil
62c79c8d-a8f8-4471-b4aa-4e92a47da8af,50e56f23-d6dd-4883-b1db-0a6fa125aa1c,874185b4-9d0d-4970-98c0-7bddfd382244,AC Vila Rica,🦅,0,0,0,0,0,0,0,50,2026-04-28 23:00:16.302853+00,1000000,t,68,Brasil
d1078ec8-c6fb-488b-9b01-0028d87e10b2,50e56f23-d6dd-4883-b1db-0a6fa125aa1c,59e02921-8b23-43f1-9dc8-33da2b8a1b05,Sporting Cruz Alta,🟣,0,0,0,0,0,0,0,50,2026-04-28 23:00:16.542735+00,1000000,t,78,Brasil
9ac16299-0210-49af-903c-35630acd4cfe,d4fca163-5dc9-461d-a5eb-a2af84f1134f,03bec271-c0a2-47d7-9cef-a52ea8b538ac,FC Nova Esperança,⚽,0,0,0,0,0,0,0,50,2026-04-28 23:00:16.779178+00,1000000,t,70,Brasil
03512e47-ee49-44cd-b1cd-5bfe5bae8369,d4fca163-5dc9-461d-a5eb-a2af84f1134f,dc573db3-8a70-41be-8ba6-28d49f05fadd,Inter Porto Alegre,⚫,0,0,0,0,0,0,0,50,2026-04-28 23:00:17.035694+00,1000000,t,69,Brasil
3964225e-f24a-4e5a-91af-9cebf54b332a,e725e3f5-266c-4a65-9089-a209007d81cf,94f46b8d-62ef-4b9b-9813-1863655dca1a,União Pedra Branca,🟢,0,0,0,0,0,0,0,50,2026-04-28 23:00:17.566726+00,1000000,t,63,Brasil
dbd31237-1f76-48af-a9f4-aa26d8a1cb0f,e725e3f5-266c-4a65-9089-a209007d81cf,31bf374b-51a2-4b8f-a4a6-0bb16ba68fca,AC Morro Alto,🦁,0,0,0,0,0,0,0,50,2026-04-28 23:00:17.813433+00,1000000,t,80,Brasil
126f0840-8c82-4894-a5ba-6f6ab77b7556,bd1384af-2f4d-4e28-bb37-8875ec8b192e,6d5fb367-a871-42be-b6b7-a225bc1bcc01,Esporte Serra Alta,🔴,0,0,0,0,0,0,0,50,2026-04-28 23:00:18.074273+00,1000000,t,66,Brasil
d2345dc5-d8d6-45cb-b767-3ee3999fef85,bd1384af-2f4d-4e28-bb37-8875ec8b192e,4105962b-df46-4547-8714-3f8853d73213,FC Boa Vista,🦅,0,0,0,0,0,0,0,50,2026-04-28 23:00:18.315457+00,1000000,t,75,Brasil
8e5d0f18-9046-4cd2-9949-8dcfe9c41c01,f95a8cf9-5061-4ca5-a16d-b3cb450aa604,2041e8b5-f3a8-4ed0-bfe3-4a2b538214b8,Clube Rio Claro,🦁,0,0,0,0,0,0,0,50,2026-04-28 23:00:18.569521+00,1000000,t,71,Brasil
471a811c-a56c-483d-a300-ab15403c6bac,fadd72c9-8c42-4a14-8a36-7526799fe528,59ea7868-b3c2-4fcc-8139-b945460e4fad,Inter Porto Alegre,⚫,0,0,0,0,0,0,0,50,2026-04-28 23:00:04.645826+00,1000000,t,72,Brasil
25ddcd9f-3b4d-498f-a649-310ae9a2caeb,ed9c27a0-da4b-478e-96fe-f3d497b8f0d7,3eee44e0-7e24-4274-b8dc-df140ac85bc2,SC Sol Nascente,🏟️,0,0,0,0,0,0,0,50,2026-04-28 23:00:04.991803+00,1000000,t,79,Brasil
985136f0-1f61-4f2a-a16c-795c3d4c253e,ed9c27a0-da4b-478e-96fe-f3d497b8f0d7,6195886d-efb7-4b4c-9c0a-caecd4539ca8,Estrela São Miguel,🏟️,0,0,0,0,0,0,0,50,2026-04-28 23:00:05.369634+00,1000000,t,80,Brasil
40ecff3a-e996-4a23-aeba-eaaf60df3222,2432f3ef-2a23-458a-b97b-034681e0ef0e,33a1de12-ffa3-4716-b101-378b7a346e94,AC Vila Rica,🦅,0,0,0,0,0,0,0,50,2026-04-28 23:00:05.608528+00,1000000,t,72,Brasil
e4396e14-a3ea-452a-9d16-ab475921446d,2432f3ef-2a23-458a-b97b-034681e0ef0e,c6b134f6-6727-40f8-b0e6-02fe60b3b0f8,Sport Vale Verde,🔵,0,0,0,0,0,0,0,50,2026-04-28 23:00:05.749837+00,1000000,t,61,Brasil
694aac0a-03fd-43c2-82a5-798cb31f54d3,2432f3ef-2a23-458a-b97b-034681e0ef0e,e383e1ac-82a9-4853-8f34-547317efe5d2,SC Alto da Serra,🐺,0,0,0,0,0,0,0,50,2026-04-28 23:00:05.996249+00,1000000,t,73,Brasil
d18a656b-6eac-4e5c-9a2f-b5dc7655c177,ad03d6d7-8062-4bf7-b67e-cef3ed0290f1,59283d00-a890-44f7-abc7-ad370d9389ff,Clube Rio Claro,🦁,0,0,0,0,0,0,0,50,2026-04-28 23:00:06.228183+00,1000000,t,61,Brasil
e337cecb-02eb-4b17-8240-3dbe2ba5d62c,ad03d6d7-8062-4bf7-b67e-cef3ed0290f1,8b9a27ac-efa1-4721-b23d-4d48b49f132f,Sporting Cruz Alta,🟣,0,0,0,0,0,0,0,50,2026-04-28 23:00:06.430412+00,1000000,t,61,Brasil
d8cab037-3827-48bc-a34e-9c16d5a9ea62,c7f453f5-0a45-4633-b967-e0f7fb07027c,547a2a0b-59cb-4401-a81b-e78e25638ebc,Real Lagoa Santa,🟡,0,0,0,0,0,0,0,50,2026-04-28 23:00:06.89943+00,1000000,t,68,Brasil
bb19393e-1f9e-4255-a34a-87e1407100a6,9f54506a-9700-4dc6-a0a6-f125e87c5411,1a7664a6-6092-4f39-b7bc-98efaec4c278,Esporte Serra Alta,🔴,0,0,0,0,0,0,0,50,2026-04-28 23:00:07.395522+00,1000000,t,78,Brasil
63160fb2-6fbe-424d-8dfa-be0b05671fe8,7df44559-1fc7-4fcf-9ba3-e706f6ee305c,c93afec6-9907-48ef-962a-3954dea23b84,EC Monte Azul,🐺,0,0,0,0,0,0,0,50,2026-04-28 23:00:07.889678+00,1000000,t,61,Brasil
776c8cc3-f148-4563-a81c-4723634269eb,e7d75f89-a1ef-43e1-bf30-544d92746b95,e441ceb0-9064-426f-9dd6-03daf71de080,EC Monte Azul,🐺,0,0,0,0,0,0,0,50,2026-04-28 23:00:08.446005+00,1000000,t,70,Brasil
81fb35cd-5a42-4464-be38-c9faf02dd2e6,e7d75f89-a1ef-43e1-bf30-544d92746b95,78652538-361f-46f4-b6a9-26fd3f209fdc,Sporting Cruz Alta,🟣,0,0,0,0,0,0,0,50,2026-04-28 23:00:08.680051+00,1000000,t,69,Brasil
7a208490-2ffb-4335-89ca-b15cbb532a18,a997e866-5737-4716-880c-dc83f1bf010d,de40de11-6bbc-4bfe-a30a-936a0d6eff51,Clube Rio Claro,🦁,0,0,0,0,0,0,0,50,2026-04-28 23:00:09.060126+00,1000000,t,68,Brasil
e0308879-278b-45b6-9012-2d45276a5c6e,168bdc91-91cf-47aa-8bdf-252bcafff559,390792e2-b841-49c5-982c-37c4a6e82fd6,Atlético Campo Grande,🐂,0,0,0,0,0,0,0,50,2026-04-28 23:00:09.665958+00,1000000,t,68,Brasil
94b1c54e-ae32-4ef1-9b3c-d526a542ad91,168bdc91-91cf-47aa-8bdf-252bcafff559,c111e1a9-0605-4fdd-8ac8-402b63f8db0d,Inter Porto Alegre,⚫,0,0,0,0,0,0,0,50,2026-04-28 23:00:09.788198+00,1000000,t,80,Brasil
46782d8e-6f95-42e3-b0e6-405218a4fffc,168bdc91-91cf-47aa-8bdf-252bcafff559,2182eeb0-710f-4b50-96da-8d2b9e6805eb,Olimpia Jardim,⚽,0,0,0,0,0,0,0,50,2026-04-28 23:00:09.890525+00,1000000,t,70,Brasil
1410bcb6-c8ae-4115-8141-34ef8ca3ab55,168bdc91-91cf-47aa-8bdf-252bcafff559,e07ed330-10dc-43d5-96f4-e0c935ab2e1d,EC Ponta Grossa,🐂,0,0,0,0,0,0,0,50,2026-04-28 23:00:10.015275+00,1000000,t,78,Brasil
26392a68-bc7a-4578-b6b5-1762b62bd9f8,390cc26d-d714-4373-9e2c-c73b25711bb6,7ff5f704-1c37-44b2-9a48-969591c176af,AC Vila Rica,🦅,0,0,0,0,0,0,0,50,2026-04-28 23:00:10.139259+00,1000000,t,70,Brasil
497fe008-4843-4104-a462-baf8b8e2a154,7ae83877-7538-4bf4-9bc9-13c4d63cc720,4378813b-0418-4d81-974b-1a3daa5fe6d4,União Pedra Branca,🟢,0,0,0,0,0,0,0,50,2026-04-28 23:00:10.850971+00,1000000,t,68,Brasil
cf17f857-5f45-471a-8798-6ba965c6cacc,7ae83877-7538-4bf4-9bc9-13c4d63cc720,16273ac7-7d76-4473-8e41-12bffb1dbe13,Racing Santo Amaro,🟠,0,0,0,0,0,0,0,50,2026-04-28 23:00:10.978891+00,1000000,t,73,Brasil
252de287-0da1-4274-99e7-9292deb2efdd,7ae83877-7538-4bf4-9bc9-13c4d63cc720,fe72ef70-e9f1-4550-8908-37d04c298cd2,EC Ponta Grossa,🐂,0,0,0,0,0,0,0,50,2026-04-28 23:00:11.123236+00,1000000,t,68,Brasil
2ab507a4-45d9-45c5-81fc-bb2f00bfb7ff,590f934b-1ecb-4188-ab95-5b8d92e7f990,baf25441-bf9d-486c-a49e-e3ae41057ac5,Esporte Serra Alta,🔴,0,0,0,0,0,0,0,50,2026-04-28 23:00:11.369335+00,1000000,t,70,Brasil
2b0dc180-5572-4fcc-8b2c-653393b271d4,590f934b-1ecb-4188-ab95-5b8d92e7f990,b80232aa-2f05-4b0d-a5d3-1b3284aa40a7,Estrela São Miguel,🏟️,0,0,0,0,0,0,0,50,2026-04-28 23:00:11.607772+00,1000000,t,72,Brasil
347c7668-2f8d-470a-91e5-85b980b073ae,2ad56061-91a0-4cac-8c9d-1baf5b90b467,245fdafa-c24b-429d-8922-8ad8b7527fe9,Sporting Cruz Alta,🟣,0,0,0,0,0,0,0,50,2026-04-28 23:00:12.106356+00,1000000,t,63,Brasil
2ead4f9b-d226-4b24-a882-50c8a388d725,2ad56061-91a0-4cac-8c9d-1baf5b90b467,25db3453-2a17-4e5e-a850-f66cc03f971e,FC Boa Vista,🦅,0,0,0,0,0,0,0,50,2026-04-28 23:00:12.210699+00,1000000,t,76,Brasil
b43814b6-3724-4fa9-9e5e-3d907e323bad,04cfcb07-7ca4-407c-bef6-0ff5b8537b17,7fe543fb-8d55-4e26-9c9d-7203850f9b9d,EC Monte Azul,🐺,0,0,0,0,0,0,0,50,2026-04-28 23:00:12.430151+00,1000000,t,76,Brasil
4fa0dc1f-f454-4c20-a285-5e3c39deb568,04cfcb07-7ca4-407c-bef6-0ff5b8537b17,0c5a8c23-c748-4c95-a8e3-3baa4eb5b8cc,Racing Santo Amaro,🟠,0,0,0,0,0,0,0,50,2026-04-28 23:00:12.661402+00,1000000,t,63,Brasil
567ad846-ef12-46b7-a024-3700b6f2dd1a,1f42bcc3-fbee-4e20-8b4a-2d0c96f5e59b,36338511-94ed-4dde-8f5d-43ff2c135f6c,SC Sol Nascente,🏟️,0,0,0,0,0,0,0,50,2026-04-28 23:00:13.466118+00,1000000,t,79,Brasil
7d044128-2ee7-424d-a972-0a1fc602f2d4,1f42bcc3-fbee-4e20-8b4a-2d0c96f5e59b,df8c22c0-0df6-4b09-b01e-f28a4bb78e57,Esporte Serra Alta,🔴,0,0,0,0,0,0,0,50,2026-04-28 23:00:13.581768+00,1000000,t,74,Brasil
1673e7dd-2b45-41d3-8f4f-8366fff5d441,497bd4a2-4ffe-4974-a481-2ffb088cd9c0,4fdf5796-7dd0-4b8d-b985-4f4cdf7db199,União Pedra Branca,🟢,0,0,0,0,0,0,0,50,2026-04-28 23:00:14.177703+00,1000000,t,78,Brasil
ad10848e-2657-4c70-8d22-3c6042568b9c,497bd4a2-4ffe-4974-a481-2ffb088cd9c0,55051bc5-3be0-442b-b347-d08119d0e572,Racing Santo Amaro,🟠,0,0,0,0,0,0,0,50,2026-04-28 23:00:14.305204+00,1000000,t,73,Brasil
f0020b5a-44e3-482e-8971-532c5d2d3a5c,497bd4a2-4ffe-4974-a481-2ffb088cd9c0,a1f28f8b-0701-40f8-81a9-e7d86da18514,SC Alto da Serra,🐺,0,0,0,0,0,0,0,50,2026-04-28 23:00:14.423084+00,1000000,t,75,Brasil
2de08015-072a-4a9e-9e42-c17c7a276976,148b6e11-44da-4df2-a402-3d5f99f317d2,70bc6d55-f7e6-4e79-8398-4c34d012abbc,FC Nova Esperança,⚽,0,0,0,0,0,0,0,50,2026-04-28 23:00:14.550772+00,1000000,t,67,Brasil
b753bb23-e149-4e85-bd8d-83fd9d51c95e,a9e12894-c3eb-40ea-94ff-f41f397ec9d6,3cf4591c-77c6-4acc-aca5-e26231a7b743,Clube Rio Claro,🦁,0,0,0,0,0,0,0,50,2026-04-28 23:00:15.28114+00,1000000,t,77,Brasil
db3c67a2-a3a0-4429-b061-dd0ed379c34d,a9e12894-c3eb-40ea-94ff-f41f397ec9d6,264f790b-c3fa-472a-bc32-9786951f51f2,Racing Santo Amaro,🟠,0,0,0,0,0,0,0,50,2026-04-28 23:00:15.495455+00,1000000,t,66,Brasil
40c84657-dc51-4c37-888d-a881f6fe4983,a9e12894-c3eb-40ea-94ff-f41f397ec9d6,59101b6d-3edf-4a42-b886-24842aa97c53,AC Morro Alto,🦁,0,0,0,0,0,0,0,50,2026-04-28 23:00:15.611303+00,1000000,t,67,Brasil
4cb1262e-4233-4057-83a3-ae582643a763,79fd5a8f-df18-451a-b5f3-67fb78b6493e,dc9a2676-3218-47a3-a47d-626dd024d374,SC Sol Nascente,🏟️,0,0,0,0,0,0,0,50,2026-04-28 23:00:15.731189+00,1000000,t,64,Brasil
32e7453f-bc30-42a6-90d2-1302054e4130,79fd5a8f-df18-451a-b5f3-67fb78b6493e,92ca2672-b8db-4951-9f87-815faaf4be34,Inter Porto Alegre,⚫,0,0,0,0,0,0,0,50,2026-04-28 23:00:15.939475+00,1000000,t,71,Brasil
6709fd2f-20c6-4ed7-94c1-a2b24ebbfde0,50e56f23-d6dd-4883-b1db-0a6fa125aa1c,ce8255e5-082a-4857-a223-5ad434a73c86,União Pedra Branca,🟢,0,0,0,0,0,0,0,50,2026-04-28 23:00:16.44363+00,1000000,t,60,Brasil
85fdf965-515e-4f6b-813d-c9ad747575ce,50e56f23-d6dd-4883-b1db-0a6fa125aa1c,c628d7ed-a01c-42a9-b323-c7dd0a1fb58e,AC Morro Alto,🦁,0,0,0,0,0,0,0,50,2026-04-28 23:00:16.685017+00,1000000,t,65,Brasil
42050952-2c50-4440-b592-2f21b7bccc8e,d4fca163-5dc9-461d-a5eb-a2af84f1134f,63526f61-36c0-4830-9217-dee32e1ab8e3,Esporte Serra Alta,🔴,0,0,0,0,0,0,0,50,2026-04-28 23:00:16.915013+00,1000000,t,74,Brasil
0d7e93e2-9e4c-42c2-b8be-786a5d136525,d4fca163-5dc9-461d-a5eb-a2af84f1134f,073baa10-b923-4de3-a0ff-c229cf3ad433,FC Boa Vista,🦅,0,0,0,0,0,0,0,50,2026-04-28 23:00:17.195099+00,1000000,t,60,Brasil
cd2048cf-c780-459f-a16a-ebefacf44401,e725e3f5-266c-4a65-9089-a209007d81cf,84ef6692-a54c-43fb-921d-66d87adf38b6,Clube Rio Claro,🦁,0,0,0,0,0,0,0,50,2026-04-28 23:00:17.457169+00,1000000,t,73,Brasil
7bacc5fd-5c09-4af4-9ec0-7b69f0ae6b5b,e725e3f5-266c-4a65-9089-a209007d81cf,34a30370-7248-4e95-81bc-1e6eaf18d035,Olimpia Jardim,⚽,0,0,0,0,0,0,0,50,2026-04-28 23:00:17.719652+00,1000000,t,63,Brasil
ec1a928f-7a68-4d50-a566-71307b99f646,bd1384af-2f4d-4e28-bb37-8875ec8b192e,db9d08cb-6a2a-45bf-a8c6-911acabf73d9,AC Vila Rica,🦅,0,0,0,0,0,0,0,50,2026-04-28 23:00:17.976545+00,1000000,t,73,Brasil
d2c0c282-4bca-4b83-91b1-9f1a96ae123d,bd1384af-2f4d-4e28-bb37-8875ec8b192e,5602dc44-4536-4250-b385-91e53f0a338c,Sporting Cruz Alta,🟣,0,0,0,0,0,0,0,50,2026-04-28 23:00:18.217857+00,1000000,t,80,Brasil
ce0b9d1d-c6f4-4d11-8345-4204747cc06d,f95a8cf9-5061-4ca5-a16d-b3cb450aa604,07e344d3-a6f3-44b3-b915-b6091b77e383,FC Nova Esperança,⚽,0,0,0,0,0,0,0,50,2026-04-28 23:00:18.459922+00,1000000,t,64,Brasil
1e290063-7161-4fb2-859a-5addf7dee158,f95a8cf9-5061-4ca5-a16d-b3cb450aa604,be6da649-51f9-4e99-92ed-30564e642605,Inter Porto Alegre,⚫,0,0,0,0,0,0,0,50,2026-04-28 23:00:18.710301+00,1000000,t,60,Brasil
a5fffba3-7a93-434a-b11e-a266ded79a59,3bae64aa-7f59-49fe-bf6c-65f4da6bfe45,86d74ee3-9c4e-4055-9060-b81245c94e73,União Pedra Branca,🟢,0,0,0,0,0,0,0,50,2026-04-28 23:00:19.207172+00,1000000,t,76,Brasil
0361ef62-53a2-4c8a-b261-02ee4fff2f87,3bae64aa-7f59-49fe-bf6c-65f4da6bfe45,1fe50378-df1d-4e64-b189-33ec9949616a,AC Morro Alto,🦁,0,0,0,0,0,0,0,50,2026-04-28 23:00:19.475044+00,1000000,t,63,Brasil
423fc970-5a38-4cf1-8600-9ac2d572be83,0cb4ea7a-0640-4e68-a686-24d0eb79315f,fbc1c96b-1a1e-41d3-b977-caeb6c6f7b94,Esporte Serra Alta,🔴,0,0,0,0,0,0,0,50,2026-04-28 23:00:19.710145+00,1000000,t,77,Brasil
dc383316-0844-455c-aafa-016bb4220bcb,0cb4ea7a-0640-4e68-a686-24d0eb79315f,a6864c14-8213-4a08-aa89-710c873b2768,FC Boa Vista,🦅,0,0,0,0,0,0,0,50,2026-04-28 23:00:19.966016+00,1000000,t,61,Brasil
257155a2-3d46-4867-a949-f07d84341ef9,0452611e-dfde-4fb8-81f2-4896dac43222,57a9003e-bf51-48fb-9abe-430939c3813f,Clube Rio Claro,🦁,0,0,0,0,0,0,0,50,2026-04-28 23:00:20.240227+00,1000000,t,67,Brasil
b57a3bbf-1cdd-4afd-b468-9a19171a651a,fadd72c9-8c42-4a14-8a36-7526799fe528,c4eb1b26-7095-47b2-972f-f8f9d16aa749,Sporting Cruz Alta,🟣,0,0,0,0,0,0,0,50,2026-04-28 23:00:04.699878+00,1000000,t,77,Brasil
e680717f-371b-4363-937b-434e4fea025e,fadd72c9-8c42-4a14-8a36-7526799fe528,d495e3e8-2232-47f6-ac21-f48522a08bdd,FC Boa Vista,🦅,0,0,0,0,0,0,0,50,2026-04-28 23:00:04.811228+00,1000000,t,61,Brasil
7676c783-37dc-4cbc-a462-c1dcb027669a,ed9c27a0-da4b-478e-96fe-f3d497b8f0d7,f91984ea-a85e-4251-bfa5-e6450ebe296f,União Pedra Branca,🟢,0,0,0,0,0,0,0,50,2026-04-28 23:00:05.186821+00,1000000,t,63,Brasil
ebe3512a-5e8e-47cf-8f7a-7a663a6fffb0,ed9c27a0-da4b-478e-96fe-f3d497b8f0d7,940cb8b1-433d-4cd2-8615-580b76b9baeb,SC Alto da Serra,🐺,0,0,0,0,0,0,0,50,2026-04-28 23:00:05.426355+00,1000000,t,61,Brasil
18769682-7d72-4e3b-a505-15904f2d05cf,2432f3ef-2a23-458a-b97b-034681e0ef0e,743ff8bc-c368-454e-af46-d8fc9ae95db7,Real Lagoa Santa,🟡,0,0,0,0,0,0,0,50,2026-04-28 23:00:05.798106+00,1000000,t,63,Brasil
5c6f3ba6-0659-4825-85f5-56a39e6742c8,ad03d6d7-8062-4bf7-b67e-cef3ed0290f1,63bd7e7e-8aa4-4182-a836-8fb6a1892f31,Atlético Campo Grande,🐂,0,0,0,0,0,0,0,50,2026-04-28 23:00:06.253073+00,1000000,t,62,Brasil
9b46a9ce-66a6-4929-a350-92c821642099,ad03d6d7-8062-4bf7-b67e-cef3ed0290f1,f3102f0b-2040-4f3c-a27e-37790fd66686,Real Lagoa Santa,🟡,0,0,0,0,0,0,0,50,2026-04-28 23:00:06.360292+00,1000000,t,64,Brasil
fc524909-7c6c-4d4e-ad74-23f680d2723f,ad03d6d7-8062-4bf7-b67e-cef3ed0290f1,c74521ee-2e03-45cd-9452-48171bdcae8f,AC Morro Alto,🦁,0,0,0,0,0,0,0,50,2026-04-28 23:00:06.581308+00,1000000,t,60,Brasil
a8f93632-b45a-4fc2-bc6b-99ab2d7e64cd,c7f453f5-0a45-4633-b967-e0f7fb07027c,3c8930a3-2854-45eb-a6b1-41a19d33348c,EC Ponta Grossa,🐂,0,0,0,0,0,0,0,50,2026-04-28 23:00:07.166374+00,1000000,t,61,Brasil
01d3130b-d0ac-43ea-a161-7d46f784a6b6,9f54506a-9700-4dc6-a0a6-f125e87c5411,95cc1762-340a-4598-9c75-4a2cf268a790,AC Vila Rica,🦅,0,0,0,0,0,0,0,50,2026-04-28 23:00:07.300648+00,1000000,t,72,Brasil
12de03d6-5efb-45bc-b2d9-7c711d97b19d,9f54506a-9700-4dc6-a0a6-f125e87c5411,cc8f403e-e77a-4c99-8091-b4d50def7000,Nacional Bela Vista,⚪,0,0,0,0,0,0,0,50,2026-04-28 23:00:07.532917+00,1000000,t,73,Brasil
5ac595cb-598c-4281-91ed-99b97206e4c3,9f54506a-9700-4dc6-a0a6-f125e87c5411,8e36ca83-51e9-43b9-bb9b-0062cf375422,FC Boa Vista,🦅,0,0,0,0,0,0,0,50,2026-04-28 23:00:07.657933+00,1000000,t,66,Brasil
57ed7d46-46d4-4c92-a69d-b410e348e8fb,7df44559-1fc7-4fcf-9ba3-e706f6ee305c,37cb786a-0cef-42c0-b1a2-467efbcf0d3c,Clube Rio Claro,🦁,0,0,0,0,0,0,0,50,2026-04-28 23:00:07.912155+00,1000000,t,76,Brasil
ae2a3556-d581-410f-a762-db3e6df71a5c,7df44559-1fc7-4fcf-9ba3-e706f6ee305c,5bd26d63-c152-4529-8797-2b297a4fd712,SC Alto da Serra,🐺,0,0,0,0,0,0,0,50,2026-04-28 23:00:08.229892+00,1000000,t,75,Brasil
781139e2-769b-4365-aa90-8c0c260766e6,e7d75f89-a1ef-43e1-bf30-544d92746b95,13a202e5-d597-4982-8b2b-6bbe3f52ad83,União Pedra Branca,🟢,0,0,0,0,0,0,0,50,2026-04-28 23:00:08.572878+00,1000000,t,76,Brasil
372c67ec-0080-492c-85cb-8a3c6669c747,a997e866-5737-4716-880c-dc83f1bf010d,6869680f-232d-40c5-92b1-405387eac2ee,Olimpia Jardim,⚽,0,0,0,0,0,0,0,50,2026-04-28 23:00:09.316737+00,1000000,t,65,Brasil
03cde51e-7bc8-416d-8dd8-756d9e23fe49,a997e866-5737-4716-880c-dc83f1bf010d,49aa95ec-2300-4067-a080-e3db8185ab5d,EC Ponta Grossa,🐂,0,0,0,0,0,0,0,50,2026-04-28 23:00:09.446388+00,1000000,t,73,Brasil
1224cef7-aa7f-41a0-9227-bcd37d0a441a,168bdc91-91cf-47aa-8bdf-252bcafff559,1ec5775c-fcca-4bd1-859b-01bbc7cc05d3,AC Vila Rica,🦅,0,0,0,0,0,0,0,50,2026-04-28 23:00:09.578941+00,1000000,t,74,Brasil
a4c6ace5-0bb6-47e5-9a55-03d4d694eb04,390cc26d-d714-4373-9e2c-c73b25711bb6,78012912-e693-4965-89b1-1dcaa688466e,EC Monte Azul,🐺,0,0,0,0,0,0,0,50,2026-04-28 23:00:10.163122+00,1000000,t,76,Brasil
9de39814-c37e-46b6-bfb6-8cd822836b00,390cc26d-d714-4373-9e2c-c73b25711bb6,a4738331-1517-4468-b73e-84046a645ecf,União Pedra Branca,🟢,0,0,0,0,0,0,0,50,2026-04-28 23:00:10.297712+00,1000000,t,78,Brasil
7aacbb83-9f4d-45df-9a07-60cc3f56ba48,390cc26d-d714-4373-9e2c-c73b25711bb6,0bb96fb0-7322-4c05-9d29-2ad96e163c80,Racing Santo Amaro,🟠,0,0,0,0,0,0,0,50,2026-04-28 23:00:10.427457+00,1000000,t,77,Brasil
bf6852d1-51bb-4f36-ba25-4a924179763a,7ae83877-7538-4bf4-9bc9-13c4d63cc720,c0e85ff8-ba99-41e0-bc20-f10aeafe62d7,Atlético Campo Grande,🐂,0,0,0,0,0,0,0,50,2026-04-28 23:00:10.772054+00,1000000,t,80,Brasil
8b10e3ef-0f83-46a3-91f2-e858caf5d63c,590f934b-1ecb-4188-ab95-5b8d92e7f990,a108cf86-e91b-4d82-87ce-2efdc6f58256,União Pedra Branca,🟢,0,0,0,0,0,0,0,50,2026-04-28 23:00:11.417037+00,1000000,t,71,Brasil
60b03f74-7eda-4cef-af07-d644203502af,2ad56061-91a0-4cac-8c9d-1baf5b90b467,a97f7d78-5a23-49af-b042-34ee4e9d6102,FC Nova Esperança,⚽,0,0,0,0,0,0,0,50,2026-04-28 23:00:11.804259+00,1000000,t,74,Brasil
a5651677-a8c1-45a3-a16c-94957f72149a,2ad56061-91a0-4cac-8c9d-1baf5b90b467,dd736a3a-4601-4aac-9e19-ba842d481452,Atlético Campo Grande,🐂,0,0,0,0,0,0,0,50,2026-04-28 23:00:11.925347+00,1000000,t,70,Brasil
70a693a9-b978-41ce-b263-9f99cd823d1f,2ad56061-91a0-4cac-8c9d-1baf5b90b467,f93c089a-d198-4da9-a442-93a19cf07636,Inter Porto Alegre,⚫,0,0,0,0,0,0,0,50,2026-04-28 23:00:12.049983+00,1000000,t,66,Brasil
e568e0fe-98b1-47e0-914e-975ece2b4487,2ad56061-91a0-4cac-8c9d-1baf5b90b467,373fc7c4-2c41-43c7-9460-715df1f64cdf,Olimpia Jardim,⚽,0,0,0,0,0,0,0,50,2026-04-28 23:00:12.164602+00,1000000,t,69,Brasil
fd415d9b-4332-4627-9ef3-f338f727f5d5,04cfcb07-7ca4-407c-bef6-0ff5b8537b17,d2c63ff0-0894-45c5-8fc1-540b73845d40,Nacional Bela Vista,⚪,0,0,0,0,0,0,0,50,2026-04-28 23:00:12.614809+00,1000000,t,62,Brasil
1bebe5d9-2cc2-4a16-965e-de634ab04134,83937cfe-e758-45a5-81f4-076e3c03747e,c1868dd0-5d12-448c-bf0f-86a10d989e05,SC Alto da Serra,🐺,0,0,0,0,0,0,0,50,2026-04-28 23:00:13.312061+00,1000000,t,78,Brasil
0d7c9420-6475-4f95-affe-75afc876f1dc,1f42bcc3-fbee-4e20-8b4a-2d0c96f5e59b,f907a6b4-2841-4477-9686-de945c664f63,Clube Rio Claro,🦁,0,0,0,0,0,0,0,50,2026-04-28 23:00:13.536985+00,1000000,t,67,Brasil
8b4785e9-1638-4a40-93dc-4ac6b457f7a7,1f42bcc3-fbee-4e20-8b4a-2d0c96f5e59b,093c4656-e48f-4c26-825b-a582c2be9528,Estrela São Miguel,🏟️,0,0,0,0,0,0,0,50,2026-04-28 23:00:13.817095+00,1000000,t,72,Brasil
47e0817f-e83c-47e7-8f9a-a3255f9dd188,1f42bcc3-fbee-4e20-8b4a-2d0c96f5e59b,466b3db7-fe5a-472e-a493-86821e91901d,EC Ponta Grossa,🐂,0,0,0,0,0,0,0,50,2026-04-28 23:00:13.916659+00,1000000,t,62,Brasil
b047053e-a8d1-4246-a2f6-679185eae1b4,497bd4a2-4ffe-4974-a481-2ffb088cd9c0,ed5d2df5-de2f-407e-ba64-5b536df50057,AC Vila Rica,🦅,0,0,0,0,0,0,0,50,2026-04-28 23:00:14.034646+00,1000000,t,73,Brasil
b6e43adc-58d3-4cdd-b0e8-6616cbea288d,497bd4a2-4ffe-4974-a481-2ffb088cd9c0,5aa60b3c-7b9c-4120-8de9-41d74c55b85d,Estrela São Miguel,🏟️,0,0,0,0,0,0,0,50,2026-04-28 23:00:14.371517+00,1000000,t,75,Brasil
9dab4394-2482-496e-b8c0-fdab2aab454f,148b6e11-44da-4df2-a402-3d5f99f317d2,33df2f52-5c7a-4644-b63f-96713b0aea87,Inter Porto Alegre,⚫,0,0,0,0,0,0,0,50,2026-04-28 23:00:14.797646+00,1000000,t,63,Brasil
cc1399b1-5217-492e-8a07-c2019f147da7,a9e12894-c3eb-40ea-94ff-f41f397ec9d6,7bcb499a-8c9b-4a20-907c-c3f235a54efc,AC Vila Rica,🦅,0,0,0,0,0,0,0,50,2026-04-28 23:00:15.233178+00,1000000,t,62,Brasil
702363fb-15a4-4676-bdd4-a36fc0063245,a9e12894-c3eb-40ea-94ff-f41f397ec9d6,71f009ca-9182-4932-939a-340fef958632,Nacional Bela Vista,⚪,0,0,0,0,0,0,0,50,2026-04-28 23:00:15.450538+00,1000000,t,75,Brasil
9f98eaa7-5cf6-4a83-8533-83d2ab8b730d,a9e12894-c3eb-40ea-94ff-f41f397ec9d6,ad896568-0d55-4365-aee3-844c06a2b153,FC Boa Vista,🦅,0,0,0,0,0,0,0,50,2026-04-28 23:00:15.566354+00,1000000,t,61,Brasil
361cb1c7-1b97-49fa-82fa-26e20ab88a36,79fd5a8f-df18-451a-b5f3-67fb78b6493e,94678a3a-31d9-4078-be31-114d469dd5cc,Esporte Serra Alta,🔴,0,0,0,0,0,0,0,50,2026-04-28 23:00:15.845946+00,1000000,t,60,Brasil
bf675c86-515a-48a8-96b7-eb4fa9eb284b,79fd5a8f-df18-451a-b5f3-67fb78b6493e,35d5efe2-6819-4283-83de-3994c4a8cca3,FC Boa Vista,🦅,0,0,0,0,0,0,0,50,2026-04-28 23:00:16.09519+00,1000000,t,74,Brasil
f602da28-f3a5-44e6-a832-c129e9cfa6ca,50e56f23-d6dd-4883-b1db-0a6fa125aa1c,391c8932-ab5d-4d57-847b-1af435673b6a,Clube Rio Claro,🦁,0,0,0,0,0,0,0,50,2026-04-28 23:00:16.348151+00,1000000,t,72,Brasil
c4ab3b55-2b7f-4ac5-ba14-79fb74d7172b,50e56f23-d6dd-4883-b1db-0a6fa125aa1c,6f0e0574-130f-4617-8be4-0c90610ddd37,Olimpia Jardim,⚽,0,0,0,0,0,0,0,50,2026-04-28 23:00:16.58936+00,1000000,t,67,Brasil
c76fe7cc-dd45-42cf-a9ec-0ed389fec14f,d4fca163-5dc9-461d-a5eb-a2af84f1134f,604f95d5-5c3a-4f2a-938d-aad4264a3c27,AC Vila Rica,🦅,0,0,0,0,0,0,0,50,2026-04-28 23:00:16.825013+00,1000000,t,74,Brasil
950b495f-5e21-4932-96ed-10c5c97e37c2,d4fca163-5dc9-461d-a5eb-a2af84f1134f,98814b03-e7c3-4ae8-b7e4-512b51f9d26d,Sporting Cruz Alta,🟣,0,0,0,0,0,0,0,50,2026-04-28 23:00:17.091674+00,1000000,t,79,Brasil
15e49c31-6ec4-42c5-80ff-36aea68c5d54,e725e3f5-266c-4a65-9089-a209007d81cf,25aaf8b2-97d3-41d8-ab1f-db94e5d1d87e,FC Nova Esperança,⚽,0,0,0,0,0,0,0,50,2026-04-28 23:00:17.362079+00,1000000,t,68,Brasil
0c275ed4-c458-48da-9e4a-5bd5a499e915,e725e3f5-266c-4a65-9089-a209007d81cf,f337bcb4-ab0d-443c-aee3-b359e0971a7d,Inter Porto Alegre,⚫,0,0,0,0,0,0,0,50,2026-04-28 23:00:17.621945+00,1000000,t,65,Brasil
60ca20ed-d98d-419d-a5ce-dc6241199fd6,bd1384af-2f4d-4e28-bb37-8875ec8b192e,bfe5a2c1-9bbc-410f-8a21-5c3f6ed661b2,União Pedra Branca,🟢,0,0,0,0,0,0,0,50,2026-04-28 23:00:18.122083+00,1000000,t,75,Brasil
ec2db992-64d6-43bb-bc97-652e2076c1a9,bd1384af-2f4d-4e28-bb37-8875ec8b192e,8b4b89a3-9681-4d07-9186-a765e6427f90,AC Morro Alto,🦁,0,0,0,0,0,0,0,50,2026-04-28 23:00:18.361441+00,1000000,t,64,Brasil
8e3a7ef1-3c88-4c2f-909f-51bfe4fb0c01,f95a8cf9-5061-4ca5-a16d-b3cb450aa604,598d701c-4741-4f3e-9eac-97503cca6d75,Esporte Serra Alta,🔴,0,0,0,0,0,0,0,50,2026-04-28 23:00:18.616409+00,1000000,t,71,Brasil
acc73f4a-79a4-4017-ab3d-f58064f6437e,f95a8cf9-5061-4ca5-a16d-b3cb450aa604,c7897ae8-08e2-46a7-bddc-b23312c4c1f9,FC Boa Vista,🦅,0,0,0,0,0,0,0,50,2026-04-28 23:00:18.868041+00,1000000,t,63,Brasil
c75c67ea-1a2b-40f6-9584-07e8901fbc7b,3bae64aa-7f59-49fe-bf6c-65f4da6bfe45,b57ea31d-5bcd-4aa3-b645-1598e99dccd3,Clube Rio Claro,🦁,0,0,0,0,0,0,0,50,2026-04-28 23:00:19.110232+00,1000000,t,78,Brasil
59f77052-0e1d-49c4-a114-e5c1470f0a44,3bae64aa-7f59-49fe-bf6c-65f4da6bfe45,4a35d3a0-476f-494a-8872-f30b7c154cd2,Olimpia Jardim,⚽,0,0,0,0,0,0,0,50,2026-04-28 23:00:19.378897+00,1000000,t,79,Brasil
a8c7e8b5-a13d-471e-9d0e-2a2b0aa4a3f9,0cb4ea7a-0640-4e68-a686-24d0eb79315f,3b3c76e3-671d-4e2f-8744-07d0ab689235,AC Vila Rica,🦅,0,0,0,0,0,0,0,50,2026-04-28 23:00:19.618004+00,1000000,t,77,Brasil
a7bc59ec-7a4d-4ffc-981a-d5c1e9b9786c,0cb4ea7a-0640-4e68-a686-24d0eb79315f,6655bd36-cb46-4e68-b711-b4ee1be93fd6,Sporting Cruz Alta,🟣,0,0,0,0,0,0,0,50,2026-04-28 23:00:19.86852+00,1000000,t,60,Brasil
6ce5b92d-bf7a-48c8-a4d7-ac65094f7963,fadd72c9-8c42-4a14-8a36-7526799fe528,8a314cda-4fe2-41af-804d-ceac6b02fcc2,Racing Santo Amaro,🟠,0,0,0,0,0,0,0,50,2026-04-28 23:00:04.725354+00,1000000,t,69,Brasil
5acf872a-12c4-4baa-b209-76bb21b09e5b,fadd72c9-8c42-4a14-8a36-7526799fe528,5c50d892-6297-4cc8-9ba5-3e2f6ae9cdcc,SC Alto da Serra,🐺,0,0,0,0,0,0,0,50,2026-04-28 23:00:04.841017+00,1000000,t,73,Brasil
e6c474ff-4a2d-45de-8c8c-23ad26e2f5d8,ed9c27a0-da4b-478e-96fe-f3d497b8f0d7,69386a4b-54ad-4839-b213-ac4273c546da,Real Lagoa Santa,🟡,0,0,0,0,0,0,0,50,2026-04-28 23:00:05.217945+00,1000000,t,77,Brasil
489c6ef0-b414-464e-9c47-492880784f55,ed9c27a0-da4b-478e-96fe-f3d497b8f0d7,62e24746-458a-46ae-bcdc-766bc514cfe3,AC Morro Alto,🦁,0,0,0,0,0,0,0,50,2026-04-28 23:00:05.450561+00,1000000,t,71,Brasil
fb619882-5844-4b13-b2ad-772f5efcf23c,2432f3ef-2a23-458a-b97b-034681e0ef0e,518277a6-5519-4cd1-b064-6cf146783f06,Inter Porto Alegre,⚫,0,0,0,0,0,0,0,50,2026-04-28 23:00:05.821845+00,1000000,t,78,Brasil
151b3432-7807-4d04-819f-468f283db665,2432f3ef-2a23-458a-b97b-034681e0ef0e,1ae80059-0db8-479f-b53a-8f926c558978,EC Ponta Grossa,🐂,0,0,0,0,0,0,0,50,2026-04-28 23:00:06.048722+00,1000000,t,66,Brasil
61f0778b-d08c-4987-810f-fce62856e6fe,ad03d6d7-8062-4bf7-b67e-cef3ed0290f1,52b0bf06-4761-44d3-91db-86cedca87b44,Esporte Serra Alta,🔴,0,0,0,0,0,0,0,50,2026-04-28 23:00:06.276968+00,1000000,t,80,Brasil
ab04e465-4566-4e16-a34b-8591c8cef2a5,ad03d6d7-8062-4bf7-b67e-cef3ed0290f1,8c4c2851-2f2a-4ad3-bfb1-84abccdb6e6f,Inter Porto Alegre,⚫,0,0,0,0,0,0,0,50,2026-04-28 23:00:06.383585+00,1000000,t,70,Brasil
9e0d27b8-8ea8-4fe9-90af-f94e9eb76777,ad03d6d7-8062-4bf7-b67e-cef3ed0290f1,4deee667-835a-4e4e-b01c-09f2c177a075,EC Ponta Grossa,🐂,0,0,0,0,0,0,0,50,2026-04-28 23:00:06.60372+00,1000000,t,65,Brasil
2fcda95a-cbd6-409a-9a0e-059e2e54389c,c7f453f5-0a45-4633-b967-e0f7fb07027c,ede92e24-1ee0-4d64-b118-6fceb7cb0d53,Esporte Serra Alta,🔴,0,0,0,0,0,0,0,50,2026-04-28 23:00:06.823727+00,1000000,t,61,Brasil
2d3e721f-3bb1-4b97-a7e4-4e7163e192ef,c7f453f5-0a45-4633-b967-e0f7fb07027c,e4de53d0-b795-4a85-9174-413a9297bd35,FC Boa Vista,🦅,0,0,0,0,0,0,0,50,2026-04-28 23:00:07.087969+00,1000000,t,68,Brasil
0ed61636-701b-4ac8-be80-4983a0ba789c,9f54506a-9700-4dc6-a0a6-f125e87c5411,86935822-696c-40b0-817f-8db307ae38b6,Clube Rio Claro,🦁,0,0,0,0,0,0,0,50,2026-04-28 23:00:07.348248+00,1000000,t,68,Brasil
f1410e61-ca74-4404-abf0-2922884f156c,9f54506a-9700-4dc6-a0a6-f125e87c5411,2c6e78d5-9217-4f2c-b197-c8054f6daaf7,União Pedra Branca,🟢,0,0,0,0,0,0,0,50,2026-04-28 23:00:07.460957+00,1000000,t,77,Brasil
9226939c-7a74-4c0f-9856-d9cde2510d29,9f54506a-9700-4dc6-a0a6-f125e87c5411,7699a7ba-b6f3-4a26-b328-9ad20d0746a8,Racing Santo Amaro,🟠,0,0,0,0,0,0,0,50,2026-04-28 23:00:07.58139+00,1000000,t,70,Brasil
c47bf9c5-0c74-487a-896a-0f4d21d414ae,7df44559-1fc7-4fcf-9ba3-e706f6ee305c,db45c1cc-f08a-47c3-be25-4cad0b4ceffe,SC Sol Nascente,🏟️,0,0,0,0,0,0,0,50,2026-04-28 23:00:07.83553+00,1000000,t,77,Brasil
c57444ff-890d-413a-bc92-56929b58448a,7df44559-1fc7-4fcf-9ba3-e706f6ee305c,695247ae-35a4-4f73-88a6-9f3276dbc8e6,Atlético Campo Grande,🐂,0,0,0,0,0,0,0,50,2026-04-28 23:00:07.939632+00,1000000,t,61,Brasil
dd368028-8d94-4b4a-b4a6-c9eb6939b74b,7df44559-1fc7-4fcf-9ba3-e706f6ee305c,0ceedf85-153b-47c7-8911-41b6900e4a92,Inter Porto Alegre,⚫,0,0,0,0,0,0,0,50,2026-04-28 23:00:08.061974+00,1000000,t,64,Brasil
cc7c41c4-4366-4906-9621-615627a31ca1,7df44559-1fc7-4fcf-9ba3-e706f6ee305c,309f7d20-8ced-47b1-85ad-8033dd79daa8,EC Ponta Grossa,🐂,0,0,0,0,0,0,0,50,2026-04-28 23:00:08.284864+00,1000000,t,64,Brasil
ce172a0b-c0b3-4c3c-b302-b3acb6a72986,e7d75f89-a1ef-43e1-bf30-544d92746b95,f4fa3768-c35e-499c-b719-23f65a86d32e,SC Sol Nascente,🏟️,0,0,0,0,0,0,0,50,2026-04-28 23:00:08.395654+00,1000000,t,65,Brasil
b7d32bbe-d514-4c70-ba32-25884e606bc5,e7d75f89-a1ef-43e1-bf30-544d92746b95,6731662b-4f37-449d-b9bf-c5d577913e8e,Inter Porto Alegre,⚫,0,0,0,0,0,0,0,50,2026-04-28 23:00:08.625637+00,1000000,t,64,Brasil
7c54976f-d3b1-4199-868d-ad9ade57bd38,e7d75f89-a1ef-43e1-bf30-544d92746b95,482bee0e-27a8-41e8-946a-28ea88540516,EC Ponta Grossa,🐂,0,0,0,0,0,0,0,50,2026-04-28 23:00:08.889049+00,1000000,t,66,Brasil
6fa75ee8-4817-4629-ae22-25e068ed5169,a997e866-5737-4716-880c-dc83f1bf010d,c89f4106-104b-4913-8040-8c842f4e19b8,AC Vila Rica,🦅,0,0,0,0,0,0,0,50,2026-04-28 23:00:09.010532+00,1000000,t,78,Brasil
23bd7bd6-b2eb-401c-91a4-8983e2c332b7,a997e866-5737-4716-880c-dc83f1bf010d,42c53dcc-44fa-4a5b-87ce-14332be42158,Sport Vale Verde,🔵,0,0,0,0,0,0,0,50,2026-04-28 23:00:09.134551+00,1000000,t,77,Brasil
cfaa6244-e0d0-4adb-9387-68c576403723,a997e866-5737-4716-880c-dc83f1bf010d,8f7ad408-ef54-4e81-94f8-7d22566bbdda,Sporting Cruz Alta,🟣,0,0,0,0,0,0,0,50,2026-04-28 23:00:09.259527+00,1000000,t,68,Brasil
b1ea8b8b-0dd0-4195-82a0-e57059f63229,168bdc91-91cf-47aa-8bdf-252bcafff559,06fa3058-3a01-47c6-a434-30bb88fc7283,Clube Rio Claro,🦁,0,0,0,0,0,0,0,50,2026-04-28 23:00:09.635234+00,1000000,t,65,Brasil
bccf7995-654a-4321-839e-7a95669d08c3,168bdc91-91cf-47aa-8bdf-252bcafff559,ed70be8a-d0f1-4dcf-a9bb-ff0bedf0283a,Racing Santo Amaro,🟠,0,0,0,0,0,0,0,50,2026-04-28 23:00:09.865877+00,1000000,t,75,Brasil
4d8845cc-4854-4f60-a36b-12885c9e07c3,168bdc91-91cf-47aa-8bdf-252bcafff559,8359cd88-5384-461e-8d6c-14722a766c0a,AC Morro Alto,🦁,0,0,0,0,0,0,0,50,2026-04-28 23:00:09.991133+00,1000000,t,74,Brasil
4ce126f6-02de-4f95-a4d9-8ca80ffbf633,7ae83877-7538-4bf4-9bc9-13c4d63cc720,5c6b8216-7113-468c-8f53-0e2a4bdf9e8d,EC Monte Azul,🐺,0,0,0,0,0,0,0,50,2026-04-28 23:00:10.726412+00,1000000,t,78,Brasil
89bc7f1a-8021-41f8-b82d-168518d39678,590f934b-1ecb-4188-ab95-5b8d92e7f990,36228357-4849-43f8-8d6e-15c4ffc09d8d,SC Sol Nascente,🏟️,0,0,0,0,0,0,0,50,2026-04-28 23:00:11.229326+00,1000000,t,79,Brasil
1d83b259-e77a-4af2-8b3b-d4e4bfc4f7e2,590f934b-1ecb-4188-ab95-5b8d92e7f990,7d0626d4-ea5c-47ea-a3cf-c980cdd48dd2,Inter Porto Alegre,⚫,0,0,0,0,0,0,0,50,2026-04-28 23:00:11.468931+00,1000000,t,80,Brasil
673613fb-141c-44af-acf3-d0e3dc82c22b,2ad56061-91a0-4cac-8c9d-1baf5b90b467,b933d40c-9d91-438e-a0da-0153fba7b508,AC Vila Rica,🦅,0,0,0,0,0,0,0,50,2026-04-28 23:00:11.854336+00,1000000,t,64,Brasil
f5c5ba76-ad08-4e52-a4fd-b07382f8ace2,2ad56061-91a0-4cac-8c9d-1baf5b90b467,895b39f5-5e8f-46f6-ad29-5e06cd677034,Sport Vale Verde,🔵,0,0,0,0,0,0,0,50,2026-04-28 23:00:11.96974+00,1000000,t,73,Brasil
5ccdd693-b16a-4be5-aa8d-4af792db808c,2ad56061-91a0-4cac-8c9d-1baf5b90b467,b7800869-bc75-467c-acb2-f1204b9cd7aa,EC Ponta Grossa,🐂,0,0,0,0,0,0,0,50,2026-04-28 23:00:12.282022+00,1000000,t,78,Brasil
daaf26ae-0d3f-478d-852c-a2f543c7891f,04cfcb07-7ca4-407c-bef6-0ff5b8537b17,16f74ff5-6f62-4ee1-9a97-5c967dca1b03,Sport Vale Verde,🔵,0,0,0,0,0,0,0,50,2026-04-28 23:00:12.521354+00,1000000,t,69,Brasil
fde9d66a-b45e-4aae-aab1-a73d1a57d9a7,04cfcb07-7ca4-407c-bef6-0ff5b8537b17,7e52e151-78df-46c4-9a95-2f3db2e35591,FC Boa Vista,🦅,0,0,0,0,0,0,0,50,2026-04-28 23:00:12.730313+00,1000000,t,78,Brasil
078f4892-75ba-4f6a-980f-6c4df1f64844,83937cfe-e758-45a5-81f4-076e3c03747e,514f2e98-efb1-4c73-8de5-41c10b7679f1,EC Monte Azul,🐺,0,0,0,0,0,0,0,50,2026-04-28 23:00:12.962826+00,1000000,t,65,Brasil
62df6e92-cbe2-465b-bdd5-d6ee21cae9f7,83937cfe-e758-45a5-81f4-076e3c03747e,1b262aca-da51-4d72-bd9e-992aec1d2d37,União Pedra Branca,🟢,0,0,0,0,0,0,0,50,2026-04-28 23:00:13.085283+00,1000000,t,65,Brasil
a3deb4ba-5023-4b7c-a4d5-e0e9649b79da,83937cfe-e758-45a5-81f4-076e3c03747e,ba8f486a-aa8c-4e03-96d7-5afce89aa688,Racing Santo Amaro,🟠,0,0,0,0,0,0,0,50,2026-04-28 23:00:13.207028+00,1000000,t,73,Brasil
51d54221-cd0a-499c-b114-126d671ca771,1f42bcc3-fbee-4e20-8b4a-2d0c96f5e59b,35935d0d-2741-45c0-98e0-f7520d89a9de,FC Nova Esperança,⚽,0,0,0,0,0,0,0,50,2026-04-28 23:00:13.439079+00,1000000,t,75,Brasil
24d73af3-ae86-4f3d-a5ef-72e2ca52892c,1f42bcc3-fbee-4e20-8b4a-2d0c96f5e59b,27bddb10-a588-4eb1-ad37-bf766d158c44,Inter Porto Alegre,⚫,0,0,0,0,0,0,0,50,2026-04-28 23:00:13.672705+00,1000000,t,75,Brasil
589e2750-4e63-482d-913c-987775a974de,497bd4a2-4ffe-4974-a481-2ffb088cd9c0,c248da99-fcbe-46f4-bd6b-738aec25c842,Sport Vale Verde,🔵,0,0,0,0,0,0,0,50,2026-04-28 23:00:14.154149+00,1000000,t,65,Brasil
8f26accd-7e10-4ba9-ae6d-09390dfa8479,497bd4a2-4ffe-4974-a481-2ffb088cd9c0,08c33495-86e5-4342-9bcb-d4ad3ca9cad5,FC Boa Vista,🦅,0,0,0,0,0,0,0,50,2026-04-28 23:00:14.3994+00,1000000,t,61,Brasil
203db9b1-1d53-4512-9df4-006fa188005e,148b6e11-44da-4df2-a402-3d5f99f317d2,8cc543a4-0b21-400c-a46f-c25c6d1be3a1,Clube Rio Claro,🦁,0,0,0,0,0,0,0,50,2026-04-28 23:00:14.654242+00,1000000,t,67,Brasil
4739e580-dfae-4b58-b39e-7b11e98c882f,148b6e11-44da-4df2-a402-3d5f99f317d2,78e5952e-af1f-4939-805d-d00ebb542127,Nacional Bela Vista,⚪,0,0,0,0,0,0,0,50,2026-04-28 23:00:14.822082+00,1000000,t,68,Brasil
a9b23d23-0db3-4c5d-9723-0ec469130f78,a9e12894-c3eb-40ea-94ff-f41f397ec9d6,ec674f60-932e-4a86-9f17-a6ae03400258,EC Monte Azul,🐺,0,0,0,0,0,0,0,50,2026-04-28 23:00:15.25863+00,1000000,t,62,Brasil
947e6ea8-b21c-43ca-bdd2-88d10c559794,a9e12894-c3eb-40ea-94ff-f41f397ec9d6,6a8d42fa-e3fb-4c7f-b34f-711f5dfdfda6,Sporting Cruz Alta,🟣,0,0,0,0,0,0,0,50,2026-04-28 23:00:15.473259+00,1000000,t,80,Brasil
89ca0bc9-bdcd-4dff-bd6d-317ec8a01ba9,a9e12894-c3eb-40ea-94ff-f41f397ec9d6,40c56167-39b9-437b-882d-2e551548db91,SC Alto da Serra,🐺,0,0,0,0,0,0,0,50,2026-04-28 23:00:15.588108+00,1000000,t,65,Brasil
fe2d9b60-a801-41a0-b87c-007faa3bcb4d,79fd5a8f-df18-451a-b5f3-67fb78b6493e,0b293fed-d5bb-49c9-9a8f-9962e7ac98d8,FC Nova Esperança,⚽,0,0,0,0,0,0,0,50,2026-04-28 23:00:15.708337+00,1000000,t,75,Brasil
afadc3b7-10a0-4e48-9c60-0a5d15ad8056,79fd5a8f-df18-451a-b5f3-67fb78b6493e,51093b53-5011-4a93-8623-481868ab0e51,União Pedra Branca,🟢,0,0,0,0,0,0,0,50,2026-04-28 23:00:15.891367+00,1000000,t,71,Brasil
f3578899-60ef-4a9a-a8da-e7b6e641dd4b,79fd5a8f-df18-451a-b5f3-67fb78b6493e,45879f06-c36c-4c03-87b6-8da2b35f2dec,AC Morro Alto,🦁,0,0,0,0,0,0,0,50,2026-04-28 23:00:16.142871+00,1000000,t,79,Brasil
17460542-5024-4da5-bb8a-85b9de8c9b61,50e56f23-d6dd-4883-b1db-0a6fa125aa1c,dbe4eb91-14dd-4a6e-b22d-65f10a976ae1,Esporte Serra Alta,🔴,0,0,0,0,0,0,0,50,2026-04-28 23:00:16.39858+00,1000000,t,69,Brasil
f561fcf2-3dd6-4f1f-bac5-02752c8b8c14,50e56f23-d6dd-4883-b1db-0a6fa125aa1c,09c57393-c025-4db1-adcb-9e596a9e6e71,FC Boa Vista,🦅,0,0,0,0,0,0,0,50,2026-04-28 23:00:16.636333+00,1000000,t,64,Brasil
8c8cd15c-949a-4996-a4f3-f40ffcbc208a,d4fca163-5dc9-461d-a5eb-a2af84f1134f,00ea604c-f8dd-4d07-86b9-2b88893ba468,Clube Rio Claro,🦁,0,0,0,0,0,0,0,50,2026-04-28 23:00:16.870625+00,1000000,t,79,Brasil
5db83ad8-d8d0-46e4-be56-c3ff931b67e2,d4fca163-5dc9-461d-a5eb-a2af84f1134f,47011053-0ec9-4def-b26d-884d1e58c4fc,Olimpia Jardim,⚽,0,0,0,0,0,0,0,50,2026-04-28 23:00:17.145747+00,1000000,t,79,Brasil
fd6b099f-3d2f-461a-9c21-070fa1465fe7,fadd72c9-8c42-4a14-8a36-7526799fe528,2fb6d616-eeb1-40aa-a32f-f3a5dadb49a1,Estrela São Miguel,🏟️,0,0,0,0,0,0,0,50,2026-04-28 23:00:04.783352+00,1000000,t,67,Brasil
ee2dfaec-6ccf-487c-b5fa-05f39bbe8d8b,ed9c27a0-da4b-478e-96fe-f3d497b8f0d7,0e883446-4243-4daa-ae06-5ca822654fe0,Esporte Serra Alta,🔴,0,0,0,0,0,0,0,50,2026-04-28 23:00:05.136352+00,1000000,t,67,Brasil
1e42bfc0-d7ba-4014-9213-bf49f77fa1a7,ed9c27a0-da4b-478e-96fe-f3d497b8f0d7,d24270b0-d8cf-4c00-bbac-51e4f43624ae,Nacional Bela Vista,⚪,0,0,0,0,0,0,0,50,2026-04-28 23:00:05.268231+00,1000000,t,73,Brasil
45fdcd3d-8c27-44e5-8af6-09b15589ddf0,2432f3ef-2a23-458a-b97b-034681e0ef0e,3ab42836-613a-451a-8abc-70eef4dee77e,FC Boa Vista,🦅,0,0,0,0,0,0,0,50,2026-04-28 23:00:05.972333+00,1000000,t,78,Brasil
9afa1f27-6073-4652-91e8-0aa05aa44412,ad03d6d7-8062-4bf7-b67e-cef3ed0290f1,fe24fb3e-2e2a-4406-908f-5b039e50c179,EC Monte Azul,🐺,0,0,0,0,0,0,0,50,2026-04-28 23:00:06.203544+00,1000000,t,80,Brasil
216b04fb-97a4-460b-a3f1-5ab3746221b1,ad03d6d7-8062-4bf7-b67e-cef3ed0290f1,c9579ea1-ec8b-41b3-a142-3cd91305a4e2,Sport Vale Verde,🔵,0,0,0,0,0,0,0,50,2026-04-28 23:00:06.308064+00,1000000,t,78,Brasil
1bbf6892-9c50-456b-8d75-03ddd65fbc1e,9f54506a-9700-4dc6-a0a6-f125e87c5411,ed2b034e-2ab2-47cc-a209-0c0bcd1bb638,SC Alto da Serra,🐺,0,0,0,0,0,0,0,50,2026-04-28 23:00:07.684807+00,1000000,t,64,Brasil
9df94e83-b8e4-4601-b1ed-0080fc3104bd,7df44559-1fc7-4fcf-9ba3-e706f6ee305c,c571b6e8-3a1e-426d-b742-45541c15a600,FC Nova Esperança,⚽,0,0,0,0,0,0,0,50,2026-04-28 23:00:07.8122+00,1000000,t,69,Brasil
a737a705-814d-4e21-a949-42d2d46c4117,7df44559-1fc7-4fcf-9ba3-e706f6ee305c,d2e35f49-2a38-48c1-b562-3c42123ac87c,Real Lagoa Santa,🟡,0,0,0,0,0,0,0,50,2026-04-28 23:00:08.040144+00,1000000,t,80,Brasil
8e306812-989d-483f-8fdc-579ff95f4608,7df44559-1fc7-4fcf-9ba3-e706f6ee305c,a1d94739-4dff-4674-9b90-c6c966387088,Olimpia Jardim,⚽,0,0,0,0,0,0,0,50,2026-04-28 23:00:08.157861+00,1000000,t,71,Brasil
ddac4163-3e95-47ce-a600-fbd1f75c5e72,e7d75f89-a1ef-43e1-bf30-544d92746b95,b2a008e5-ce64-4f2b-b350-70b7a9202a8d,Atlético Campo Grande,🐂,0,0,0,0,0,0,0,50,2026-04-28 23:00:08.495792+00,1000000,t,66,Brasil
f82a386a-fd83-470e-8712-a3f28cd2a023,a997e866-5737-4716-880c-dc83f1bf010d,e4640332-be0d-4b73-9f91-940baacb8497,FC Boa Vista,🦅,0,0,0,0,0,0,0,50,2026-04-28 23:00:09.36958+00,1000000,t,75,Brasil
b22cfdbf-69ba-4fd9-be63-7ca197c0285e,168bdc91-91cf-47aa-8bdf-252bcafff559,4da19627-55c4-4930-bf82-e2dc5041f6f9,Sporting Cruz Alta,🟣,0,0,0,0,0,0,0,50,2026-04-28 23:00:09.840179+00,1000000,t,68,Brasil
be1c67a2-0eb8-40c7-9eee-f513564d2a64,168bdc91-91cf-47aa-8bdf-252bcafff559,890b397c-8c59-44d1-93c4-f97e45bc0022,SC Alto da Serra,🐺,0,0,0,0,0,0,0,50,2026-04-28 23:00:09.965854+00,1000000,t,63,Brasil
a3c14698-375a-4bb6-b2ac-108c9515835b,390cc26d-d714-4373-9e2c-c73b25711bb6,21c28304-b1b5-4252-84fc-a6255767fbf4,EC Ponta Grossa,🐂,0,0,0,0,0,0,0,50,2026-04-28 23:00:10.577436+00,1000000,t,72,Brasil
7069a986-f224-4dde-a700-c4a3237b3eb7,7ae83877-7538-4bf4-9bc9-13c4d63cc720,de451f74-76fa-4f71-b872-00f1b9a18a1c,AC Vila Rica,🦅,0,0,0,0,0,0,0,50,2026-04-28 23:00:10.703037+00,1000000,t,69,Brasil
c6cd1037-73e4-4227-9eed-427e153e42f1,7ae83877-7538-4bf4-9bc9-13c4d63cc720,c1c2ad93-ef45-44ea-8882-dd0a9068bd72,SC Alto da Serra,🐺,0,0,0,0,0,0,0,50,2026-04-28 23:00:11.074633+00,1000000,t,80,Brasil
338db69b-8b30-4fb1-8f56-1693c36e3efd,590f934b-1ecb-4188-ab95-5b8d92e7f990,6ab64066-4836-4d78-8b02-c80a6e8235ea,FC Nova Esperança,⚽,0,0,0,0,0,0,0,50,2026-04-28 23:00:11.202637+00,1000000,t,71,Brasil
35674e06-7fb6-44f0-aa03-19ed73a5d41b,590f934b-1ecb-4188-ab95-5b8d92e7f990,7f1c2085-3aa3-4b43-8111-e16887ca9a43,Real Lagoa Santa,🟡,0,0,0,0,0,0,0,50,2026-04-28 23:00:11.444467+00,1000000,t,69,Brasil
07c3feb0-4ac8-482d-ba32-104f53940030,590f934b-1ecb-4188-ab95-5b8d92e7f990,6cb3c989-8d12-4796-bcd9-8cc8d14257ab,Olimpia Jardim,⚽,0,0,0,0,0,0,0,50,2026-04-28 23:00:11.574958+00,1000000,t,63,Brasil
469fa216-2762-4466-93fd-b51ca6a487f0,2ad56061-91a0-4cac-8c9d-1baf5b90b467,5a8ac8b4-2329-47c3-9cac-a90b0a9ebd51,SC Sol Nascente,🏟️,0,0,0,0,0,0,0,50,2026-04-28 23:00:11.830068+00,1000000,t,74,Brasil
07a45329-7c76-497e-80b9-1f2bfb65a81c,2ad56061-91a0-4cac-8c9d-1baf5b90b467,64da57e9-c432-4ec9-99d4-7c4f5b9b47a2,Nacional Bela Vista,⚪,0,0,0,0,0,0,0,50,2026-04-28 23:00:12.079104+00,1000000,t,77,Brasil
5d4e1cc1-c53c-4359-a1a3-e74fd2c220a7,04cfcb07-7ca4-407c-bef6-0ff5b8537b17,ace95ba3-c244-49eb-8b72-81560243f7cd,União Pedra Branca,🟢,0,0,0,0,0,0,0,50,2026-04-28 23:00:12.54471+00,1000000,t,68,Brasil
b17d8865-e773-40b8-8cff-601e0dc22ef7,04cfcb07-7ca4-407c-bef6-0ff5b8537b17,60c2a464-4f8e-4511-932d-2f73e30c761b,SC Alto da Serra,🐺,0,0,0,0,0,0,0,50,2026-04-28 23:00:12.754125+00,1000000,t,72,Brasil
aaca29a3-0e35-4613-afc5-11c9bfc3f99d,83937cfe-e758-45a5-81f4-076e3c03747e,401e53b2-063a-40f9-aca2-2f5c1d463d98,FC Nova Esperança,⚽,0,0,0,0,0,0,0,50,2026-04-28 23:00:12.88145+00,1000000,t,68,Brasil
19716cfa-d60b-43fa-9e79-b4f8b39a4d81,83937cfe-e758-45a5-81f4-076e3c03747e,69ddedd0-006f-4188-988d-4fa48f6b9f75,Clube Rio Claro,🦁,0,0,0,0,0,0,0,50,2026-04-28 23:00:12.986554+00,1000000,t,78,Brasil
5a01826a-ab61-4df5-b1fd-d83e187229ac,83937cfe-e758-45a5-81f4-076e3c03747e,ea2c79cd-d504-47b5-8950-8ae090d16aab,Real Lagoa Santa,🟡,0,0,0,0,0,0,0,50,2026-04-28 23:00:13.10979+00,1000000,t,73,Brasil
2bcfad97-2521-4951-b99f-abe28fb85769,83937cfe-e758-45a5-81f4-076e3c03747e,d3d79482-2300-4490-ad40-c8436fbf0841,Olimpia Jardim,⚽,0,0,0,0,0,0,0,50,2026-04-28 23:00:13.232776+00,1000000,t,70,Brasil
9426f261-53e4-4aa4-a6f0-ac8d99928f09,497bd4a2-4ffe-4974-a481-2ffb088cd9c0,f8052350-facd-4ff2-b81a-ef09d783ff48,Nacional Bela Vista,⚪,0,0,0,0,0,0,0,50,2026-04-28 23:00:14.257084+00,1000000,t,65,Brasil
512f68d9-9035-4c3f-9661-0e1a29a85ee1,148b6e11-44da-4df2-a402-3d5f99f317d2,6eae2f52-c315-43f2-8819-dfce703e98e3,EC Monte Azul,🐺,0,0,0,0,0,0,0,50,2026-04-28 23:00:14.62494+00,1000000,t,65,Brasil
7ab0728a-0e09-4fa9-b129-f39b130170cd,148b6e11-44da-4df2-a402-3d5f99f317d2,b382f228-86e4-4569-a61b-06390ac4b9ee,Estrela São Miguel,🏟️,0,0,0,0,0,0,0,50,2026-04-28 23:00:15.021446+00,1000000,t,79,Brasil
ad29d2a2-1321-4927-9047-d83bcfbe7ba0,a9e12894-c3eb-40ea-94ff-f41f397ec9d6,9ef02634-910f-4de6-8844-78b58abb8da6,Sport Vale Verde,🔵,0,0,0,0,0,0,0,50,2026-04-28 23:00:15.350127+00,1000000,t,80,Brasil
92d300d4-3355-4d4c-b251-33f49e129fa6,79fd5a8f-df18-451a-b5f3-67fb78b6493e,57a72816-5cba-4cdb-b855-6d3c4a6e1a8d,Sport Vale Verde,🔵,0,0,0,0,0,0,0,50,2026-04-28 23:00:15.867941+00,1000000,t,73,Brasil
28e954b5-d8ab-49e3-8057-752de6a6b7f1,79fd5a8f-df18-451a-b5f3-67fb78b6493e,569ac9f3-082f-443c-ad09-4bb650fff621,SC Alto da Serra,🐺,0,0,0,0,0,0,0,50,2026-04-28 23:00:16.118857+00,1000000,t,73,Brasil
cfcbc142-b917-42ef-9db1-a7c3337b7882,50e56f23-d6dd-4883-b1db-0a6fa125aa1c,07e0a3cf-fa22-483f-a130-c5c56f468f3e,Atlético Campo Grande,🐂,0,0,0,0,0,0,0,50,2026-04-28 23:00:16.374003+00,1000000,t,63,Brasil
3dab80d6-47e6-4471-a193-5cc56ab9cbd7,50e56f23-d6dd-4883-b1db-0a6fa125aa1c,2f3be85d-73ba-43b1-82c5-ad4e55d44672,Estrela São Miguel,🏟️,0,0,0,0,0,0,0,50,2026-04-28 23:00:16.613818+00,1000000,t,79,Brasil
a3e56016-3f9a-4d87-8303-5c5985114a2a,d4fca163-5dc9-461d-a5eb-a2af84f1134f,7e5ffcf9-4fc9-437a-b85d-b87799e60929,EC Monte Azul,🐺,0,0,0,0,0,0,0,50,2026-04-28 23:00:16.84881+00,1000000,t,70,Brasil
5f7672c3-e80b-4861-a111-cb56e08f1a61,d4fca163-5dc9-461d-a5eb-a2af84f1134f,0d932c8f-489d-4781-96aa-b77e9c8e1b4f,Racing Santo Amaro,🟠,0,0,0,0,0,0,0,50,2026-04-28 23:00:17.118162+00,1000000,t,79,Brasil
b3cf13a5-ac69-427a-983f-883855c26c09,e725e3f5-266c-4a65-9089-a209007d81cf,51daf217-d003-4ef5-8768-50e2db202a65,SC Sol Nascente,🏟️,0,0,0,0,0,0,0,50,2026-04-28 23:00:17.384285+00,1000000,t,79,Brasil
25cdb69d-a410-48d6-825b-c6154200bfeb,e725e3f5-266c-4a65-9089-a209007d81cf,ec89d578-7170-4397-a15d-76562392a951,Nacional Bela Vista,⚪,0,0,0,0,0,0,0,50,2026-04-28 23:00:17.648613+00,1000000,t,69,Brasil
51493aa8-1283-4f40-bff2-f415cf17bebc,bd1384af-2f4d-4e28-bb37-8875ec8b192e,41ffa37b-4639-4a34-ac38-c4736eb9f3d1,Real Lagoa Santa,🟡,0,0,0,0,0,0,0,50,2026-04-28 23:00:18.144633+00,1000000,t,74,Brasil
6a31cc97-b787-408b-a938-baec64dd118c,bd1384af-2f4d-4e28-bb37-8875ec8b192e,37fe7f4e-6140-4db1-a16e-d0f89a0b7726,EC Ponta Grossa,🐂,0,0,0,0,0,0,0,50,2026-04-28 23:00:18.385177+00,1000000,t,74,Brasil
736337df-6f21-4d8e-be2e-c5f134a24e26,f95a8cf9-5061-4ca5-a16d-b3cb450aa604,2725d302-045a-4a34-a9ae-951123baa8fe,Sport Vale Verde,🔵,0,0,0,0,0,0,0,50,2026-04-28 23:00:18.639343+00,1000000,t,66,Brasil
99fc41fa-4d17-446e-bc21-026744e2bf87,f95a8cf9-5061-4ca5-a16d-b3cb450aa604,567a2e3a-c337-438d-af63-d8f195c0926a,SC Alto da Serra,🐺,0,0,0,0,0,0,0,50,2026-04-28 23:00:18.891402+00,1000000,t,71,Brasil
76e22552-3a50-48d2-b65e-c6f81140ef2e,3bae64aa-7f59-49fe-bf6c-65f4da6bfe45,3047ec4f-4fcb-4d2c-9bb7-eff4ea8d49ea,Atlético Campo Grande,🐂,0,0,0,0,0,0,0,50,2026-04-28 23:00:19.132716+00,1000000,t,67,Brasil
069f652c-098e-4fa5-8db3-3305d5e68be2,3bae64aa-7f59-49fe-bf6c-65f4da6bfe45,c831b144-a1d9-47b8-abeb-69671c28c6ad,Estrela São Miguel,🏟️,0,0,0,0,0,0,0,50,2026-04-28 23:00:19.401847+00,1000000,t,77,Brasil
b2787496-efbc-4365-8d4e-ab71f44febfb,0cb4ea7a-0640-4e68-a686-24d0eb79315f,f1cd0989-ed91-445f-bd3d-6620a4f8d287,EC Monte Azul,🐺,0,0,0,0,0,0,0,50,2026-04-28 23:00:19.641017+00,1000000,t,63,Brasil
4076935f-fa5d-4678-8866-ef3de4189674,0cb4ea7a-0640-4e68-a686-24d0eb79315f,1060e8aa-36b4-4b65-938b-ebc71620098f,Racing Santo Amaro,🟠,0,0,0,0,0,0,0,50,2026-04-28 23:00:19.89303+00,1000000,t,66,Brasil
8de0e494-30d6-4ac3-8a6c-e452afeb4e67,0452611e-dfde-4fb8-81f2-4896dac43222,606173de-1186-4364-bed2-5821266cc15e,SC Sol Nascente,🏟️,0,0,0,0,0,0,0,50,2026-04-28 23:00:20.166107+00,1000000,t,61,Brasil
3533a985-cd41-4b5a-b91c-286b2d6d32da,0452611e-dfde-4fb8-81f2-4896dac43222,a67b8eb0-f574-4eac-bf6f-6105081fbf52,Nacional Bela Vista,⚪,0,0,0,0,0,0,0,50,2026-04-28 23:00:20.406793+00,1000000,t,64,Brasil
0da33f9d-66c5-417b-a512-b3bf31615d91,0b7ae0a4-28d1-421a-931a-49672c3ca84b,3b81b586-8d0f-4b38-8645-42c5f886637f,Real Lagoa Santa,🟡,0,0,0,0,0,0,0,50,2026-04-28 23:00:21.030072+00,1000000,t,64,Brasil
5481ca6e-4d67-4f01-a912-7a6ccfc1dd12,0b7ae0a4-28d1-421a-931a-49672c3ca84b,15b1d93c-31ac-4c04-9ad4-350ea3cd6b9f,EC Ponta Grossa,🐂,0,0,0,0,0,0,0,50,2026-04-28 23:00:21.284697+00,1000000,t,69,Brasil
7b1e459b-3688-43f3-860e-4922dab73170,c8dcfaa6-a9cc-4a64-b344-5f36383c9132,ebf09a14-f4f2-45f6-b240-2941b5f68b98,Sport Vale Verde,🔵,0,0,0,0,0,0,0,50,2026-04-28 23:00:21.561939+00,1000000,t,73,Brasil
d7187c4f-4e26-4f40-b0a1-37af241603c8,c8dcfaa6-a9cc-4a64-b344-5f36383c9132,6c95a76f-4889-411b-ba32-2887fc36e370,SC Alto da Serra,🐺,0,0,0,0,0,0,0,50,2026-04-28 23:00:21.807292+00,1000000,t,79,Brasil
da7c5e9d-cc0d-4abf-9b95-3c73ef414deb,fadd72c9-8c42-4a14-8a36-7526799fe528,24bda144-a811-4a99-a7a9-aee6eddc2d4c,EC Ponta Grossa,🐂,0,0,0,0,0,0,0,50,2026-04-28 23:00:04.890468+00,1000000,t,73,Brasil
14d61df5-81e3-423a-baa1-919dcf01ce22,ed9c27a0-da4b-478e-96fe-f3d497b8f0d7,061b31dd-593f-4282-98c2-164a235f6c54,AC Vila Rica,🦅,0,0,0,0,0,0,0,50,2026-04-28 23:00:05.017642+00,1000000,t,73,Brasil
b6f411b2-6a0c-416c-a3ed-2c79b758e9e2,ed9c27a0-da4b-478e-96fe-f3d497b8f0d7,8184a1c5-2d6b-4e01-a444-420706da3df1,FC Boa Vista,🦅,0,0,0,0,0,0,0,50,2026-04-28 23:00:05.400433+00,1000000,t,63,Brasil
f35b22d3-2984-4623-aa51-96f296ebf560,2432f3ef-2a23-458a-b97b-034681e0ef0e,2e0bbffb-99ae-4752-bccd-5bc9212eb397,Sporting Cruz Alta,🟣,0,0,0,0,0,0,0,50,2026-04-28 23:00:05.870884+00,1000000,t,68,Brasil
26ec42cb-aa72-4aef-bde1-e6c65a82a45e,ad03d6d7-8062-4bf7-b67e-cef3ed0290f1,7061f75d-15cd-4958-acc2-b88f525e27d8,FC Boa Vista,🦅,0,0,0,0,0,0,0,50,2026-04-28 23:00:06.528319+00,1000000,t,61,Brasil
4b91559a-6421-4d75-a6f1-21e50f8b848a,c7f453f5-0a45-4633-b967-e0f7fb07027c,db8b0773-486c-4b2d-aea0-374d8c16baeb,EC Monte Azul,🐺,0,0,0,0,0,0,0,50,2026-04-28 23:00:06.753521+00,1000000,t,69,Brasil
5a15bbaf-a8cd-4a2e-bf04-40b95c8a426d,c7f453f5-0a45-4633-b967-e0f7fb07027c,6ff3ddd3-861a-463e-ab8f-803d88810c4a,Racing Santo Amaro,🟠,0,0,0,0,0,0,0,50,2026-04-28 23:00:07.007236+00,1000000,t,75,Brasil
b500781b-9c5d-474a-b1b4-e662c8773072,c7f453f5-0a45-4633-b967-e0f7fb07027c,e38b02d4-a469-43bc-9d1d-56d15db14261,AC Morro Alto,🦁,0,0,0,0,0,0,0,50,2026-04-28 23:00:07.14214+00,1000000,t,77,Brasil
1c936969-0721-4d21-835e-13701be6a655,9f54506a-9700-4dc6-a0a6-f125e87c5411,3d52eedd-d7df-4a6a-808d-820022c74610,SC Sol Nascente,🏟️,0,0,0,0,0,0,0,50,2026-04-28 23:00:07.26799+00,1000000,t,79,Brasil
105f0a12-37e3-4704-b616-6ab6ad0d8a6b,9f54506a-9700-4dc6-a0a6-f125e87c5411,2406a58f-d4f4-408e-b78a-c1836229a8f8,Inter Porto Alegre,⚫,0,0,0,0,0,0,0,50,2026-04-28 23:00:07.510072+00,1000000,t,73,Brasil
3665c5d5-4e33-44eb-9b76-9aef1989f772,9f54506a-9700-4dc6-a0a6-f125e87c5411,19dbc77f-cf67-4573-965e-f575ff1b6cc3,Estrela São Miguel,🏟️,0,0,0,0,0,0,0,50,2026-04-28 23:00:07.630006+00,1000000,t,60,Brasil
29f2efbb-1667-48b1-846b-39cc70a7c17f,7df44559-1fc7-4fcf-9ba3-e706f6ee305c,fbd38080-bacf-48e2-95a4-63cc645cde34,Sport Vale Verde,🔵,0,0,0,0,0,0,0,50,2026-04-28 23:00:07.989737+00,1000000,t,75,Brasil
61fb37e1-8a05-4ccc-a24b-2f12fb5cf6ee,7df44559-1fc7-4fcf-9ba3-e706f6ee305c,4fe5cb9c-d749-46e3-9a2d-ef43024f66c1,Sporting Cruz Alta,🟣,0,0,0,0,0,0,0,50,2026-04-28 23:00:08.109546+00,1000000,t,65,Brasil
2fe372ea-7696-4f70-b5b4-0795e60257a4,e7d75f89-a1ef-43e1-bf30-544d92746b95,27d3ca95-eb3a-400e-9d50-076315fd2759,AC Vila Rica,🦅,0,0,0,0,0,0,0,50,2026-04-28 23:00:08.421444+00,1000000,t,78,Brasil
a6a1a6b3-a24d-4a81-95fa-894a8f2ddd68,e7d75f89-a1ef-43e1-bf30-544d92746b95,63450964-5d62-4d42-9b4b-baf4c19083c8,Nacional Bela Vista,⚪,0,0,0,0,0,0,0,50,2026-04-28 23:00:08.649508+00,1000000,t,77,Brasil
7ce589d6-02e3-4dc8-8b11-00e2a127dfd7,a997e866-5737-4716-880c-dc83f1bf010d,aa9e9c5c-bef8-430d-9db0-c2558c7dd126,SC Alto da Serra,🐺,0,0,0,0,0,0,0,50,2026-04-28 23:00:09.395+00,1000000,t,80,Brasil
81431d88-8d85-44f7-8984-8facb5a9876a,168bdc91-91cf-47aa-8bdf-252bcafff559,1d96edc1-b93e-4eb6-a37d-c6c67f8e7564,FC Nova Esperança,⚽,0,0,0,0,0,0,0,50,2026-04-28 23:00:09.528907+00,1000000,t,68,Brasil
9ad3236c-879e-495f-91c3-a665a1299293,168bdc91-91cf-47aa-8bdf-252bcafff559,9972eef4-64c3-4801-ae0f-9a57b59d6a62,Real Lagoa Santa,🟡,0,0,0,0,0,0,0,50,2026-04-28 23:00:09.766934+00,1000000,t,68,Brasil
81880324-a646-42d2-8e3b-9035511fa78b,390cc26d-d714-4373-9e2c-c73b25711bb6,d6511b95-709b-4641-858b-6ebf19a0c7be,SC Sol Nascente,🏟️,0,0,0,0,0,0,0,50,2026-04-28 23:00:10.11504+00,1000000,t,74,Brasil
43bfddb0-e6db-4b2e-85fd-4e00523affca,390cc26d-d714-4373-9e2c-c73b25711bb6,9f72a7a9-c3a5-4faf-b93b-ba7b4acda17b,Sport Vale Verde,🔵,0,0,0,0,0,0,0,50,2026-04-28 23:00:10.270787+00,1000000,t,61,Brasil
f67fb07f-0bea-4f3c-bf28-a11905e651d8,390cc26d-d714-4373-9e2c-c73b25711bb6,a2f5f6d4-c8da-4bda-8e28-32f5a85eb002,Nacional Bela Vista,⚪,0,0,0,0,0,0,0,50,2026-04-28 23:00:10.378453+00,1000000,t,61,Brasil
fed2309e-8574-4cd9-ab14-37597a754676,390cc26d-d714-4373-9e2c-c73b25711bb6,2269227e-bd9b-46df-acf1-f9981314b5a2,FC Boa Vista,🦅,0,0,0,0,0,0,0,50,2026-04-28 23:00:10.50107+00,1000000,t,75,Brasil
f9ccc17a-79c0-4ad1-aca1-7ebb9be57753,7ae83877-7538-4bf4-9bc9-13c4d63cc720,cc704960-8ef1-43b4-be92-235c7396ac6d,Sport Vale Verde,🔵,0,0,0,0,0,0,0,50,2026-04-28 23:00:10.825372+00,1000000,t,80,Brasil
ec17588a-7339-424f-a8cf-d5a28e400dba,7ae83877-7538-4bf4-9bc9-13c4d63cc720,0858cdc0-2193-40cf-a0da-13630feacc73,Sporting Cruz Alta,🟣,0,0,0,0,0,0,0,50,2026-04-28 23:00:10.957335+00,1000000,t,75,Brasil
524ee81c-0519-4e96-89b6-8341d60a43aa,7ae83877-7538-4bf4-9bc9-13c4d63cc720,8ed99b9f-d13d-4f3b-995a-cb3d9b6c5382,AC Morro Alto,🦁,0,0,0,0,0,0,0,50,2026-04-28 23:00:11.097728+00,1000000,t,80,Brasil
955cce25-b7ba-42ef-86a9-c99f62439c27,590f934b-1ecb-4188-ab95-5b8d92e7f990,f6c56ad0-b83d-4cec-9a89-f8c41cad8975,Atlético Campo Grande,🐂,0,0,0,0,0,0,0,50,2026-04-28 23:00:11.343897+00,1000000,t,70,Brasil
8c03b0b9-bd91-4147-a170-2c8eeff95f34,590f934b-1ecb-4188-ab95-5b8d92e7f990,9ad6ce91-51fd-4bdd-ab44-c12e85011781,EC Ponta Grossa,🐂,0,0,0,0,0,0,0,50,2026-04-28 23:00:11.719184+00,1000000,t,60,Brasil
e0082906-c12a-48f4-bd69-338eb0c8e964,2ad56061-91a0-4cac-8c9d-1baf5b90b467,d11ca13f-c1e5-497b-8c7f-05aa128fbfd5,Estrela São Miguel,🏟️,0,0,0,0,0,0,0,50,2026-04-28 23:00:12.186886+00,1000000,t,61,Brasil
d6455111-031d-4767-92c9-59c3cf768622,04cfcb07-7ca4-407c-bef6-0ff5b8537b17,9251bfce-5e1a-4609-8777-9852a3e63b48,AC Vila Rica,🦅,0,0,0,0,0,0,0,50,2026-04-28 23:00:12.405631+00,1000000,t,71,Brasil
b765f2de-5596-4d2a-ad2f-f6e4567f1f3d,04cfcb07-7ca4-407c-bef6-0ff5b8537b17,3ff5eff7-e684-4f73-8216-9856e758283f,Sporting Cruz Alta,🟣,0,0,0,0,0,0,0,50,2026-04-28 23:00:12.63889+00,1000000,t,69,Brasil
76cd937a-c85c-4373-9c7f-7a0f2e6dc4ea,83937cfe-e758-45a5-81f4-076e3c03747e,2320d820-97d0-4810-8324-34bd5ca0b834,AC Morro Alto,🦁,0,0,0,0,0,0,0,50,2026-04-28 23:00:13.33593+00,1000000,t,74,Brasil
aafa49b2-9d3d-4864-9230-9d24caad29d8,1f42bcc3-fbee-4e20-8b4a-2d0c96f5e59b,60ac9176-3e9e-4dbe-923d-3a098e8dcbdb,Atlético Campo Grande,🐂,0,0,0,0,0,0,0,50,2026-04-28 23:00:13.559148+00,1000000,t,60,Brasil
ed433aa9-6efe-4ffd-b2f4-bcb9be912192,1f42bcc3-fbee-4e20-8b4a-2d0c96f5e59b,a2d5c95b-124a-49f4-998d-a835075ec685,Nacional Bela Vista,⚪,0,0,0,0,0,0,0,50,2026-04-28 23:00:13.695281+00,1000000,t,70,Brasil
855281a5-6e49-428c-9084-41d2646bceda,1f42bcc3-fbee-4e20-8b4a-2d0c96f5e59b,61c4eabf-5abb-4eab-9f89-520f95482755,FC Boa Vista,🦅,0,0,0,0,0,0,0,50,2026-04-28 23:00:13.840583+00,1000000,t,64,Brasil
e1389653-519f-4537-b6d4-f11aca07915f,497bd4a2-4ffe-4974-a481-2ffb088cd9c0,799b49d0-5c1e-4e93-be01-daa56481d18d,EC Monte Azul,🐺,0,0,0,0,0,0,0,50,2026-04-28 23:00:14.062408+00,1000000,t,64,Brasil
96d34cf1-3864-4135-9b64-9fb28aa76839,497bd4a2-4ffe-4974-a481-2ffb088cd9c0,057047f0-ca4e-488b-8bb0-768099504978,Sporting Cruz Alta,🟣,0,0,0,0,0,0,0,50,2026-04-28 23:00:14.281296+00,1000000,t,78,Brasil
a197d5b2-cc2d-4509-ac93-18178148ad44,148b6e11-44da-4df2-a402-3d5f99f317d2,49b62bb3-a92e-4f7d-ac60-fd6678307c13,Atlético Campo Grande,🐂,0,0,0,0,0,0,0,50,2026-04-28 23:00:14.677042+00,1000000,t,63,Brasil
9a46c0f8-a926-4a60-a24d-a21e2e79fb86,148b6e11-44da-4df2-a402-3d5f99f317d2,cbddafc9-5017-42bd-b8f8-28badd3f7171,FC Boa Vista,🦅,0,0,0,0,0,0,0,50,2026-04-28 23:00:15.044755+00,1000000,t,70,Brasil
6bfb242b-0a82-4b26-9498-116e49f730e4,a9e12894-c3eb-40ea-94ff-f41f397ec9d6,1124d49b-824d-4f27-ae3a-e6c890805666,União Pedra Branca,🟢,0,0,0,0,0,0,0,50,2026-04-28 23:00:15.380155+00,1000000,t,62,Brasil
9394ab8b-b1d9-432a-be29-5570147b5e4e,79fd5a8f-df18-451a-b5f3-67fb78b6493e,a9ec3d91-9ff6-4376-90dd-e5b78a037328,Real Lagoa Santa,🟡,0,0,0,0,0,0,0,50,2026-04-28 23:00:15.91441+00,1000000,t,72,Brasil
34955f62-3d2a-4f40-8391-56cb9a09cdba,79fd5a8f-df18-451a-b5f3-67fb78b6493e,6987ba8f-3e98-4775-a2ac-aa19d789004e,EC Ponta Grossa,🐂,0,0,0,0,0,0,0,50,2026-04-28 23:00:16.165124+00,1000000,t,65,Brasil
0becedaa-2f28-43e8-9084-97ebc56bf7d7,50e56f23-d6dd-4883-b1db-0a6fa125aa1c,93ca794d-1b1d-44c4-818b-91ba15a0db29,Sport Vale Verde,🔵,0,0,0,0,0,0,0,50,2026-04-28 23:00:16.422284+00,1000000,t,71,Brasil
d18df4b7-8d18-4056-9134-9815ae4c485a,50e56f23-d6dd-4883-b1db-0a6fa125aa1c,fc3ced85-ddc4-461d-8ed8-04c38d044c50,SC Alto da Serra,🐺,0,0,0,0,0,0,0,50,2026-04-28 23:00:16.66067+00,1000000,t,61,Brasil
c9d64fc6-a97b-43a7-b1de-ff6c8bf59365,d4fca163-5dc9-461d-a5eb-a2af84f1134f,2411a4ac-0b5a-40b8-ab48-fc54c3391e7c,Atlético Campo Grande,🐂,0,0,0,0,0,0,0,50,2026-04-28 23:00:16.893009+00,1000000,t,74,Brasil
a836a4ba-7955-47a6-b3b9-9a6c82e5562b,d4fca163-5dc9-461d-a5eb-a2af84f1134f,f2ce5d4f-9cda-4ea4-84b0-683b0824cb86,Estrela São Miguel,🏟️,0,0,0,0,0,0,0,50,2026-04-28 23:00:17.170779+00,1000000,t,76,Brasil
782f72dc-65d9-429f-a40d-3a802d409c99,e725e3f5-266c-4a65-9089-a209007d81cf,b382193d-255e-4199-b8f0-843eea2902eb,EC Monte Azul,🐺,0,0,0,0,0,0,0,50,2026-04-28 23:00:17.432505+00,1000000,t,78,Brasil
ae9bcf46-d858-4a22-8b75-5b2646af044a,e725e3f5-266c-4a65-9089-a209007d81cf,caec7c84-3fba-4b5f-9cfa-c951dd19d43b,Racing Santo Amaro,🟠,0,0,0,0,0,0,0,50,2026-04-28 23:00:17.696409+00,1000000,t,79,Brasil
85e5857f-f12a-4021-a21e-41b1a5cef454,bd1384af-2f4d-4e28-bb37-8875ec8b192e,ea741da8-d477-46ec-adea-0ec2f8f8a166,SC Sol Nascente,🏟️,0,0,0,0,0,0,0,50,2026-04-28 23:00:17.94743+00,1000000,t,70,Brasil
b7d313d3-41db-4242-9f23-9ee67bda96c4,bd1384af-2f4d-4e28-bb37-8875ec8b192e,40af4ad3-542e-47d2-8681-27123c162f64,Nacional Bela Vista,⚪,0,0,0,0,0,0,0,50,2026-04-28 23:00:18.19452+00,1000000,t,60,Brasil
f7bfbed5-9781-454a-91c8-3cdd4da96259,f95a8cf9-5061-4ca5-a16d-b3cb450aa604,ad01f2fd-f82d-4610-b248-4b36982cc11c,Real Lagoa Santa,🟡,0,0,0,0,0,0,0,50,2026-04-28 23:00:18.686414+00,1000000,t,67,Brasil
96d06e25-bcdf-493a-b3a4-d583cef3ea33,f95a8cf9-5061-4ca5-a16d-b3cb450aa604,352b1adb-1f07-4b48-a45f-0be24b4a66cc,EC Ponta Grossa,🐂,0,0,0,0,0,0,0,50,2026-04-28 23:00:18.939944+00,1000000,t,80,Brasil
5d076d95-d2c3-4ae0-8c0a-d271446a390a,3bae64aa-7f59-49fe-bf6c-65f4da6bfe45,9f063534-c6ec-45d5-9d0f-f90a19019b0f,Sport Vale Verde,🔵,0,0,0,0,0,0,0,50,2026-04-28 23:00:19.179824+00,1000000,t,77,Brasil
c75ea97c-93ee-4568-9205-c97683591f77,3bae64aa-7f59-49fe-bf6c-65f4da6bfe45,122029ee-76c1-4b17-b545-2c9b030eebec,SC Alto da Serra,🐺,0,0,0,0,0,0,0,50,2026-04-28 23:00:19.449639+00,1000000,t,70,Brasil
84d723fa-04c1-451b-a598-25be5f78912b,0cb4ea7a-0640-4e68-a686-24d0eb79315f,e05d9163-4c3f-4d26-a89f-3ee3dc070c67,Atlético Campo Grande,🐂,0,0,0,0,0,0,0,50,2026-04-28 23:00:19.686576+00,1000000,t,60,Brasil
6108e05a-928f-4ff2-a7c9-dffb88a0fc89,9fadf224-b30a-4261-979f-719fb86056dd,1dcea37e-eaca-40a2-a355-3aab9ab440cc,Olimpia Jardim,⚽,0,0,0,0,0,0,0,50,2026-04-28 23:00:22.80647+00,1000000,t,63,Brasil
0ef1e879-61fa-42a9-915f-575bd18b166d,975d28df-6a5b-44f6-8f17-47bc7d68b525,bbb8d2a8-f539-4291-9f33-e36b533dbc9a,AC Vila Rica,🦅,0,0,0,0,0,0,0,50,2026-04-28 23:00:23.067099+00,1000000,t,61,Brasil
c5c12b08-c69a-45a4-900e-586b31f46998,975d28df-6a5b-44f6-8f17-47bc7d68b525,5258a5c1-881c-4f04-80d7-8e6e72b26f4f,Sporting Cruz Alta,🟣,0,0,0,0,0,0,0,50,2026-04-28 23:00:23.340256+00,1000000,t,69,Brasil
dd9ea22a-afff-416d-820b-0da5899ff385,67a912a6-a397-441f-80d8-70999f6354d5,e4ff7b31-95ef-4114-8302-d02dbf91d4f4,FC Nova Esperança,⚽,0,0,0,0,0,0,0,50,2026-04-28 23:00:23.629298+00,1000000,t,63,Brasil
57c67824-a4c8-47ee-a256-eb82e08b43e8,67a912a6-a397-441f-80d8-70999f6354d5,d1c9c600-98b5-4780-a7ce-1f90a8e53a8d,Inter Porto Alegre,⚫,0,0,0,0,0,0,0,50,2026-04-28 23:00:23.882419+00,1000000,t,75,Brasil
6f051322-9746-4b14-9a58-442cf8e93c67,77fc79cf-d87d-4675-8080-6f08b784e059,63a1228a-f1fb-4d94-9961-d603129d8f69,União Pedra Branca,🟢,0,0,0,0,0,0,0,50,2026-04-28 23:00:24.386958+00,1000000,t,65,Brasil
4500d231-e1d1-4f58-894e-ca96f9373b82,77fc79cf-d87d-4675-8080-6f08b784e059,13fe2ac9-15ba-48a9-af59-665b7680a1d7,AC Morro Alto,🦁,0,0,0,0,0,0,0,50,2026-04-28 23:00:24.645421+00,1000000,t,65,Brasil
6e2ca0f7-1ecb-4861-a3ae-ae9e01aa8228,058e6ae2-3160-44d9-a544-86d32b1c3867,6f650bae-acd9-434e-a85e-5d95d95ba05a,Esporte Serra Alta,🔴,0,0,0,0,0,0,0,50,2026-04-28 23:00:24.91171+00,1000000,t,67,Brasil
f89dd621-26d9-43c1-99ec-3feb1deb7f16,058e6ae2-3160-44d9-a544-86d32b1c3867,7b5e82ac-e7fd-4d07-ae76-af34825314f6,FC Boa Vista,🦅,0,0,0,0,0,0,0,50,2026-04-28 23:00:25.155681+00,1000000,t,72,Brasil
9a0884e6-35f0-4ed3-8f07-1be563fcd6b8,1200a446-4c3a-4c61-9c09-71a0ff7e4f26,ef959920-631d-4ddc-ad76-b6b5d9336a57,Clube Rio Claro,🦁,0,0,0,0,0,0,0,50,2026-04-28 23:00:25.410707+00,1000000,t,63,Brasil
62b4a814-0096-488f-b358-b8d312cc38d9,1200a446-4c3a-4c61-9c09-71a0ff7e4f26,00b10839-060b-4260-95af-818951ee9d92,Olimpia Jardim,⚽,0,0,0,0,0,0,0,50,2026-04-28 23:00:25.65572+00,1000000,t,75,Brasil
54d593de-a42e-4266-9a18-79c06d698c7b,a29e6633-2342-4b1f-a078-2807a6cff552,bc672781-c3ca-47d7-9a56-53008b1510b1,AC Vila Rica,🦅,0,0,0,0,0,0,0,50,2026-04-28 23:00:25.920358+00,1000000,t,60,Brasil
be63ee03-29ff-4669-9fc6-fb2c4b76e9e6,a29e6633-2342-4b1f-a078-2807a6cff552,e83e4b6c-3321-451c-bc94-c7e5da0745c0,Sporting Cruz Alta,🟣,0,0,0,0,0,0,0,50,2026-04-28 23:00:26.194581+00,1000000,t,72,Brasil
d9cc02db-6221-4f23-a13b-d582b2509c41,2e9f0354-3670-4094-a9b8-3b8e396b7e56,7a5014e5-f3ac-432a-80ba-f1fe86a4e215,FC Nova Esperança,⚽,0,0,0,0,0,0,0,50,2026-04-28 23:00:26.446922+00,1000000,t,62,Brasil
0acf6543-63db-4a6c-ae4a-953fffe6cad5,2e9f0354-3670-4094-a9b8-3b8e396b7e56,de19813d-cdee-462d-94cc-af3716e7394e,Inter Porto Alegre,⚫,0,0,0,0,0,0,0,50,2026-04-28 23:00:26.698125+00,1000000,t,74,Brasil
3acc886d-784e-4f68-890a-6ab3dbe2f899,1200a446-4c3a-4c61-9c09-71a0ff7e4f26,d6b2b3e1-5f02-41a3-b4f4-44a57431f00d,EC Ponta Grossa,🐂,0,0,0,0,0,0,0,50,2026-04-28 23:00:25.798939+00,1000000,t,71,Brasil
e87dbfb4-4590-469f-acbe-a9e55b2239c7,a29e6633-2342-4b1f-a078-2807a6cff552,2773a2a3-0955-4b9c-a9d9-1504eb2a4e0e,Sport Vale Verde,🔵,0,0,0,0,0,0,0,50,2026-04-28 23:00:26.039346+00,1000000,t,72,Brasil
abf4ea52-d04f-405a-b3dc-5d7255b191ac,a29e6633-2342-4b1f-a078-2807a6cff552,d10b108f-d7ad-4ab1-829f-df99009c86fd,SC Alto da Serra,🐺,0,0,0,0,0,0,0,50,2026-04-28 23:00:26.318068+00,1000000,t,76,Brasil
5f8fc57b-9805-4c42-9ae7-a082b1d6eec1,2e9f0354-3670-4094-a9b8-3b8e396b7e56,7fe96301-96ba-4c5c-ab7a-d81b21c65d16,Atlético Campo Grande,🐂,0,0,0,0,0,0,0,50,2026-04-28 23:00:26.571352+00,1000000,t,68,Brasil
934dc929-ecfd-424a-86ef-d6a281c9c88d,2e9f0354-3670-4094-a9b8-3b8e396b7e56,f7ffd099-0c8e-430b-bc56-3358e9c9265a,Estrela São Miguel,🏟️,0,0,0,0,0,0,0,50,2026-04-28 23:00:26.840873+00,1000000,t,66,Brasil
535632ea-0a5c-45d1-beb7-493f2d77f4fe,1200a446-4c3a-4c61-9c09-71a0ff7e4f26,e2a718bf-8534-4cb9-95a6-1cd0c4bc7209,Inter Porto Alegre,⚫,0,0,0,0,0,0,0,50,2026-04-28 23:00:25.560246+00,1000000,t,64,Brasil
6a9e727c-2d80-4e03-9669-b1200dceba8d,a29e6633-2342-4b1f-a078-2807a6cff552,d954c012-4d6c-42b6-b333-7eae93004efa,União Pedra Branca,🟢,0,0,0,0,0,0,0,50,2026-04-28 23:00:26.092112+00,1000000,t,80,Brasil
680c1edd-afe7-4b63-98e5-da51a9e4734a,a29e6633-2342-4b1f-a078-2807a6cff552,35b784cf-166d-4121-bfce-dac048241054,AC Morro Alto,🦁,0,0,0,0,0,0,0,50,2026-04-28 23:00:26.340173+00,1000000,t,80,Brasil
e4a4a774-b9de-41d6-9066-0b968c327ff9,2e9f0354-3670-4094-a9b8-3b8e396b7e56,dcd92b12-295d-444e-9e66-cac2d9ec9b7a,Esporte Serra Alta,🔴,0,0,0,0,0,0,0,50,2026-04-28 23:00:26.595262+00,1000000,t,67,Brasil
f83f5faf-2797-4209-bc4b-f6c9494e7697,2e9f0354-3670-4094-a9b8-3b8e396b7e56,7dbda9c1-7aaa-4dd3-99db-b6496d6db6de,FC Boa Vista,🦅,0,0,0,0,0,0,0,50,2026-04-28 23:00:26.867544+00,1000000,t,76,Brasil
3532740d-5498-45ea-9859-1794fd54892c,2e9f0354-3670-4094-a9b8-3b8e396b7e56,42507766-0357-4d98-a616-08e428c3fc24,Racing Santo Amaro,🟠,0,0,0,0,0,0,0,50,2026-04-28 23:00:26.783945+00,1000000,t,67,Brasil
8afa75c8-ebaa-4eb6-a900-0beca44c9556,6af99593-633c-49a2-926e-7f3957a296cb,550b267b-04fe-4821-8cc2-9bfc4bbd5396,Atlético Campo Grande,🐂,0,0,0,0,0,0,0,50,2026-04-28 23:00:22.044447+00,1000000,t,71,Brasil
fcd9e2cd-daa2-4c49-8f40-39631e9365e9,6af99593-633c-49a2-926e-7f3957a296cb,8dce6932-fda2-4867-904c-bb8bfd13f954,Estrela São Miguel,🏟️,0,0,0,0,0,0,0,50,2026-04-28 23:00:22.278744+00,1000000,t,73,Brasil
ecc7bd97-692e-404d-991b-947e72dcd3a7,9fadf224-b30a-4261-979f-719fb86056dd,1773e34d-6532-4401-80f7-a32e6da4964f,EC Monte Azul,🐺,0,0,0,0,0,0,0,50,2026-04-28 23:00:22.514853+00,1000000,t,66,Brasil
4a7f48be-c999-4808-900d-286e409f7cb6,9fadf224-b30a-4261-979f-719fb86056dd,a33f836d-a19f-4f40-a0ea-e89291995b83,Racing Santo Amaro,🟠,0,0,0,0,0,0,0,50,2026-04-28 23:00:22.778941+00,1000000,t,77,Brasil
f4e5a4d2-7ad6-4df4-83c1-e374e39d9296,975d28df-6a5b-44f6-8f17-47bc7d68b525,de3dceb6-6535-4fd3-8d92-ddd6a5aec067,SC Sol Nascente,🏟️,0,0,0,0,0,0,0,50,2026-04-28 23:00:23.042009+00,1000000,t,78,Brasil
83a8e793-e1e9-4bec-ac48-9392f17315fa,975d28df-6a5b-44f6-8f17-47bc7d68b525,debb5c9a-5999-40de-a5eb-23c81aea1051,Nacional Bela Vista,⚪,0,0,0,0,0,0,0,50,2026-04-28 23:00:23.315665+00,1000000,t,77,Brasil
8136c042-9e69-4e78-a1e2-c87d0be49c7a,67a912a6-a397-441f-80d8-70999f6354d5,5a61f4bf-be68-48e5-9111-dfcff0c69d86,Real Lagoa Santa,🟡,0,0,0,0,0,0,0,50,2026-04-28 23:00:23.858305+00,1000000,t,71,Brasil
ea99c3b6-7cae-4322-ba87-7a67f515c7ae,67a912a6-a397-441f-80d8-70999f6354d5,def058e2-d162-473b-bb6c-adb3fbb0f101,EC Ponta Grossa,🐂,0,0,0,0,0,0,0,50,2026-04-28 23:00:24.117941+00,1000000,t,76,Brasil
7c286538-1f5d-4206-8f95-79df15d8d6e9,77fc79cf-d87d-4675-8080-6f08b784e059,f1f09f2e-9530-482c-993f-becf85a04e8b,Sport Vale Verde,🔵,0,0,0,0,0,0,0,50,2026-04-28 23:00:24.36386+00,1000000,t,74,Brasil
b8a6cffe-0a69-4797-8337-926d0ec5e2e7,77fc79cf-d87d-4675-8080-6f08b784e059,ac0f6c48-b951-4074-8963-36543d881ec5,SC Alto da Serra,🐺,0,0,0,0,0,0,0,50,2026-04-28 23:00:24.618324+00,1000000,t,77,Brasil
c2c23259-f0ac-4a34-b953-835b757b7a24,058e6ae2-3160-44d9-a544-86d32b1c3867,ad627687-09b3-49cf-a42f-64f7b2cc5896,Atlético Campo Grande,🐂,0,0,0,0,0,0,0,50,2026-04-28 23:00:24.887531+00,1000000,t,74,Brasil
d5cfb8a4-efec-4373-9161-cef84b7edb47,058e6ae2-3160-44d9-a544-86d32b1c3867,c24adc18-24b4-4f00-9027-b8bdbdbb9964,Estrela São Miguel,🏟️,0,0,0,0,0,0,0,50,2026-04-28 23:00:25.131456+00,1000000,t,61,Brasil
42550e19-0065-4df8-a7aa-8eb3da2ea8fd,1200a446-4c3a-4c61-9c09-71a0ff7e4f26,89fb119d-f15c-45f6-a3bc-e24816b6d8cb,EC Monte Azul,🐺,0,0,0,0,0,0,0,50,2026-04-28 23:00:25.386783+00,1000000,t,73,Brasil
1c6b661b-6c88-4e18-9ba5-05dcad872045,1200a446-4c3a-4c61-9c09-71a0ff7e4f26,fef00c2c-44ca-4ae8-a7f5-ba0534702cf2,Racing Santo Amaro,🟠,0,0,0,0,0,0,0,50,2026-04-28 23:00:25.632372+00,1000000,t,78,Brasil
3d6074bb-a1a9-4011-ba1d-f5a2d54ab75c,a29e6633-2342-4b1f-a078-2807a6cff552,eb4ee0be-dbb7-4847-aaa3-1a81c8769336,SC Sol Nascente,🏟️,0,0,0,0,0,0,0,50,2026-04-28 23:00:25.894804+00,1000000,t,60,Brasil
3c5819ec-d9cf-4698-9338-1734d0a9ed58,a29e6633-2342-4b1f-a078-2807a6cff552,1d9de150-caa5-4ebe-a3c1-b984d544830a,Nacional Bela Vista,⚪,0,0,0,0,0,0,0,50,2026-04-28 23:00:26.166565+00,1000000,t,65,Brasil
52481f84-02fc-437d-8348-8a61391f2c89,2e9f0354-3670-4094-a9b8-3b8e396b7e56,a60eee8d-2571-4a52-89ef-3236b3c9503b,Real Lagoa Santa,🟡,0,0,0,0,0,0,0,50,2026-04-28 23:00:26.675186+00,1000000,t,60,Brasil
cbabb0e0-7406-4d42-b176-f4cbd37d5589,2e9f0354-3670-4094-a9b8-3b8e396b7e56,e2d36478-1be5-4df4-af91-e2df31b3c55e,EC Ponta Grossa,🐂,0,0,0,0,0,0,0,50,2026-04-28 23:00:26.936128+00,1000000,t,62,Brasil
f2e45c55-b722-405c-b8d7-779f6cbe4161,0286bac6-3637-45a6-8c56-50c6e87619f9,371a1d4f-d5a5-4b7a-8150-218445edd163,FC Nova Esperança,⚽,0,0,0,0,0,0,0,50,2026-04-29 23:00:01.339898+00,1000000,t,79,Brasil
f5955c17-93e0-40b3-9426-d54d0ceeef24,0286bac6-3637-45a6-8c56-50c6e87619f9,d5ef7879-56f9-4a32-8781-98448fb8f646,SC Sol Nascente,🏟️,0,0,0,0,0,0,0,50,2026-04-29 23:00:01.39894+00,1000000,t,77,Brasil
0dcc9889-133b-4c09-b8c5-4f86e8a61750,0286bac6-3637-45a6-8c56-50c6e87619f9,a264386d-341a-48d8-aff4-b278ee158dbb,AC Vila Rica,🦅,0,0,0,0,0,0,0,50,2026-04-29 23:00:01.44721+00,1000000,t,71,Brasil
491f0ba4-6c54-48f4-9cdb-b0bf72689b42,0286bac6-3637-45a6-8c56-50c6e87619f9,07566e57-8b7a-43bd-86d1-622b33e2b496,EC Monte Azul,🐺,0,0,0,0,0,0,0,50,2026-04-29 23:00:01.497737+00,1000000,t,76,Brasil
a449f906-622d-4922-ab2e-17356b9c53db,0286bac6-3637-45a6-8c56-50c6e87619f9,b8bea171-f109-4c99-be6e-8008946d9e97,Clube Rio Claro,🦁,0,0,0,0,0,0,0,50,2026-04-29 23:00:01.57158+00,1000000,t,73,Brasil
c5ba1c2c-6939-4e6b-8937-3442f154e4e1,0286bac6-3637-45a6-8c56-50c6e87619f9,be8b8c40-67fc-4693-8d56-6a1bd7c81099,Atlético Campo Grande,🐂,0,0,0,0,0,0,0,50,2026-04-29 23:00:01.602202+00,1000000,t,61,Brasil
d4b86bca-323c-449f-aa99-0904a2d6a351,0286bac6-3637-45a6-8c56-50c6e87619f9,ccc9f8fb-4bd5-4b14-9470-5382ac54d707,Esporte Serra Alta,🔴,0,0,0,0,0,0,0,50,2026-04-29 23:00:01.634745+00,1000000,t,61,Brasil
4c2872dd-9f46-4c58-8405-5294d82fab0e,0286bac6-3637-45a6-8c56-50c6e87619f9,3781946c-1514-4ec6-b77d-ee95c79f9ed2,Sport Vale Verde,🔵,0,0,0,0,0,0,0,50,2026-04-29 23:00:01.661221+00,1000000,t,63,Brasil
638fc357-aa3b-4c76-975a-e61acb25684a,0286bac6-3637-45a6-8c56-50c6e87619f9,d14fea38-bc9c-4704-85c8-44106f706a02,União Pedra Branca,🟢,0,0,0,0,0,0,0,50,2026-04-29 23:00:01.690778+00,1000000,t,76,Brasil
4a7b189f-2966-4d60-80e7-09c11da537b4,0286bac6-3637-45a6-8c56-50c6e87619f9,cc57c8db-ca85-425b-8047-bcabe47476c0,Real Lagoa Santa,🟡,0,0,0,0,0,0,0,50,2026-04-29 23:00:01.717377+00,1000000,t,65,Brasil
29b3ad61-630f-4fd0-859e-9936b6000360,0286bac6-3637-45a6-8c56-50c6e87619f9,ce3a22a8-6ef9-4bb6-a2f9-e713a89b3ecb,Inter Porto Alegre,⚫,0,0,0,0,0,0,0,50,2026-04-29 23:00:01.742211+00,1000000,t,65,Brasil
0aa1e8e2-4ddb-484a-a5e4-065cdf300890,0286bac6-3637-45a6-8c56-50c6e87619f9,f1dceaad-2633-443f-8f1e-6c9b3b25cc0a,Nacional Bela Vista,⚪,0,0,0,0,0,0,0,50,2026-04-29 23:00:01.769952+00,1000000,t,64,Brasil
3ce3e2bb-ab71-4f51-b568-1d506957a610,0286bac6-3637-45a6-8c56-50c6e87619f9,d984bf7a-f128-4fde-81a6-278bff9a2de4,Sporting Cruz Alta,🟣,0,0,0,0,0,0,0,50,2026-04-29 23:00:01.795726+00,1000000,t,75,Brasil
3be4286a-e5c9-43b6-b5af-f9967762abb2,0286bac6-3637-45a6-8c56-50c6e87619f9,b888542b-9dc5-4433-b60d-3f009ea37832,Racing Santo Amaro,🟠,0,0,0,0,0,0,0,50,2026-04-29 23:00:01.822305+00,1000000,t,63,Brasil
1f416317-0ce1-4714-9fa8-9cbf6394abe8,0286bac6-3637-45a6-8c56-50c6e87619f9,e63b9a89-6782-44e4-8e8c-a632b10a8504,Olimpia Jardim,⚽,0,0,0,0,0,0,0,50,2026-04-29 23:00:01.846449+00,1000000,t,69,Brasil
299740b5-e982-4ec5-a757-8bfe78a43985,0286bac6-3637-45a6-8c56-50c6e87619f9,cc4b3fb1-091a-404a-a85a-9d856ce96976,Estrela São Miguel,🏟️,0,0,0,0,0,0,0,50,2026-04-29 23:00:01.873058+00,1000000,t,62,Brasil
b1492f03-058f-4eb8-b20a-bbc0692c48ee,0286bac6-3637-45a6-8c56-50c6e87619f9,da469c84-bfc2-4e31-abd7-3babdb03c862,FC Boa Vista,🦅,0,0,0,0,0,0,0,50,2026-04-29 23:00:01.902995+00,1000000,t,72,Brasil
a0f86c2f-9c0f-4ed7-932c-aca12fe377f9,0286bac6-3637-45a6-8c56-50c6e87619f9,38acc5cb-1e22-4652-ba8b-f4ede60ebc02,SC Alto da Serra,🐺,0,0,0,0,0,0,0,50,2026-04-29 23:00:01.928452+00,1000000,t,78,Brasil
29b2675a-7097-4ec0-9abf-9f009f0d368f,0286bac6-3637-45a6-8c56-50c6e87619f9,bd7024b1-7aab-42de-b60a-b604d72b7fb7,AC Morro Alto,🦁,0,0,0,0,0,0,0,50,2026-04-29 23:00:01.952217+00,1000000,t,79,Brasil
3324c93e-2780-47b1-b850-d582397548b6,0286bac6-3637-45a6-8c56-50c6e87619f9,76d536bb-c90e-4994-a416-d1cbd0a42f9e,EC Ponta Grossa,🐂,0,0,0,0,0,0,0,50,2026-04-29 23:00:01.97693+00,1000000,t,75,Brasil
b1a08601-65b5-4740-88ab-39b07483c162,05c592cb-5979-47b3-8dfe-47339b7e8eaf,f0e9b841-5f5f-4293-be72-f5b35aeeabc2,FC Nova Esperança,⚽,0,0,0,0,0,0,0,50,2026-04-29 23:00:03.022032+00,1000000,t,69,Brasil
a34de327-a3f9-4dcc-99ed-51086777efe6,05c592cb-5979-47b3-8dfe-47339b7e8eaf,c3e15645-c07a-4fa9-aa7c-41019529c11d,SC Sol Nascente,🏟️,0,0,0,0,0,0,0,50,2026-04-29 23:00:03.048166+00,1000000,t,77,Brasil
25a3a58e-b32e-461a-82ac-2cd3f4a4783b,05c592cb-5979-47b3-8dfe-47339b7e8eaf,165e83c9-7775-44e3-8360-d2a5e0e0e03b,AC Vila Rica,🦅,0,0,0,0,0,0,0,50,2026-04-29 23:00:03.074007+00,1000000,t,71,Brasil
ffd7d206-ad1a-4bdb-9c3b-bc65e9f69faf,05c592cb-5979-47b3-8dfe-47339b7e8eaf,7f01ca38-4a36-4ece-98cf-592ce330d239,EC Monte Azul,🐺,0,0,0,0,0,0,0,50,2026-04-29 23:00:03.140366+00,1000000,t,60,Brasil
e3ef7c76-176a-45a1-bec2-499b7a79921e,05c592cb-5979-47b3-8dfe-47339b7e8eaf,d56c50fc-9451-4fe8-a430-1537a597348a,Clube Rio Claro,🦁,0,0,0,0,0,0,0,50,2026-04-29 23:00:03.165624+00,1000000,t,63,Brasil
ea8809d1-45cc-4fff-bae0-b35f44fd669e,05c592cb-5979-47b3-8dfe-47339b7e8eaf,4b246dd5-c0b4-4461-b070-c64c1ee507b5,Atlético Campo Grande,🐂,0,0,0,0,0,0,0,50,2026-04-29 23:00:03.189917+00,1000000,t,65,Brasil
19c36a48-73a0-4cb0-9d73-6edfc2adb5d2,05c592cb-5979-47b3-8dfe-47339b7e8eaf,56f5cdd7-2c46-4864-b216-0b501ae47305,Esporte Serra Alta,🔴,0,0,0,0,0,0,0,50,2026-04-29 23:00:03.212745+00,1000000,t,66,Brasil
0672a3d8-78f3-48c7-96ed-da0936878d51,05c592cb-5979-47b3-8dfe-47339b7e8eaf,c9e07ed9-115d-414f-8291-ce446d20f721,Sport Vale Verde,🔵,0,0,0,0,0,0,0,50,2026-04-29 23:00:03.238613+00,1000000,t,61,Brasil
bbf994c8-e8ba-495c-b202-a82250b20608,05c592cb-5979-47b3-8dfe-47339b7e8eaf,b3bf40b5-2675-4dc6-8aad-c9ce0950104f,União Pedra Branca,🟢,0,0,0,0,0,0,0,50,2026-04-29 23:00:03.266175+00,1000000,t,70,Brasil
b143dbb6-de2d-4e79-bb22-2bc7073636c0,05c592cb-5979-47b3-8dfe-47339b7e8eaf,73b35061-77c1-43a3-9885-14f61de3d1ee,Real Lagoa Santa,🟡,0,0,0,0,0,0,0,50,2026-04-29 23:00:03.29553+00,1000000,t,68,Brasil
fc091db3-f47e-4b31-93e0-152859842601,05c592cb-5979-47b3-8dfe-47339b7e8eaf,110a393d-f5a1-483a-9e0b-de0741fe07bf,Inter Porto Alegre,⚫,0,0,0,0,0,0,0,50,2026-04-29 23:00:03.349473+00,1000000,t,73,Brasil
10dea424-3a58-4ea3-961c-b3b5490dd2ce,05c592cb-5979-47b3-8dfe-47339b7e8eaf,e56986d6-db17-4d4b-ba54-c8b86258118f,Nacional Bela Vista,⚪,0,0,0,0,0,0,0,50,2026-04-29 23:00:03.378791+00,1000000,t,68,Brasil
43cba867-9054-458a-b6ad-729bb1859bb2,05c592cb-5979-47b3-8dfe-47339b7e8eaf,fe12ad20-49f1-4ca7-8b60-1cb79174b717,Sporting Cruz Alta,🟣,0,0,0,0,0,0,0,50,2026-04-29 23:00:03.405844+00,1000000,t,78,Brasil
a637bc67-aeea-4115-9c16-35147ae50903,05c592cb-5979-47b3-8dfe-47339b7e8eaf,f669a6b3-96f5-4155-979d-c77706be61ea,Racing Santo Amaro,🟠,0,0,0,0,0,0,0,50,2026-04-29 23:00:03.429872+00,1000000,t,65,Brasil
bff076f5-3886-48c7-a611-fa381dd1385e,05c592cb-5979-47b3-8dfe-47339b7e8eaf,c03d2914-426b-486e-b49b-b0d8a6258cec,Olimpia Jardim,⚽,0,0,0,0,0,0,0,50,2026-04-29 23:00:03.453158+00,1000000,t,71,Brasil
564252e5-3aea-4ae8-a4be-9a85c5a4561a,05c592cb-5979-47b3-8dfe-47339b7e8eaf,3a73d5cf-f9dd-4284-a14b-91036923cb4e,Estrela São Miguel,🏟️,0,0,0,0,0,0,0,50,2026-04-29 23:00:03.478229+00,1000000,t,79,Brasil
e9ea6d08-2e25-4ec1-8371-c3f889d3624a,05c592cb-5979-47b3-8dfe-47339b7e8eaf,0ac5be1e-c46b-4a67-9924-552020005720,EC Ponta Grossa,🐂,0,0,0,0,0,0,0,50,2026-04-29 23:00:03.581625+00,1000000,t,65,Brasil
ba5d1d8e-120f-4880-b4d6-cbf9df2218c6,3653cfca-8137-4c58-a86f-8cc76d7b0a9d,bab7ef3a-1553-4503-964e-3eb47a59d911,Atlético Alto da Serra,🐺,0,0,0,0,0,0,0,50,2026-04-30 23:00:07.052527+00,1000000,t,79,Brasil
29fe5adb-ab2d-4d92-95c2-3fde1658ded3,3653cfca-8137-4c58-a86f-8cc76d7b0a9d,c308c22e-da1f-4175-a93b-936779a1dba0,Esporte Morro Alto,🦁,0,0,0,0,0,0,0,50,2026-04-30 23:00:07.052527+00,1000000,t,72,Brasil
b6be9c15-e9c0-48c5-9fc8-f6ad5eb3a613,3653cfca-8137-4c58-a86f-8cc76d7b0a9d,b28b12df-e733-4f02-b483-2d13ea8cc36c,Sport Ponta Grossa,🐂,0,0,0,0,0,0,0,50,2026-04-30 23:00:07.052527+00,1000000,t,65,Brasil
5bc9cd83-eac1-4b54-b396-462513b0e45c,3395c9d4-a07e-4ee7-a799-bd7e51750f34,66b3dc3c-4cf5-40a1-bb91-2c2102928701,Sporting Nova Esperança,⚽,0,0,0,0,0,0,0,50,2026-04-30 23:00:07.208979+00,1000000,t,54,Brasil
03c6e2c2-6589-4d4e-a88f-ccf017e76298,3395c9d4-a07e-4ee7-a799-bd7e51750f34,24e8ac2a-94a8-4369-99c2-17d8217a7289,Racing Sol Nascente,🏟️,0,0,0,0,0,0,0,50,2026-04-30 23:00:07.208979+00,1000000,t,52,Brasil
945e4af9-2147-43d6-b2cc-30fdaed3f343,3395c9d4-a07e-4ee7-a799-bd7e51750f34,797f8327-0f4d-4b03-8934-80c48ebb5444,Olimpia Vila Rica,🦅,0,0,0,0,0,0,0,50,2026-04-30 23:00:07.208979+00,1000000,t,49,Brasil
53ebca57-ee54-4545-b84a-7a7ac78a46a9,3395c9d4-a07e-4ee7-a799-bd7e51750f34,c078715f-3f91-4696-a390-68c2f0623528,Estrela Monte Azul,🐺,0,0,0,0,0,0,0,50,2026-04-30 23:00:07.208979+00,1000000,t,50,Brasil
7da89393-2590-4681-837f-e730b1fe8392,9202e86c-8eb3-442d-b889-923f76b781be,5cea98bb-c79e-4a6b-93e6-131a97fc3c21,Atlético Santo Amaro,🟠,0,0,0,0,0,0,0,50,2026-04-30 23:00:09.041571+00,1000000,t,64,Brasil
0d267369-cd04-4bec-a9d6-9c96232ab0cf,9202e86c-8eb3-442d-b889-923f76b781be,24bcebab-f863-4f7f-a820-dda86a668132,Esporte Jardim,⚽,0,0,0,0,0,0,0,50,2026-04-30 23:00:09.041571+00,1000000,t,61,Brasil
7d656050-2132-4749-86fd-1edbc7249eb6,9202e86c-8eb3-442d-b889-923f76b781be,20ed5133-7e99-4ebb-b973-cc39634d224a,Sport São Miguel,🏟️,0,0,0,0,0,0,0,50,2026-04-30 23:00:09.041571+00,1000000,t,64,Brasil
ec245a80-786a-44fa-8899-95fa885bd2be,9202e86c-8eb3-442d-b889-923f76b781be,3a3e92df-9642-4591-ad28-1a5582faf0d8,União Boa Vista,🦅,0,0,0,0,0,0,0,50,2026-04-30 23:00:09.041571+00,1000000,t,68,Brasil
23e27eef-4bdd-4025-8fa5-2b00e8e56094,9202e86c-8eb3-442d-b889-923f76b781be,8f91a1cd-d36f-4f0c-99a5-7a940924505f,Real Alto da Serra,🐺,0,0,0,0,0,0,0,50,2026-04-30 23:00:09.041571+00,1000000,t,57,Brasil
0bc44f9d-75b6-483c-9a1e-bacd42040ffd,9202e86c-8eb3-442d-b889-923f76b781be,cbc7ad24-03d0-46e9-a835-779fee291261,Inter Morro Alto,🦁,0,0,0,0,0,0,0,50,2026-04-30 23:00:09.041571+00,1000000,t,64,Brasil
d1e24908-d4e6-4e9f-9adb-d16b741027a3,9202e86c-8eb3-442d-b889-923f76b781be,2378a9e6-17ae-442d-94d8-1e0aae3c44d7,Nacional Ponta Grossa,🐂,0,0,0,0,0,0,0,50,2026-04-30 23:00:09.041571+00,1000000,t,58,Brasil
babf04fc-eb10-4e20-8698-d21cccf56a4e,33f9ccfa-75d4-4cae-a8fd-701163482065,988dd593-22be-4a75-9926-35cbea59ae86,Sporting Nova Esperança,⚽,0,0,0,0,0,0,0,50,2026-04-30 23:00:10.432568+00,1000000,t,58,Brasil
2fcad69c-ac98-44d1-8019-a7a8bd691337,33f9ccfa-75d4-4cae-a8fd-701163482065,9959c551-da9d-4005-a5b2-e5b01b77382a,Racing Sol Nascente,🏟️,0,0,0,0,0,0,0,50,2026-04-30 23:00:10.432568+00,1000000,t,53,Brasil
8d96d86a-be2a-4eb0-8ed4-d2415477856b,33f9ccfa-75d4-4cae-a8fd-701163482065,d2020945-cc33-46c7-b7a1-1012f7de21a8,Olimpia Vila Rica,🦅,0,0,0,0,0,0,0,50,2026-04-30 23:00:10.432568+00,1000000,t,47,Brasil
5894d6c1-19a9-4b60-bb87-d94f6c5d631d,33f9ccfa-75d4-4cae-a8fd-701163482065,ed5eae5c-f1cf-40de-8944-10c97759b9ad,Estrela Monte Azul,🐺,0,0,0,0,0,0,0,50,2026-04-30 23:00:10.432568+00,1000000,t,49,Brasil
a1622687-5c42-448c-9c81-7c15d46a8766,33f9ccfa-75d4-4cae-a8fd-701163482065,8c56ca94-9fac-4c0f-b0db-b68e8a0ec52f,FC Rio Claro,🦁,0,0,0,0,0,0,0,50,2026-04-30 23:00:10.432568+00,1000000,t,45,Brasil
4c973607-c278-45e1-80a6-6044d2abe39a,33f9ccfa-75d4-4cae-a8fd-701163482065,f4dca74a-c751-427f-b201-b79a19d10754,SC Campo Grande,🐂,0,0,0,0,0,0,0,50,2026-04-30 23:00:10.432568+00,1000000,t,55,Brasil
908ec56c-9daf-4751-8a1c-a202c2a84243,33f9ccfa-75d4-4cae-a8fd-701163482065,302e970e-7cbf-45ac-a9e6-808af59f84c2,AC Serra Alta,🔴,0,0,0,0,0,0,0,50,2026-04-30 23:00:10.432568+00,1000000,t,47,Brasil
0e8238fc-99d3-4d5c-b266-9717003a8261,33f9ccfa-75d4-4cae-a8fd-701163482065,78e89208-4c0a-495c-a883-245ad1109819,EC Vale Verde,🔵,0,0,0,0,0,0,0,50,2026-04-30 23:00:10.432568+00,1000000,t,60,Brasil
0ebdd860-3c14-4e6e-b777-510907419327,33f9ccfa-75d4-4cae-a8fd-701163482065,dd9f4595-cd8a-459e-a1e0-e71f4bf6fa89,Clube Pedra Branca,🟢,0,0,0,0,0,0,0,50,2026-04-30 23:00:10.432568+00,1000000,t,49,Brasil
83595204-011d-48cb-b7a1-507f7bc5b9a0,33f9ccfa-75d4-4cae-a8fd-701163482065,fb347480-289c-45db-b033-c1533fcaf6c8,Atlético Lagoa Santa,🟡,0,0,0,0,0,0,0,50,2026-04-30 23:00:10.432568+00,1000000,t,49,Brasil
23a0712f-6837-413d-8f5e-bcb34a9d007c,33f9ccfa-75d4-4cae-a8fd-701163482065,5251ad14-6a22-4651-a267-f5680dd072f6,Esporte Porto Alegre,⚫,0,0,0,0,0,0,0,50,2026-04-30 23:00:10.432568+00,1000000,t,59,Brasil
48ed0cab-1581-4356-b678-55d9d413c6c1,33f9ccfa-75d4-4cae-a8fd-701163482065,5679be55-8791-4057-b929-cf10d265c7c2,Sport Bela Vista,⚪,0,0,0,0,0,0,0,50,2026-04-30 23:00:10.432568+00,1000000,t,56,Brasil
5553037b-1447-4c59-9bcc-ad5dc787edbf,33f9ccfa-75d4-4cae-a8fd-701163482065,201799a5-2139-40be-b6e4-cc0b5e735dba,União Cruz Alta,🟣,0,0,0,0,0,0,0,50,2026-04-30 23:00:10.432568+00,1000000,t,58,Brasil
8971656d-68d4-4893-9c56-fd239b86f121,33f9ccfa-75d4-4cae-a8fd-701163482065,fd2dc6f5-bf3a-4a63-b2df-e7b36b2db4c5,Real Santo Amaro,🟠,0,0,0,0,0,0,0,50,2026-04-30 23:00:10.432568+00,1000000,t,58,Brasil
b8931d24-d704-4bc9-9887-2bdd970e47b4,33f9ccfa-75d4-4cae-a8fd-701163482065,bc85b562-c418-4c41-be3d-92bb86d8f62a,Inter Jardim,⚽,0,0,0,0,0,0,0,50,2026-04-30 23:00:10.432568+00,1000000,t,59,Brasil
4be586f5-f2c3-469f-b5d6-717f4a81d4c0,33f9ccfa-75d4-4cae-a8fd-701163482065,9258e70c-e580-4656-a8de-28082515ccec,Nacional São Miguel,🏟️,0,0,0,0,0,0,0,50,2026-04-30 23:00:10.432568+00,1000000,t,59,Brasil
ea82ffab-0e12-4676-a10e-793135fc8d5d,33f9ccfa-75d4-4cae-a8fd-701163482065,c0eba7c6-6be3-48f1-9202-b37e8a19769e,Sporting Boa Vista,🦅,0,0,0,0,0,0,0,50,2026-04-30 23:00:10.432568+00,1000000,t,53,Brasil
8f26b8ba-36f6-4cc3-88b3-1f8baab5ac18,33f9ccfa-75d4-4cae-a8fd-701163482065,5822f878-2488-4115-a705-40676ef61c0c,Racing Alto da Serra,🐺,0,0,0,0,0,0,0,50,2026-04-30 23:00:10.432568+00,1000000,t,55,Brasil
50e93eae-c2cc-4496-87a9-3b9e56cc7510,33f9ccfa-75d4-4cae-a8fd-701163482065,65f36af8-9de7-40f2-be71-89b5f1115614,Olimpia Morro Alto,🦁,0,0,0,0,0,0,0,50,2026-04-30 23:00:10.432568+00,1000000,t,45,Brasil
ec832765-9d68-47b1-8dcb-ee42e0e0d643,33f9ccfa-75d4-4cae-a8fd-701163482065,f3fa7def-241f-4db7-9b31-53a8551c7328,Estrela Ponta Grossa,🐂,0,0,0,0,0,0,0,50,2026-04-30 23:00:10.432568+00,1000000,t,46,Brasil
ebd3d1ba-a2ae-4244-83a1-9837682a1fd6,81c059d5-6639-48ac-915d-15da53978876,482aa9bd-502a-4fdd-ae37-764e46838c7c,Clube Nova Esperança,⚽,0,0,0,0,0,0,0,50,2026-04-30 23:00:12.099378+00,1000000,t,70,Brasil
8898e7a7-54f5-4651-a60b-e20f4fd53650,81c059d5-6639-48ac-915d-15da53978876,f20ec6d3-6f5f-4fb7-bbb5-bd9ec2d98d46,Atlético Sol Nascente,🏟️,0,0,0,0,0,0,0,50,2026-04-30 23:00:12.099378+00,1000000,t,75,Brasil
6ec2bed6-401c-4886-90bc-ba327b2490c0,81c059d5-6639-48ac-915d-15da53978876,dfc6634d-e02b-4b83-a4fc-823d1f41db23,Esporte Vila Rica,🦅,0,0,0,0,0,0,0,50,2026-04-30 23:00:12.099378+00,1000000,t,67,Brasil
ec8c4556-5aa7-40e1-946e-1312bb626684,81c059d5-6639-48ac-915d-15da53978876,7372de8b-b892-4a23-9978-99a7f2b57e8b,Sport Monte Azul,🐺,0,0,0,0,0,0,0,50,2026-04-30 23:00:12.099378+00,1000000,t,79,Brasil
605073c8-6d56-45d8-a093-d40083a6f28d,81c059d5-6639-48ac-915d-15da53978876,33efb2a3-5b83-4a53-87fc-a2be1c4015bf,União Rio Claro,🦁,0,0,0,0,0,0,0,50,2026-04-30 23:00:12.099378+00,1000000,t,77,Brasil
963bb8aa-274c-4aef-a6c3-8eb09fa62c92,81c059d5-6639-48ac-915d-15da53978876,f74266df-9e29-4bcb-b310-db96c847cc9c,Real Campo Grande,🐂,0,0,0,0,0,0,0,50,2026-04-30 23:00:12.099378+00,1000000,t,78,Brasil
6ed02e22-9ea4-4814-bfa8-36c1d53c3cc7,81c059d5-6639-48ac-915d-15da53978876,14c6f1d6-c846-4528-9d2a-f5d44a58dba4,Inter Serra Alta,🔴,0,0,0,0,0,0,0,50,2026-04-30 23:00:12.099378+00,1000000,t,74,Brasil
f84d65ec-9ba3-4681-af1d-caf1c4612376,81c059d5-6639-48ac-915d-15da53978876,49ab7cee-6fed-431f-ae2a-960738422b41,Nacional Vale Verde,🔵,0,0,0,0,0,0,0,50,2026-04-30 23:00:12.099378+00,1000000,t,68,Brasil
1f8b4ca1-82c5-4dc7-ac7e-90527732e699,81c059d5-6639-48ac-915d-15da53978876,6c5f3232-a1b6-4168-8d73-29ec2294583c,Sporting Pedra Branca,🟢,0,0,0,0,0,0,0,50,2026-04-30 23:00:12.099378+00,1000000,t,68,Brasil
a770e56e-554d-44ed-a7f6-68a69aacde05,81c059d5-6639-48ac-915d-15da53978876,dca4f981-a982-4216-9fa3-8047955782d8,Racing Lagoa Santa,🟡,0,0,0,0,0,0,0,50,2026-04-30 23:00:12.099378+00,1000000,t,75,Brasil
d37bc017-f49a-4190-88d6-1c9f94b47976,81c059d5-6639-48ac-915d-15da53978876,0b8e496f-0978-4e67-9754-7258099a891f,Olimpia Porto Alegre,⚫,0,0,0,0,0,0,0,50,2026-04-30 23:00:12.099378+00,1000000,t,78,Brasil
acb5dc2d-55fe-48b2-b9e9-6d710ab228a9,81c059d5-6639-48ac-915d-15da53978876,43a961d8-e013-4023-a33b-f6032fc090b1,Estrela Bela Vista,⚪,0,0,0,0,0,0,0,50,2026-04-30 23:00:12.099378+00,1000000,t,73,Brasil
28eede99-67e6-4d56-b37a-403eebf55df5,81c059d5-6639-48ac-915d-15da53978876,58328c99-f036-4706-ae7a-4d4495b20e84,FC Cruz Alta,🟣,0,0,0,0,0,0,0,50,2026-04-30 23:00:12.099378+00,1000000,t,67,Brasil
312e69be-74e3-431c-bc23-0a30490a9f8e,81c059d5-6639-48ac-915d-15da53978876,12b447ef-cfec-4982-8800-4b3b3c07cee0,SC Santo Amaro,🟠,0,0,0,0,0,0,0,50,2026-04-30 23:00:12.099378+00,1000000,t,73,Brasil
d60b8394-2a62-4498-8e70-81fb5dbba5a7,81c059d5-6639-48ac-915d-15da53978876,a5c69f0e-8b10-45ef-804f-0d766ca99862,AC Jardim,⚽,0,0,0,0,0,0,0,50,2026-04-30 23:00:12.099378+00,1000000,t,77,Brasil
287ea1e6-1f01-4201-bd11-6ea06f54d706,81c059d5-6639-48ac-915d-15da53978876,e015e0ab-3a1a-4fc2-bcac-dcf97f6c69a4,EC São Miguel,🏟️,0,0,0,0,0,0,0,50,2026-04-30 23:00:12.099378+00,1000000,t,71,Brasil
9c90cbdc-c7a9-4742-8d8a-fab06149d0f0,81c059d5-6639-48ac-915d-15da53978876,ac727165-e65a-4cec-a1bb-c1983753ed61,Clube Boa Vista,🦅,0,0,0,0,0,0,0,50,2026-04-30 23:00:12.099378+00,1000000,t,69,Brasil
be04b056-360c-43b8-acdb-eeecda02176d,81c059d5-6639-48ac-915d-15da53978876,4661b840-e2e8-4b87-88b3-04fb2daae07f,Atlético Alto da Serra,🐺,0,0,0,0,0,0,0,50,2026-04-30 23:00:12.099378+00,1000000,t,67,Brasil
e7a43f4c-ab16-4097-a801-dab46c5f6481,81c059d5-6639-48ac-915d-15da53978876,5a42b83d-b1b5-49be-a729-a0b4fe67f8e8,Esporte Morro Alto,🦁,0,0,0,0,0,0,0,50,2026-04-30 23:00:12.099378+00,1000000,t,73,Brasil
ac187a57-e236-433b-949f-4d445c7955a1,81c059d5-6639-48ac-915d-15da53978876,67bf341f-b5d7-47ce-889a-eed2fcfb56a7,Sport Ponta Grossa,🐂,0,0,0,0,0,0,0,50,2026-04-30 23:00:12.099378+00,1000000,t,66,Brasil
d5b56441-334b-4b6e-a08a-a672a56ae44c,43f9f0cb-7bc0-4733-bb18-07b7e9cd71a4,e143f2d2-e0d4-42f0-ae18-3767ab6f3597,Sporting Nova Esperança,⚽,0,0,0,0,0,0,0,50,2026-04-30 23:00:13.905795+00,1000000,t,52,Brasil
fa5298e5-8701-4ce3-b284-378e01744dfe,43f9f0cb-7bc0-4733-bb18-07b7e9cd71a4,8e44a1dd-a326-4c36-bc2b-1c8236fa9049,Racing Sol Nascente,🏟️,0,0,0,0,0,0,0,50,2026-04-30 23:00:13.905795+00,1000000,t,59,Brasil
10688a97-d9a4-41ac-937d-4b2ad65aa1d5,43f9f0cb-7bc0-4733-bb18-07b7e9cd71a4,5ea3328c-e108-4afe-9a3d-8345adc985e0,Olimpia Vila Rica,🦅,0,0,0,0,0,0,0,50,2026-04-30 23:00:13.905795+00,1000000,t,47,Brasil
1dbf0839-cf27-4942-b175-155e5200979d,43f9f0cb-7bc0-4733-bb18-07b7e9cd71a4,c53aa899-2c87-4ba6-a2f9-7ca6c05c670c,Estrela Monte Azul,🐺,0,0,0,0,0,0,0,50,2026-04-30 23:00:13.905795+00,1000000,t,60,Brasil
9bfaea6b-31cf-4a12-b76b-380478b29502,362f3549-fe28-429b-a787-ec37f3984402,c92293d4-7308-47b9-be84-e2c1f0c2dd34,Sporting Nova Esperança,⚽,0,0,0,0,0,0,0,50,2026-04-30 23:00:09.127183+00,1000000,t,56,Brasil
b2ce85d6-af86-4f41-989d-cf39344df5db,362f3549-fe28-429b-a787-ec37f3984402,95ddcef8-eb95-4457-bc0f-2fcd4710c739,Racing Sol Nascente,🏟️,0,0,0,0,0,0,0,50,2026-04-30 23:00:09.127183+00,1000000,t,60,Brasil
955c0c20-1d57-480a-9288-38cedaf9339c,362f3549-fe28-429b-a787-ec37f3984402,21846ca2-0563-4fb7-b68d-947811b2bc4f,Olimpia Vila Rica,🦅,0,0,0,0,0,0,0,50,2026-04-30 23:00:09.127183+00,1000000,t,52,Brasil
d009329a-e2fd-4cf8-81c3-6a2534ea7a49,362f3549-fe28-429b-a787-ec37f3984402,fd8c6e2b-ab0f-4e31-bf67-3c9b2fe8cadb,Estrela Monte Azul,🐺,0,0,0,0,0,0,0,50,2026-04-30 23:00:09.127183+00,1000000,t,58,Brasil
8cb54de9-28dd-4778-9352-9a12cdf88cfb,362f3549-fe28-429b-a787-ec37f3984402,53406fd2-5b71-4727-bc1a-3a27e3fc77be,FC Rio Claro,🦁,0,0,0,0,0,0,0,50,2026-04-30 23:00:09.127183+00,1000000,t,49,Brasil
ac8ed1f8-4088-4bdc-af5b-1572646a4071,362f3549-fe28-429b-a787-ec37f3984402,979eb32d-75cd-456b-9604-9a2a2123fde6,SC Campo Grande,🐂,0,0,0,0,0,0,0,50,2026-04-30 23:00:09.127183+00,1000000,t,46,Brasil
876f5c00-3fb6-4a33-81fe-8a513e17c7b7,362f3549-fe28-429b-a787-ec37f3984402,6a8f2de1-27c8-471e-ae4d-932690082855,AC Serra Alta,🔴,0,0,0,0,0,0,0,50,2026-04-30 23:00:09.127183+00,1000000,t,51,Brasil
00efd728-a313-46a3-a047-c3dedc8f4f83,362f3549-fe28-429b-a787-ec37f3984402,26dba30c-e221-4cd6-a298-68da047de6be,EC Vale Verde,🔵,0,0,0,0,0,0,0,50,2026-04-30 23:00:09.127183+00,1000000,t,49,Brasil
cb29a668-30bd-4832-bd0f-cf1f392b6592,362f3549-fe28-429b-a787-ec37f3984402,4554e26b-24c7-4e86-abfe-1f140951c895,Clube Pedra Branca,🟢,0,0,0,0,0,0,0,50,2026-04-30 23:00:09.127183+00,1000000,t,53,Brasil
c39db8a1-cdca-4d32-a5b9-de288ce593b2,362f3549-fe28-429b-a787-ec37f3984402,f3a34fa1-c281-48a7-a0d2-f339740f9252,Atlético Lagoa Santa,🟡,0,0,0,0,0,0,0,50,2026-04-30 23:00:09.127183+00,1000000,t,60,Brasil
34874f1b-4f14-4759-a1a6-5bcb09863c40,362f3549-fe28-429b-a787-ec37f3984402,1dbc9d4b-f05b-42e2-b290-4838713e9379,Esporte Porto Alegre,⚫,0,0,0,0,0,0,0,50,2026-04-30 23:00:09.127183+00,1000000,t,56,Brasil
176dc72c-0492-4fab-a15f-9ac049e6f0d2,362f3549-fe28-429b-a787-ec37f3984402,96b19ec5-4f6f-4daa-aa1c-fee1ed704ec3,Sport Bela Vista,⚪,0,0,0,0,0,0,0,50,2026-04-30 23:00:09.127183+00,1000000,t,49,Brasil
e19988a9-3bd8-435d-bd8c-5c1a4b176862,362f3549-fe28-429b-a787-ec37f3984402,95b8c995-b496-41e1-88db-1e8c6e4eedfc,União Cruz Alta,🟣,0,0,0,0,0,0,0,50,2026-04-30 23:00:09.127183+00,1000000,t,48,Brasil
83114138-7cc7-4e27-b833-ccf8eecaf3e9,362f3549-fe28-429b-a787-ec37f3984402,8d481583-689f-41b4-bd99-e2c6b2ebf020,Real Santo Amaro,🟠,0,0,0,0,0,0,0,50,2026-04-30 23:00:09.127183+00,1000000,t,53,Brasil
048add30-b498-4fab-92d0-f92bcefd79c2,362f3549-fe28-429b-a787-ec37f3984402,bbbb4a99-bdd9-4c16-89aa-6b951ce46d1b,Inter Jardim,⚽,0,0,0,0,0,0,0,50,2026-04-30 23:00:09.127183+00,1000000,t,56,Brasil
8b7e1c68-d231-42e5-b00a-4ba16fd82fa1,362f3549-fe28-429b-a787-ec37f3984402,5ecd137d-5e63-4229-9882-e3c56867f9bf,Nacional São Miguel,🏟️,0,0,0,0,0,0,0,50,2026-04-30 23:00:09.127183+00,1000000,t,55,Brasil
dfa434e3-c1fb-4c77-ad93-cfefa0ab9ec5,362f3549-fe28-429b-a787-ec37f3984402,d2114f02-2204-4299-bc01-366ac3d25b3f,Sporting Boa Vista,🦅,0,0,0,0,0,0,0,50,2026-04-30 23:00:09.127183+00,1000000,t,55,Brasil
dcdf124b-5f4b-4cc7-91d6-eeb50ccc1e71,362f3549-fe28-429b-a787-ec37f3984402,a9af1274-16d9-4784-9a06-73d521e88657,Racing Alto da Serra,🐺,0,0,0,0,0,0,0,50,2026-04-30 23:00:09.127183+00,1000000,t,57,Brasil
a23180e0-705c-4b6f-acff-0f3109d5f9b5,362f3549-fe28-429b-a787-ec37f3984402,a9cbe941-68fd-4815-826c-00eb42c6c432,Olimpia Morro Alto,🦁,0,0,0,0,0,0,0,50,2026-04-30 23:00:09.127183+00,1000000,t,55,Brasil
d5b03078-ad9a-4c58-99df-fdc608512551,362f3549-fe28-429b-a787-ec37f3984402,b0b9240b-f938-4edc-9140-4fdbc77fb336,Estrela Ponta Grossa,🐂,0,0,0,0,0,0,0,50,2026-04-30 23:00:09.127183+00,1000000,t,48,Brasil
81d4c460-2cd2-4479-adb8-dcb73bf44392,d7354467-e94c-497a-9b32-1667a876a81e,c0820d1c-12b4-4984-bb03-ec162a78f9f7,Sporting Nova Esperança,⚽,0,0,0,0,0,0,0,50,2026-04-30 23:00:10.005151+00,1000000,t,47,Brasil
395f8fbf-f182-4359-b094-d7629853f5df,d7354467-e94c-497a-9b32-1667a876a81e,d9332a18-16d4-4201-b73e-a9065046e103,Racing Sol Nascente,🏟️,0,0,0,0,0,0,0,50,2026-04-30 23:00:10.005151+00,1000000,t,52,Brasil
263dd96f-420e-4c3f-9af2-d89baf93f959,d7354467-e94c-497a-9b32-1667a876a81e,3785eb9d-9e03-4ac7-8d39-e5c714a54979,Olimpia Vila Rica,🦅,0,0,0,0,0,0,0,50,2026-04-30 23:00:10.005151+00,1000000,t,57,Brasil
76e85221-944c-4d9c-85ec-564282ad94aa,d7354467-e94c-497a-9b32-1667a876a81e,a4f28746-c77c-4af1-a704-c0941739d9ca,Estrela Monte Azul,🐺,0,0,0,0,0,0,0,50,2026-04-30 23:00:10.005151+00,1000000,t,51,Brasil
bf6eccf4-0807-46ae-a279-e2963b38c9d9,d7354467-e94c-497a-9b32-1667a876a81e,3fc7e94e-0768-448e-bada-36500d7e8176,FC Rio Claro,🦁,0,0,0,0,0,0,0,50,2026-04-30 23:00:10.005151+00,1000000,t,48,Brasil
ea821c04-feb8-46d3-90f6-223b6ed0ad32,d7354467-e94c-497a-9b32-1667a876a81e,7b31e3ff-9d9b-4870-8ba4-89df53c728a8,SC Campo Grande,🐂,0,0,0,0,0,0,0,50,2026-04-30 23:00:10.005151+00,1000000,t,48,Brasil
1c762c97-6e18-4a77-9bfc-c6910619142f,d7354467-e94c-497a-9b32-1667a876a81e,8fef01f9-6c06-4288-a227-093c916ffae7,AC Serra Alta,🔴,0,0,0,0,0,0,0,50,2026-04-30 23:00:10.005151+00,1000000,t,56,Brasil
8a812139-877a-4f0f-975e-726367a5d75f,d7354467-e94c-497a-9b32-1667a876a81e,ddf12f88-2948-4e1e-b9fd-50838c520c69,EC Vale Verde,🔵,0,0,0,0,0,0,0,50,2026-04-30 23:00:10.005151+00,1000000,t,45,Brasil
b89c3f3d-aadf-437f-87a7-86c412e8b45f,d7354467-e94c-497a-9b32-1667a876a81e,6a9c5d95-1fe5-4277-bf8f-d430f58a487c,Clube Pedra Branca,🟢,0,0,0,0,0,0,0,50,2026-04-30 23:00:10.005151+00,1000000,t,60,Brasil
7c69cec9-d35f-4b08-a512-a4c48851f3cd,d7354467-e94c-497a-9b32-1667a876a81e,e6945f19-a197-4fb6-a796-8ef6f51a7475,Atlético Lagoa Santa,🟡,0,0,0,0,0,0,0,50,2026-04-30 23:00:10.005151+00,1000000,t,49,Brasil
a79ba868-e8b0-4086-a6b7-c107f840b433,d7354467-e94c-497a-9b32-1667a876a81e,165b3703-69ae-4e02-85c0-9a278ea43b60,Esporte Porto Alegre,⚫,0,0,0,0,0,0,0,50,2026-04-30 23:00:10.005151+00,1000000,t,51,Brasil
27f9e547-504d-48d0-b98e-3f66ab6d7cbf,d7354467-e94c-497a-9b32-1667a876a81e,40c6a459-b47e-4a0b-a774-16c73e02708a,Sport Bela Vista,⚪,0,0,0,0,0,0,0,50,2026-04-30 23:00:10.005151+00,1000000,t,57,Brasil
4745e422-8974-4ad4-9e30-b1a9724e34b9,d7354467-e94c-497a-9b32-1667a876a81e,2f46577c-41dd-47bb-a207-ea3ce60d786a,União Cruz Alta,🟣,0,0,0,0,0,0,0,50,2026-04-30 23:00:10.005151+00,1000000,t,56,Brasil
cdef1642-e0f5-4f5c-8463-a1c4eaff46dd,d7354467-e94c-497a-9b32-1667a876a81e,5587f34c-4466-41ec-8969-c963789805a1,Real Santo Amaro,🟠,0,0,0,0,0,0,0,50,2026-04-30 23:00:10.005151+00,1000000,t,59,Brasil
4fa0014d-58de-49de-b020-e57416c8c62a,d7354467-e94c-497a-9b32-1667a876a81e,6021dd14-7507-4fbf-9f00-6fff1c6b94eb,Inter Jardim,⚽,0,0,0,0,0,0,0,50,2026-04-30 23:00:10.005151+00,1000000,t,49,Brasil
5f3db40b-08a3-4464-9d9a-4e923a3f6dd0,d7354467-e94c-497a-9b32-1667a876a81e,2f932af4-ab45-4f33-886d-9a6b3c77acd2,Nacional São Miguel,🏟️,0,0,0,0,0,0,0,50,2026-04-30 23:00:10.005151+00,1000000,t,59,Brasil
b31b44ee-4f41-4afe-8224-c31be46041a0,d7354467-e94c-497a-9b32-1667a876a81e,b9b4f04a-a635-448c-9006-e06318d49b5e,Sporting Boa Vista,🦅,0,0,0,0,0,0,0,50,2026-04-30 23:00:10.005151+00,1000000,t,60,Brasil
c4dd30f3-a644-4ee9-9531-657c1b9e6d5e,d7354467-e94c-497a-9b32-1667a876a81e,0ff4accc-2c95-446d-a57c-37c11a44e8d2,Racing Alto da Serra,🐺,0,0,0,0,0,0,0,50,2026-04-30 23:00:10.005151+00,1000000,t,52,Brasil
b5da9e6f-e9e8-44cc-bb6f-a3f2ec583e2a,d7354467-e94c-497a-9b32-1667a876a81e,2b8b52d6-2e5a-46eb-8e10-f01c6a8e7003,Olimpia Morro Alto,🦁,0,0,0,0,0,0,0,50,2026-04-30 23:00:10.005151+00,1000000,t,48,Brasil
be65b3f4-c116-4de2-aeb3-7d9ddbbe7721,d7354467-e94c-497a-9b32-1667a876a81e,4b435355-67cd-4514-8a1c-c028df97079a,Estrela Ponta Grossa,🐂,0,0,0,0,0,0,0,50,2026-04-30 23:00:10.005151+00,1000000,t,54,Brasil
61439c11-cd1f-4a72-9e72-0262024d65a0,a9c6cdda-055e-48c2-b428-0c0809b3eac2,cde05e14-b0ea-43a1-a492-7b4f87d3a709,Clube Nova Esperança,⚽,0,0,0,0,0,0,0,50,2026-04-30 23:00:11.228315+00,1000000,t,71,Brasil
ced42594-f6a3-480e-b210-8bdd9c9c5188,a9c6cdda-055e-48c2-b428-0c0809b3eac2,6b6ff4e5-eb93-40ca-9097-03247ddb8ed2,Atlético Sol Nascente,🏟️,0,0,0,0,0,0,0,50,2026-04-30 23:00:11.228315+00,1000000,t,68,Brasil
ad5a1236-77f0-40f1-8846-0ff855e20c69,a9c6cdda-055e-48c2-b428-0c0809b3eac2,a2be96f1-8775-44cc-a05f-e85ff12fccbc,Esporte Vila Rica,🦅,0,0,0,0,0,0,0,50,2026-04-30 23:00:11.228315+00,1000000,t,78,Brasil
ee427f56-d7b4-4585-979d-e759dde96b72,a9c6cdda-055e-48c2-b428-0c0809b3eac2,89b30796-0d4c-4677-8dc3-b4ba8affd7dc,Sport Monte Azul,🐺,0,0,0,0,0,0,0,50,2026-04-30 23:00:11.228315+00,1000000,t,66,Brasil
3f7c1888-8a7a-4b06-921f-89c47d521e70,a9c6cdda-055e-48c2-b428-0c0809b3eac2,c59e32a9-45ba-4f7d-bedc-93259f562c4a,União Rio Claro,🦁,0,0,0,0,0,0,0,50,2026-04-30 23:00:11.228315+00,1000000,t,68,Brasil
f8b44b73-4d93-42ee-aa16-7fd53a88ee1f,a9c6cdda-055e-48c2-b428-0c0809b3eac2,18ca8341-3261-497b-a8f7-5664da6cac9c,Real Campo Grande,🐂,0,0,0,0,0,0,0,50,2026-04-30 23:00:11.228315+00,1000000,t,78,Brasil
7f8d1139-8e51-475e-89d6-df3fa7362454,a9c6cdda-055e-48c2-b428-0c0809b3eac2,39fac7c8-a958-4fb0-9a1b-073f4273fabc,Inter Serra Alta,🔴,0,0,0,0,0,0,0,50,2026-04-30 23:00:11.228315+00,1000000,t,66,Brasil
a1c311c9-98d0-47bb-9094-549132820dd1,a9c6cdda-055e-48c2-b428-0c0809b3eac2,10bf9382-a41f-4fd3-af96-e579219aa581,Nacional Vale Verde,🔵,0,0,0,0,0,0,0,50,2026-04-30 23:00:11.228315+00,1000000,t,71,Brasil
62621358-ecea-4b1c-9021-4fb7122b960b,a9c6cdda-055e-48c2-b428-0c0809b3eac2,304232a6-fc34-457b-a5f3-1988c08bf6a0,Sporting Pedra Branca,🟢,0,0,0,0,0,0,0,50,2026-04-30 23:00:11.228315+00,1000000,t,77,Brasil
b87ea650-7a3d-4fd5-85a1-db5cd9132533,a9c6cdda-055e-48c2-b428-0c0809b3eac2,c84cd004-9a80-4f2d-8063-988d57d1bda1,Racing Lagoa Santa,🟡,0,0,0,0,0,0,0,50,2026-04-30 23:00:11.228315+00,1000000,t,73,Brasil
5f2db4f9-7aef-4124-ad55-926fcef4728b,a9c6cdda-055e-48c2-b428-0c0809b3eac2,9e20f302-9040-4bb4-9873-06e94f93febc,Olimpia Porto Alegre,⚫,0,0,0,0,0,0,0,50,2026-04-30 23:00:11.228315+00,1000000,t,71,Brasil
2e1a970c-4bb8-4caf-a4d0-3ea1903b5418,76b1cac6-bb0f-436a-920b-2090a76c86c3,f65be2c1-6019-409a-aad3-f4496b402740,FC Nova Esperança,⚽,0,0,0,0,0,0,0,50,2026-04-30 23:00:09.310114+00,1000000,t,89,Brasil
a27e4b41-6f93-4326-9eb1-42119c591c49,76b1cac6-bb0f-436a-920b-2090a76c86c3,3308cb70-0ef0-4efe-b5f5-12110d5f3afd,SC Sol Nascente,🏟️,0,0,0,0,0,0,0,50,2026-04-30 23:00:09.310114+00,1000000,t,80,Brasil
fbf5123b-2335-4c43-9dd8-eb4e3c76d4cc,76b1cac6-bb0f-436a-920b-2090a76c86c3,4b28ca77-b706-408d-a1ef-4940fb2deea0,AC Vila Rica,🦅,0,0,0,0,0,0,0,50,2026-04-30 23:00:09.310114+00,1000000,t,90,Brasil
51763d9c-cda4-4957-aafe-71a8075f3496,76b1cac6-bb0f-436a-920b-2090a76c86c3,3419a68b-2cf6-48d0-8913-339e119de6da,EC Monte Azul,🐺,0,0,0,0,0,0,0,50,2026-04-30 23:00:09.310114+00,1000000,t,76,Brasil
cf144f61-d4f1-4fbb-980a-48910d4aea17,76b1cac6-bb0f-436a-920b-2090a76c86c3,919a396e-5e8d-4b3d-a7df-88cad1c0a268,Clube Rio Claro,🦁,0,0,0,0,0,0,0,50,2026-04-30 23:00:09.310114+00,1000000,t,78,Brasil
d35e96a3-9f36-4191-96be-98d873efd203,76b1cac6-bb0f-436a-920b-2090a76c86c3,d57ff5e6-579c-4ea4-b4f5-04f359946f40,Atlético Campo Grande,🐂,0,0,0,0,0,0,0,50,2026-04-30 23:00:09.310114+00,1000000,t,82,Brasil
15cd8e4b-99eb-41ba-8977-702796581cbf,76b1cac6-bb0f-436a-920b-2090a76c86c3,e048c207-8feb-4eec-b097-46e45f81f244,Esporte Serra Alta,🔴,0,0,0,0,0,0,0,50,2026-04-30 23:00:09.310114+00,1000000,t,77,Brasil
f138929c-9313-40ad-b1f6-ca1db7291380,76b1cac6-bb0f-436a-920b-2090a76c86c3,ef46eafb-df05-4f2c-a072-4b2346d9b9dd,Sport Vale Verde,🔵,0,0,0,0,0,0,0,50,2026-04-30 23:00:09.310114+00,1000000,t,78,Brasil
a8211e8a-9a93-4549-a00d-1fa1de9c538b,76b1cac6-bb0f-436a-920b-2090a76c86c3,7782ef0a-99d9-47be-9743-23cf108ad0cd,União Pedra Branca,🟢,0,0,0,0,0,0,0,50,2026-04-30 23:00:09.310114+00,1000000,t,79,Brasil
ae3de605-3cdf-4f9e-8b57-f884d44ece99,76b1cac6-bb0f-436a-920b-2090a76c86c3,f1661b2b-cebf-4c78-95d1-2fbf783a5e13,Real Lagoa Santa,🟡,0,0,0,0,0,0,0,50,2026-04-30 23:00:09.310114+00,1000000,t,76,Brasil
b3e77e08-8f03-49db-a8cf-9c2129bea3e8,76b1cac6-bb0f-436a-920b-2090a76c86c3,7143de8c-eb4b-482e-abad-9212c84841d0,Inter Porto Alegre,⚫,0,0,0,0,0,0,0,50,2026-04-30 23:00:09.310114+00,1000000,t,80,Brasil
5513569c-0e50-4e95-804d-6ccb8a601aca,76b1cac6-bb0f-436a-920b-2090a76c86c3,ce3c9cc1-0f65-4e75-9900-ade9acfb966a,Nacional Bela Vista,⚪,0,0,0,0,0,0,0,50,2026-04-30 23:00:09.310114+00,1000000,t,88,Brasil
4899bb99-73df-433d-bb6f-473354adae36,76b1cac6-bb0f-436a-920b-2090a76c86c3,4aa168e8-2cbd-43fe-8d68-f151079c2861,Sporting Cruz Alta,🟣,0,0,0,0,0,0,0,50,2026-04-30 23:00:09.310114+00,1000000,t,83,Brasil
fb419cd3-fd14-47f9-a4a3-70ae72543f05,76b1cac6-bb0f-436a-920b-2090a76c86c3,389b89c3-1d75-4612-9c59-b0d74027e4d6,Racing Santo Amaro,🟠,0,0,0,0,0,0,0,50,2026-04-30 23:00:09.310114+00,1000000,t,83,Brasil
e062c516-404f-4128-9ffa-ca089565b1d0,76b1cac6-bb0f-436a-920b-2090a76c86c3,990c4220-fbc4-4cb6-8632-dd2b924102b4,Olimpia Jardim,⚽,0,0,0,0,0,0,0,50,2026-04-30 23:00:09.310114+00,1000000,t,83,Brasil
1bef48d2-810b-4828-aa26-055c29d3dd6a,76b1cac6-bb0f-436a-920b-2090a76c86c3,2972ec8e-05e5-477e-a2fa-838265a6a78f,Estrela São Miguel,🏟️,0,0,0,0,0,0,0,50,2026-04-30 23:00:09.310114+00,1000000,t,81,Brasil
5546733f-3a5e-4c3c-aaa1-fb5da0fa7de7,76b1cac6-bb0f-436a-920b-2090a76c86c3,fcf073b5-5d0b-4c33-96f7-e2bbdad34b20,FC Boa Vista,🦅,0,0,0,0,0,0,0,50,2026-04-30 23:00:09.310114+00,1000000,t,80,Brasil
68389b8b-a8e2-4333-8aaf-6c5a22fbc8f0,76b1cac6-bb0f-436a-920b-2090a76c86c3,c74eb4e6-f998-4024-bfe8-ebae3d32c59c,SC Alto da Serra,🐺,0,0,0,0,0,0,0,50,2026-04-30 23:00:09.310114+00,1000000,t,79,Brasil
f7fa72a4-3cec-448a-9017-961cdfd8046f,76b1cac6-bb0f-436a-920b-2090a76c86c3,196a508b-cc0d-4643-bb4f-d11b9e432df2,AC Morro Alto,🦁,0,0,0,0,0,0,0,50,2026-04-30 23:00:09.310114+00,1000000,t,85,Brasil
bb385e9e-9cc6-48b7-92ee-16b614c019c3,76b1cac6-bb0f-436a-920b-2090a76c86c3,10187c45-d10b-443f-91e3-471f99c3a5c2,EC Ponta Grossa,🐂,0,0,0,0,0,0,0,50,2026-04-30 23:00:09.310114+00,1000000,t,85,Brasil
87201a07-8eb8-4273-bc61-74eee744fd4c,0ed9145c-7bc0-4bd5-bfbd-f998b59c1fb1,dd7c1b03-e20c-4069-8027-097ab0c8e1e5,FC Nova Esperança,⚽,0,0,0,0,0,0,0,50,2026-04-30 23:00:09.727886+00,1000000,t,82,Brasil
ad4ed56b-0893-4f27-9550-a5936460003b,0ed9145c-7bc0-4bd5-bfbd-f998b59c1fb1,0ccc23a4-7021-4da1-9a8a-7edbff4c7db5,SC Sol Nascente,🏟️,0,0,0,0,0,0,0,50,2026-04-30 23:00:09.727886+00,1000000,t,88,Brasil
fca3fb20-0301-4584-9a28-bff2c46bb76e,0ed9145c-7bc0-4bd5-bfbd-f998b59c1fb1,a933a7e5-4eff-40e0-93e3-55dcf1912737,AC Vila Rica,🦅,0,0,0,0,0,0,0,50,2026-04-30 23:00:09.727886+00,1000000,t,77,Brasil
f4116721-ed29-4a72-a2a7-d32984d07a68,0ed9145c-7bc0-4bd5-bfbd-f998b59c1fb1,eeeff4eb-f848-4189-9f17-c8c250de1a9b,EC Monte Azul,🐺,0,0,0,0,0,0,0,50,2026-04-30 23:00:09.727886+00,1000000,t,76,Brasil
12d55471-a90c-4db8-a301-458eedd464fb,0ed9145c-7bc0-4bd5-bfbd-f998b59c1fb1,ec460f1f-df5f-42ec-a655-47a9470003a0,Clube Rio Claro,🦁,0,0,0,0,0,0,0,50,2026-04-30 23:00:09.727886+00,1000000,t,82,Brasil
a6f5dcee-1f92-4b92-9479-2cfae1451c33,0ed9145c-7bc0-4bd5-bfbd-f998b59c1fb1,d6adfcf4-7e70-47db-8c51-406947be36b9,Atlético Campo Grande,🐂,0,0,0,0,0,0,0,50,2026-04-30 23:00:09.727886+00,1000000,t,80,Brasil
34037c42-b2cc-469f-beeb-41b02e623f53,0ed9145c-7bc0-4bd5-bfbd-f998b59c1fb1,77b01611-c686-43db-871e-097122196b1c,Esporte Serra Alta,🔴,0,0,0,0,0,0,0,50,2026-04-30 23:00:09.727886+00,1000000,t,79,Brasil
0723e089-d550-4bf6-b4ef-b5e654efa22c,0ed9145c-7bc0-4bd5-bfbd-f998b59c1fb1,8b3354ac-33bc-424d-ae2e-224d6d3f5c51,Sport Vale Verde,🔵,0,0,0,0,0,0,0,50,2026-04-30 23:00:09.727886+00,1000000,t,90,Brasil
cfc019e8-9987-4248-862c-1c540c365983,0ed9145c-7bc0-4bd5-bfbd-f998b59c1fb1,ad906926-37f5-4199-9e60-12d6c78f60e7,União Pedra Branca,🟢,0,0,0,0,0,0,0,50,2026-04-30 23:00:09.727886+00,1000000,t,82,Brasil
ef8615bb-d7aa-4ff6-a4c4-93b589711263,0ed9145c-7bc0-4bd5-bfbd-f998b59c1fb1,7068603f-d27a-4609-9c55-0f4bb83b56db,Real Lagoa Santa,🟡,0,0,0,0,0,0,0,50,2026-04-30 23:00:09.727886+00,1000000,t,82,Brasil
800fe38f-40ea-40e9-8e52-80b0ff09773e,0ed9145c-7bc0-4bd5-bfbd-f998b59c1fb1,9f1561e4-3ed4-4330-8967-46c1ead5a8a0,Inter Porto Alegre,⚫,0,0,0,0,0,0,0,50,2026-04-30 23:00:09.727886+00,1000000,t,76,Brasil
34d6f606-3c9a-4756-b183-1f249cde298c,0ed9145c-7bc0-4bd5-bfbd-f998b59c1fb1,6d581111-0e41-4cc5-a3d1-83e8d7593b72,Nacional Bela Vista,⚪,0,0,0,0,0,0,0,50,2026-04-30 23:00:09.727886+00,1000000,t,79,Brasil
074c5df7-66ef-418f-aff8-357f1c26a8dc,0ed9145c-7bc0-4bd5-bfbd-f998b59c1fb1,d620d6a4-8b9b-43e2-aa41-096f983a7f7c,Sporting Cruz Alta,🟣,0,0,0,0,0,0,0,50,2026-04-30 23:00:09.727886+00,1000000,t,75,Brasil
761c53ff-6bdf-425e-a763-918f213b1c23,0ed9145c-7bc0-4bd5-bfbd-f998b59c1fb1,abba7003-1ba4-4d87-84e1-0c18da772483,Racing Santo Amaro,🟠,0,0,0,0,0,0,0,50,2026-04-30 23:00:09.727886+00,1000000,t,81,Brasil
798c3a1a-c54b-41e3-b585-a91e599fa407,0ed9145c-7bc0-4bd5-bfbd-f998b59c1fb1,80c1560b-4026-4cb4-b76a-baa49b5da2d7,Olimpia Jardim,⚽,0,0,0,0,0,0,0,50,2026-04-30 23:00:09.727886+00,1000000,t,79,Brasil
d09cc4b5-e2f5-4e4c-adda-7f67aecc616b,0ed9145c-7bc0-4bd5-bfbd-f998b59c1fb1,bc7b3c98-f252-4b44-aba9-8fdcf70952ba,Estrela São Miguel,🏟️,0,0,0,0,0,0,0,50,2026-04-30 23:00:09.727886+00,1000000,t,81,Brasil
628543be-2737-4cd8-862f-0b8bacde44ed,0ed9145c-7bc0-4bd5-bfbd-f998b59c1fb1,c44d1d04-d2cd-40ad-942f-873a47decbd3,FC Boa Vista,🦅,0,0,0,0,0,0,0,50,2026-04-30 23:00:09.727886+00,1000000,t,76,Brasil
42c42f15-e09b-4d92-9b9c-3917db6a8594,0ed9145c-7bc0-4bd5-bfbd-f998b59c1fb1,db4ba10b-214a-4e21-9919-74d2ac204626,SC Alto da Serra,🐺,0,0,0,0,0,0,0,50,2026-04-30 23:00:09.727886+00,1000000,t,90,Brasil
f724c51d-3882-4321-80d8-aad02c33eb11,0ed9145c-7bc0-4bd5-bfbd-f998b59c1fb1,c09ee7de-85f3-47f4-ba45-472d998c9b5a,AC Morro Alto,🦁,0,0,0,0,0,0,0,50,2026-04-30 23:00:09.727886+00,1000000,t,84,Brasil
52bf9610-4032-439e-afa5-4b39789b117d,0ed9145c-7bc0-4bd5-bfbd-f998b59c1fb1,9bb60560-faef-4021-a48a-0acd72e35eec,EC Ponta Grossa,🐂,0,0,0,0,0,0,0,50,2026-04-30 23:00:09.727886+00,1000000,t,81,Brasil
55ca76bd-a0dd-43ae-8970-33eff9a52d93,76c6c9c4-71be-4216-bc44-b48d9b97bb32,7fa98daf-78e8-4f69-8486-a7164d1f7f61,União Nova Esperança,⚽,0,0,0,0,0,0,0,50,2026-04-30 23:00:09.881864+00,1000000,t,63,Brasil
22595ad8-8acb-4d02-901a-ea1af2e674bd,76c6c9c4-71be-4216-bc44-b48d9b97bb32,45f59a8d-3b82-4832-af2b-4716b493a4b9,Real Sol Nascente,🏟️,0,0,0,0,0,0,0,50,2026-04-30 23:00:09.881864+00,1000000,t,60,Brasil
9d0a8ec0-85b9-4c34-b52d-269f13827829,76c6c9c4-71be-4216-bc44-b48d9b97bb32,63dcb81f-21e3-49b5-98a0-1e91ebe761d1,Inter Vila Rica,🦅,0,0,0,0,0,0,0,50,2026-04-30 23:00:09.881864+00,1000000,t,57,Brasil
6f5beff1-9fa6-4727-959c-eddba7d9a97d,76c6c9c4-71be-4216-bc44-b48d9b97bb32,75fc388e-3011-4ac4-9691-6418bd4d9e67,Nacional Monte Azul,🐺,0,0,0,0,0,0,0,50,2026-04-30 23:00:09.881864+00,1000000,t,57,Brasil
fa6148e9-5d59-4672-804a-a8d1e771cef2,76c6c9c4-71be-4216-bc44-b48d9b97bb32,b8e283e8-828e-4d6b-a393-b62be8a0a61d,Sporting Rio Claro,🦁,0,0,0,0,0,0,0,50,2026-04-30 23:00:09.881864+00,1000000,t,62,Brasil
8e6ac047-3a4d-4a70-bcd4-f61c3fa4201e,76c6c9c4-71be-4216-bc44-b48d9b97bb32,b27be6e7-9aae-4462-9953-96d247e9eac3,Racing Campo Grande,🐂,0,0,0,0,0,0,0,50,2026-04-30 23:00:09.881864+00,1000000,t,55,Brasil
93e49e1d-1587-4f68-b28d-e8bc35b70cde,76c6c9c4-71be-4216-bc44-b48d9b97bb32,1e4eb8c8-7244-4eef-bf2f-de3ad1a6c08b,Olimpia Serra Alta,🔴,0,0,0,0,0,0,0,50,2026-04-30 23:00:09.881864+00,1000000,t,67,Brasil
65f2bc53-4086-48be-b086-d01e4ce27a83,76c6c9c4-71be-4216-bc44-b48d9b97bb32,7e9ace2e-da1a-4167-a32e-f96363e0fe8b,Estrela Vale Verde,🔵,0,0,0,0,0,0,0,50,2026-04-30 23:00:09.881864+00,1000000,t,66,Brasil
f5b06658-fd31-40a4-bcd0-3bfdd7a2a49a,76c6c9c4-71be-4216-bc44-b48d9b97bb32,c090c4f2-22fe-4076-b6e7-08dd2ad449a3,FC Pedra Branca,🟢,0,0,0,0,0,0,0,50,2026-04-30 23:00:09.881864+00,1000000,t,55,Brasil
f4801432-5c3f-4c2d-97d5-81a078176ad3,76c6c9c4-71be-4216-bc44-b48d9b97bb32,3c9997d6-162e-4919-9f7f-12e907faeceb,SC Lagoa Santa,🟡,0,0,0,0,0,0,0,50,2026-04-30 23:00:09.881864+00,1000000,t,56,Brasil
7aa0211a-4190-4dcc-9012-a34b983105e4,76c6c9c4-71be-4216-bc44-b48d9b97bb32,ea0c3cdb-a7bd-4c8b-9736-e3b3c05c93c0,AC Porto Alegre,⚫,0,0,0,0,0,0,0,50,2026-04-30 23:00:09.881864+00,1000000,t,64,Brasil
0dacde04-e539-48f2-b58c-78ff68a4b63b,9a7839d4-ec0e-466e-8bf3-731e90d3fd8e,006963e1-da90-4b38-b2fa-f431b4b5535d,Clube Nova Esperança,⚽,0,0,0,0,0,0,0,50,2026-04-30 23:00:09.384606+00,1000000,t,71,Brasil
a0155ff2-68c1-4176-b304-487bee89e3ca,9a7839d4-ec0e-466e-8bf3-731e90d3fd8e,77398928-e657-42a0-bfaf-0abf948a7ed3,Atlético Sol Nascente,🏟️,0,0,0,0,0,0,0,50,2026-04-30 23:00:09.384606+00,1000000,t,72,Brasil
bd11b6f6-7856-45ba-857a-5fcfbf9f3a00,9a7839d4-ec0e-466e-8bf3-731e90d3fd8e,9bc7d409-2033-4c0c-8a45-f988795c6346,Esporte Vila Rica,🦅,0,0,0,0,0,0,0,50,2026-04-30 23:00:09.384606+00,1000000,t,79,Brasil
c6421398-2efd-4c9c-ac24-c3e2d7ce24fa,9a7839d4-ec0e-466e-8bf3-731e90d3fd8e,870a759d-fc2e-40b2-adaf-8adc436ceed3,Sport Monte Azul,🐺,0,0,0,0,0,0,0,50,2026-04-30 23:00:09.384606+00,1000000,t,70,Brasil
f9d5c386-0f4f-4c0e-a6a9-229c0c480c51,9a7839d4-ec0e-466e-8bf3-731e90d3fd8e,d1322352-4b06-49f5-beb0-5e6c7ab57944,União Rio Claro,🦁,0,0,0,0,0,0,0,50,2026-04-30 23:00:09.384606+00,1000000,t,66,Brasil
8c553cef-3312-4e94-ac4f-81218544a899,9a7839d4-ec0e-466e-8bf3-731e90d3fd8e,89eb0724-3e5e-4a6a-81fe-89805940961a,Real Campo Grande,🐂,0,0,0,0,0,0,0,50,2026-04-30 23:00:09.384606+00,1000000,t,66,Brasil
58a72620-413f-494f-ab81-5f8f358c1b8e,9a7839d4-ec0e-466e-8bf3-731e90d3fd8e,b51c720c-8768-4501-ab96-b4f98a169a6e,Inter Serra Alta,🔴,0,0,0,0,0,0,0,50,2026-04-30 23:00:09.384606+00,1000000,t,75,Brasil
538ef6f5-6fa3-44c4-9ea9-87b54157d817,9a7839d4-ec0e-466e-8bf3-731e90d3fd8e,98f26a94-0f0a-44d2-ad62-b787c1b1eea8,Nacional Vale Verde,🔵,0,0,0,0,0,0,0,50,2026-04-30 23:00:09.384606+00,1000000,t,71,Brasil
d2df68f5-88a5-45b6-8a59-c7637f4addb2,9a7839d4-ec0e-466e-8bf3-731e90d3fd8e,d3b03058-0a29-465c-84c4-fd9d971985e5,Sporting Pedra Branca,🟢,0,0,0,0,0,0,0,50,2026-04-30 23:00:09.384606+00,1000000,t,77,Brasil
a10909f7-c774-477e-abc7-563a2e90f63a,9a7839d4-ec0e-466e-8bf3-731e90d3fd8e,fb1def09-3555-4180-bc7a-78b053e897db,Racing Lagoa Santa,🟡,0,0,0,0,0,0,0,50,2026-04-30 23:00:09.384606+00,1000000,t,72,Brasil
79dfa018-04f6-407b-ad51-643d3e25342d,9a7839d4-ec0e-466e-8bf3-731e90d3fd8e,8c9defaa-6589-428b-b318-1843352a6f4b,Olimpia Porto Alegre,⚫,0,0,0,0,0,0,0,50,2026-04-30 23:00:09.384606+00,1000000,t,71,Brasil
a03e0219-d469-4bcc-aa9a-31ac24068671,9a7839d4-ec0e-466e-8bf3-731e90d3fd8e,c1b188d5-e39d-4e1e-b21d-1ead1f5b4b04,Estrela Bela Vista,⚪,0,0,0,0,0,0,0,50,2026-04-30 23:00:09.384606+00,1000000,t,77,Brasil
d068d13e-95a2-4813-8eab-af149926442e,9a7839d4-ec0e-466e-8bf3-731e90d3fd8e,c351c521-f95d-45fc-b904-dc4d01ecd87f,FC Cruz Alta,🟣,0,0,0,0,0,0,0,50,2026-04-30 23:00:09.384606+00,1000000,t,74,Brasil
5c480015-2489-4ac9-8630-bbb82c0bd6c6,9a7839d4-ec0e-466e-8bf3-731e90d3fd8e,644d1ea3-49c5-42f3-a87d-8cb2eda6be1d,SC Santo Amaro,🟠,0,0,0,0,0,0,0,50,2026-04-30 23:00:09.384606+00,1000000,t,71,Brasil
b7279216-be0c-4248-af09-4cd5408d11ad,9a7839d4-ec0e-466e-8bf3-731e90d3fd8e,fbb7d5ca-5681-46da-ad01-c498b1b38ddd,AC Jardim,⚽,0,0,0,0,0,0,0,50,2026-04-30 23:00:09.384606+00,1000000,t,74,Brasil
60d447bf-8adb-4ff8-992f-bd00ed3f8ec0,9a7839d4-ec0e-466e-8bf3-731e90d3fd8e,e0173de0-3050-411c-9932-b7f729eeb6bd,EC São Miguel,🏟️,0,0,0,0,0,0,0,50,2026-04-30 23:00:09.384606+00,1000000,t,76,Brasil
04faadc6-2fa2-4ee5-bd2d-6ff35190034e,9a7839d4-ec0e-466e-8bf3-731e90d3fd8e,23b9739c-509b-4103-9ec4-3b7ea008c8d9,Clube Boa Vista,🦅,0,0,0,0,0,0,0,50,2026-04-30 23:00:09.384606+00,1000000,t,78,Brasil
1b96d30f-ee81-4b5c-a329-040ed7e413bc,9a7839d4-ec0e-466e-8bf3-731e90d3fd8e,5bdac82e-b0db-4895-9e16-27d6b437b2b5,Atlético Alto da Serra,🐺,0,0,0,0,0,0,0,50,2026-04-30 23:00:09.384606+00,1000000,t,65,Brasil
e000e9fe-35f2-4515-a5d2-526df88706d8,9a7839d4-ec0e-466e-8bf3-731e90d3fd8e,9e1b1c4f-9a19-478e-a737-44c42b5f65dc,Esporte Morro Alto,🦁,0,0,0,0,0,0,0,50,2026-04-30 23:00:09.384606+00,1000000,t,80,Brasil
3d8cc6eb-3b33-445b-bef6-0d1bdca70607,9a7839d4-ec0e-466e-8bf3-731e90d3fd8e,57291c54-7b27-4fac-97ec-595b6150f320,Sport Ponta Grossa,🐂,0,0,0,0,0,0,0,50,2026-04-30 23:00:09.384606+00,1000000,t,79,Brasil
faa65d7c-4a2f-4c45-988e-7e02ec307f02,00ad0951-8294-4c58-8e23-708a7813c95c,13b8eaef-a5fe-4367-ac38-d8205832a245,Sporting Nova Esperança,⚽,0,0,0,0,0,0,0,50,2026-04-30 23:00:09.53596+00,1000000,t,56,Brasil
e987780f-7578-4f79-b625-88bb5dbc697a,00ad0951-8294-4c58-8e23-708a7813c95c,5d552b9e-f2f6-4f0d-95ea-764a41be6744,Racing Sol Nascente,🏟️,0,0,0,0,0,0,0,50,2026-04-30 23:00:09.53596+00,1000000,t,50,Brasil
b4581e50-579c-4599-8df1-7bf16d29e448,00ad0951-8294-4c58-8e23-708a7813c95c,bba50ab5-17ca-48e1-9394-7b2be275d754,Olimpia Vila Rica,🦅,0,0,0,0,0,0,0,50,2026-04-30 23:00:09.53596+00,1000000,t,52,Brasil
238458e1-6a12-42b0-aea2-9f19cf11063b,00ad0951-8294-4c58-8e23-708a7813c95c,bbc15501-216c-4e8b-b253-7df00cd339c6,Estrela Monte Azul,🐺,0,0,0,0,0,0,0,50,2026-04-30 23:00:09.53596+00,1000000,t,56,Brasil
f61dadbb-0a70-46b9-8c2c-24462f2cd458,00ad0951-8294-4c58-8e23-708a7813c95c,3d12a0a0-2d1d-4876-b23c-abbf0df6c9e7,FC Rio Claro,🦁,0,0,0,0,0,0,0,50,2026-04-30 23:00:09.53596+00,1000000,t,60,Brasil
82c47a96-37f0-42ce-92fe-57fab3752d89,00ad0951-8294-4c58-8e23-708a7813c95c,ddb1996c-3767-48fe-9fdd-e4229c76b0a2,SC Campo Grande,🐂,0,0,0,0,0,0,0,50,2026-04-30 23:00:09.53596+00,1000000,t,46,Brasil
19de4560-6c68-43aa-bd1a-d4e1c6836f78,00ad0951-8294-4c58-8e23-708a7813c95c,68083736-06f3-4d76-a341-3358922b1433,AC Serra Alta,🔴,0,0,0,0,0,0,0,50,2026-04-30 23:00:09.53596+00,1000000,t,53,Brasil
d757da9e-8b40-43f4-857f-291d1904b56c,00ad0951-8294-4c58-8e23-708a7813c95c,00786ee3-9ce6-454e-b629-ba52ac9b3680,EC Vale Verde,🔵,0,0,0,0,0,0,0,50,2026-04-30 23:00:09.53596+00,1000000,t,47,Brasil
2052b8d7-f018-4a5d-aa9c-84b57ed204ba,00ad0951-8294-4c58-8e23-708a7813c95c,66e6f8ad-d7c6-4730-97e1-7b0b50513fca,Clube Pedra Branca,🟢,0,0,0,0,0,0,0,50,2026-04-30 23:00:09.53596+00,1000000,t,54,Brasil
55b93eec-7e72-4528-909a-3d1ee2142e24,00ad0951-8294-4c58-8e23-708a7813c95c,40ef070c-98cb-437f-8bc7-fe47ba4ec3d7,Atlético Lagoa Santa,🟡,0,0,0,0,0,0,0,50,2026-04-30 23:00:09.53596+00,1000000,t,60,Brasil
da629e01-dd20-4e57-b277-d44f7227298d,00ad0951-8294-4c58-8e23-708a7813c95c,1ac61c2e-37f5-47ec-b4fa-0c1047372f66,Esporte Porto Alegre,⚫,0,0,0,0,0,0,0,50,2026-04-30 23:00:09.53596+00,1000000,t,58,Brasil
40470cc8-f47c-45e1-8440-c637b9154707,00ad0951-8294-4c58-8e23-708a7813c95c,f63949dd-93b1-45dc-a247-1e7180376a00,Sport Bela Vista,⚪,0,0,0,0,0,0,0,50,2026-04-30 23:00:09.53596+00,1000000,t,56,Brasil
d53c0779-937b-465e-b0f3-6fe1cb07158c,00ad0951-8294-4c58-8e23-708a7813c95c,16bd3c5f-7664-418c-80e3-a79cb277cfab,União Cruz Alta,🟣,0,0,0,0,0,0,0,50,2026-04-30 23:00:09.53596+00,1000000,t,57,Brasil
08347bf4-4116-402c-8681-b7f6c9359124,00ad0951-8294-4c58-8e23-708a7813c95c,519bd4bf-7ad0-45e2-89ea-181789d5c522,Real Santo Amaro,🟠,0,0,0,0,0,0,0,50,2026-04-30 23:00:09.53596+00,1000000,t,58,Brasil
9414179f-b727-4ec4-9c10-36ba654efcc5,00ad0951-8294-4c58-8e23-708a7813c95c,f472abaf-8bca-493a-9cb1-3c9885a83915,Inter Jardim,⚽,0,0,0,0,0,0,0,50,2026-04-30 23:00:09.53596+00,1000000,t,50,Brasil
105d04b2-8035-40e0-9f21-e29a186f823f,00ad0951-8294-4c58-8e23-708a7813c95c,b22b7d88-76d8-4caa-a094-8ab915659099,Nacional São Miguel,🏟️,0,0,0,0,0,0,0,50,2026-04-30 23:00:09.53596+00,1000000,t,55,Brasil
69e9a5f5-2534-414e-aa3a-be072bb43e0f,00ad0951-8294-4c58-8e23-708a7813c95c,57afe14d-d8e4-434e-8401-653e750b88d5,Sporting Boa Vista,🦅,0,0,0,0,0,0,0,50,2026-04-30 23:00:09.53596+00,1000000,t,52,Brasil
3a721431-5ea8-4cb7-a529-2dc27dbab513,00ad0951-8294-4c58-8e23-708a7813c95c,3df5e209-6cf4-4a4b-9b0f-09e02b307fd9,Racing Alto da Serra,🐺,0,0,0,0,0,0,0,50,2026-04-30 23:00:09.53596+00,1000000,t,50,Brasil
094fe3e0-95c3-4a33-9766-628821dcc9a3,00ad0951-8294-4c58-8e23-708a7813c95c,74f7a508-c9fd-4cac-8c6e-c6373a7ca172,Olimpia Morro Alto,🦁,0,0,0,0,0,0,0,50,2026-04-30 23:00:09.53596+00,1000000,t,51,Brasil
34da8720-504c-47b2-a420-03fd66856bee,00ad0951-8294-4c58-8e23-708a7813c95c,ca99fba9-f92f-4030-a505-fd522415778d,Estrela Ponta Grossa,🐂,0,0,0,0,0,0,0,50,2026-04-30 23:00:09.53596+00,1000000,t,60,Brasil
b7cd3bef-635b-4a2f-8e52-697504a22dbd,7f4a4e21-20d8-4f8b-9692-d1abfd3b77e1,f0f4c72c-abff-49e9-a471-4de71a502511,Sporting Nova Esperança,⚽,0,0,0,0,0,0,0,50,2026-04-30 23:00:10.859295+00,1000000,t,53,Brasil
d1bee43e-dbaa-444f-b29a-9899466f3786,7f4a4e21-20d8-4f8b-9692-d1abfd3b77e1,955f9cbe-62ba-4adb-8827-5d4178a3f277,Racing Sol Nascente,🏟️,0,0,0,0,0,0,0,50,2026-04-30 23:00:10.859295+00,1000000,t,60,Brasil
9f72245e-969a-4661-bbd1-299d5b19d78f,7f4a4e21-20d8-4f8b-9692-d1abfd3b77e1,b09262c2-6e8e-4020-a086-2da935eaa2d4,Olimpia Vila Rica,🦅,0,0,0,0,0,0,0,50,2026-04-30 23:00:10.859295+00,1000000,t,51,Brasil
f3a9b35c-f277-4995-9efa-45e2f8637b12,7f4a4e21-20d8-4f8b-9692-d1abfd3b77e1,40765c1e-6b64-4aea-88b2-ec8d420bccc0,Estrela Monte Azul,🐺,0,0,0,0,0,0,0,50,2026-04-30 23:00:10.859295+00,1000000,t,54,Brasil
a9fabf83-9644-41b6-a627-5044c16a658f,7f4a4e21-20d8-4f8b-9692-d1abfd3b77e1,71d3c16c-313c-4ff0-928b-cfaff9b44755,FC Rio Claro,🦁,0,0,0,0,0,0,0,50,2026-04-30 23:00:10.859295+00,1000000,t,45,Brasil
a1189241-0c77-4e57-9575-93efeb5af406,7f4a4e21-20d8-4f8b-9692-d1abfd3b77e1,355b9609-09d6-4710-9270-0e81958d5338,SC Campo Grande,🐂,0,0,0,0,0,0,0,50,2026-04-30 23:00:10.859295+00,1000000,t,59,Brasil
1cdea7b8-c911-4b4e-abe0-dc7907480e91,7f4a4e21-20d8-4f8b-9692-d1abfd3b77e1,f4c4d1eb-dedd-4442-bf4f-d3a097fd6e15,AC Serra Alta,🔴,0,0,0,0,0,0,0,50,2026-04-30 23:00:10.859295+00,1000000,t,53,Brasil
5a8fa88a-aac8-4e95-a5fb-4f0ddcd2855f,7f4a4e21-20d8-4f8b-9692-d1abfd3b77e1,e6709027-10ae-4708-a577-99484e5e9036,EC Vale Verde,🔵,0,0,0,0,0,0,0,50,2026-04-30 23:00:10.859295+00,1000000,t,48,Brasil
fc5c9bfe-2ac7-4513-a62a-18ef3f033c95,7f4a4e21-20d8-4f8b-9692-d1abfd3b77e1,5f7ae690-dfeb-40d5-a74c-580f6f028bc9,Clube Pedra Branca,🟢,0,0,0,0,0,0,0,50,2026-04-30 23:00:10.859295+00,1000000,t,56,Brasil
a8920dca-fae3-4262-9936-10f604fda931,7f4a4e21-20d8-4f8b-9692-d1abfd3b77e1,8d067a14-96c6-46d1-aded-68cacf4986b2,Atlético Lagoa Santa,🟡,0,0,0,0,0,0,0,50,2026-04-30 23:00:10.859295+00,1000000,t,55,Brasil
37613dc8-18a9-4c16-bf08-be9ca59a41d7,7f4a4e21-20d8-4f8b-9692-d1abfd3b77e1,137cb09c-2d25-4898-8104-aacaa0f15bb1,Esporte Porto Alegre,⚫,0,0,0,0,0,0,0,50,2026-04-30 23:00:10.859295+00,1000000,t,50,Brasil
4112bfe7-a150-4f10-91c2-3dccdc8c50cc,d7ab13d6-d642-4869-bd31-b1e04e99a8f2,9b0c0d03-06e6-4cab-80f2-72a3b5d8ea72,União Nova Esperança,⚽,0,0,0,0,0,0,0,50,2026-04-30 23:00:09.459099+00,1000000,t,67,Brasil
2a92ac1d-875b-4826-b29c-f2e4cdacf449,d7ab13d6-d642-4869-bd31-b1e04e99a8f2,b6a5f78d-7a03-4a3e-a3fe-51b530e4ca9e,Real Sol Nascente,🏟️,0,0,0,0,0,0,0,50,2026-04-30 23:00:09.459099+00,1000000,t,56,Brasil
3e050e35-7467-4c2f-894e-6d7cef0a3772,d7ab13d6-d642-4869-bd31-b1e04e99a8f2,f988765b-bcc6-41f3-8988-262cb1567747,Inter Vila Rica,🦅,0,0,0,0,0,0,0,50,2026-04-30 23:00:09.459099+00,1000000,t,58,Brasil
d6b0a665-012a-43c2-a0ec-830514798707,d7ab13d6-d642-4869-bd31-b1e04e99a8f2,0a2ce9ee-c11a-460a-a4c5-2a006b957e50,Nacional Monte Azul,🐺,0,0,0,0,0,0,0,50,2026-04-30 23:00:09.459099+00,1000000,t,59,Brasil
c537b5fe-cb74-45de-8c30-bced5e3a8c1d,d7ab13d6-d642-4869-bd31-b1e04e99a8f2,2ad1243d-993c-45d9-8167-737b322c022e,Sporting Rio Claro,🦁,0,0,0,0,0,0,0,50,2026-04-30 23:00:09.459099+00,1000000,t,67,Brasil
97de26c1-3cc1-49cd-9c88-57441539f794,d7ab13d6-d642-4869-bd31-b1e04e99a8f2,e379829f-9f20-440b-9e74-7cb59a4a96e8,Racing Campo Grande,🐂,0,0,0,0,0,0,0,50,2026-04-30 23:00:09.459099+00,1000000,t,62,Brasil
3d353f57-14ba-419f-8af2-0002bdf1d714,d7ab13d6-d642-4869-bd31-b1e04e99a8f2,e1a9b916-99ab-4052-931d-85c8b3971391,Olimpia Serra Alta,🔴,0,0,0,0,0,0,0,50,2026-04-30 23:00:09.459099+00,1000000,t,60,Brasil
084cd3cf-eb79-4b19-84a3-e3b27ee4b1a7,d7ab13d6-d642-4869-bd31-b1e04e99a8f2,7f40ff12-0a7a-4426-8a62-dca1e89006f0,Estrela Vale Verde,🔵,0,0,0,0,0,0,0,50,2026-04-30 23:00:09.459099+00,1000000,t,65,Brasil
832df8e1-21c6-4a26-a1e8-24dbd24ba99d,d7ab13d6-d642-4869-bd31-b1e04e99a8f2,de4fcb17-9619-422a-95db-d12f5ea32c29,FC Pedra Branca,🟢,0,0,0,0,0,0,0,50,2026-04-30 23:00:09.459099+00,1000000,t,64,Brasil
f1191bb0-5ec8-48cb-9123-6c124aa23c8f,d7ab13d6-d642-4869-bd31-b1e04e99a8f2,aa63431c-da20-4722-b3d4-90b63f9111e2,SC Lagoa Santa,🟡,0,0,0,0,0,0,0,50,2026-04-30 23:00:09.459099+00,1000000,t,64,Brasil
7db50464-be0d-4aa1-9121-7ab93fc6897e,d7ab13d6-d642-4869-bd31-b1e04e99a8f2,553f0640-00e4-4d0f-9fe9-c14dcfaeccc9,AC Porto Alegre,⚫,0,0,0,0,0,0,0,50,2026-04-30 23:00:09.459099+00,1000000,t,62,Brasil
8c3ea0f0-d6d7-42af-911b-c38c89376054,d7ab13d6-d642-4869-bd31-b1e04e99a8f2,412875fb-8453-41e1-9785-43e1c609f5ee,EC Bela Vista,⚪,0,0,0,0,0,0,0,50,2026-04-30 23:00:09.459099+00,1000000,t,65,Brasil
466379df-380a-44b4-a0b1-c906cae9f55e,d7ab13d6-d642-4869-bd31-b1e04e99a8f2,a958a8e4-7d25-41a3-ae3d-7c8919040411,Clube Cruz Alta,🟣,0,0,0,0,0,0,0,50,2026-04-30 23:00:09.459099+00,1000000,t,67,Brasil
5eb56db7-a209-4e26-a27a-38e801c7d654,d7ab13d6-d642-4869-bd31-b1e04e99a8f2,b3706111-ca53-4c3e-af64-d1bb1db0fd5a,Atlético Santo Amaro,🟠,0,0,0,0,0,0,0,50,2026-04-30 23:00:09.459099+00,1000000,t,67,Brasil
1710fa33-1e28-45ab-b513-6f49bb83e45b,d7ab13d6-d642-4869-bd31-b1e04e99a8f2,768fd630-62e8-4f28-8a78-4f36e127d68a,Esporte Jardim,⚽,0,0,0,0,0,0,0,50,2026-04-30 23:00:09.459099+00,1000000,t,70,Brasil
c51b1b36-a8ff-42d7-8bfb-9dbc144ef502,d7ab13d6-d642-4869-bd31-b1e04e99a8f2,1bf6735b-5d03-4c68-84de-0e64ea4621b6,Sport São Miguel,🏟️,0,0,0,0,0,0,0,50,2026-04-30 23:00:09.459099+00,1000000,t,59,Brasil
37d0d624-2b01-460e-b748-2c7e3095830d,d7ab13d6-d642-4869-bd31-b1e04e99a8f2,985bf4b3-04d4-4bfb-9169-03c29c5f6f6a,União Boa Vista,🦅,0,0,0,0,0,0,0,50,2026-04-30 23:00:09.459099+00,1000000,t,70,Brasil
dbb54bf8-1fbe-4c6b-87a6-8bdbb74890b5,d7ab13d6-d642-4869-bd31-b1e04e99a8f2,276c4902-8af2-4d67-b51b-ac2134c809eb,Real Alto da Serra,🐺,0,0,0,0,0,0,0,50,2026-04-30 23:00:09.459099+00,1000000,t,66,Brasil
91f4eb77-d2e8-45fe-811b-ae8ab2fbf69c,d7ab13d6-d642-4869-bd31-b1e04e99a8f2,ca4fa748-210e-48d5-b82d-5cd3d602d1e9,Inter Morro Alto,🦁,0,0,0,0,0,0,0,50,2026-04-30 23:00:09.459099+00,1000000,t,58,Brasil
5e871eef-8db9-4e28-a237-c7b4da6c6082,d7ab13d6-d642-4869-bd31-b1e04e99a8f2,aa3d52bf-5eaf-4460-9d12-8fa08e914157,Nacional Ponta Grossa,🐂,0,0,0,0,0,0,0,50,2026-04-30 23:00:09.459099+00,1000000,t,65,Brasil
787f5197-1b3c-417c-b9fc-ce2e40853abe,64a2f98a-300d-44ff-91b8-4d80ab6e9054,2124bb25-4a60-4bd6-8cf8-78ef7459714c,FC Nova Esperança,⚽,0,0,0,0,0,0,0,50,2026-04-30 23:00:11.103948+00,1000000,t,76,Brasil
dcc5cf14-03ca-43b4-81a8-f448a663198c,64a2f98a-300d-44ff-91b8-4d80ab6e9054,115c90e0-52f5-4d71-bf0a-1a7d5339370a,SC Sol Nascente,🏟️,0,0,0,0,0,0,0,50,2026-04-30 23:00:11.103948+00,1000000,t,83,Brasil
78068fc4-183d-4c4b-91bd-75319bd71264,64a2f98a-300d-44ff-91b8-4d80ab6e9054,3a568c2f-bb12-4bec-8374-3aee558738d1,AC Vila Rica,🦅,0,0,0,0,0,0,0,50,2026-04-30 23:00:11.103948+00,1000000,t,80,Brasil
a131edb7-7bb8-4d48-a325-b91d15ba8928,64a2f98a-300d-44ff-91b8-4d80ab6e9054,3282fae7-781f-4359-8919-49540ae74cef,EC Monte Azul,🐺,0,0,0,0,0,0,0,50,2026-04-30 23:00:11.103948+00,1000000,t,81,Brasil
3b1c0388-f2a5-4704-9d83-980f4c089a04,64a2f98a-300d-44ff-91b8-4d80ab6e9054,820476e0-3584-401a-9989-07d0a735f21a,Clube Rio Claro,🦁,0,0,0,0,0,0,0,50,2026-04-30 23:00:11.103948+00,1000000,t,81,Brasil
08aebe22-a46a-4355-915f-2de75209b50c,64a2f98a-300d-44ff-91b8-4d80ab6e9054,0402bf70-7fb5-4ba9-a1cb-1c4fc70ef206,Atlético Campo Grande,🐂,0,0,0,0,0,0,0,50,2026-04-30 23:00:11.103948+00,1000000,t,88,Brasil
8c396bcc-77d1-4a8d-b6b3-0e1e3d7aab37,64a2f98a-300d-44ff-91b8-4d80ab6e9054,f6930ebd-553e-4176-b3e8-351b095d9cb7,Esporte Serra Alta,🔴,0,0,0,0,0,0,0,50,2026-04-30 23:00:11.103948+00,1000000,t,88,Brasil
dbfbde49-c018-4115-9626-e8e236be874f,64a2f98a-300d-44ff-91b8-4d80ab6e9054,a4f429a8-683d-4aa1-ac87-b22bdc060835,Sport Vale Verde,🔵,0,0,0,0,0,0,0,50,2026-04-30 23:00:11.103948+00,1000000,t,80,Brasil
f5e808d1-0634-4c2d-852f-5a95efb0a108,64a2f98a-300d-44ff-91b8-4d80ab6e9054,bb1396e4-c828-476f-83c4-a3bb9e057fd7,União Pedra Branca,🟢,0,0,0,0,0,0,0,50,2026-04-30 23:00:11.103948+00,1000000,t,78,Brasil
865e718c-8b98-4475-bc51-3382d879ea7a,64a2f98a-300d-44ff-91b8-4d80ab6e9054,3e2d63db-963b-4b12-9c29-c9b46162b927,Real Lagoa Santa,🟡,0,0,0,0,0,0,0,50,2026-04-30 23:00:11.103948+00,1000000,t,75,Brasil
54a45262-9a27-4cf5-9a25-519f8f8907c8,64a2f98a-300d-44ff-91b8-4d80ab6e9054,b5d57483-f8aa-41d6-9ee1-3221c1739176,Inter Porto Alegre,⚫,0,0,0,0,0,0,0,50,2026-04-30 23:00:11.103948+00,1000000,t,86,Brasil
b2496ee9-78b8-44ce-8917-fc1d0fb84a2c,64a2f98a-300d-44ff-91b8-4d80ab6e9054,0c930958-7640-4c83-9fc3-942cd215f79c,Nacional Bela Vista,⚪,0,0,0,0,0,0,0,50,2026-04-30 23:00:11.103948+00,1000000,t,76,Brasil
e78c0981-335e-44a1-9904-4015ec775c8b,64a2f98a-300d-44ff-91b8-4d80ab6e9054,79f1d5aa-cdc4-4577-a49d-841a8c275957,Sporting Cruz Alta,🟣,0,0,0,0,0,0,0,50,2026-04-30 23:00:11.103948+00,1000000,t,76,Brasil
0c9bfbeb-11ab-4c03-9d2f-c4d0cb3cfac0,64a2f98a-300d-44ff-91b8-4d80ab6e9054,2fd3e3a7-ea7c-4dc0-9c59-9d855052fdbd,Racing Santo Amaro,🟠,0,0,0,0,0,0,0,50,2026-04-30 23:00:11.103948+00,1000000,t,80,Brasil
773004f0-5822-4f71-a103-70f8c0fcd2ea,64a2f98a-300d-44ff-91b8-4d80ab6e9054,b65bf0a0-0ab4-4870-a12d-3c96e35ebe34,Olimpia Jardim,⚽,0,0,0,0,0,0,0,50,2026-04-30 23:00:11.103948+00,1000000,t,89,Brasil
45be1c31-ed77-4044-9cda-be02af3d8d77,64a2f98a-300d-44ff-91b8-4d80ab6e9054,e3258610-6d39-4aac-b5a5-e6e751c2e6f0,Estrela São Miguel,🏟️,0,0,0,0,0,0,0,50,2026-04-30 23:00:11.103948+00,1000000,t,86,Brasil
133b6a3b-1394-4d93-b277-29eb732a5700,64a2f98a-300d-44ff-91b8-4d80ab6e9054,56cf74d9-6b6c-4d69-b18a-267e4788880c,FC Boa Vista,🦅,0,0,0,0,0,0,0,50,2026-04-30 23:00:11.103948+00,1000000,t,78,Brasil
df46b304-9c53-4301-8e76-3fb6dfad7160,64a2f98a-300d-44ff-91b8-4d80ab6e9054,adada805-af6f-46ae-87c1-cc9517c3f971,SC Alto da Serra,🐺,0,0,0,0,0,0,0,50,2026-04-30 23:00:11.103948+00,1000000,t,85,Brasil
11b88471-586b-408e-805f-05498e81f76d,64a2f98a-300d-44ff-91b8-4d80ab6e9054,a4e5b403-cb7c-42d8-b513-d7fbc6ca7b88,AC Morro Alto,🦁,0,0,0,0,0,0,0,50,2026-04-30 23:00:11.103948+00,1000000,t,79,Brasil
0f67ec6c-c8c4-4586-8208-d370378c4ab2,64a2f98a-300d-44ff-91b8-4d80ab6e9054,43a7a836-572d-47fa-b03f-3ce6dfe41895,EC Ponta Grossa,🐂,0,0,0,0,0,0,0,50,2026-04-30 23:00:11.103948+00,1000000,t,89,Brasil
c31ad38c-dba3-40f7-8a44-66c2a1b0e3a1,75bc63d9-5d27-4497-8fe6-55526fe796d5,b9eafa03-bc93-416d-a44f-6c6b539247c5,FC Nova Esperança,⚽,0,0,0,0,0,0,0,50,2026-04-30 23:00:13.666011+00,1000000,t,80,Brasil
d46b33dd-d5e8-4949-b4c8-67e72e82c045,75bc63d9-5d27-4497-8fe6-55526fe796d5,3d63abc6-9046-4111-8a77-b8a3f1b77341,SC Sol Nascente,🏟️,0,0,0,0,0,0,0,50,2026-04-30 23:00:13.666011+00,1000000,t,78,Brasil
e536f937-843d-410b-a470-3d23d71d8f8c,75bc63d9-5d27-4497-8fe6-55526fe796d5,a636b05f-4756-4dac-8695-0fc329f47c3d,AC Vila Rica,🦅,0,0,0,0,0,0,0,50,2026-04-30 23:00:13.666011+00,1000000,t,82,Brasil
61fab04a-d750-4d0d-863f-17e8f2e7f73c,75bc63d9-5d27-4497-8fe6-55526fe796d5,84e4c363-b3ae-4028-9fd4-6b63a67f1623,EC Monte Azul,🐺,0,0,0,0,0,0,0,50,2026-04-30 23:00:13.666011+00,1000000,t,81,Brasil
ae2e97d1-24c6-405a-9e17-b6b8a12be993,75bc63d9-5d27-4497-8fe6-55526fe796d5,98379ffd-822d-4edc-9dae-4236f60c7ccc,Clube Rio Claro,🦁,0,0,0,0,0,0,0,50,2026-04-30 23:00:13.666011+00,1000000,t,75,Brasil
95c21d65-8171-4969-8f12-12fb84e7a952,75bc63d9-5d27-4497-8fe6-55526fe796d5,1a079c49-c829-4025-9849-ff8f540b8e32,Atlético Campo Grande,🐂,0,0,0,0,0,0,0,50,2026-04-30 23:00:13.666011+00,1000000,t,80,Brasil
d2a4bf81-4b02-4f61-a048-309eaef2ece8,75bc63d9-5d27-4497-8fe6-55526fe796d5,74478040-fb34-49fe-bd3a-830310ec0868,Esporte Serra Alta,🔴,0,0,0,0,0,0,0,50,2026-04-30 23:00:13.666011+00,1000000,t,88,Brasil
17ff1048-9013-4e79-a4fb-9710a983a8dd,75bc63d9-5d27-4497-8fe6-55526fe796d5,b29a9289-85f3-4fb5-ad2b-ae82e466e9c7,Sport Vale Verde,🔵,0,0,0,0,0,0,0,50,2026-04-30 23:00:13.666011+00,1000000,t,80,Brasil
1ccc247e-a323-4434-8f59-479d0fa2342f,75bc63d9-5d27-4497-8fe6-55526fe796d5,5b8c3b89-ac68-4bdf-91f9-2204671c977f,União Pedra Branca,🟢,0,0,0,0,0,0,0,50,2026-04-30 23:00:13.666011+00,1000000,t,75,Brasil
a8ba3b29-5611-43f1-804d-855c4cbced07,75bc63d9-5d27-4497-8fe6-55526fe796d5,a666bb22-0926-4f21-9ba7-6a4e96b58685,Real Lagoa Santa,🟡,0,0,0,0,0,0,0,50,2026-04-30 23:00:13.666011+00,1000000,t,84,Brasil
14882584-fcda-4a7b-923b-0a3ed59936f9,75bc63d9-5d27-4497-8fe6-55526fe796d5,9d4f49e2-6fcf-4d8b-ae12-ad72ed22b7e8,Inter Porto Alegre,⚫,0,0,0,0,0,0,0,50,2026-04-30 23:00:13.666011+00,1000000,t,82,Brasil
1665c1f2-a2c9-44f2-9ca5-594381769076,58425df8-865c-4146-9e41-c6bad82cb5a9,b76b884c-7fdf-46bc-a3a8-145d196235ed,Clube Nova Esperança,⚽,0,0,0,0,0,0,0,50,2026-04-30 23:00:09.800533+00,1000000,t,65,Brasil
6fa8d969-9545-4c16-9c62-a8759fcfdff8,58425df8-865c-4146-9e41-c6bad82cb5a9,aed044f8-74d1-48c6-9dae-261cdfae37f8,Atlético Sol Nascente,🏟️,0,0,0,0,0,0,0,50,2026-04-30 23:00:09.800533+00,1000000,t,78,Brasil
4d4fe38a-7d42-496a-9cbd-b1ec417273f4,58425df8-865c-4146-9e41-c6bad82cb5a9,9ac44ffb-96a3-4bc0-b064-93533dd3ebc2,Esporte Vila Rica,🦅,0,0,0,0,0,0,0,50,2026-04-30 23:00:09.800533+00,1000000,t,71,Brasil
4aadb7a5-576f-4ef0-a285-13cda5f08dda,58425df8-865c-4146-9e41-c6bad82cb5a9,3093ff1e-c833-4f4e-9f99-ae976174dbf7,Sport Monte Azul,🐺,0,0,0,0,0,0,0,50,2026-04-30 23:00:09.800533+00,1000000,t,68,Brasil
d5fe1fef-ea24-4125-8e77-c62f89379675,58425df8-865c-4146-9e41-c6bad82cb5a9,ad64a8e2-373c-4dae-be47-8133aecfbd21,União Rio Claro,🦁,0,0,0,0,0,0,0,50,2026-04-30 23:00:09.800533+00,1000000,t,73,Brasil
03dff096-c0a5-4ddb-b178-7c5899f23664,58425df8-865c-4146-9e41-c6bad82cb5a9,407bb485-1e05-4f3a-8727-51bd68c791af,Real Campo Grande,🐂,0,0,0,0,0,0,0,50,2026-04-30 23:00:09.800533+00,1000000,t,79,Brasil
964b0959-4786-4c68-b6b5-f6c09ec6d12e,58425df8-865c-4146-9e41-c6bad82cb5a9,1d86b17a-8610-461c-a534-b045af020fc2,Inter Serra Alta,🔴,0,0,0,0,0,0,0,50,2026-04-30 23:00:09.800533+00,1000000,t,70,Brasil
e0b06bac-434f-4cde-bb72-d693cb0806af,58425df8-865c-4146-9e41-c6bad82cb5a9,2dcaed54-ed3f-4139-9f26-9b565370e479,Nacional Vale Verde,🔵,0,0,0,0,0,0,0,50,2026-04-30 23:00:09.800533+00,1000000,t,76,Brasil
b5afca92-6007-429d-bc5b-40ca18eb8f5a,58425df8-865c-4146-9e41-c6bad82cb5a9,0a57c27b-4d4d-4414-8af4-1ac1f3ec4f22,Sporting Pedra Branca,🟢,0,0,0,0,0,0,0,50,2026-04-30 23:00:09.800533+00,1000000,t,66,Brasil
56f35078-aba5-48c2-a388-1ced261e87fc,58425df8-865c-4146-9e41-c6bad82cb5a9,251b3a12-df91-4bc7-81a2-d73f71281a3a,Racing Lagoa Santa,🟡,0,0,0,0,0,0,0,50,2026-04-30 23:00:09.800533+00,1000000,t,76,Brasil
f7a469f4-dba8-467d-93ae-30281350c363,58425df8-865c-4146-9e41-c6bad82cb5a9,0a3a53e1-73ac-4f2b-9880-bf65da3a5906,Olimpia Porto Alegre,⚫,0,0,0,0,0,0,0,50,2026-04-30 23:00:09.800533+00,1000000,t,74,Brasil
e4d3a0db-e58f-4223-b4a7-dc0d1e446d4c,58425df8-865c-4146-9e41-c6bad82cb5a9,4c09d7d3-d517-4be1-99e6-673bd22105ef,Estrela Bela Vista,⚪,0,0,0,0,0,0,0,50,2026-04-30 23:00:09.800533+00,1000000,t,79,Brasil
85649dea-038a-4948-80ef-9df4fdf2ea19,58425df8-865c-4146-9e41-c6bad82cb5a9,30fbb1df-0315-4509-8e16-98fa0a7f17cd,FC Cruz Alta,🟣,0,0,0,0,0,0,0,50,2026-04-30 23:00:09.800533+00,1000000,t,79,Brasil
a8434681-edd7-4a92-8c54-8f3210a71c85,58425df8-865c-4146-9e41-c6bad82cb5a9,caa0d3be-7eb4-46ce-8f18-389b6b7ad8f8,SC Santo Amaro,🟠,0,0,0,0,0,0,0,50,2026-04-30 23:00:09.800533+00,1000000,t,70,Brasil
fa045a75-3ca5-421e-9ffe-732c8972772c,58425df8-865c-4146-9e41-c6bad82cb5a9,2a6d69f8-40ef-4912-8bf8-5a54a6c03f51,AC Jardim,⚽,0,0,0,0,0,0,0,50,2026-04-30 23:00:09.800533+00,1000000,t,74,Brasil
64d90873-31b5-4098-9270-955b2b0b24fd,58425df8-865c-4146-9e41-c6bad82cb5a9,41c839e9-1b0e-47e7-bfc1-be7576eb4e5c,EC São Miguel,🏟️,0,0,0,0,0,0,0,50,2026-04-30 23:00:09.800533+00,1000000,t,69,Brasil
245a47f2-269e-46c3-a846-79517ee10f8e,58425df8-865c-4146-9e41-c6bad82cb5a9,6996cdf5-60b9-454a-b6e6-4721a52c9255,Clube Boa Vista,🦅,0,0,0,0,0,0,0,50,2026-04-30 23:00:09.800533+00,1000000,t,74,Brasil
d942b868-b390-4be9-896b-30e4f07141ca,58425df8-865c-4146-9e41-c6bad82cb5a9,fd2f6889-4ebd-4c43-9ae0-32db501ce33d,Atlético Alto da Serra,🐺,0,0,0,0,0,0,0,50,2026-04-30 23:00:09.800533+00,1000000,t,78,Brasil
d6996e5d-74a5-4dc3-96b7-767139ac36cb,58425df8-865c-4146-9e41-c6bad82cb5a9,00483685-ca32-48f1-a7e9-e3f811ed34ed,Esporte Morro Alto,🦁,0,0,0,0,0,0,0,50,2026-04-30 23:00:09.800533+00,1000000,t,69,Brasil
d8702fb1-8587-48ac-b756-a2e203faa261,58425df8-865c-4146-9e41-c6bad82cb5a9,c5639993-6c97-4bab-b197-5595ecf087d5,Sport Ponta Grossa,🐂,0,0,0,0,0,0,0,50,2026-04-30 23:00:09.800533+00,1000000,t,71,Brasil
95a4dc29-f78d-46f4-82d9-8460e30c2d8d,1731f776-16ac-426b-9f7b-e445dae32676,54ed4a38-4b76-4122-bdb7-1d25d69ca516,Clube Nova Esperança,⚽,0,0,0,0,0,0,0,50,2026-04-30 23:00:11.694317+00,1000000,t,68,Brasil
dfaa24a0-2cde-4c00-b723-a402d7180066,1731f776-16ac-426b-9f7b-e445dae32676,24ee0bf0-ef10-484b-80dc-07e2c6d83b90,Atlético Sol Nascente,🏟️,0,0,0,0,0,0,0,50,2026-04-30 23:00:11.694317+00,1000000,t,73,Brasil
59156843-d02e-4f66-9999-fe376fb21f50,1731f776-16ac-426b-9f7b-e445dae32676,f70e42e8-4f94-4db9-b29c-8630b6ec5e63,Esporte Vila Rica,🦅,0,0,0,0,0,0,0,50,2026-04-30 23:00:11.694317+00,1000000,t,65,Brasil
ee04be15-cd7f-438a-a7e5-23747b645905,1731f776-16ac-426b-9f7b-e445dae32676,b852ac60-286f-4366-9c02-6ab82bd7071d,Sport Monte Azul,🐺,0,0,0,0,0,0,0,50,2026-04-30 23:00:11.694317+00,1000000,t,69,Brasil
ea1f8c8b-b6a8-437a-bd5d-eccdb60b14dd,1731f776-16ac-426b-9f7b-e445dae32676,fb59e056-d81e-42fa-943f-daab8369a164,União Rio Claro,🦁,0,0,0,0,0,0,0,50,2026-04-30 23:00:11.694317+00,1000000,t,65,Brasil
b1cee19b-2d34-4002-817e-913a8ede0149,1731f776-16ac-426b-9f7b-e445dae32676,1c9316d6-87f1-43a5-9a44-876c4f9ad848,Real Campo Grande,🐂,0,0,0,0,0,0,0,50,2026-04-30 23:00:11.694317+00,1000000,t,80,Brasil
71580507-fa1a-4635-86f3-cb4851101d0a,1731f776-16ac-426b-9f7b-e445dae32676,e93aa666-0b53-4a42-8c41-4c1da3c459e7,Inter Serra Alta,🔴,0,0,0,0,0,0,0,50,2026-04-30 23:00:11.694317+00,1000000,t,77,Brasil
78144299-1b3c-46a1-ab86-e7b6b13546e9,1731f776-16ac-426b-9f7b-e445dae32676,82532a9e-224c-4caf-b8ac-dc74852561fb,Nacional Vale Verde,🔵,0,0,0,0,0,0,0,50,2026-04-30 23:00:11.694317+00,1000000,t,73,Brasil
4c360458-cc3d-4bee-9926-647614fdbab4,1731f776-16ac-426b-9f7b-e445dae32676,f1f9877a-5ec1-414b-b124-f81c1e8a486b,Sporting Pedra Branca,🟢,0,0,0,0,0,0,0,50,2026-04-30 23:00:11.694317+00,1000000,t,77,Brasil
4a13095f-aa32-475b-9e96-e168926dae20,1731f776-16ac-426b-9f7b-e445dae32676,59e75d91-27ef-4497-972c-742c219ff62c,Racing Lagoa Santa,🟡,0,0,0,0,0,0,0,50,2026-04-30 23:00:11.694317+00,1000000,t,73,Brasil
2cd3f888-d828-48a7-89de-88b0c1ff748c,1731f776-16ac-426b-9f7b-e445dae32676,0be566f7-9544-4c03-a7e0-a8425241f1fb,Olimpia Porto Alegre,⚫,0,0,0,0,0,0,0,50,2026-04-30 23:00:11.694317+00,1000000,t,80,Brasil
0005cbca-1c04-4b66-97c7-714c033144e1,1731f776-16ac-426b-9f7b-e445dae32676,17729009-7c73-4673-804c-4ad9913f14cd,Estrela Bela Vista,⚪,0,0,0,0,0,0,0,50,2026-04-30 23:00:11.694317+00,1000000,t,78,Brasil
32cd3438-89d4-4b71-977c-24515651e723,1731f776-16ac-426b-9f7b-e445dae32676,d3ec35d8-eb9d-4850-b8d4-a1e033cd2769,FC Cruz Alta,🟣,0,0,0,0,0,0,0,50,2026-04-30 23:00:11.694317+00,1000000,t,80,Brasil
265cb921-22b5-4cf5-ab34-ad9098e9ea71,1731f776-16ac-426b-9f7b-e445dae32676,3e63330d-5442-4f94-9524-d316b6b63bb8,SC Santo Amaro,🟠,0,0,0,0,0,0,0,50,2026-04-30 23:00:11.694317+00,1000000,t,78,Brasil
4c9e59fa-ee19-40bc-a8e5-2cff241fa3b6,1731f776-16ac-426b-9f7b-e445dae32676,a207ce81-e8d7-43d9-aadc-3271a5d09098,AC Jardim,⚽,0,0,0,0,0,0,0,50,2026-04-30 23:00:11.694317+00,1000000,t,76,Brasil
7b98b9bb-9b73-4e62-9652-effdd765802b,1731f776-16ac-426b-9f7b-e445dae32676,eb0519a2-d1b4-4f79-869e-64771f347dd3,EC São Miguel,🏟️,0,0,0,0,0,0,0,50,2026-04-30 23:00:11.694317+00,1000000,t,66,Brasil
6ac00204-6623-4364-83fb-84ba7831003d,1731f776-16ac-426b-9f7b-e445dae32676,5bb0aeb2-a2ba-4174-b8b5-6c748c29d4c3,Clube Boa Vista,🦅,0,0,0,0,0,0,0,50,2026-04-30 23:00:11.694317+00,1000000,t,67,Brasil
f0d9f9ec-ff87-4e32-8e94-a59dc7f10aeb,1731f776-16ac-426b-9f7b-e445dae32676,51188d5d-5ee4-4ed2-9dfa-3f723da20190,Atlético Alto da Serra,🐺,0,0,0,0,0,0,0,50,2026-04-30 23:00:11.694317+00,1000000,t,71,Brasil
fe2176b3-e9d9-41f4-94b8-b586eef70105,1731f776-16ac-426b-9f7b-e445dae32676,3c1e679b-a432-45eb-b791-8cab711627f1,Esporte Morro Alto,🦁,0,0,0,0,0,0,0,50,2026-04-30 23:00:11.694317+00,1000000,t,78,Brasil
ff5453dd-ec59-46f2-901f-5dadc74e4606,1731f776-16ac-426b-9f7b-e445dae32676,0879ba0a-b6ce-4756-8726-ea79e3601391,Sport Ponta Grossa,🐂,0,0,0,0,0,0,0,50,2026-04-30 23:00:11.694317+00,1000000,t,76,Brasil
aa0bd9b9-b251-411b-86d7-8e3ca2453f77,87d69b92-584e-49f4-b296-202056eec9b4,cc9fa9ca-1ad6-48ff-a1a1-0deb7cb045dc,União Nova Esperança,⚽,0,0,0,0,0,0,0,50,2026-04-30 23:00:13.411133+00,1000000,t,69,Brasil
a1b4527b-3884-4a8a-be48-5a7921c898bf,87d69b92-584e-49f4-b296-202056eec9b4,2db8c733-7f61-4436-9173-2d118333e249,Real Sol Nascente,🏟️,0,0,0,0,0,0,0,50,2026-04-30 23:00:13.411133+00,1000000,t,58,Brasil
36e3b3fd-9a5e-45e3-8f60-50a7d193db1c,87d69b92-584e-49f4-b296-202056eec9b4,f88a927e-1bc2-46f3-9d78-8938c86349f0,Inter Vila Rica,🦅,0,0,0,0,0,0,0,50,2026-04-30 23:00:13.411133+00,1000000,t,57,Brasil
576c58e8-a32f-436d-866d-5e4bdb9bfa30,87d69b92-584e-49f4-b296-202056eec9b4,44cdbea3-ac2f-4d01-8493-9ddedb44b23e,Nacional Monte Azul,🐺,0,0,0,0,0,0,0,50,2026-04-30 23:00:13.411133+00,1000000,t,65,Brasil
140ceb5e-f165-442b-9dba-c667b855ed49,87d69b92-584e-49f4-b296-202056eec9b4,b7b78b8b-5c72-4c52-b8f1-e2583321bc3c,Sporting Rio Claro,🦁,0,0,0,0,0,0,0,50,2026-04-30 23:00:13.411133+00,1000000,t,56,Brasil
cded0871-ef45-4bd5-9928-ac2350fde3e6,87d69b92-584e-49f4-b296-202056eec9b4,43de5d8e-2cbf-4574-bfdf-6ed339742ac2,Racing Campo Grande,🐂,0,0,0,0,0,0,0,50,2026-04-30 23:00:13.411133+00,1000000,t,58,Brasil
2d1fb23b-f51f-431f-a876-46e5d78255e4,87d69b92-584e-49f4-b296-202056eec9b4,00cb3c69-644d-4e16-bfec-fa2825321549,Olimpia Serra Alta,🔴,0,0,0,0,0,0,0,50,2026-04-30 23:00:13.411133+00,1000000,t,61,Brasil
a1062e1c-db3f-4ae4-acec-b3ed2f4122c3,87d69b92-584e-49f4-b296-202056eec9b4,4ca9ded1-6c31-4428-9f36-4a8f24c9037a,Estrela Vale Verde,🔵,0,0,0,0,0,0,0,50,2026-04-30 23:00:13.411133+00,1000000,t,69,Brasil
f8d028ac-ac3c-4aed-9636-bd2020d019ae,87d69b92-584e-49f4-b296-202056eec9b4,71f9ae17-011e-450e-8b95-8208fcc796b3,FC Pedra Branca,🟢,0,0,0,0,0,0,0,50,2026-04-30 23:00:13.411133+00,1000000,t,56,Brasil
14adca34-45ab-4e2e-b181-963b653dafa5,87d69b92-584e-49f4-b296-202056eec9b4,5827ba7e-1086-41b4-bba8-6300f01a3bfc,SC Lagoa Santa,🟡,0,0,0,0,0,0,0,50,2026-04-30 23:00:13.411133+00,1000000,t,70,Brasil
3446eaff-2b72-40e7-941d-dd6c56a651c7,87d69b92-584e-49f4-b296-202056eec9b4,c32498bf-f967-4dc0-a772-f306cb4f8c7d,AC Porto Alegre,⚫,0,0,0,0,0,0,0,50,2026-04-30 23:00:13.411133+00,1000000,t,57,Brasil
4536b59b-dbb8-46e4-85b6-e2f4a8ded63f,76c6c9c4-71be-4216-bc44-b48d9b97bb32,b86877b2-f97e-4fde-bce2-2ce8fbc2a27e,EC Bela Vista,⚪,0,0,0,0,0,0,0,50,2026-04-30 23:00:09.881864+00,1000000,t,60,Brasil
bc8cef72-7e60-4b1c-bd4d-134facbfe79a,76c6c9c4-71be-4216-bc44-b48d9b97bb32,c5341064-d958-42ce-bfbd-a99f8b110680,Clube Cruz Alta,🟣,0,0,0,0,0,0,0,50,2026-04-30 23:00:09.881864+00,1000000,t,63,Brasil
8a2493c2-ae09-42d4-8097-825ad1d2c7ff,76c6c9c4-71be-4216-bc44-b48d9b97bb32,11159041-9536-4946-863a-cb576d259e9a,Atlético Santo Amaro,🟠,0,0,0,0,0,0,0,50,2026-04-30 23:00:09.881864+00,1000000,t,55,Brasil
a7f475e8-8c58-4ded-915b-b93a2cab8034,76c6c9c4-71be-4216-bc44-b48d9b97bb32,af5a31eb-1eb0-41e5-912b-121f8f1b07ee,Esporte Jardim,⚽,0,0,0,0,0,0,0,50,2026-04-30 23:00:09.881864+00,1000000,t,64,Brasil
0e562616-bfdf-4413-8768-82e32c2a5497,76c6c9c4-71be-4216-bc44-b48d9b97bb32,03a8e08a-6155-423e-a0af-147482bdf78c,Sport São Miguel,🏟️,0,0,0,0,0,0,0,50,2026-04-30 23:00:09.881864+00,1000000,t,70,Brasil
492c2c05-7ce3-407a-86c3-f663b00f5355,76c6c9c4-71be-4216-bc44-b48d9b97bb32,ced24288-ccf3-466f-b6d8-695b6bed481f,União Boa Vista,🦅,0,0,0,0,0,0,0,50,2026-04-30 23:00:09.881864+00,1000000,t,60,Brasil
236ae8b2-947e-4ec8-9fe8-269cbf0cf5c0,76c6c9c4-71be-4216-bc44-b48d9b97bb32,d2a4a604-714c-4547-9142-306feb422dc5,Real Alto da Serra,🐺,0,0,0,0,0,0,0,50,2026-04-30 23:00:09.881864+00,1000000,t,69,Brasil
04872e80-2b4c-45fe-9ae6-b14c95da444f,76c6c9c4-71be-4216-bc44-b48d9b97bb32,514a7ca4-ee0f-401f-bde6-bbb24de26777,Inter Morro Alto,🦁,0,0,0,0,0,0,0,50,2026-04-30 23:00:09.881864+00,1000000,t,67,Brasil
6abbd3ad-62ca-4529-bb69-f76ba4905fe8,76c6c9c4-71be-4216-bc44-b48d9b97bb32,0bb2a831-bdd7-47e5-ae0e-c18faf6c5917,Nacional Ponta Grossa,🐂,0,0,0,0,0,0,0,50,2026-04-30 23:00:09.881864+00,1000000,t,69,Brasil
23d7aa77-be87-4bbb-be7d-e0929d0aac5e,466c7e4b-99a5-42d0-9915-ebbfbd7267e7,6fe40bcf-0084-4f11-83eb-1e12de436d56,FC Nova Esperança,⚽,0,0,0,0,0,0,0,50,2026-04-30 23:00:11.618229+00,1000000,t,76,Brasil
707f4efe-e1da-4b1f-9512-27146b507e09,466c7e4b-99a5-42d0-9915-ebbfbd7267e7,d336f9fa-3be6-481b-8deb-171039658a86,SC Sol Nascente,🏟️,0,0,0,0,0,0,0,50,2026-04-30 23:00:11.618229+00,1000000,t,85,Brasil
8b871514-85a4-4be6-a8fd-77ca505959ab,466c7e4b-99a5-42d0-9915-ebbfbd7267e7,8bf5840a-a7ed-4209-a647-89066efb7b9b,AC Vila Rica,🦅,0,0,0,0,0,0,0,50,2026-04-30 23:00:11.618229+00,1000000,t,76,Brasil
479b4266-0ef1-4026-a4a8-933970987944,466c7e4b-99a5-42d0-9915-ebbfbd7267e7,d9643409-2f9a-4b04-8b81-f1c487e6ba98,EC Monte Azul,🐺,0,0,0,0,0,0,0,50,2026-04-30 23:00:11.618229+00,1000000,t,85,Brasil
a52fe22a-2dce-4e1e-b8cc-7b617c0a2e55,466c7e4b-99a5-42d0-9915-ebbfbd7267e7,959d0042-ad11-48ce-9e35-385009a1046c,Clube Rio Claro,🦁,0,0,0,0,0,0,0,50,2026-04-30 23:00:11.618229+00,1000000,t,87,Brasil
f7faae10-5305-49e6-b5e6-f57a30a6afe8,466c7e4b-99a5-42d0-9915-ebbfbd7267e7,b925b3db-47c0-41fe-aded-6cabce13129c,Atlético Campo Grande,🐂,0,0,0,0,0,0,0,50,2026-04-30 23:00:11.618229+00,1000000,t,84,Brasil
17bef885-bdf8-4789-82df-5fa51e934938,466c7e4b-99a5-42d0-9915-ebbfbd7267e7,9994a9e5-de7c-4e8f-8848-c63b24f5ec9c,Esporte Serra Alta,🔴,0,0,0,0,0,0,0,50,2026-04-30 23:00:11.618229+00,1000000,t,81,Brasil
21411e4d-0ded-4e81-bad5-a7d083f37686,466c7e4b-99a5-42d0-9915-ebbfbd7267e7,b819a2c8-7fb4-4ca5-9fad-caf8308cfa14,Sport Vale Verde,🔵,0,0,0,0,0,0,0,50,2026-04-30 23:00:11.618229+00,1000000,t,76,Brasil
6c0e415b-f7d2-4423-8a7c-58bd4611c56f,466c7e4b-99a5-42d0-9915-ebbfbd7267e7,cad56c0d-6420-46c8-97a3-b850d3c4bb73,União Pedra Branca,🟢,0,0,0,0,0,0,0,50,2026-04-30 23:00:11.618229+00,1000000,t,83,Brasil
f0df076a-be20-4bb9-adf3-c530e28567f0,466c7e4b-99a5-42d0-9915-ebbfbd7267e7,ccac405e-70fd-4da1-a1cc-8de1f3775672,Real Lagoa Santa,🟡,0,0,0,0,0,0,0,50,2026-04-30 23:00:11.618229+00,1000000,t,78,Brasil
938d8135-b81b-4581-9858-9e8c6883784f,466c7e4b-99a5-42d0-9915-ebbfbd7267e7,de2d2914-36f5-4edd-b7ba-1c8dd4c78a21,Inter Porto Alegre,⚫,0,0,0,0,0,0,0,50,2026-04-30 23:00:11.618229+00,1000000,t,76,Brasil
cb3f08e8-525b-4930-b245-f01b6e2325a4,466c7e4b-99a5-42d0-9915-ebbfbd7267e7,a8807427-1659-4914-9683-b0a91bd3e480,Nacional Bela Vista,⚪,0,0,0,0,0,0,0,50,2026-04-30 23:00:11.618229+00,1000000,t,90,Brasil
89635fda-89db-4b46-b1eb-c1aca42954fb,466c7e4b-99a5-42d0-9915-ebbfbd7267e7,59d8bcb2-90ad-460b-bf03-c89cc690f79e,Sporting Cruz Alta,🟣,0,0,0,0,0,0,0,50,2026-04-30 23:00:11.618229+00,1000000,t,76,Brasil
4d02f794-a845-47ce-8a8a-0432f7c424e7,466c7e4b-99a5-42d0-9915-ebbfbd7267e7,07040984-9869-44c6-a0de-6b938b89aee6,Racing Santo Amaro,🟠,0,0,0,0,0,0,0,50,2026-04-30 23:00:11.618229+00,1000000,t,90,Brasil
a8b71c95-ada1-4e6e-992d-ce1ef7bac3b6,466c7e4b-99a5-42d0-9915-ebbfbd7267e7,ceb03b22-bef4-473e-858d-f753ae49c29b,Olimpia Jardim,⚽,0,0,0,0,0,0,0,50,2026-04-30 23:00:11.618229+00,1000000,t,85,Brasil
d7a4e182-f09e-4833-96dc-ad789e1a0fad,466c7e4b-99a5-42d0-9915-ebbfbd7267e7,e5bd1204-eb89-452b-8ee6-5ea2e0df7c66,Estrela São Miguel,🏟️,0,0,0,0,0,0,0,50,2026-04-30 23:00:11.618229+00,1000000,t,77,Brasil
ad372922-0265-4904-bd1a-c4f8777e7949,466c7e4b-99a5-42d0-9915-ebbfbd7267e7,b1889eac-93cc-4e6d-b4d2-a6b4aac9c7b4,FC Boa Vista,🦅,0,0,0,0,0,0,0,50,2026-04-30 23:00:11.618229+00,1000000,t,75,Brasil
23eec829-5233-4d99-8317-4a85781ea8ae,466c7e4b-99a5-42d0-9915-ebbfbd7267e7,16690a9e-b826-4295-8c86-4807f6a40720,SC Alto da Serra,🐺,0,0,0,0,0,0,0,50,2026-04-30 23:00:11.618229+00,1000000,t,81,Brasil
1b8b6637-2d20-4339-9e29-be4fe231f77d,466c7e4b-99a5-42d0-9915-ebbfbd7267e7,86d3aae8-9717-4cb0-a746-76ba95e46c69,AC Morro Alto,🦁,0,0,0,0,0,0,0,50,2026-04-30 23:00:11.618229+00,1000000,t,81,Brasil
2d6f9eb8-7f79-4039-a8bd-e58b76f077cd,466c7e4b-99a5-42d0-9915-ebbfbd7267e7,5acf3fd8-6918-45cd-ba2e-a737b4698a51,EC Ponta Grossa,🐂,0,0,0,0,0,0,0,50,2026-04-30 23:00:11.618229+00,1000000,t,75,Brasil
183c43d6-68b1-4569-a10c-62fd694fb432,7b0d377c-0cd1-4883-8e59-ee4922c9bb5a,821ae9c0-8a31-4f4b-8814-867a103fde4f,FC Nova Esperança,⚽,0,0,0,0,0,0,0,50,2026-04-30 23:00:12.882719+00,1000000,t,79,Brasil
99bd8829-27ef-484b-9d9c-a99d5781c101,7b0d377c-0cd1-4883-8e59-ee4922c9bb5a,9e5bc9dc-1690-4d38-a474-c795ca23bd96,SC Sol Nascente,🏟️,0,0,0,0,0,0,0,50,2026-04-30 23:00:12.882719+00,1000000,t,82,Brasil
a3547dcd-19bd-4c11-9a07-e91c148cc78a,7b0d377c-0cd1-4883-8e59-ee4922c9bb5a,7b16b121-0be7-4bd5-b70c-5b35f682d617,AC Vila Rica,🦅,0,0,0,0,0,0,0,50,2026-04-30 23:00:12.882719+00,1000000,t,79,Brasil
54defc21-b061-4a25-9236-3f0927932e09,7b0d377c-0cd1-4883-8e59-ee4922c9bb5a,f5474981-867f-4fd0-a88b-7e31cb36e6a8,EC Monte Azul,🐺,0,0,0,0,0,0,0,50,2026-04-30 23:00:12.882719+00,1000000,t,79,Brasil
44038f91-c8ae-404c-b669-aa44480a45d3,7b0d377c-0cd1-4883-8e59-ee4922c9bb5a,358741fa-232f-4415-9a36-feb11a4dd25e,Clube Rio Claro,🦁,0,0,0,0,0,0,0,50,2026-04-30 23:00:12.882719+00,1000000,t,78,Brasil
7b370bee-096b-48d0-92ee-868bf3fb5756,7b0d377c-0cd1-4883-8e59-ee4922c9bb5a,8882f597-0911-4add-9a7d-a3a419e4b859,Atlético Campo Grande,🐂,0,0,0,0,0,0,0,50,2026-04-30 23:00:12.882719+00,1000000,t,76,Brasil
d8bb4ad2-2a49-4812-bac2-493fb6176691,7b0d377c-0cd1-4883-8e59-ee4922c9bb5a,51d76901-8c89-44f4-aac4-8b73031a7bae,Esporte Serra Alta,🔴,0,0,0,0,0,0,0,50,2026-04-30 23:00:12.882719+00,1000000,t,90,Brasil
e3a04948-c758-45fd-8ad3-2c2109c539ed,7b0d377c-0cd1-4883-8e59-ee4922c9bb5a,83102f29-ae2c-4132-b645-9301a345f807,Sport Vale Verde,🔵,0,0,0,0,0,0,0,50,2026-04-30 23:00:12.882719+00,1000000,t,89,Brasil
aad44dc7-9f32-43df-903b-69dc01ef3665,7b0d377c-0cd1-4883-8e59-ee4922c9bb5a,9b64165d-37bf-4714-8bf5-0e1436b8020f,União Pedra Branca,🟢,0,0,0,0,0,0,0,50,2026-04-30 23:00:12.882719+00,1000000,t,87,Brasil
c1801ab0-a4ab-4e0c-9ce7-d77e321dad65,7b0d377c-0cd1-4883-8e59-ee4922c9bb5a,6264e352-edba-40a1-9fff-1b1ae6b53a93,Real Lagoa Santa,🟡,0,0,0,0,0,0,0,50,2026-04-30 23:00:12.882719+00,1000000,t,83,Brasil
43045863-f422-4b65-be36-5e3ada25b23c,7b0d377c-0cd1-4883-8e59-ee4922c9bb5a,d4899ad5-c6d1-461b-9251-290e220c0cc8,Inter Porto Alegre,⚫,0,0,0,0,0,0,0,50,2026-04-30 23:00:12.882719+00,1000000,t,78,Brasil
b5cecc1b-a343-45a8-9533-241b3a64b289,7b0d377c-0cd1-4883-8e59-ee4922c9bb5a,6e7c610e-1fdd-4a35-9d8d-1772b7187723,Nacional Bela Vista,⚪,0,0,0,0,0,0,0,50,2026-04-30 23:00:12.882719+00,1000000,t,84,Brasil
7c0fb0f7-56f9-4c9e-bae2-33852844c26e,7b0d377c-0cd1-4883-8e59-ee4922c9bb5a,49e6a23a-7fec-4349-8d17-61875b013bfe,Sporting Cruz Alta,🟣,0,0,0,0,0,0,0,50,2026-04-30 23:00:12.882719+00,1000000,t,88,Brasil
ca26f1c3-8d15-4a0f-af3c-fa10f157f637,7b0d377c-0cd1-4883-8e59-ee4922c9bb5a,71fa3c22-4254-4188-9a78-8eb2c3c3e628,Racing Santo Amaro,🟠,0,0,0,0,0,0,0,50,2026-04-30 23:00:12.882719+00,1000000,t,81,Brasil
a6a6b288-4e7d-4226-9f1b-ddc030e3fed2,7b0d377c-0cd1-4883-8e59-ee4922c9bb5a,c110e91c-d5c9-42fb-9805-8b4cd5572d8f,Olimpia Jardim,⚽,0,0,0,0,0,0,0,50,2026-04-30 23:00:12.882719+00,1000000,t,85,Brasil
4f6866ee-d92a-4c46-aa57-ced606e73b98,7b0d377c-0cd1-4883-8e59-ee4922c9bb5a,357bd2ff-3317-45b3-9e35-83a90f6888a1,Estrela São Miguel,🏟️,0,0,0,0,0,0,0,50,2026-04-30 23:00:12.882719+00,1000000,t,79,Brasil
46f007e7-b472-4f44-91fe-0697af4c22e7,7b0d377c-0cd1-4883-8e59-ee4922c9bb5a,fb423566-75a5-482d-81cd-4970d6cf3ad6,FC Boa Vista,🦅,0,0,0,0,0,0,0,50,2026-04-30 23:00:12.882719+00,1000000,t,83,Brasil
37f779f8-7c74-409c-9bfa-af49079e5363,7b0d377c-0cd1-4883-8e59-ee4922c9bb5a,cf82ba2f-a109-4ed4-924e-1572c96824fa,SC Alto da Serra,🐺,0,0,0,0,0,0,0,50,2026-04-30 23:00:12.882719+00,1000000,t,78,Brasil
fcee2871-d230-4592-9234-7726299688cc,7b0d377c-0cd1-4883-8e59-ee4922c9bb5a,4356ef50-18bd-4958-b2b4-3e90e87ae41f,AC Morro Alto,🦁,0,0,0,0,0,0,0,50,2026-04-30 23:00:12.882719+00,1000000,t,89,Brasil
bfced8d2-2108-4a0d-8528-6a61518886cc,7b0d377c-0cd1-4883-8e59-ee4922c9bb5a,f0733d95-44db-4438-8e46-680d76b4ab29,EC Ponta Grossa,🐂,0,0,0,0,0,0,0,50,2026-04-30 23:00:12.882719+00,1000000,t,80,Brasil
16160342-f8e6-4886-8621-217b3bff3a6c,006a0cc8-1c51-452f-81a3-f3ea85c31ebf,82e935d7-1662-4502-b162-bc46f7021705,Clube Nova Esperança,⚽,0,0,0,0,0,0,0,50,2026-04-30 23:00:14.585899+00,1000000,t,76,Brasil
166db912-6063-4618-8898-2f275458ccdb,006a0cc8-1c51-452f-81a3-f3ea85c31ebf,4bd0e0fd-7f06-4c7f-ba60-be0703bea2e9,Atlético Sol Nascente,🏟️,0,0,0,0,0,0,0,50,2026-04-30 23:00:14.585899+00,1000000,t,67,Brasil
2267d19e-b225-445b-b32d-9bbc6b004f3e,a985121c-6f92-435c-8542-489baedd7341,4542c12b-53c4-49f5-b4c1-36712906117c,FC Nova Esperança,⚽,0,0,0,0,0,0,0,50,2026-04-30 23:00:10.203399+00,1000000,t,76,Brasil
63afb902-a3f7-421b-9292-1ebbf800583a,a985121c-6f92-435c-8542-489baedd7341,90d0ca82-48c3-4a45-88bd-4acc6a994a06,SC Sol Nascente,🏟️,0,0,0,0,0,0,0,50,2026-04-30 23:00:10.203399+00,1000000,t,78,Brasil
25d51727-7b9e-4db9-abf2-98d4062a9b6e,a985121c-6f92-435c-8542-489baedd7341,a01abe56-5810-4389-bc30-52e51fd40747,AC Vila Rica,🦅,0,0,0,0,0,0,0,50,2026-04-30 23:00:10.203399+00,1000000,t,79,Brasil
929d073a-024d-421c-80c7-0de00d6dd45e,a985121c-6f92-435c-8542-489baedd7341,eff54750-0967-4804-9156-09476d2f7ea3,EC Monte Azul,🐺,0,0,0,0,0,0,0,50,2026-04-30 23:00:10.203399+00,1000000,t,88,Brasil
920a361f-43fd-4990-a1b7-2e0ccf92b45c,a985121c-6f92-435c-8542-489baedd7341,2410f3f9-83d0-47b2-954c-169357eae206,Clube Rio Claro,🦁,0,0,0,0,0,0,0,50,2026-04-30 23:00:10.203399+00,1000000,t,75,Brasil
51ff200b-c76b-43d6-b455-5f03fe7fc900,a985121c-6f92-435c-8542-489baedd7341,b9948b0f-ebc2-4665-9f23-e3b4a4e1a029,Atlético Campo Grande,🐂,0,0,0,0,0,0,0,50,2026-04-30 23:00:10.203399+00,1000000,t,84,Brasil
44e4bd89-66c6-4f15-9c07-3f877eac33ee,a985121c-6f92-435c-8542-489baedd7341,762aa2ce-2749-496e-b9d0-4df4c042bd51,Esporte Serra Alta,🔴,0,0,0,0,0,0,0,50,2026-04-30 23:00:10.203399+00,1000000,t,80,Brasil
ace27207-b3d2-4092-84e1-23695a5479c7,a985121c-6f92-435c-8542-489baedd7341,4bb3d4c2-556b-494d-a849-4b2ce7dc0b26,Sport Vale Verde,🔵,0,0,0,0,0,0,0,50,2026-04-30 23:00:10.203399+00,1000000,t,76,Brasil
bc8656a1-26e0-48fa-b12c-97cf5d63d30f,a985121c-6f92-435c-8542-489baedd7341,44c0ec6c-c787-41fd-910d-7af1b5223f6c,União Pedra Branca,🟢,0,0,0,0,0,0,0,50,2026-04-30 23:00:10.203399+00,1000000,t,79,Brasil
e4fee33c-5837-492e-b746-bb5b8da102c1,a985121c-6f92-435c-8542-489baedd7341,67e9883f-8ea6-4dbe-a2d0-f5f16061f725,Real Lagoa Santa,🟡,0,0,0,0,0,0,0,50,2026-04-30 23:00:10.203399+00,1000000,t,79,Brasil
aa19fc9e-6f61-41ea-bd45-105d6bc83a18,a985121c-6f92-435c-8542-489baedd7341,156c2806-fa90-4f1a-a28f-b95ec33f9df5,Inter Porto Alegre,⚫,0,0,0,0,0,0,0,50,2026-04-30 23:00:10.203399+00,1000000,t,87,Brasil
15d84c26-875c-4ad8-ba99-13c2acbbaa1a,a985121c-6f92-435c-8542-489baedd7341,30c4c2b0-6437-4170-9025-68d71ee94cd9,Nacional Bela Vista,⚪,0,0,0,0,0,0,0,50,2026-04-30 23:00:10.203399+00,1000000,t,79,Brasil
d738f002-fa00-4ca0-8d0a-001d6fbf9816,a985121c-6f92-435c-8542-489baedd7341,62a803c8-8d67-4e75-b31b-2fa87ba69947,Sporting Cruz Alta,🟣,0,0,0,0,0,0,0,50,2026-04-30 23:00:10.203399+00,1000000,t,88,Brasil
6745403e-3869-4b1d-a752-120d29098e30,a985121c-6f92-435c-8542-489baedd7341,cbdb0b51-29b3-478d-a515-126bf154d6bc,Racing Santo Amaro,🟠,0,0,0,0,0,0,0,50,2026-04-30 23:00:10.203399+00,1000000,t,80,Brasil
c99e9938-0edf-4492-b6b4-20d3f389a531,a985121c-6f92-435c-8542-489baedd7341,a5ffde26-f586-4c38-bef5-656bf4d86053,Olimpia Jardim,⚽,0,0,0,0,0,0,0,50,2026-04-30 23:00:10.203399+00,1000000,t,77,Brasil
7659af2b-8864-411b-b57c-7c1678ed74b0,a985121c-6f92-435c-8542-489baedd7341,1ce851a2-8336-4325-a902-ca3b17058ba4,Estrela São Miguel,🏟️,0,0,0,0,0,0,0,50,2026-04-30 23:00:10.203399+00,1000000,t,81,Brasil
38f2ccc5-a9e4-491b-bd05-c8a0bcd95a10,a985121c-6f92-435c-8542-489baedd7341,c7df12da-9363-4842-ad41-fdb58d950696,FC Boa Vista,🦅,0,0,0,0,0,0,0,50,2026-04-30 23:00:10.203399+00,1000000,t,89,Brasil
0bf713d7-a901-4d7b-93a3-4ecc12880488,a985121c-6f92-435c-8542-489baedd7341,9b9afe74-ace3-435a-94fa-4677b0625e61,SC Alto da Serra,🐺,0,0,0,0,0,0,0,50,2026-04-30 23:00:10.203399+00,1000000,t,76,Brasil
64458547-9c53-4380-8000-0e5bd94f8373,a985121c-6f92-435c-8542-489baedd7341,48f7f08a-58f4-43a5-b703-f06dab2204a1,AC Morro Alto,🦁,0,0,0,0,0,0,0,50,2026-04-30 23:00:10.203399+00,1000000,t,86,Brasil
7e98d8af-7daa-4285-a5ad-88996855bc93,a985121c-6f92-435c-8542-489baedd7341,6d7f1252-5455-41fa-ad0d-e83bd59ffe6f,EC Ponta Grossa,🐂,0,0,0,0,0,0,0,50,2026-04-30 23:00:10.203399+00,1000000,t,83,Brasil
95a8e287-9b97-493e-8acb-8b02e372bb23,cddfbf08-059c-44b8-9ebb-d194b196f4c0,5703266f-5fbe-479f-890a-2adfe36b73ba,União Nova Esperança,⚽,0,0,0,0,0,0,0,50,2026-04-30 23:00:10.359841+00,1000000,t,56,Brasil
0a10fa4e-e11e-4382-9101-d3f98216524e,cddfbf08-059c-44b8-9ebb-d194b196f4c0,16c1fee4-33b2-4fba-805b-d870b6335857,Real Sol Nascente,🏟️,0,0,0,0,0,0,0,50,2026-04-30 23:00:10.359841+00,1000000,t,66,Brasil
8ded12ad-72de-4811-9e65-8a7930889843,cddfbf08-059c-44b8-9ebb-d194b196f4c0,ea007f3a-9b0d-4855-b49b-5907e8809d56,Inter Vila Rica,🦅,0,0,0,0,0,0,0,50,2026-04-30 23:00:10.359841+00,1000000,t,56,Brasil
73807f5c-5d1e-458d-b7ee-4269fe984721,cddfbf08-059c-44b8-9ebb-d194b196f4c0,643b1abc-86ba-4311-8e67-dc68df8d33ec,Nacional Monte Azul,🐺,0,0,0,0,0,0,0,50,2026-04-30 23:00:10.359841+00,1000000,t,67,Brasil
16f81c08-816e-42ca-967b-b69cf44335b1,cddfbf08-059c-44b8-9ebb-d194b196f4c0,a3205b88-9d7a-41c2-93e2-87437dddecc0,Sporting Rio Claro,🦁,0,0,0,0,0,0,0,50,2026-04-30 23:00:10.359841+00,1000000,t,60,Brasil
cff9e515-7592-4867-b14b-dac3872c23ff,cddfbf08-059c-44b8-9ebb-d194b196f4c0,b918c59f-abb2-4244-993a-3eb40cbc1176,Racing Campo Grande,🐂,0,0,0,0,0,0,0,50,2026-04-30 23:00:10.359841+00,1000000,t,67,Brasil
f7071682-6251-46cd-910f-78613c31b0b8,cddfbf08-059c-44b8-9ebb-d194b196f4c0,88f1c1ed-fc95-4194-9fee-7e7dfaaf0177,Olimpia Serra Alta,🔴,0,0,0,0,0,0,0,50,2026-04-30 23:00:10.359841+00,1000000,t,59,Brasil
5fc018cb-f98c-4364-8aac-4d33230f14e9,cddfbf08-059c-44b8-9ebb-d194b196f4c0,40be0582-5fb4-402e-b701-61cca32ba279,Estrela Vale Verde,🔵,0,0,0,0,0,0,0,50,2026-04-30 23:00:10.359841+00,1000000,t,70,Brasil
eb32bc96-c911-4e44-919b-67aed4e9a02e,cddfbf08-059c-44b8-9ebb-d194b196f4c0,9c7e9da1-9b53-428f-963b-9daded818605,FC Pedra Branca,🟢,0,0,0,0,0,0,0,50,2026-04-30 23:00:10.359841+00,1000000,t,57,Brasil
cf655a9f-6d55-46e5-a42e-56503241d400,cddfbf08-059c-44b8-9ebb-d194b196f4c0,cf67d690-9948-4083-b5c4-12a61c1b2f6b,SC Lagoa Santa,🟡,0,0,0,0,0,0,0,50,2026-04-30 23:00:10.359841+00,1000000,t,64,Brasil
654ed6b0-801d-496f-824d-0af941e3d0d0,cddfbf08-059c-44b8-9ebb-d194b196f4c0,91164874-801d-4289-b6ba-4ee375fdb461,AC Porto Alegre,⚫,0,0,0,0,0,0,0,50,2026-04-30 23:00:10.359841+00,1000000,t,69,Brasil
06bec6f6-34bd-4b1f-b382-b9638e14118b,cddfbf08-059c-44b8-9ebb-d194b196f4c0,560a77ac-842a-47e5-bcb1-44def08125b3,EC Bela Vista,⚪,0,0,0,0,0,0,0,50,2026-04-30 23:00:10.359841+00,1000000,t,61,Brasil
5669af0f-03e6-4f52-b29f-931f0052efb0,cddfbf08-059c-44b8-9ebb-d194b196f4c0,86ff11a3-691d-4356-add7-ceadd40772a6,Clube Cruz Alta,🟣,0,0,0,0,0,0,0,50,2026-04-30 23:00:10.359841+00,1000000,t,66,Brasil
77bd96bf-043e-42cc-bb87-b6bb7c3118e3,cddfbf08-059c-44b8-9ebb-d194b196f4c0,a644ad29-f0f5-4293-9326-1a15e4ae2789,Atlético Santo Amaro,🟠,0,0,0,0,0,0,0,50,2026-04-30 23:00:10.359841+00,1000000,t,61,Brasil
f3fdd92a-c7cd-4287-a1de-cd5db2145849,cddfbf08-059c-44b8-9ebb-d194b196f4c0,95c91f92-687d-43b7-ba97-81186b2af702,Esporte Jardim,⚽,0,0,0,0,0,0,0,50,2026-04-30 23:00:10.359841+00,1000000,t,68,Brasil
82ccb26c-9fbb-4435-8742-83fe2cb30c61,cddfbf08-059c-44b8-9ebb-d194b196f4c0,7d7d1086-fe1f-4cb9-8ff0-bd8f046d7a2d,Sport São Miguel,🏟️,0,0,0,0,0,0,0,50,2026-04-30 23:00:10.359841+00,1000000,t,64,Brasil
f22eb518-b130-4179-aa7d-7b205a0bde43,cddfbf08-059c-44b8-9ebb-d194b196f4c0,ffae1742-0a43-42ae-b0f6-9cc1f20114ec,União Boa Vista,🦅,0,0,0,0,0,0,0,50,2026-04-30 23:00:10.359841+00,1000000,t,67,Brasil
369f2452-998a-4e8b-a355-05146d1491b9,cddfbf08-059c-44b8-9ebb-d194b196f4c0,5bc539a4-32bd-443c-8036-2a6a3d94ae99,Real Alto da Serra,🐺,0,0,0,0,0,0,0,50,2026-04-30 23:00:10.359841+00,1000000,t,63,Brasil
d05101df-d4c1-4184-b4ec-b1b0a056cff8,cddfbf08-059c-44b8-9ebb-d194b196f4c0,fde697cc-e8b2-4cf0-8be9-970ed5e48ac8,Inter Morro Alto,🦁,0,0,0,0,0,0,0,50,2026-04-30 23:00:10.359841+00,1000000,t,68,Brasil
8ad554cc-88e8-4052-a734-89ad3ef7964b,cddfbf08-059c-44b8-9ebb-d194b196f4c0,9e7cb49e-be90-475c-8add-5c086db8400c,Nacional Ponta Grossa,🐂,0,0,0,0,0,0,0,50,2026-04-30 23:00:10.359841+00,1000000,t,56,Brasil
ce7b32ba-743b-41e3-bc94-7f2f7aefdd60,728269ef-e3d8-4905-b674-98488af2d22b,524be0bd-e2d8-4700-843e-cf0d77b24642,União Nova Esperança,⚽,0,0,0,0,0,0,0,50,2026-04-30 23:00:11.765034+00,1000000,t,68,Brasil
3d688c89-b997-4509-984a-e49de1cd18d0,728269ef-e3d8-4905-b674-98488af2d22b,225b6d1f-0354-4029-815c-14d974de8a13,Real Sol Nascente,🏟️,0,0,0,0,0,0,0,50,2026-04-30 23:00:11.765034+00,1000000,t,67,Brasil
5d9aa473-95b4-4c92-bba1-e84bcc6b636b,728269ef-e3d8-4905-b674-98488af2d22b,51a1ad34-00db-401b-a744-955e01f0ba55,Inter Vila Rica,🦅,0,0,0,0,0,0,0,50,2026-04-30 23:00:11.765034+00,1000000,t,64,Brasil
82b3fd40-1b83-4190-8f56-907ef60f2e67,728269ef-e3d8-4905-b674-98488af2d22b,4a7fe721-aa6c-4073-a9ba-1d2ef0e68919,Nacional Monte Azul,🐺,0,0,0,0,0,0,0,50,2026-04-30 23:00:11.765034+00,1000000,t,61,Brasil
d14177b5-6d7d-4d7b-818b-321de999b289,728269ef-e3d8-4905-b674-98488af2d22b,a25b0c4c-aca1-46e4-9a47-ee32912421a7,Sporting Rio Claro,🦁,0,0,0,0,0,0,0,50,2026-04-30 23:00:11.765034+00,1000000,t,69,Brasil
4618e453-ef8f-4870-9787-fc067415b8e2,728269ef-e3d8-4905-b674-98488af2d22b,a9e0f7b3-794a-44cf-9bc7-94bdf5628e94,Racing Campo Grande,🐂,0,0,0,0,0,0,0,50,2026-04-30 23:00:11.765034+00,1000000,t,67,Brasil
b0ed596d-2b36-4195-957a-b32992750e6a,728269ef-e3d8-4905-b674-98488af2d22b,65590a5c-30a5-4306-8726-eb96945efc52,Olimpia Serra Alta,🔴,0,0,0,0,0,0,0,50,2026-04-30 23:00:11.765034+00,1000000,t,66,Brasil
ce3650db-db65-448b-872c-0a5d4d1155fb,728269ef-e3d8-4905-b674-98488af2d22b,b8ae7d76-e1dd-4b2e-9065-31849e4e6d92,Estrela Vale Verde,🔵,0,0,0,0,0,0,0,50,2026-04-30 23:00:11.765034+00,1000000,t,64,Brasil
ec0148fa-44a1-499b-b8b7-c18d7f005934,728269ef-e3d8-4905-b674-98488af2d22b,cfed48e2-02b8-45a8-8f23-3402bb3e79ac,FC Pedra Branca,🟢,0,0,0,0,0,0,0,50,2026-04-30 23:00:11.765034+00,1000000,t,62,Brasil
836ab908-0fd7-4cb5-bbba-1c8e4b47e143,728269ef-e3d8-4905-b674-98488af2d22b,71b41f8f-6073-44de-a1a0-2146a3ca6458,SC Lagoa Santa,🟡,0,0,0,0,0,0,0,50,2026-04-30 23:00:11.765034+00,1000000,t,58,Brasil
1a8077e9-4dfa-4d0f-9556-a966effeb733,728269ef-e3d8-4905-b674-98488af2d22b,9acc15c2-7686-4e94-a8be-4ed3d96f3e59,AC Porto Alegre,⚫,0,0,0,0,0,0,0,50,2026-04-30 23:00:11.765034+00,1000000,t,65,Brasil
0b837e49-1980-4757-a779-2595115bdb85,55dc8197-afbc-40bf-a33c-96a06f361c8b,65c480af-f670-4609-99bc-cdb174f5c803,Clube Nova Esperança,⚽,0,0,0,0,0,0,0,50,2026-04-30 23:00:10.276525+00,1000000,t,79,Brasil
4b49ad7d-4e4f-4978-89df-630060415295,55dc8197-afbc-40bf-a33c-96a06f361c8b,832fd874-4ab8-4f94-b3e2-68dedcd8ad5d,Atlético Sol Nascente,🏟️,0,0,0,0,0,0,0,50,2026-04-30 23:00:10.276525+00,1000000,t,66,Brasil
bb183e94-bcb7-4253-8e48-ca49aa5154c0,55dc8197-afbc-40bf-a33c-96a06f361c8b,b4e572ed-f35a-40e8-a0f1-a4bda9bba247,Esporte Vila Rica,🦅,0,0,0,0,0,0,0,50,2026-04-30 23:00:10.276525+00,1000000,t,70,Brasil
b6462e58-4a05-48c0-bdc3-5fe4cdd386a0,55dc8197-afbc-40bf-a33c-96a06f361c8b,02c98000-443e-4dc1-a0d9-e189fddcec61,Sport Monte Azul,🐺,0,0,0,0,0,0,0,50,2026-04-30 23:00:10.276525+00,1000000,t,65,Brasil
e4aba5b7-6a5c-4fd1-9e52-8e020ea46b31,55dc8197-afbc-40bf-a33c-96a06f361c8b,ceacff68-95bd-4715-b19f-64992d335777,União Rio Claro,🦁,0,0,0,0,0,0,0,50,2026-04-30 23:00:10.276525+00,1000000,t,79,Brasil
2895b8d5-f76a-49ed-b7b2-71d3eb3ad955,55dc8197-afbc-40bf-a33c-96a06f361c8b,8f9cbfcd-2ad8-4d81-8bbb-6edc47bce003,Real Campo Grande,🐂,0,0,0,0,0,0,0,50,2026-04-30 23:00:10.276525+00,1000000,t,76,Brasil
a4dbf422-8ee3-4b7b-9251-e6f207ab8faa,55dc8197-afbc-40bf-a33c-96a06f361c8b,4c8f8cb5-1a26-447b-bd07-a84237ef2c6e,Inter Serra Alta,🔴,0,0,0,0,0,0,0,50,2026-04-30 23:00:10.276525+00,1000000,t,75,Brasil
01ed239f-250a-4ea0-87de-a2591212d42f,55dc8197-afbc-40bf-a33c-96a06f361c8b,9e34b808-4d3f-4e9b-a7c0-7a4b73826158,Nacional Vale Verde,🔵,0,0,0,0,0,0,0,50,2026-04-30 23:00:10.276525+00,1000000,t,76,Brasil
95d6e2aa-b80b-477b-b95c-85c13f478e88,55dc8197-afbc-40bf-a33c-96a06f361c8b,e222af9b-bcec-4d72-837a-1a53ab858540,Sporting Pedra Branca,🟢,0,0,0,0,0,0,0,50,2026-04-30 23:00:10.276525+00,1000000,t,68,Brasil
df315c05-e953-4b26-b354-c20bb57cae49,55dc8197-afbc-40bf-a33c-96a06f361c8b,f0cc0660-27cc-40b6-9db1-a7f890030baa,Racing Lagoa Santa,🟡,0,0,0,0,0,0,0,50,2026-04-30 23:00:10.276525+00,1000000,t,70,Brasil
76ae2b1d-c342-4a54-b584-1d0b767febfb,55dc8197-afbc-40bf-a33c-96a06f361c8b,81c5d102-aa5d-4b22-b769-2ef7bf986a0e,Olimpia Porto Alegre,⚫,0,0,0,0,0,0,0,50,2026-04-30 23:00:10.276525+00,1000000,t,67,Brasil
fcbb6ba3-bd85-4123-ab67-38ec6cbeac5d,55dc8197-afbc-40bf-a33c-96a06f361c8b,90de9ecb-3e07-443b-bb29-6c6475ce5843,Estrela Bela Vista,⚪,0,0,0,0,0,0,0,50,2026-04-30 23:00:10.276525+00,1000000,t,73,Brasil
52e3909b-c720-4396-9ffa-dcb8aea458d7,55dc8197-afbc-40bf-a33c-96a06f361c8b,66015f1d-77ac-441b-93f7-32bc6523abb2,FC Cruz Alta,🟣,0,0,0,0,0,0,0,50,2026-04-30 23:00:10.276525+00,1000000,t,73,Brasil
5ec8e02f-4cfb-4e09-8dfb-97b8d2d55dc3,55dc8197-afbc-40bf-a33c-96a06f361c8b,67e0fd73-ba44-4c59-85c9-e0130d528062,SC Santo Amaro,🟠,0,0,0,0,0,0,0,50,2026-04-30 23:00:10.276525+00,1000000,t,67,Brasil
23950a47-1018-4bcc-a494-38cc4bca434c,55dc8197-afbc-40bf-a33c-96a06f361c8b,fd623c1b-a9cf-440a-b9bf-5da6b0be448c,AC Jardim,⚽,0,0,0,0,0,0,0,50,2026-04-30 23:00:10.276525+00,1000000,t,69,Brasil
fe7d6dbd-0e58-4867-b274-a557176bda66,55dc8197-afbc-40bf-a33c-96a06f361c8b,5b1a7bd2-4483-4a71-ae45-4370bc6943a9,EC São Miguel,🏟️,0,0,0,0,0,0,0,50,2026-04-30 23:00:10.276525+00,1000000,t,69,Brasil
51e991db-796e-4950-afea-5d6ea85c7f42,55dc8197-afbc-40bf-a33c-96a06f361c8b,e0fff019-5b51-49fc-bd3b-536da0fa798e,Clube Boa Vista,🦅,0,0,0,0,0,0,0,50,2026-04-30 23:00:10.276525+00,1000000,t,74,Brasil
1b0a10b9-38be-4781-82c9-791d416ab52d,55dc8197-afbc-40bf-a33c-96a06f361c8b,fb9ba0dd-e351-490c-88da-8a8d9034db76,Atlético Alto da Serra,🐺,0,0,0,0,0,0,0,50,2026-04-30 23:00:10.276525+00,1000000,t,78,Brasil
0110dc6a-f4ac-4f6b-a377-ff04898ae52b,55dc8197-afbc-40bf-a33c-96a06f361c8b,e9866373-c544-43af-af6d-2b8e207bc634,Esporte Morro Alto,🦁,0,0,0,0,0,0,0,50,2026-04-30 23:00:10.276525+00,1000000,t,70,Brasil
d6caf9db-8732-4b17-8075-45b349523929,55dc8197-afbc-40bf-a33c-96a06f361c8b,c89ad29d-6c9b-4d61-967f-06211dce6efd,Sport Ponta Grossa,🐂,0,0,0,0,0,0,0,50,2026-04-30 23:00:10.276525+00,1000000,t,67,Brasil
8c5140f5-7976-4fe5-8785-e969c991ad5a,a0a69bbe-c258-4d39-907e-586bc7273994,440b961e-083b-435e-9034-1d982dad1636,FC Nova Esperança,⚽,0,0,0,0,0,0,0,50,2026-04-30 23:00:10.61396+00,1000000,t,88,Brasil
3bf5b8b6-061a-481b-a457-5f13652eeb26,a0a69bbe-c258-4d39-907e-586bc7273994,ffb0ac48-134f-440b-9a15-1c8d5f997685,SC Sol Nascente,🏟️,0,0,0,0,0,0,0,50,2026-04-30 23:00:10.61396+00,1000000,t,90,Brasil
08814080-a5e6-48a8-800d-a54100969afc,a0a69bbe-c258-4d39-907e-586bc7273994,2d9ff18d-762b-4188-ac87-d2418e45a7d5,AC Vila Rica,🦅,0,0,0,0,0,0,0,50,2026-04-30 23:00:10.61396+00,1000000,t,82,Brasil
b6b877c1-c9d8-43fc-9fd8-b92e8d35099e,a0a69bbe-c258-4d39-907e-586bc7273994,45308c56-6800-4f90-b7d6-ba6bd4d5a019,EC Monte Azul,🐺,0,0,0,0,0,0,0,50,2026-04-30 23:00:10.61396+00,1000000,t,79,Brasil
bb0fb5fe-d403-42d1-963b-084c8fb1c990,a0a69bbe-c258-4d39-907e-586bc7273994,499a74fc-f5a4-4d6d-9509-e4030613bd2c,Clube Rio Claro,🦁,0,0,0,0,0,0,0,50,2026-04-30 23:00:10.61396+00,1000000,t,84,Brasil
beb65ff5-699f-470e-b190-4644cfb0b9a0,a0a69bbe-c258-4d39-907e-586bc7273994,fdcb9073-631f-4843-be05-891ae41e7932,Atlético Campo Grande,🐂,0,0,0,0,0,0,0,50,2026-04-30 23:00:10.61396+00,1000000,t,79,Brasil
4c4f3b86-9ffc-4171-a42c-3479972e9f7b,a0a69bbe-c258-4d39-907e-586bc7273994,e765f9eb-3905-438b-bde8-8ffd514eda5a,Esporte Serra Alta,🔴,0,0,0,0,0,0,0,50,2026-04-30 23:00:10.61396+00,1000000,t,88,Brasil
3c63c127-38fd-4858-81b6-4c4cea2c77cc,a0a69bbe-c258-4d39-907e-586bc7273994,bfa992eb-83d1-463b-94cf-acb8527e11aa,Sport Vale Verde,🔵,0,0,0,0,0,0,0,50,2026-04-30 23:00:10.61396+00,1000000,t,88,Brasil
649293a5-c208-4d2f-9b10-bdf930b8aec2,a0a69bbe-c258-4d39-907e-586bc7273994,6735e8e5-7b41-4cc9-8e94-a581bc82074c,União Pedra Branca,🟢,0,0,0,0,0,0,0,50,2026-04-30 23:00:10.61396+00,1000000,t,76,Brasil
d771fdcb-94ca-4c37-9615-e30fecd5a2e1,a0a69bbe-c258-4d39-907e-586bc7273994,8954f36f-e695-4d64-aad2-1ae975eec20c,Real Lagoa Santa,🟡,0,0,0,0,0,0,0,50,2026-04-30 23:00:10.61396+00,1000000,t,89,Brasil
68439266-57e8-445e-9e85-25f4e19d491c,a0a69bbe-c258-4d39-907e-586bc7273994,2a965682-4328-48dc-adf2-22d354ae1148,Inter Porto Alegre,⚫,0,0,0,0,0,0,0,50,2026-04-30 23:00:10.61396+00,1000000,t,86,Brasil
9ebc96db-17be-4e6e-afaa-e4c5ea92453a,a0a69bbe-c258-4d39-907e-586bc7273994,f8237917-d2b6-4654-bd48-eabe8cf3dc5a,Nacional Bela Vista,⚪,0,0,0,0,0,0,0,50,2026-04-30 23:00:10.61396+00,1000000,t,88,Brasil
9da233c2-c9ef-4136-bee5-40bfa4365626,a0a69bbe-c258-4d39-907e-586bc7273994,36071ed7-8667-4b62-b4d6-eb3a0dddbc56,Sporting Cruz Alta,🟣,0,0,0,0,0,0,0,50,2026-04-30 23:00:10.61396+00,1000000,t,80,Brasil
67a2f88a-7a70-447b-b351-50717b421ede,a0a69bbe-c258-4d39-907e-586bc7273994,7b20810c-ea42-42e7-a62b-492b10ea345f,Racing Santo Amaro,🟠,0,0,0,0,0,0,0,50,2026-04-30 23:00:10.61396+00,1000000,t,75,Brasil
72c8704d-d229-4d5e-a486-3ab0f6f5561a,a0a69bbe-c258-4d39-907e-586bc7273994,f6ab339b-9e04-47f8-a4c4-9ac31a29c811,Olimpia Jardim,⚽,0,0,0,0,0,0,0,50,2026-04-30 23:00:10.61396+00,1000000,t,87,Brasil
4dab13d5-c3d7-4f69-9f33-1a31a97b4d55,a0a69bbe-c258-4d39-907e-586bc7273994,b1eecdb4-0762-439a-ab06-a7c8f6b15de5,Estrela São Miguel,🏟️,0,0,0,0,0,0,0,50,2026-04-30 23:00:10.61396+00,1000000,t,86,Brasil
192048d3-ce39-46a8-a0e8-b5195c01ba61,a0a69bbe-c258-4d39-907e-586bc7273994,532d9a2b-c651-47fe-8043-18fec721a56e,FC Boa Vista,🦅,0,0,0,0,0,0,0,50,2026-04-30 23:00:10.61396+00,1000000,t,80,Brasil
752080fe-596c-42f3-9ff5-238ccb7e7838,a0a69bbe-c258-4d39-907e-586bc7273994,9db7e1b7-ca68-46c5-acb9-de4534ed03b0,SC Alto da Serra,🐺,0,0,0,0,0,0,0,50,2026-04-30 23:00:10.61396+00,1000000,t,75,Brasil
7d6e36c2-3554-48cf-8640-9a725158e817,a0a69bbe-c258-4d39-907e-586bc7273994,4cae57e0-73bf-45db-931e-2675299b3a2e,AC Morro Alto,🦁,0,0,0,0,0,0,0,50,2026-04-30 23:00:10.61396+00,1000000,t,78,Brasil
d973334a-8dc4-4027-ba1f-7d2e054a105c,a0a69bbe-c258-4d39-907e-586bc7273994,2cd204d4-8cb9-444d-bc41-34d69ea3ddae,EC Ponta Grossa,🐂,0,0,0,0,0,0,0,50,2026-04-30 23:00:10.61396+00,1000000,t,78,Brasil
44217f9c-4fdc-44a8-855d-43035859125f,a0ea6e4f-9a45-490d-8cb6-f1515ffce41a,dd90b321-3bef-4518-abf7-fce962368e4d,Sporting Nova Esperança,⚽,0,0,0,0,0,0,0,50,2026-04-30 23:00:11.837467+00,1000000,t,59,Brasil
7b9c386c-3cd1-4999-9fec-482cf30eca88,a0ea6e4f-9a45-490d-8cb6-f1515ffce41a,2159bb90-e582-4022-901b-14db24d671ce,Racing Sol Nascente,🏟️,0,0,0,0,0,0,0,50,2026-04-30 23:00:11.837467+00,1000000,t,59,Brasil
410ea4ed-a55d-4f98-b86b-30b7e0d4d1fe,a0ea6e4f-9a45-490d-8cb6-f1515ffce41a,cce73cb2-a21d-4399-99a4-0df33d500bb1,Olimpia Vila Rica,🦅,0,0,0,0,0,0,0,50,2026-04-30 23:00:11.837467+00,1000000,t,45,Brasil
5c2596a6-d35c-4980-9305-4ef3b962f804,a0ea6e4f-9a45-490d-8cb6-f1515ffce41a,907df31e-adbe-4f47-8270-3055ca96ac5f,Estrela Monte Azul,🐺,0,0,0,0,0,0,0,50,2026-04-30 23:00:11.837467+00,1000000,t,55,Brasil
2e303c96-3551-4fa0-95c5-882cd4674416,a0ea6e4f-9a45-490d-8cb6-f1515ffce41a,37ac1e70-9dc2-467f-b70f-ff20a5a8287a,FC Rio Claro,🦁,0,0,0,0,0,0,0,50,2026-04-30 23:00:11.837467+00,1000000,t,55,Brasil
29362db1-fe5a-45fe-a665-c14813c1febc,a0ea6e4f-9a45-490d-8cb6-f1515ffce41a,5bbc0644-c1c3-4de9-83f9-077392fa07b4,SC Campo Grande,🐂,0,0,0,0,0,0,0,50,2026-04-30 23:00:11.837467+00,1000000,t,53,Brasil
a197ff66-5f53-4343-a598-273fd5db814f,a0ea6e4f-9a45-490d-8cb6-f1515ffce41a,a80b689b-deae-4ac8-b558-953b60c130d6,AC Serra Alta,🔴,0,0,0,0,0,0,0,50,2026-04-30 23:00:11.837467+00,1000000,t,58,Brasil
399eb836-8854-44b9-9636-ffcf1469c521,a0ea6e4f-9a45-490d-8cb6-f1515ffce41a,428131ff-f9ba-4690-8f96-dacf2e1ff44e,EC Vale Verde,🔵,0,0,0,0,0,0,0,50,2026-04-30 23:00:11.837467+00,1000000,t,55,Brasil
07babec0-7e35-4a8b-8851-364e0f58a325,a0ea6e4f-9a45-490d-8cb6-f1515ffce41a,7c7291d1-c098-42ec-94a0-355b5bab3330,Clube Pedra Branca,🟢,0,0,0,0,0,0,0,50,2026-04-30 23:00:11.837467+00,1000000,t,58,Brasil
e55c2d7d-c674-41c0-aea4-a4cfdf52a2fa,a0ea6e4f-9a45-490d-8cb6-f1515ffce41a,2fff1cd6-e38a-4943-80f2-fee4ec9879c3,Atlético Lagoa Santa,🟡,0,0,0,0,0,0,0,50,2026-04-30 23:00:11.837467+00,1000000,t,60,Brasil
9eeb9d43-7e57-44dd-b336-5b0bc504d4a8,a0ea6e4f-9a45-490d-8cb6-f1515ffce41a,3971273b-c99c-454b-b5f8-90c337ff5d72,Esporte Porto Alegre,⚫,0,0,0,0,0,0,0,50,2026-04-30 23:00:11.837467+00,1000000,t,51,Brasil
4cca1136-df76-4a61-b795-e23edf44348b,068c8aef-0cf2-4f57-a71b-19d770c58feb,36e52af0-a98c-4ca8-9c7b-86f5daaeaf78,Clube Nova Esperança,⚽,0,0,0,0,0,0,0,50,2026-04-30 23:00:10.691856+00,1000000,t,69,Brasil
c724343a-86c4-4cef-a196-e2582184f97b,068c8aef-0cf2-4f57-a71b-19d770c58feb,3a2639be-14fd-4753-99ac-038c74b00a0f,Atlético Sol Nascente,🏟️,0,0,0,0,0,0,0,50,2026-04-30 23:00:10.691856+00,1000000,t,68,Brasil
47be9fe1-0e95-4e17-bd80-af36a0818ada,068c8aef-0cf2-4f57-a71b-19d770c58feb,090e419b-f215-44b5-8371-04f4ad8c01c2,Esporte Vila Rica,🦅,0,0,0,0,0,0,0,50,2026-04-30 23:00:10.691856+00,1000000,t,69,Brasil
77f3a107-9dc9-4116-acda-1d5d250600bc,068c8aef-0cf2-4f57-a71b-19d770c58feb,2e2b2525-7968-4034-a6f8-dde89d535b05,Sport Monte Azul,🐺,0,0,0,0,0,0,0,50,2026-04-30 23:00:10.691856+00,1000000,t,79,Brasil
d07a34ca-fb17-4372-a14d-3bad5f6f08b4,068c8aef-0cf2-4f57-a71b-19d770c58feb,58cb8b3e-f6f3-4f3b-9618-90caf631a94e,União Rio Claro,🦁,0,0,0,0,0,0,0,50,2026-04-30 23:00:10.691856+00,1000000,t,78,Brasil
36329f85-32fe-43fa-baef-decb441cb467,068c8aef-0cf2-4f57-a71b-19d770c58feb,14069cb1-01fe-484d-8908-52e8213982d6,Real Campo Grande,🐂,0,0,0,0,0,0,0,50,2026-04-30 23:00:10.691856+00,1000000,t,71,Brasil
4e910238-01c6-4283-9897-fd3ba0303c0c,068c8aef-0cf2-4f57-a71b-19d770c58feb,a0672e0e-692d-4a4a-bc06-6147a89db56a,Inter Serra Alta,🔴,0,0,0,0,0,0,0,50,2026-04-30 23:00:10.691856+00,1000000,t,74,Brasil
ab9e3222-fb44-4f87-9179-965c7ef85edb,068c8aef-0cf2-4f57-a71b-19d770c58feb,3ec536de-2b91-43ce-a16e-70e8a3917791,Nacional Vale Verde,🔵,0,0,0,0,0,0,0,50,2026-04-30 23:00:10.691856+00,1000000,t,74,Brasil
ed1f832c-7e28-4070-b969-5bdbd7892a0a,068c8aef-0cf2-4f57-a71b-19d770c58feb,29c219aa-3eeb-497b-b619-aa6c6a87a8bf,Sporting Pedra Branca,🟢,0,0,0,0,0,0,0,50,2026-04-30 23:00:10.691856+00,1000000,t,79,Brasil
79141775-19fb-4cdb-ba32-515efdc2da81,068c8aef-0cf2-4f57-a71b-19d770c58feb,ca1989ca-6321-4884-8897-820bbd5992d1,Racing Lagoa Santa,🟡,0,0,0,0,0,0,0,50,2026-04-30 23:00:10.691856+00,1000000,t,70,Brasil
fe53d4df-ce9e-44fa-bcab-c2bb25b8c91c,068c8aef-0cf2-4f57-a71b-19d770c58feb,d277e4a0-6321-413e-a7df-9148b3e28e09,Olimpia Porto Alegre,⚫,0,0,0,0,0,0,0,50,2026-04-30 23:00:10.691856+00,1000000,t,73,Brasil
c23e30df-fcc2-48fe-9e5d-0e9884c43e50,068c8aef-0cf2-4f57-a71b-19d770c58feb,ecaa3c8f-3c02-4b0f-b84c-689d97649774,Estrela Bela Vista,⚪,0,0,0,0,0,0,0,50,2026-04-30 23:00:10.691856+00,1000000,t,65,Brasil
d21a0ba8-4661-4dd4-8e47-56535c001730,068c8aef-0cf2-4f57-a71b-19d770c58feb,11822819-1b6c-4cd4-b41e-930eb9a55697,FC Cruz Alta,🟣,0,0,0,0,0,0,0,50,2026-04-30 23:00:10.691856+00,1000000,t,75,Brasil
cf3a7ca2-55bb-492f-bd37-32137210735f,068c8aef-0cf2-4f57-a71b-19d770c58feb,7dc690fe-d439-4949-a806-784c6148b5f0,SC Santo Amaro,🟠,0,0,0,0,0,0,0,50,2026-04-30 23:00:10.691856+00,1000000,t,66,Brasil
cd966e61-88d1-43da-9832-7b9315cc6a7d,068c8aef-0cf2-4f57-a71b-19d770c58feb,6617e740-3124-4d7d-b099-cc3ed7bf045d,AC Jardim,⚽,0,0,0,0,0,0,0,50,2026-04-30 23:00:10.691856+00,1000000,t,73,Brasil
d256abf1-b2a4-4efa-b82e-7b6ea4d5fee7,068c8aef-0cf2-4f57-a71b-19d770c58feb,987e9018-bb29-4896-8858-56ff48ebdfb9,EC São Miguel,🏟️,0,0,0,0,0,0,0,50,2026-04-30 23:00:10.691856+00,1000000,t,79,Brasil
d10c8f7c-2cf8-41b1-8326-a57df919694d,068c8aef-0cf2-4f57-a71b-19d770c58feb,aa1fa50f-f169-49ab-8411-a97d7bfdc510,Clube Boa Vista,🦅,0,0,0,0,0,0,0,50,2026-04-30 23:00:10.691856+00,1000000,t,76,Brasil
2d65fb63-1746-4a00-aea2-c05445982bdb,068c8aef-0cf2-4f57-a71b-19d770c58feb,e18c6242-dd07-4218-b0ca-2d2b1f24ae74,Atlético Alto da Serra,🐺,0,0,0,0,0,0,0,50,2026-04-30 23:00:10.691856+00,1000000,t,72,Brasil
fa414249-2ccf-44b2-bfe1-870a4dd76f07,068c8aef-0cf2-4f57-a71b-19d770c58feb,944f3f7d-3370-4524-a130-36eed68cfd7b,Esporte Morro Alto,🦁,0,0,0,0,0,0,0,50,2026-04-30 23:00:10.691856+00,1000000,t,68,Brasil
30ba8c4c-f2a4-4edc-8b3b-ee64c607d999,068c8aef-0cf2-4f57-a71b-19d770c58feb,dbaaa8f4-73de-475e-8498-1b946c4dacc0,Sport Ponta Grossa,🐂,0,0,0,0,0,0,0,50,2026-04-30 23:00:10.691856+00,1000000,t,71,Brasil
332a718c-8c33-4080-a9d9-6239c01460b9,0eab617c-2cf3-4cc6-80a1-afa6ae9715cb,65b389ca-bc73-4801-84b2-ac033d858fae,Sporting Nova Esperança,⚽,0,0,0,0,0,0,0,50,2026-04-30 23:00:11.425042+00,1000000,t,56,Brasil
c1e28e15-3d1a-480c-ba32-e1b0cea8fa5e,0eab617c-2cf3-4cc6-80a1-afa6ae9715cb,895ed0b6-25e1-4cb6-a1f9-efc3109a58f4,Racing Sol Nascente,🏟️,0,0,0,0,0,0,0,50,2026-04-30 23:00:11.425042+00,1000000,t,49,Brasil
e32b2c4c-2564-46e5-99a5-f78fc5635540,0eab617c-2cf3-4cc6-80a1-afa6ae9715cb,db650792-6313-42bd-a392-47b24a97cb86,Olimpia Vila Rica,🦅,0,0,0,0,0,0,0,50,2026-04-30 23:00:11.425042+00,1000000,t,57,Brasil
919452de-2142-4890-885e-b23aa14209df,0eab617c-2cf3-4cc6-80a1-afa6ae9715cb,447112e8-6cf9-4c73-a0c8-0aed820ce540,Estrela Monte Azul,🐺,0,0,0,0,0,0,0,50,2026-04-30 23:00:11.425042+00,1000000,t,46,Brasil
eb8e1f74-88b1-4434-a31e-55868510a9df,0eab617c-2cf3-4cc6-80a1-afa6ae9715cb,5c4b30ae-72ea-4815-b993-94772415ef58,FC Rio Claro,🦁,0,0,0,0,0,0,0,50,2026-04-30 23:00:11.425042+00,1000000,t,46,Brasil
44988a03-b69a-4d72-8b81-c4452e961216,0eab617c-2cf3-4cc6-80a1-afa6ae9715cb,095f8cd3-5eaf-4504-978a-685cd0a18dca,SC Campo Grande,🐂,0,0,0,0,0,0,0,50,2026-04-30 23:00:11.425042+00,1000000,t,60,Brasil
d5b4abee-7733-423a-8c07-8942231234fc,0eab617c-2cf3-4cc6-80a1-afa6ae9715cb,b2468201-d88e-4fdb-b550-b239fbcbe3e7,AC Serra Alta,🔴,0,0,0,0,0,0,0,50,2026-04-30 23:00:11.425042+00,1000000,t,52,Brasil
65e63247-bb5a-4bc2-9cea-12137c478668,0eab617c-2cf3-4cc6-80a1-afa6ae9715cb,70c2f998-bbc5-485f-82f0-58d4d2486572,EC Vale Verde,🔵,0,0,0,0,0,0,0,50,2026-04-30 23:00:11.425042+00,1000000,t,49,Brasil
6fe8392a-c70c-485d-a811-35d918e8eb13,0eab617c-2cf3-4cc6-80a1-afa6ae9715cb,2b6a19b1-c175-41a4-90ac-c79c5e449427,Clube Pedra Branca,🟢,0,0,0,0,0,0,0,50,2026-04-30 23:00:11.425042+00,1000000,t,52,Brasil
064f530f-a3d5-4a3b-8182-282ae3bce767,0eab617c-2cf3-4cc6-80a1-afa6ae9715cb,45628203-23ae-4aab-95b3-e72d71cd3f56,Atlético Lagoa Santa,🟡,0,0,0,0,0,0,0,50,2026-04-30 23:00:11.425042+00,1000000,t,54,Brasil
ff1da3d8-e147-45f4-b715-58d28b8b8b97,0eab617c-2cf3-4cc6-80a1-afa6ae9715cb,af5f3921-650e-4948-8596-0d8b1259b84b,Esporte Porto Alegre,⚫,0,0,0,0,0,0,0,50,2026-04-30 23:00:11.425042+00,1000000,t,49,Brasil
f65965e0-941a-405c-9744-84e3aec91cd6,0eab617c-2cf3-4cc6-80a1-afa6ae9715cb,f00c0f39-7b82-49a7-9ec8-62827378c0f2,Sport Bela Vista,⚪,0,0,0,0,0,0,0,50,2026-04-30 23:00:11.425042+00,1000000,t,51,Brasil
993266c2-7127-48f1-9970-5f6e1c6cf6f0,0eab617c-2cf3-4cc6-80a1-afa6ae9715cb,0b46098a-78bd-4515-a1d3-7fc1deacacbc,União Cruz Alta,🟣,0,0,0,0,0,0,0,50,2026-04-30 23:00:11.425042+00,1000000,t,53,Brasil
33bbcae2-2d73-4fac-bd5a-8c33696d9a50,0eab617c-2cf3-4cc6-80a1-afa6ae9715cb,1837bd64-649f-4ae9-8c90-320c6ed72c5f,Real Santo Amaro,🟠,0,0,0,0,0,0,0,50,2026-04-30 23:00:11.425042+00,1000000,t,52,Brasil
abe76d60-d79f-4b74-bda6-a866cd650916,0eab617c-2cf3-4cc6-80a1-afa6ae9715cb,361d4861-52ee-425d-bd20-6e11662a17d1,Inter Jardim,⚽,0,0,0,0,0,0,0,50,2026-04-30 23:00:11.425042+00,1000000,t,57,Brasil
813cf80e-360d-4471-814b-a26623fb8e2e,0eab617c-2cf3-4cc6-80a1-afa6ae9715cb,eff27d8a-afa9-4b0d-9251-d315b1028249,Nacional São Miguel,🏟️,0,0,0,0,0,0,0,50,2026-04-30 23:00:11.425042+00,1000000,t,55,Brasil
410c0c56-3ea6-412d-9114-8d85b229c64c,0eab617c-2cf3-4cc6-80a1-afa6ae9715cb,2f29c0e9-f56a-4c61-95d3-026387033b31,Sporting Boa Vista,🦅,0,0,0,0,0,0,0,50,2026-04-30 23:00:11.425042+00,1000000,t,47,Brasil
7f5cc4fe-d75b-4ed0-bfc3-3e41d34c4125,0eab617c-2cf3-4cc6-80a1-afa6ae9715cb,930ce66e-ee33-4d4e-bddb-71da919f5d2b,Racing Alto da Serra,🐺,0,0,0,0,0,0,0,50,2026-04-30 23:00:11.425042+00,1000000,t,54,Brasil
8550050a-9bd1-47c6-b207-c30532a9c1b3,0eab617c-2cf3-4cc6-80a1-afa6ae9715cb,030b7945-ca37-4683-bb98-692ad4eb3d3a,Olimpia Morro Alto,🦁,0,0,0,0,0,0,0,50,2026-04-30 23:00:11.425042+00,1000000,t,52,Brasil
33e1d7cb-bc1a-4af6-b9f9-bedd70253603,0eab617c-2cf3-4cc6-80a1-afa6ae9715cb,0c9abad2-dfc5-4eef-986c-bebcad42e8e6,Estrela Ponta Grossa,🐂,0,0,0,0,0,0,0,50,2026-04-30 23:00:11.425042+00,1000000,t,59,Brasil
4e99a3cc-43a7-42e3-b605-17a01c383cda,1d7248e7-ee42-4838-8d06-3941772df4e2,b031753d-c354-4754-bc1f-d56ca79d4f17,FC Nova Esperança,⚽,0,0,0,0,0,0,0,50,2026-04-30 23:00:12.023944+00,1000000,t,76,Brasil
2130ecf7-475c-4c17-aae9-ce069b4fce13,1d7248e7-ee42-4838-8d06-3941772df4e2,3020b627-9a94-4d67-8c3d-1ca9961bd610,SC Sol Nascente,🏟️,0,0,0,0,0,0,0,50,2026-04-30 23:00:12.023944+00,1000000,t,77,Brasil
2990bf75-a9ba-488c-98c5-545cb29a9069,1d7248e7-ee42-4838-8d06-3941772df4e2,36b7f1c1-be33-4044-b0f4-44822439d227,AC Vila Rica,🦅,0,0,0,0,0,0,0,50,2026-04-30 23:00:12.023944+00,1000000,t,78,Brasil
0fa86eb9-7ac0-4e27-81db-f644f959c24e,1d7248e7-ee42-4838-8d06-3941772df4e2,63b5622e-1333-4687-84c3-aaec5e3458f0,EC Monte Azul,🐺,0,0,0,0,0,0,0,50,2026-04-30 23:00:12.023944+00,1000000,t,89,Brasil
d72b823f-3050-4fbe-a489-4b1533444f98,1d7248e7-ee42-4838-8d06-3941772df4e2,8031a7a2-52c4-4387-aadf-19acb2906d6e,Clube Rio Claro,🦁,0,0,0,0,0,0,0,50,2026-04-30 23:00:12.023944+00,1000000,t,79,Brasil
16183c7a-51d5-49cc-82e4-63757be1dfa7,1d7248e7-ee42-4838-8d06-3941772df4e2,81790a99-82c1-4891-b35d-a531e87894ea,Atlético Campo Grande,🐂,0,0,0,0,0,0,0,50,2026-04-30 23:00:12.023944+00,1000000,t,78,Brasil
5c069a47-cd51-4e68-abbe-e6fcf7da48b2,1d7248e7-ee42-4838-8d06-3941772df4e2,bb0903c2-97c0-4e58-a42e-92471718a8f9,Esporte Serra Alta,🔴,0,0,0,0,0,0,0,50,2026-04-30 23:00:12.023944+00,1000000,t,83,Brasil
11fee17f-e171-4572-8492-bb224eaef655,1d7248e7-ee42-4838-8d06-3941772df4e2,e00718bb-ebc4-4466-8409-691045bed2af,Sport Vale Verde,🔵,0,0,0,0,0,0,0,50,2026-04-30 23:00:12.023944+00,1000000,t,86,Brasil
68ec3879-e955-4c81-bfd2-572cd8da5b04,1d7248e7-ee42-4838-8d06-3941772df4e2,a85bf734-77a4-4a1f-a14b-be9df57100fc,União Pedra Branca,🟢,0,0,0,0,0,0,0,50,2026-04-30 23:00:12.023944+00,1000000,t,79,Brasil
e83060b2-1b48-4fab-b589-2822ed752f2d,1d7248e7-ee42-4838-8d06-3941772df4e2,6d6c2b1d-43ef-4f53-a33d-b941d9214a5c,Real Lagoa Santa,🟡,0,0,0,0,0,0,0,50,2026-04-30 23:00:12.023944+00,1000000,t,81,Brasil
2e4dce81-7827-43a3-885e-e2532be26def,1d7248e7-ee42-4838-8d06-3941772df4e2,76651741-3182-45ec-99d1-bdb5d5489702,Inter Porto Alegre,⚫,0,0,0,0,0,0,0,50,2026-04-30 23:00:12.023944+00,1000000,t,75,Brasil
0ca91c27-a2e4-4fa3-b489-53a529a76e2e,4c89b2d9-c12e-4078-a42a-6ef328f0ee96,7e333eb2-e930-4322-a284-031c31624bbf,União Nova Esperança,⚽,0,0,0,0,0,0,0,50,2026-04-30 23:00:10.773886+00,1000000,t,68,Brasil
6a427a83-7cec-45ff-aec6-195f3e6d89ac,4c89b2d9-c12e-4078-a42a-6ef328f0ee96,90695d07-d7a5-4c96-9c7f-ec4673922632,Real Sol Nascente,🏟️,0,0,0,0,0,0,0,50,2026-04-30 23:00:10.773886+00,1000000,t,67,Brasil
d00bb1c3-cf93-456a-bdb5-c897b114bb4f,4c89b2d9-c12e-4078-a42a-6ef328f0ee96,93952444-3978-4c96-841a-4180c5726a9e,Inter Vila Rica,🦅,0,0,0,0,0,0,0,50,2026-04-30 23:00:10.773886+00,1000000,t,64,Brasil
d57f1188-f4c7-47fe-93ff-d5d03b539ab6,4c89b2d9-c12e-4078-a42a-6ef328f0ee96,11380e12-aca9-4d63-a9f6-0af6949bd3ed,Nacional Monte Azul,🐺,0,0,0,0,0,0,0,50,2026-04-30 23:00:10.773886+00,1000000,t,59,Brasil
8d3d7848-0589-4e80-a7e4-a783f2d9e086,4c89b2d9-c12e-4078-a42a-6ef328f0ee96,56337318-5908-4c20-a615-2b3a7d3a0624,Sporting Rio Claro,🦁,0,0,0,0,0,0,0,50,2026-04-30 23:00:10.773886+00,1000000,t,60,Brasil
aea8daa0-c4f2-4b4a-b80f-eb762bf67c4c,4c89b2d9-c12e-4078-a42a-6ef328f0ee96,db0956e2-6f23-415f-8ea7-61b2e70662ce,Racing Campo Grande,🐂,0,0,0,0,0,0,0,50,2026-04-30 23:00:10.773886+00,1000000,t,64,Brasil
53d3514f-5700-4e19-bea7-b2dd5f051e19,4c89b2d9-c12e-4078-a42a-6ef328f0ee96,2ba8609d-6a0f-49f8-b603-ed2bb8f24fc1,Olimpia Serra Alta,🔴,0,0,0,0,0,0,0,50,2026-04-30 23:00:10.773886+00,1000000,t,56,Brasil
62fd4075-e96a-4d3d-a72d-e71270b7914e,4c89b2d9-c12e-4078-a42a-6ef328f0ee96,e68861c5-a66c-4474-903c-d2fba56dac7f,Estrela Vale Verde,🔵,0,0,0,0,0,0,0,50,2026-04-30 23:00:10.773886+00,1000000,t,69,Brasil
c11ca261-4fd8-477c-ae23-e00f6a6a3e1a,4c89b2d9-c12e-4078-a42a-6ef328f0ee96,fc154a11-a89c-4420-8cf8-ec284f3d020a,FC Pedra Branca,🟢,0,0,0,0,0,0,0,50,2026-04-30 23:00:10.773886+00,1000000,t,56,Brasil
917c27e7-f623-4f49-8acc-e036cf8627c9,4c89b2d9-c12e-4078-a42a-6ef328f0ee96,71403667-34cf-4930-a297-f9bd4d23baa6,SC Lagoa Santa,🟡,0,0,0,0,0,0,0,50,2026-04-30 23:00:10.773886+00,1000000,t,70,Brasil
be89255f-f341-49cf-ac57-50cb421ba52e,4c89b2d9-c12e-4078-a42a-6ef328f0ee96,bf1749e6-7b20-4e03-8908-c86db0f30cd0,AC Porto Alegre,⚫,0,0,0,0,0,0,0,50,2026-04-30 23:00:10.773886+00,1000000,t,68,Brasil
65dac94a-bd7d-4d3b-9deb-19b184cafa2a,4c89b2d9-c12e-4078-a42a-6ef328f0ee96,be91b7e9-424b-484f-98b5-b33362e92934,EC Bela Vista,⚪,0,0,0,0,0,0,0,50,2026-04-30 23:00:10.773886+00,1000000,t,60,Brasil
044b231d-6cb4-44f7-bf24-66c27ab29ac5,4c89b2d9-c12e-4078-a42a-6ef328f0ee96,5c518a23-3150-48e4-9af6-0e65cb4f5690,Clube Cruz Alta,🟣,0,0,0,0,0,0,0,50,2026-04-30 23:00:10.773886+00,1000000,t,70,Brasil
7de9f77f-07f4-4a85-a7e8-de69f426c1af,4c89b2d9-c12e-4078-a42a-6ef328f0ee96,6fad1338-5329-4e69-a8a0-f84dcd1b7c04,Atlético Santo Amaro,🟠,0,0,0,0,0,0,0,50,2026-04-30 23:00:10.773886+00,1000000,t,59,Brasil
e45f0be2-5e4c-4088-98a9-c1ca717c1ea7,4c89b2d9-c12e-4078-a42a-6ef328f0ee96,7e31ed77-abac-4292-ad21-1be1c0a730ba,Esporte Jardim,⚽,0,0,0,0,0,0,0,50,2026-04-30 23:00:10.773886+00,1000000,t,61,Brasil
24d3620e-51ec-4a1f-ab46-43ec68e29562,4c89b2d9-c12e-4078-a42a-6ef328f0ee96,6d433b74-4f22-4f39-a1c5-d86aace2c60a,Sport São Miguel,🏟️,0,0,0,0,0,0,0,50,2026-04-30 23:00:10.773886+00,1000000,t,55,Brasil
cc8bd262-afa3-4bbf-b3ce-e0dde9b387d2,4c89b2d9-c12e-4078-a42a-6ef328f0ee96,14d8cf01-ecf6-41ef-b2ef-8a5a784cf703,União Boa Vista,🦅,0,0,0,0,0,0,0,50,2026-04-30 23:00:10.773886+00,1000000,t,58,Brasil
29a84810-1dcb-44e2-a053-5c0bac1fa61a,4c89b2d9-c12e-4078-a42a-6ef328f0ee96,157e25a4-9bcf-4ee3-b0c6-fe2e7a1f315d,Real Alto da Serra,🐺,0,0,0,0,0,0,0,50,2026-04-30 23:00:10.773886+00,1000000,t,69,Brasil
ec77b128-a17d-4758-be55-28733fc8bc39,4c89b2d9-c12e-4078-a42a-6ef328f0ee96,6dadde74-481c-4bc6-ab7b-39512a724f92,Inter Morro Alto,🦁,0,0,0,0,0,0,0,50,2026-04-30 23:00:10.773886+00,1000000,t,60,Brasil
cca81154-d03b-447d-a957-2cb9a18146bc,4c89b2d9-c12e-4078-a42a-6ef328f0ee96,56b92164-98f7-408f-b576-c8d17fa52aaf,Nacional Ponta Grossa,🐂,0,0,0,0,0,0,0,50,2026-04-30 23:00:10.773886+00,1000000,t,60,Brasil
fb5360a0-6b01-4139-becb-39a5a9e214a3,50b9e3c1-055e-49a0-9a2d-5938c643163a,2d869d6b-a304-4214-b519-d66dd18c82ec,União Nova Esperança,⚽,0,0,0,0,0,0,0,50,2026-04-30 23:00:11.320637+00,1000000,t,67,Brasil
51aabbd5-9cbc-4700-bc23-cb25b23816df,50b9e3c1-055e-49a0-9a2d-5938c643163a,baf92d00-ff1e-44e9-89c0-b570dbcc9ec9,Real Sol Nascente,🏟️,0,0,0,0,0,0,0,50,2026-04-30 23:00:11.320637+00,1000000,t,65,Brasil
eec35caf-60df-4ecc-977b-e7687a04c80f,50b9e3c1-055e-49a0-9a2d-5938c643163a,b5a91e19-a98c-4842-a288-75dcceb337d3,Inter Vila Rica,🦅,0,0,0,0,0,0,0,50,2026-04-30 23:00:11.320637+00,1000000,t,59,Brasil
b50e178a-c8fe-40ea-86c6-eb0615cc8a1d,50b9e3c1-055e-49a0-9a2d-5938c643163a,15515b75-22cc-4701-a0ed-77ea80bee7be,Nacional Monte Azul,🐺,0,0,0,0,0,0,0,50,2026-04-30 23:00:11.320637+00,1000000,t,55,Brasil
2f0390fc-e6f1-4d1f-baef-c05b8c946dd6,50b9e3c1-055e-49a0-9a2d-5938c643163a,3ef2cea3-e955-482c-8681-c45e106f3e75,Sporting Rio Claro,🦁,0,0,0,0,0,0,0,50,2026-04-30 23:00:11.320637+00,1000000,t,69,Brasil
303441f6-6cd4-4d22-b148-8a0bdb8cfa13,50b9e3c1-055e-49a0-9a2d-5938c643163a,9ed2e6f0-a952-4446-8c00-1255da938dc3,Racing Campo Grande,🐂,0,0,0,0,0,0,0,50,2026-04-30 23:00:11.320637+00,1000000,t,58,Brasil
93096553-d3da-410c-9a51-a4d2a6e963be,50b9e3c1-055e-49a0-9a2d-5938c643163a,0db35159-9540-484b-be81-e74362eef213,Olimpia Serra Alta,🔴,0,0,0,0,0,0,0,50,2026-04-30 23:00:11.320637+00,1000000,t,67,Brasil
9f3d73f9-d5a9-4701-8c02-12d1470ac0db,50b9e3c1-055e-49a0-9a2d-5938c643163a,e3f70ece-cdbf-43e6-857b-012a3d341d41,Estrela Vale Verde,🔵,0,0,0,0,0,0,0,50,2026-04-30 23:00:11.320637+00,1000000,t,69,Brasil
465f4f6e-725d-495e-82c7-6b47b9d255cd,50b9e3c1-055e-49a0-9a2d-5938c643163a,2af55ffb-3159-4f4e-8e14-75644d05b6de,FC Pedra Branca,🟢,0,0,0,0,0,0,0,50,2026-04-30 23:00:11.320637+00,1000000,t,59,Brasil
95c93360-0c7f-4d88-bdbc-ffb72cc9b561,50b9e3c1-055e-49a0-9a2d-5938c643163a,1670a745-1115-4917-9b50-b7fd6f945e4f,SC Lagoa Santa,🟡,0,0,0,0,0,0,0,50,2026-04-30 23:00:11.320637+00,1000000,t,62,Brasil
54234a8f-3d34-4348-850d-3f3be967a998,50b9e3c1-055e-49a0-9a2d-5938c643163a,9568febb-f84a-4b67-a0dc-a61645e208f3,AC Porto Alegre,⚫,0,0,0,0,0,0,0,50,2026-04-30 23:00:11.320637+00,1000000,t,58,Brasil
ccefb829-ebba-40bf-a499-a0e93a58e9f0,50b9e3c1-055e-49a0-9a2d-5938c643163a,36102b96-39c8-4558-995e-d285aeb98562,EC Bela Vista,⚪,0,0,0,0,0,0,0,50,2026-04-30 23:00:11.320637+00,1000000,t,64,Brasil
9122c5ff-b8d2-4474-a1f3-0f442704144f,50b9e3c1-055e-49a0-9a2d-5938c643163a,33a861bf-9b83-426b-bbc3-3a2fae08d361,Clube Cruz Alta,🟣,0,0,0,0,0,0,0,50,2026-04-30 23:00:11.320637+00,1000000,t,65,Brasil
f87fa96e-d099-41f9-bb7c-90c98f504165,50b9e3c1-055e-49a0-9a2d-5938c643163a,256abf42-ace3-4574-bee8-998db7298d18,Atlético Santo Amaro,🟠,0,0,0,0,0,0,0,50,2026-04-30 23:00:11.320637+00,1000000,t,70,Brasil
3a0419da-deb0-44f7-9d4a-d0b188ed80ab,50b9e3c1-055e-49a0-9a2d-5938c643163a,07aa972c-a5bf-4092-b3a5-e09313845d4d,Esporte Jardim,⚽,0,0,0,0,0,0,0,50,2026-04-30 23:00:11.320637+00,1000000,t,67,Brasil
27b36a68-ac85-4df1-b5fa-275f36d87834,50b9e3c1-055e-49a0-9a2d-5938c643163a,7b5d8886-04e9-4fcb-b2a6-56ddf1a113ea,Sport São Miguel,🏟️,0,0,0,0,0,0,0,50,2026-04-30 23:00:11.320637+00,1000000,t,62,Brasil
a9e3c36a-aa38-46e0-85a3-cc7da94904b3,50b9e3c1-055e-49a0-9a2d-5938c643163a,94f764b3-f9a9-4660-8920-96f493178013,União Boa Vista,🦅,0,0,0,0,0,0,0,50,2026-04-30 23:00:11.320637+00,1000000,t,70,Brasil
5df0858b-60ee-4355-a1ea-e64039d1e417,50b9e3c1-055e-49a0-9a2d-5938c643163a,11b7e3e1-0d16-4b88-91cb-adeefd6439cc,Real Alto da Serra,🐺,0,0,0,0,0,0,0,50,2026-04-30 23:00:11.320637+00,1000000,t,57,Brasil
337dff6f-8716-4e4a-ba2e-b4cac2722fb4,50b9e3c1-055e-49a0-9a2d-5938c643163a,8e471a79-a998-4295-9fc2-b4ba55d118ca,Inter Morro Alto,🦁,0,0,0,0,0,0,0,50,2026-04-30 23:00:11.320637+00,1000000,t,66,Brasil
bc7e6379-e4d4-4cd5-acf1-255605b0f238,50b9e3c1-055e-49a0-9a2d-5938c643163a,8e1abd5f-13d7-4d7e-9a8b-c2cd1f9ddb71,Nacional Ponta Grossa,🐂,0,0,0,0,0,0,0,50,2026-04-30 23:00:11.320637+00,1000000,t,62,Brasil
b8857e6d-be53-40f0-87a5-e450de4370de,303100dd-29f1-472c-bda6-aafc5f0007c5,96bba3eb-b9da-44a3-86cc-37c94b79c826,Sporting Nova Esperança,⚽,0,0,0,0,0,0,0,50,2026-04-30 23:00:12.245822+00,1000000,t,57,Brasil
5f680d3d-298e-4aae-8f46-7433271208dd,303100dd-29f1-472c-bda6-aafc5f0007c5,aa98f27a-152a-4cea-9e60-d8d25739b896,Racing Sol Nascente,🏟️,0,0,0,0,0,0,0,50,2026-04-30 23:00:12.245822+00,1000000,t,57,Brasil
984796ff-abbc-4b67-8a3e-d741e1fbff7c,303100dd-29f1-472c-bda6-aafc5f0007c5,6a9dafed-9acf-43ce-b65a-7b4d1b2c1a36,Olimpia Vila Rica,🦅,0,0,0,0,0,0,0,50,2026-04-30 23:00:12.245822+00,1000000,t,50,Brasil
6b3ec8bb-e782-44de-b705-fbd3ff6a3d78,303100dd-29f1-472c-bda6-aafc5f0007c5,f0b716f3-d6a9-4d06-9d89-67a582a02c60,Estrela Monte Azul,🐺,0,0,0,0,0,0,0,50,2026-04-30 23:00:12.245822+00,1000000,t,59,Brasil
fae0772a-ca05-4c89-b9a7-efa196c5d092,303100dd-29f1-472c-bda6-aafc5f0007c5,b6e2a3a0-5904-45cf-8ddc-90027915e66d,FC Rio Claro,🦁,0,0,0,0,0,0,0,50,2026-04-30 23:00:12.245822+00,1000000,t,53,Brasil
894cc651-c6b9-4ed0-a11d-5d7bb9598611,303100dd-29f1-472c-bda6-aafc5f0007c5,c6e2bf30-1bfa-4d33-a67a-b281a464cb35,SC Campo Grande,🐂,0,0,0,0,0,0,0,50,2026-04-30 23:00:12.245822+00,1000000,t,58,Brasil
184dbbb7-24e1-435e-9f40-e052b1d96091,303100dd-29f1-472c-bda6-aafc5f0007c5,28706709-9a2e-4268-8d94-ca8e51056567,AC Serra Alta,🔴,0,0,0,0,0,0,0,50,2026-04-30 23:00:12.245822+00,1000000,t,45,Brasil
304234be-1c33-4612-9b6f-5ab6181655c8,303100dd-29f1-472c-bda6-aafc5f0007c5,460755c7-c466-47d6-833c-c2b2726029d0,EC Vale Verde,🔵,0,0,0,0,0,0,0,50,2026-04-30 23:00:12.245822+00,1000000,t,58,Brasil
9cb06e26-5f6f-461f-8526-93b40e4816d1,303100dd-29f1-472c-bda6-aafc5f0007c5,487aea1b-5d13-4221-9200-a8ab73ee7c8e,Clube Pedra Branca,🟢,0,0,0,0,0,0,0,50,2026-04-30 23:00:12.245822+00,1000000,t,51,Brasil
e3df73f3-0867-4651-ac75-aebe0fa8b1bf,303100dd-29f1-472c-bda6-aafc5f0007c5,9a3a785a-ca8b-4a41-9b9c-d2155c64f902,Atlético Lagoa Santa,🟡,0,0,0,0,0,0,0,50,2026-04-30 23:00:12.245822+00,1000000,t,50,Brasil
7316546f-8e4c-4b33-9e75-b48910f6d111,303100dd-29f1-472c-bda6-aafc5f0007c5,4cd50aa3-b047-4d8a-ba4e-8ce4b42ff024,Esporte Porto Alegre,⚫,0,0,0,0,0,0,0,50,2026-04-30 23:00:12.245822+00,1000000,t,48,Brasil
a6e17e71-70d5-461d-a7d6-6e6f045e2834,7f4a4e21-20d8-4f8b-9692-d1abfd3b77e1,76cc7ac5-4e25-4c34-9c0a-f684d667af7b,Sport Bela Vista,⚪,0,0,0,0,0,0,0,50,2026-04-30 23:00:10.859295+00,1000000,t,55,Brasil
216c86a3-6284-4f67-ab00-7158b55fad62,7f4a4e21-20d8-4f8b-9692-d1abfd3b77e1,a1b193de-cd27-4190-aa26-ed0d81f39994,União Cruz Alta,🟣,0,0,0,0,0,0,0,50,2026-04-30 23:00:10.859295+00,1000000,t,47,Brasil
2e55f855-64ea-44fb-8834-28cd4de68c94,7f4a4e21-20d8-4f8b-9692-d1abfd3b77e1,1d0c29e4-3742-47a7-8c38-9e188283ac37,Real Santo Amaro,🟠,0,0,0,0,0,0,0,50,2026-04-30 23:00:10.859295+00,1000000,t,60,Brasil
ee9c5c75-314e-4ff8-b545-e0b476d505f4,7f4a4e21-20d8-4f8b-9692-d1abfd3b77e1,d91c25d9-e259-4584-88fb-407c7efe2b55,Inter Jardim,⚽,0,0,0,0,0,0,0,50,2026-04-30 23:00:10.859295+00,1000000,t,55,Brasil
736ab10e-81e2-49e8-a201-2df459384951,7f4a4e21-20d8-4f8b-9692-d1abfd3b77e1,20f5c1dc-14fe-46fe-8bd7-7fbcb20f2ddd,Nacional São Miguel,🏟️,0,0,0,0,0,0,0,50,2026-04-30 23:00:10.859295+00,1000000,t,49,Brasil
e4211497-8881-4da9-9697-810896b148e1,7f4a4e21-20d8-4f8b-9692-d1abfd3b77e1,357368ef-8004-4fad-beed-1efca748abda,Sporting Boa Vista,🦅,0,0,0,0,0,0,0,50,2026-04-30 23:00:10.859295+00,1000000,t,56,Brasil
432724c5-649d-434c-bc8e-51577502369b,7f4a4e21-20d8-4f8b-9692-d1abfd3b77e1,c29fe19c-5d85-4b15-945f-c7991a751227,Racing Alto da Serra,🐺,0,0,0,0,0,0,0,50,2026-04-30 23:00:10.859295+00,1000000,t,60,Brasil
18b6d32d-abce-4e94-b24e-61630b569a54,7f4a4e21-20d8-4f8b-9692-d1abfd3b77e1,03b223d0-3244-4a91-81f4-5c782b94e1e8,Olimpia Morro Alto,🦁,0,0,0,0,0,0,0,50,2026-04-30 23:00:10.859295+00,1000000,t,47,Brasil
d10c573e-c9ec-48b1-a660-cd355602c961,7f4a4e21-20d8-4f8b-9692-d1abfd3b77e1,97105148-1f83-4998-878e-dbdcb0ca12e6,Estrela Ponta Grossa,🐂,0,0,0,0,0,0,0,50,2026-04-30 23:00:10.859295+00,1000000,t,59,Brasil
13778c44-6b42-436c-85b1-87488a0d3fff,37f0f7a4-f9b9-4556-8273-454ed5f20129,1bad5540-fac2-4cda-885f-8a07a4d97755,Clube Nova Esperança,⚽,0,0,0,0,0,0,0,50,2026-04-30 23:00:12.555094+00,1000000,t,76,Brasil
77eebd04-5e31-491b-888e-7f0a5d6a2a92,37f0f7a4-f9b9-4556-8273-454ed5f20129,604bf4d5-46d3-491b-aef7-d302da8d28ab,Atlético Sol Nascente,🏟️,0,0,0,0,0,0,0,50,2026-04-30 23:00:12.555094+00,1000000,t,78,Brasil
4686acc3-99ff-4e97-827a-48323524c377,37f0f7a4-f9b9-4556-8273-454ed5f20129,6a3addef-d5aa-4542-8dd5-4cbf07d1c0ae,Esporte Vila Rica,🦅,0,0,0,0,0,0,0,50,2026-04-30 23:00:12.555094+00,1000000,t,70,Brasil
8c77e58b-e1cb-4dec-b252-ce48eef30e34,37f0f7a4-f9b9-4556-8273-454ed5f20129,9d764922-4664-4340-a4e1-01d20d60f3a0,Sport Monte Azul,🐺,0,0,0,0,0,0,0,50,2026-04-30 23:00:12.555094+00,1000000,t,75,Brasil
c16c6422-58c2-44c1-a82d-710ead1c2fc0,37f0f7a4-f9b9-4556-8273-454ed5f20129,88834812-b165-4de9-8f10-3a8cdd56d110,União Rio Claro,🦁,0,0,0,0,0,0,0,50,2026-04-30 23:00:12.555094+00,1000000,t,76,Brasil
e560c269-e3db-48e0-8f20-f6795dcf025f,37f0f7a4-f9b9-4556-8273-454ed5f20129,60cf9b46-395b-4c99-9f99-3379039a2c97,Real Campo Grande,🐂,0,0,0,0,0,0,0,50,2026-04-30 23:00:12.555094+00,1000000,t,71,Brasil
a3e3c147-33c7-4936-a480-b3165cf8d645,37f0f7a4-f9b9-4556-8273-454ed5f20129,86cd108a-d1b4-4e87-b837-8491ffc755cd,Inter Serra Alta,🔴,0,0,0,0,0,0,0,50,2026-04-30 23:00:12.555094+00,1000000,t,65,Brasil
ff84c199-c161-4e72-a63e-bdb89c8486c1,37f0f7a4-f9b9-4556-8273-454ed5f20129,2a6f8812-5df8-426f-b163-2f255487853a,Nacional Vale Verde,🔵,0,0,0,0,0,0,0,50,2026-04-30 23:00:12.555094+00,1000000,t,78,Brasil
c0e441d4-4038-4a71-98ae-6fdba6fd1d4e,37f0f7a4-f9b9-4556-8273-454ed5f20129,17c4d11b-ba8b-44e0-8e55-0c2c31afb479,Sporting Pedra Branca,🟢,0,0,0,0,0,0,0,50,2026-04-30 23:00:12.555094+00,1000000,t,66,Brasil
2e1ff044-40f5-4602-ad80-a32346e60107,37f0f7a4-f9b9-4556-8273-454ed5f20129,52ddae2a-f713-4d59-9944-68d173ee244d,Racing Lagoa Santa,🟡,0,0,0,0,0,0,0,50,2026-04-30 23:00:12.555094+00,1000000,t,77,Brasil
474ad40a-61fb-4286-9cbe-19b6aa6765fe,37f0f7a4-f9b9-4556-8273-454ed5f20129,153d9ebd-427f-45b8-8f85-aac7dfb8793a,Olimpia Porto Alegre,⚫,0,0,0,0,0,0,0,50,2026-04-30 23:00:12.555094+00,1000000,t,75,Brasil
f260de4f-1151-4566-98b0-8ee5c7325618,37f0f7a4-f9b9-4556-8273-454ed5f20129,3f767bee-51e6-4bb1-a52c-01477623b9d2,Estrela Bela Vista,⚪,0,0,0,0,0,0,0,50,2026-04-30 23:00:12.555094+00,1000000,t,78,Brasil
f01bb39d-4cfd-47c3-9217-d27d1af50a1f,37f0f7a4-f9b9-4556-8273-454ed5f20129,69b75a03-ef36-431e-8194-40db9b6ca3f1,FC Cruz Alta,🟣,0,0,0,0,0,0,0,50,2026-04-30 23:00:12.555094+00,1000000,t,72,Brasil
24f87dac-e9f7-424e-8dc1-3fa6541ee05d,37f0f7a4-f9b9-4556-8273-454ed5f20129,686b1c1e-08d9-4f62-a875-9ee831eb400b,SC Santo Amaro,🟠,0,0,0,0,0,0,0,50,2026-04-30 23:00:12.555094+00,1000000,t,73,Brasil
a5ebc603-7c59-43a5-82f2-26db43db0e37,37f0f7a4-f9b9-4556-8273-454ed5f20129,3398cc32-2a13-4d58-8e79-597cc7e31e43,AC Jardim,⚽,0,0,0,0,0,0,0,50,2026-04-30 23:00:12.555094+00,1000000,t,65,Brasil
a546df07-adbd-401a-808f-25845352a3ca,37f0f7a4-f9b9-4556-8273-454ed5f20129,79d53135-929b-4d16-83ce-c2eb9e0b29b9,EC São Miguel,🏟️,0,0,0,0,0,0,0,50,2026-04-30 23:00:12.555094+00,1000000,t,80,Brasil
5cf17643-0824-49db-99cf-a015f08dff54,37f0f7a4-f9b9-4556-8273-454ed5f20129,05958a33-327c-46f6-9e11-0082ec4a3d82,Clube Boa Vista,🦅,0,0,0,0,0,0,0,50,2026-04-30 23:00:12.555094+00,1000000,t,68,Brasil
fa2b869b-3815-47f6-912c-25258a3ea233,37f0f7a4-f9b9-4556-8273-454ed5f20129,ed0b88ee-3694-4442-b96d-8827209908b5,Atlético Alto da Serra,🐺,0,0,0,0,0,0,0,50,2026-04-30 23:00:12.555094+00,1000000,t,74,Brasil
5d0e5df8-51ac-4dc9-b7a6-e0e9fd76e7a7,37f0f7a4-f9b9-4556-8273-454ed5f20129,b265754c-3f1a-45d6-8ff7-97e4e4b66e4e,Esporte Morro Alto,🦁,0,0,0,0,0,0,0,50,2026-04-30 23:00:12.555094+00,1000000,t,79,Brasil
93e42f5c-9e1e-4b33-b014-70b3530c54ec,37f0f7a4-f9b9-4556-8273-454ed5f20129,fce79df5-c7d4-4abc-8d88-64f64985ecd2,Sport Ponta Grossa,🐂,0,0,0,0,0,0,0,50,2026-04-30 23:00:12.555094+00,1000000,t,67,Brasil
e7fcf994-41eb-499c-99a7-712911a0085b,8754a802-b224-4997-8e51-74e7d9d86710,1949e570-4c2b-4085-b1b3-1905c6e04bea,Sporting Nova Esperança,⚽,0,0,0,0,0,0,0,50,2026-04-30 23:00:12.705357+00,1000000,t,47,Brasil
1a887282-1c8f-4add-9e6a-681a6756b401,8754a802-b224-4997-8e51-74e7d9d86710,b7ddad51-dc71-45f7-a970-709d4db06a99,Racing Sol Nascente,🏟️,0,0,0,0,0,0,0,50,2026-04-30 23:00:12.705357+00,1000000,t,56,Brasil
0d3dbffa-56da-4d44-9e80-95a80c3c6414,8754a802-b224-4997-8e51-74e7d9d86710,5e84ea6e-103c-4bb2-a71c-89938050fdd8,Olimpia Vila Rica,🦅,0,0,0,0,0,0,0,50,2026-04-30 23:00:12.705357+00,1000000,t,56,Brasil
9195b3c9-31e3-4d46-b819-a5701c59b8cb,8754a802-b224-4997-8e51-74e7d9d86710,cb60b9d7-f321-411a-97f0-c59419439531,Estrela Monte Azul,🐺,0,0,0,0,0,0,0,50,2026-04-30 23:00:12.705357+00,1000000,t,60,Brasil
3e73d351-92ee-42c0-9d42-99411d7c8733,8754a802-b224-4997-8e51-74e7d9d86710,ce18a16a-8062-4f62-8c56-3fc875edc401,FC Rio Claro,🦁,0,0,0,0,0,0,0,50,2026-04-30 23:00:12.705357+00,1000000,t,47,Brasil
537b2a3b-59a9-4158-b91a-0368bedcdffb,8754a802-b224-4997-8e51-74e7d9d86710,88cae387-21c6-4312-a3bd-83161977b1ad,SC Campo Grande,🐂,0,0,0,0,0,0,0,50,2026-04-30 23:00:12.705357+00,1000000,t,55,Brasil
c85c931e-b884-4ef7-a2fa-e7e3cb934da9,8754a802-b224-4997-8e51-74e7d9d86710,2bc330c9-62cd-4fae-9db8-e31725db192d,AC Serra Alta,🔴,0,0,0,0,0,0,0,50,2026-04-30 23:00:12.705357+00,1000000,t,55,Brasil
bbad020e-6df1-4306-9b75-06ed9ce4ed3b,8754a802-b224-4997-8e51-74e7d9d86710,7f9b7a90-5dca-42df-8b25-9cd65aded46c,EC Vale Verde,🔵,0,0,0,0,0,0,0,50,2026-04-30 23:00:12.705357+00,1000000,t,58,Brasil
bda0dad0-b990-4d2d-b6f2-b585e58b3adf,8754a802-b224-4997-8e51-74e7d9d86710,12abec9f-c95c-405a-8bda-ce816b636930,Clube Pedra Branca,🟢,0,0,0,0,0,0,0,50,2026-04-30 23:00:12.705357+00,1000000,t,48,Brasil
330a7960-0fed-48bf-9c20-bb748f1f0f00,8754a802-b224-4997-8e51-74e7d9d86710,aa7e3b59-7d84-4a82-8951-38e357556160,Atlético Lagoa Santa,🟡,0,0,0,0,0,0,0,50,2026-04-30 23:00:12.705357+00,1000000,t,57,Brasil
0fe03432-88d0-4027-b6d1-d8d741c51b67,8754a802-b224-4997-8e51-74e7d9d86710,a43d5c7e-5ec5-4d0b-b206-07c0bf87cfb4,Esporte Porto Alegre,⚫,0,0,0,0,0,0,0,50,2026-04-30 23:00:12.705357+00,1000000,t,49,Brasil
137d5d6b-d088-40cd-88a2-774f98bef1ab,8754a802-b224-4997-8e51-74e7d9d86710,f1bf6526-b8be-471f-bd34-3dad14309794,Sport Bela Vista,⚪,0,0,0,0,0,0,0,50,2026-04-30 23:00:12.705357+00,1000000,t,55,Brasil
64bff78d-4563-4cce-9b9e-e50f6a226240,8754a802-b224-4997-8e51-74e7d9d86710,1a35365c-2b7c-4e1a-8054-5e20dd1ea6d6,União Cruz Alta,🟣,0,0,0,0,0,0,0,50,2026-04-30 23:00:12.705357+00,1000000,t,56,Brasil
0818c9e6-c71f-4906-95a8-22b0ff43fc14,8754a802-b224-4997-8e51-74e7d9d86710,c27dce64-a3e7-4aed-862c-6bf4d79e2a6c,Real Santo Amaro,🟠,0,0,0,0,0,0,0,50,2026-04-30 23:00:12.705357+00,1000000,t,57,Brasil
1413e5b5-abee-440c-aa48-8cce6b5164f2,8754a802-b224-4997-8e51-74e7d9d86710,92ea5631-b05d-4f74-bd5a-39d199bcd23f,Inter Jardim,⚽,0,0,0,0,0,0,0,50,2026-04-30 23:00:12.705357+00,1000000,t,53,Brasil
19023d1d-18e2-4332-a90a-c1295c4d66a2,8754a802-b224-4997-8e51-74e7d9d86710,45dd3dc0-9c06-4e74-adcf-c6204fb3e98f,Nacional São Miguel,🏟️,0,0,0,0,0,0,0,50,2026-04-30 23:00:12.705357+00,1000000,t,45,Brasil
bd5be821-f39d-4bb9-b25b-abcabc9b2e79,8754a802-b224-4997-8e51-74e7d9d86710,ca052d58-5087-42ba-b66e-fe67ddb47d15,Sporting Boa Vista,🦅,0,0,0,0,0,0,0,50,2026-04-30 23:00:12.705357+00,1000000,t,59,Brasil
ea2eefeb-e6c9-404f-be7c-b94d35e57ebb,8754a802-b224-4997-8e51-74e7d9d86710,388ce805-9a93-433e-bb97-62e477739b71,Racing Alto da Serra,🐺,0,0,0,0,0,0,0,50,2026-04-30 23:00:12.705357+00,1000000,t,50,Brasil
6e4fcb05-b701-4fbd-a23f-6896c8554181,8754a802-b224-4997-8e51-74e7d9d86710,065814d6-ea4d-46b4-9a9b-71bc52b6996f,Olimpia Morro Alto,🦁,0,0,0,0,0,0,0,50,2026-04-30 23:00:12.705357+00,1000000,t,56,Brasil
e7b64c0f-df0e-44f2-ad47-7fb291d8c7db,8754a802-b224-4997-8e51-74e7d9d86710,20ec2406-5e4d-4baa-a239-05aabd4fafa4,Estrela Ponta Grossa,🐂,0,0,0,0,0,0,0,50,2026-04-30 23:00:12.705357+00,1000000,t,49,Brasil
b711d690-c9e6-471e-acb6-9e35cea25bb3,7139416f-ee31-42df-ba9b-7326358d1dd1,23bbcd8c-8b93-4f9f-a854-56470f42db67,Clube Nova Esperança,⚽,0,0,0,0,0,0,0,50,2026-04-30 23:00:13.73545+00,1000000,t,68,Brasil
3ae9c151-ddff-4b5e-83f0-42f9cd07af05,7139416f-ee31-42df-ba9b-7326358d1dd1,d5bd5f32-86ae-4ff6-9153-8bf94723917b,Atlético Sol Nascente,🏟️,0,0,0,0,0,0,0,50,2026-04-30 23:00:13.73545+00,1000000,t,77,Brasil
17e1b66b-5e45-4441-95ab-7ae47acf3222,a9c6cdda-055e-48c2-b428-0c0809b3eac2,9ce93c86-efde-45df-b2ff-82936d7cf57f,Estrela Bela Vista,⚪,0,0,0,0,0,0,0,50,2026-04-30 23:00:11.228315+00,1000000,t,74,Brasil
56c3346d-9e28-4baf-adff-07b638f28d5e,a9c6cdda-055e-48c2-b428-0c0809b3eac2,ba26b937-8c55-4667-9fb4-b88bbf65c698,FC Cruz Alta,🟣,0,0,0,0,0,0,0,50,2026-04-30 23:00:11.228315+00,1000000,t,73,Brasil
be9c0c19-1f5b-4b9f-94f7-2c288e930c8d,a9c6cdda-055e-48c2-b428-0c0809b3eac2,ed73c2c9-eb40-401e-8914-37a078d6fa3e,SC Santo Amaro,🟠,0,0,0,0,0,0,0,50,2026-04-30 23:00:11.228315+00,1000000,t,73,Brasil
79f77807-1ec9-433a-b16c-a60d96d0c43c,a9c6cdda-055e-48c2-b428-0c0809b3eac2,0236f70d-896e-497b-bc3d-443829ebe65a,AC Jardim,⚽,0,0,0,0,0,0,0,50,2026-04-30 23:00:11.228315+00,1000000,t,67,Brasil
db4c8683-033e-41c1-8fa5-d9ed8da43838,a9c6cdda-055e-48c2-b428-0c0809b3eac2,f834f9e1-74ef-450c-a228-12e2c9e4b03f,EC São Miguel,🏟️,0,0,0,0,0,0,0,50,2026-04-30 23:00:11.228315+00,1000000,t,76,Brasil
e0b7e9e7-5ff5-446c-8c62-cc3779623dce,a9c6cdda-055e-48c2-b428-0c0809b3eac2,8bdea091-98d3-4d7a-899e-33f0958450eb,Clube Boa Vista,🦅,0,0,0,0,0,0,0,50,2026-04-30 23:00:11.228315+00,1000000,t,74,Brasil
e1f185f2-1a7c-4198-8f6e-c4ea905cdad7,a9c6cdda-055e-48c2-b428-0c0809b3eac2,910fc7b3-d218-46fc-b2cd-8783467d9c56,Atlético Alto da Serra,🐺,0,0,0,0,0,0,0,50,2026-04-30 23:00:11.228315+00,1000000,t,66,Brasil
93dc6b63-364b-4a32-a121-d4641fe0a14c,a9c6cdda-055e-48c2-b428-0c0809b3eac2,cf153bf1-8699-459d-99b9-d9ebed2f075e,Esporte Morro Alto,🦁,0,0,0,0,0,0,0,50,2026-04-30 23:00:11.228315+00,1000000,t,77,Brasil
e86ff421-0193-4b9f-bd06-69d04605b35f,a9c6cdda-055e-48c2-b428-0c0809b3eac2,8875e396-3628-4e16-b5d0-67a22f309466,Sport Ponta Grossa,🐂,0,0,0,0,0,0,0,50,2026-04-30 23:00:11.228315+00,1000000,t,74,Brasil
fbf90daf-b07c-4f06-8f57-e8585eed668b,cada9739-1297-4c37-b278-cc30bc615d78,ef28921e-5a3b-4abe-8d57-352f7a3c021b,Clube Nova Esperança,⚽,0,0,0,0,0,0,0,50,2026-04-30 23:00:15.838332+00,1000000,t,69,Brasil
49cbc023-436e-49f2-b213-de9176c61c15,cada9739-1297-4c37-b278-cc30bc615d78,67537ef3-cc72-412a-bd9a-fd4e803c83a7,Atlético Sol Nascente,🏟️,0,0,0,0,0,0,0,50,2026-04-30 23:00:15.838332+00,1000000,t,67,Brasil
d92e6b67-85a0-432c-a071-feefb328ee5c,cada9739-1297-4c37-b278-cc30bc615d78,4822e9b9-a05b-44d4-94a2-88dd1a3ea699,Esporte Vila Rica,🦅,0,0,0,0,0,0,0,50,2026-04-30 23:00:15.838332+00,1000000,t,67,Brasil
5972896a-4cca-41d3-a6a0-c56e15930b78,cada9739-1297-4c37-b278-cc30bc615d78,dc66a8db-099a-446f-806b-2e499db299f8,Sport Monte Azul,🐺,0,0,0,0,0,0,0,50,2026-04-30 23:00:15.838332+00,1000000,t,66,Brasil
2901c3be-4fdc-4586-8a32-2dfa32bd4baa,cada9739-1297-4c37-b278-cc30bc615d78,121d8996-8dc0-4cd1-9442-56d98c190a5b,União Rio Claro,🦁,0,0,0,0,0,0,0,50,2026-04-30 23:00:15.838332+00,1000000,t,72,Brasil
43b3820d-1f18-46f3-acd1-abc50c68f8f7,cada9739-1297-4c37-b278-cc30bc615d78,06334908-2fd5-4932-aad8-8c6a58442735,Real Campo Grande,🐂,0,0,0,0,0,0,0,50,2026-04-30 23:00:15.838332+00,1000000,t,66,Brasil
949874b1-4ca9-4fc3-b37a-5b3f75d6cd41,cada9739-1297-4c37-b278-cc30bc615d78,9d43ea2e-2215-4b4d-8927-686fd23c313f,Inter Serra Alta,🔴,0,0,0,0,0,0,0,50,2026-04-30 23:00:15.838332+00,1000000,t,65,Brasil
df5dc623-0353-449b-86c2-b353b918db9f,cada9739-1297-4c37-b278-cc30bc615d78,cc76f279-e033-4306-b63b-f9f9dd2d5135,Nacional Vale Verde,🔵,0,0,0,0,0,0,0,50,2026-04-30 23:00:15.838332+00,1000000,t,65,Brasil
bd46c9a8-5e1b-4c69-a807-fb4d7c920804,cada9739-1297-4c37-b278-cc30bc615d78,0d5b9455-e227-44d3-9dc3-492cee4c9d14,Sporting Pedra Branca,🟢,0,0,0,0,0,0,0,50,2026-04-30 23:00:15.838332+00,1000000,t,80,Brasil
ebb315ff-7267-4b70-a743-ff93acadff79,cada9739-1297-4c37-b278-cc30bc615d78,d9967c6a-abd0-4b28-b092-cef49cd0da15,Racing Lagoa Santa,🟡,0,0,0,0,0,0,0,50,2026-04-30 23:00:15.838332+00,1000000,t,79,Brasil
50b299c5-0bdd-40f5-bb8a-1d94d3c4c8ab,cada9739-1297-4c37-b278-cc30bc615d78,76aba2e9-e521-473e-b9c8-d10a17e7a02d,Olimpia Porto Alegre,⚫,0,0,0,0,0,0,0,50,2026-04-30 23:00:15.838332+00,1000000,t,74,Brasil
274e95c5-222a-424a-91dc-fa68a22b51eb,cada9739-1297-4c37-b278-cc30bc615d78,d134ff1a-82a0-4cb3-a59a-7a193d69cb9b,Estrela Bela Vista,⚪,0,0,0,0,0,0,0,50,2026-04-30 23:00:15.838332+00,1000000,t,75,Brasil
4aac52b7-cc41-4568-bb4d-ae34b67c59ff,cada9739-1297-4c37-b278-cc30bc615d78,1a81f142-34a4-4ad3-b956-a4b2f24ad32b,FC Cruz Alta,🟣,0,0,0,0,0,0,0,50,2026-04-30 23:00:15.838332+00,1000000,t,79,Brasil
971f029c-5320-476a-9e78-26dbacac072a,cada9739-1297-4c37-b278-cc30bc615d78,1f875a05-88ed-4eb7-8e0e-c7bb3c89a373,SC Santo Amaro,🟠,0,0,0,0,0,0,0,50,2026-04-30 23:00:15.838332+00,1000000,t,68,Brasil
ee905032-8ad3-47cc-a179-63a3178835be,cada9739-1297-4c37-b278-cc30bc615d78,becd16f1-e5d8-42ee-a861-72c35abe2314,AC Jardim,⚽,0,0,0,0,0,0,0,50,2026-04-30 23:00:15.838332+00,1000000,t,66,Brasil
17d2c907-fb32-4663-9359-b8903c7c3b97,cada9739-1297-4c37-b278-cc30bc615d78,95185c34-d8e5-4bd4-a1ac-1f11e49165d9,EC São Miguel,🏟️,0,0,0,0,0,0,0,50,2026-04-30 23:00:15.838332+00,1000000,t,77,Brasil
5eb4197d-1ac1-4631-b62a-c6ab489b365d,cada9739-1297-4c37-b278-cc30bc615d78,edf57931-116a-4717-a33c-68893fc25890,Clube Boa Vista,🦅,0,0,0,0,0,0,0,50,2026-04-30 23:00:15.838332+00,1000000,t,80,Brasil
919156a2-fe3c-46bd-847c-1542e5b4e39d,cada9739-1297-4c37-b278-cc30bc615d78,cc1cd800-6bd3-4051-bef5-6acf944fc999,Atlético Alto da Serra,🐺,0,0,0,0,0,0,0,50,2026-04-30 23:00:15.838332+00,1000000,t,66,Brasil
bf70850c-5a0c-4d5d-a25c-a14702f8210d,cada9739-1297-4c37-b278-cc30bc615d78,63776b2c-75c8-4654-85ba-248daaa6bff4,Esporte Morro Alto,🦁,0,0,0,0,0,0,0,50,2026-04-30 23:00:15.838332+00,1000000,t,69,Brasil
48e2e7c9-fde0-4e1a-989e-f33e083a257a,cada9739-1297-4c37-b278-cc30bc615d78,f6930da0-c33d-41d5-813b-61fe4cab1d50,Sport Ponta Grossa,🐂,0,0,0,0,0,0,0,50,2026-04-30 23:00:15.838332+00,1000000,t,70,Brasil
71777b5f-ce53-4997-801a-c4d1046a5c63,1a80ddbc-9ed6-4f1d-9e69-6367571aad18,9cadf2af-6c8e-4ac1-9da8-fb3647550ef0,Sporting Nova Esperança,⚽,0,0,0,0,0,0,0,50,2026-04-30 23:00:15.984258+00,1000000,t,48,Brasil
d6d7a3c1-bc01-4b64-b272-c4cb122ce002,1a80ddbc-9ed6-4f1d-9e69-6367571aad18,2b61eaa0-cf62-45fa-ae8e-69672138105a,Racing Sol Nascente,🏟️,0,0,0,0,0,0,0,50,2026-04-30 23:00:15.984258+00,1000000,t,47,Brasil
ffcc027b-5bf8-425a-90c9-a2c55d7f86ae,1a80ddbc-9ed6-4f1d-9e69-6367571aad18,4c2c8290-61fb-4dca-906a-3b0c8d23acba,Olimpia Vila Rica,🦅,0,0,0,0,0,0,0,50,2026-04-30 23:00:15.984258+00,1000000,t,49,Brasil
41ee3357-ca57-4e58-b3d2-9dfface0e1f1,1a80ddbc-9ed6-4f1d-9e69-6367571aad18,7747763a-22fd-46bf-a15f-11e3932109ef,Estrela Monte Azul,🐺,0,0,0,0,0,0,0,50,2026-04-30 23:00:15.984258+00,1000000,t,58,Brasil
35675def-7e7f-4baa-9c11-f836afdabc49,1a80ddbc-9ed6-4f1d-9e69-6367571aad18,159c7c56-9a5f-49cd-a169-96dc22a5bec7,FC Rio Claro,🦁,0,0,0,0,0,0,0,50,2026-04-30 23:00:15.984258+00,1000000,t,52,Brasil
594052f9-6839-47a1-8d6b-60f50eb4238f,1a80ddbc-9ed6-4f1d-9e69-6367571aad18,f562630c-7ed5-4bde-9fb9-965353ea5201,SC Campo Grande,🐂,0,0,0,0,0,0,0,50,2026-04-30 23:00:15.984258+00,1000000,t,52,Brasil
1f38831d-c927-4585-a658-c341b6ddd1b5,1a80ddbc-9ed6-4f1d-9e69-6367571aad18,2e9c3847-2798-43a8-8bee-27a8c66423b6,AC Serra Alta,🔴,0,0,0,0,0,0,0,50,2026-04-30 23:00:15.984258+00,1000000,t,60,Brasil
c1c2ee3e-f66f-408d-8ceb-df1a79101d77,1a80ddbc-9ed6-4f1d-9e69-6367571aad18,e75d92aa-83b4-4a1c-baf6-20c692ce98ac,EC Vale Verde,🔵,0,0,0,0,0,0,0,50,2026-04-30 23:00:15.984258+00,1000000,t,50,Brasil
a4acd408-bc04-49a9-9efc-625ccfda6c39,1a80ddbc-9ed6-4f1d-9e69-6367571aad18,d9c14230-27c4-4692-a71b-4c3e99403c92,Clube Pedra Branca,🟢,0,0,0,0,0,0,0,50,2026-04-30 23:00:15.984258+00,1000000,t,49,Brasil
a6397d5a-e4f9-434a-8983-8ec5317a1685,1a80ddbc-9ed6-4f1d-9e69-6367571aad18,9fc90499-f295-4ebb-9658-3923e02c2bdf,Atlético Lagoa Santa,🟡,0,0,0,0,0,0,0,50,2026-04-30 23:00:15.984258+00,1000000,t,53,Brasil
3448bce1-163b-46ac-a39a-9da099f1c93b,1a80ddbc-9ed6-4f1d-9e69-6367571aad18,d0f0165f-1344-4a26-a127-42ac87522428,Esporte Porto Alegre,⚫,0,0,0,0,0,0,0,50,2026-04-30 23:00:15.984258+00,1000000,t,55,Brasil
0ac2adfe-0da9-459f-9846-962b6cfd2351,1a80ddbc-9ed6-4f1d-9e69-6367571aad18,b1c8bbb4-370e-4864-8e3c-0aeb4ca2d8d6,Sport Bela Vista,⚪,0,0,0,0,0,0,0,50,2026-04-30 23:00:15.984258+00,1000000,t,55,Brasil
bbeb0fe9-8149-4560-8e8b-5108135ce51c,1a80ddbc-9ed6-4f1d-9e69-6367571aad18,420f5235-25f8-4d2e-80ba-3c69a9854e0c,União Cruz Alta,🟣,0,0,0,0,0,0,0,50,2026-04-30 23:00:15.984258+00,1000000,t,56,Brasil
28efab2b-2280-4dd7-ac1a-53feb2553af8,1a80ddbc-9ed6-4f1d-9e69-6367571aad18,4b62263e-1f25-405e-acfd-62ede0c81e77,Real Santo Amaro,🟠,0,0,0,0,0,0,0,50,2026-04-30 23:00:15.984258+00,1000000,t,60,Brasil
ea3e0a77-3833-4604-903e-94a79948d7e9,1a80ddbc-9ed6-4f1d-9e69-6367571aad18,58de4b06-262d-45dc-8bc5-fa0a5dcef7d4,Inter Jardim,⚽,0,0,0,0,0,0,0,50,2026-04-30 23:00:15.984258+00,1000000,t,52,Brasil
8bf0e532-9599-4c6f-90eb-6c0484c79a8a,1a80ddbc-9ed6-4f1d-9e69-6367571aad18,b970a995-a52e-45de-b1d6-51cfc4162d9b,Nacional São Miguel,🏟️,0,0,0,0,0,0,0,50,2026-04-30 23:00:15.984258+00,1000000,t,49,Brasil
1ea41a11-c28d-4790-83a5-165e1dba4951,1a80ddbc-9ed6-4f1d-9e69-6367571aad18,d683e5e6-8e6f-48fc-aacb-fd108008c85b,Sporting Boa Vista,🦅,0,0,0,0,0,0,0,50,2026-04-30 23:00:15.984258+00,1000000,t,50,Brasil
31f7d098-99a6-45b6-a3aa-087f9ff2ca88,1a80ddbc-9ed6-4f1d-9e69-6367571aad18,027fa74a-8963-4e7d-ade1-09a38d359969,Racing Alto da Serra,🐺,0,0,0,0,0,0,0,50,2026-04-30 23:00:15.984258+00,1000000,t,46,Brasil
83e3219b-f42c-4adb-b9b9-4460ef318d35,1a80ddbc-9ed6-4f1d-9e69-6367571aad18,4ad9aeec-85e6-499b-87be-8fa5181f7d28,Olimpia Morro Alto,🦁,0,0,0,0,0,0,0,50,2026-04-30 23:00:15.984258+00,1000000,t,57,Brasil
cc98ff79-b3cd-4d0e-9a00-3fd0e7f3b7a2,1a80ddbc-9ed6-4f1d-9e69-6367571aad18,1c7b95cc-49bc-4ea1-8ffb-4d91427fe64b,Estrela Ponta Grossa,🐂,0,0,0,0,0,0,0,50,2026-04-30 23:00:15.984258+00,1000000,t,52,Brasil
6b99f695-2973-41ca-8bdd-2ae402040a8e,40a86c7c-3c9e-4288-84e5-c134a504b7ca,536b97a0-e879-4bd0-8f10-39405c07c4fe,Clube Nova Esperança,⚽,0,0,0,0,0,0,0,50,2026-04-30 23:00:16.768306+00,1000000,t,68,Brasil
45e0ff54-403c-41db-8580-1ed2884e6b84,40a86c7c-3c9e-4288-84e5-c134a504b7ca,18f19a19-c4ac-4f7d-9b1b-5b00e0c38437,Atlético Sol Nascente,🏟️,0,0,0,0,0,0,0,50,2026-04-30 23:00:16.768306+00,1000000,t,79,Brasil
557c7d6f-d2bd-4237-83c0-20e8246c7aa5,728269ef-e3d8-4905-b674-98488af2d22b,c4fca632-8673-4845-bea8-ef255ad17b6d,EC Bela Vista,⚪,0,0,0,0,0,0,0,50,2026-04-30 23:00:11.765034+00,1000000,t,61,Brasil
bc5a46de-08ad-40fd-b2b2-f223342049da,728269ef-e3d8-4905-b674-98488af2d22b,db27e282-a454-4903-b8f0-2e92fdf2f5f9,Clube Cruz Alta,🟣,0,0,0,0,0,0,0,50,2026-04-30 23:00:11.765034+00,1000000,t,60,Brasil
67c298a6-7f38-4bcc-9b6d-ce686a2381a8,728269ef-e3d8-4905-b674-98488af2d22b,c06850b2-2a7c-4346-9632-1b6527e32d7d,Atlético Santo Amaro,🟠,0,0,0,0,0,0,0,50,2026-04-30 23:00:11.765034+00,1000000,t,57,Brasil
e2432531-57cc-4b2a-824b-6f7a63698acf,728269ef-e3d8-4905-b674-98488af2d22b,d4e53d7f-c201-461a-aa7a-51860296f26e,Esporte Jardim,⚽,0,0,0,0,0,0,0,50,2026-04-30 23:00:11.765034+00,1000000,t,66,Brasil
c1ac6ebe-052c-479c-8e49-2ebeca3e8acd,728269ef-e3d8-4905-b674-98488af2d22b,adddab65-ff96-48ba-8e5e-47703ec68997,Sport São Miguel,🏟️,0,0,0,0,0,0,0,50,2026-04-30 23:00:11.765034+00,1000000,t,61,Brasil
d8c8513c-0746-4b77-83ca-e380bc043fa1,728269ef-e3d8-4905-b674-98488af2d22b,dc8327d2-02ee-41b5-a25e-11f9b25eda45,União Boa Vista,🦅,0,0,0,0,0,0,0,50,2026-04-30 23:00:11.765034+00,1000000,t,65,Brasil
c0b368a8-e10b-4822-bc64-8d144d46d5d3,728269ef-e3d8-4905-b674-98488af2d22b,c6f684d1-90c1-47e2-a183-958b81913941,Real Alto da Serra,🐺,0,0,0,0,0,0,0,50,2026-04-30 23:00:11.765034+00,1000000,t,67,Brasil
f8d11e46-fcfc-4871-b25b-6f3c0620b1e7,728269ef-e3d8-4905-b674-98488af2d22b,c0114d95-8ab0-4e1f-b955-31981834fdd6,Inter Morro Alto,🦁,0,0,0,0,0,0,0,50,2026-04-30 23:00:11.765034+00,1000000,t,70,Brasil
57e2a7c1-49b7-4734-bc0e-4f4e6f7e5868,728269ef-e3d8-4905-b674-98488af2d22b,04f41ecb-07ce-440c-b433-5c692dd59ee2,Nacional Ponta Grossa,🐂,0,0,0,0,0,0,0,50,2026-04-30 23:00:11.765034+00,1000000,t,58,Brasil
ae17e6d2-30d8-42dc-94fa-0fac8e1d1296,3a3edcc9-162a-45d5-b4b9-e0eaa57a60a1,4e0210d4-bc2c-49bf-8462-fec52fb9c7b6,União Nova Esperança,⚽,0,0,0,0,0,0,0,50,2026-04-30 23:00:12.627364+00,1000000,t,57,Brasil
ea8a151f-e6c5-4424-9710-80a02c3dc98f,3a3edcc9-162a-45d5-b4b9-e0eaa57a60a1,0bf96d0a-eb4f-4e05-b689-2e1b08ea7166,Real Sol Nascente,🏟️,0,0,0,0,0,0,0,50,2026-04-30 23:00:12.627364+00,1000000,t,62,Brasil
50693044-2a2e-45a0-86da-bceafc2bb9e4,3a3edcc9-162a-45d5-b4b9-e0eaa57a60a1,39792ec0-2cd5-4099-98a7-100fd163cafe,Inter Vila Rica,🦅,0,0,0,0,0,0,0,50,2026-04-30 23:00:12.627364+00,1000000,t,67,Brasil
0c47db6e-1636-4feb-a111-79aeb5e82326,3a3edcc9-162a-45d5-b4b9-e0eaa57a60a1,da66cb14-5190-43f5-85af-ae5fc83c94b3,Nacional Monte Azul,🐺,0,0,0,0,0,0,0,50,2026-04-30 23:00:12.627364+00,1000000,t,57,Brasil
340ec8fc-4ddc-467b-a627-acb74b17e731,3a3edcc9-162a-45d5-b4b9-e0eaa57a60a1,5d65648d-f114-41ba-a25c-63072ae689e7,Sporting Rio Claro,🦁,0,0,0,0,0,0,0,50,2026-04-30 23:00:12.627364+00,1000000,t,67,Brasil
cb24d6bb-c4a8-4d9b-8bb6-940e735910a9,3a3edcc9-162a-45d5-b4b9-e0eaa57a60a1,a4573bd1-4be3-4459-8622-2d00118d6182,Racing Campo Grande,🐂,0,0,0,0,0,0,0,50,2026-04-30 23:00:12.627364+00,1000000,t,56,Brasil
ccd48786-5212-42f1-a916-3c4149dbd952,3a3edcc9-162a-45d5-b4b9-e0eaa57a60a1,bfdf0da9-8841-490e-8da9-47d1881091b4,Olimpia Serra Alta,🔴,0,0,0,0,0,0,0,50,2026-04-30 23:00:12.627364+00,1000000,t,66,Brasil
efabeb95-9dbc-47c3-be79-12165b2914da,3a3edcc9-162a-45d5-b4b9-e0eaa57a60a1,c27850e0-46ea-4437-a41c-591d7100512f,Estrela Vale Verde,🔵,0,0,0,0,0,0,0,50,2026-04-30 23:00:12.627364+00,1000000,t,67,Brasil
0e26e69f-0b38-469b-bbf3-c3c4297df551,3a3edcc9-162a-45d5-b4b9-e0eaa57a60a1,152a7ca9-c0a9-48f0-b105-362fc91727de,FC Pedra Branca,🟢,0,0,0,0,0,0,0,50,2026-04-30 23:00:12.627364+00,1000000,t,62,Brasil
b06d4c02-d47a-4474-81ae-cbd03c38dbbc,3a3edcc9-162a-45d5-b4b9-e0eaa57a60a1,28afebc1-e548-4a60-ae5c-1b36396640b6,SC Lagoa Santa,🟡,0,0,0,0,0,0,0,50,2026-04-30 23:00:12.627364+00,1000000,t,66,Brasil
cbefe095-4584-4f96-b534-0d4eeeb9a791,3a3edcc9-162a-45d5-b4b9-e0eaa57a60a1,cee655ff-f18c-43fb-831e-aec47e15d01d,AC Porto Alegre,⚫,0,0,0,0,0,0,0,50,2026-04-30 23:00:12.627364+00,1000000,t,62,Brasil
80657ed0-a650-45e0-aab9-28dcb5300d61,3a3edcc9-162a-45d5-b4b9-e0eaa57a60a1,51f2fb10-4846-4309-8d77-6c07cc62f45c,EC Bela Vista,⚪,0,0,0,0,0,0,0,50,2026-04-30 23:00:12.627364+00,1000000,t,62,Brasil
cf027cae-142f-4a3f-8776-5112964c4f2a,3a3edcc9-162a-45d5-b4b9-e0eaa57a60a1,a3633f24-1d40-4920-ab56-94a20acb88b6,Clube Cruz Alta,🟣,0,0,0,0,0,0,0,50,2026-04-30 23:00:12.627364+00,1000000,t,55,Brasil
e28ee83e-eae3-4081-8f4c-0e6193e59569,3a3edcc9-162a-45d5-b4b9-e0eaa57a60a1,b05ba23a-5baa-4d84-b7d5-8e592532a2dd,Atlético Santo Amaro,🟠,0,0,0,0,0,0,0,50,2026-04-30 23:00:12.627364+00,1000000,t,55,Brasil
6b17fd20-9f2c-4842-9db1-b084e2ddc20b,3a3edcc9-162a-45d5-b4b9-e0eaa57a60a1,eb27a54b-68a3-4edd-8275-8b0f15a1ef56,Esporte Jardim,⚽,0,0,0,0,0,0,0,50,2026-04-30 23:00:12.627364+00,1000000,t,64,Brasil
3421f8ee-8525-4b17-89b8-2a2e4c429966,3a3edcc9-162a-45d5-b4b9-e0eaa57a60a1,56c988e4-6c02-4a08-b9f9-08029e7a50b0,Sport São Miguel,🏟️,0,0,0,0,0,0,0,50,2026-04-30 23:00:12.627364+00,1000000,t,67,Brasil
61e9893c-79fa-45e3-9723-23148d63625b,3a3edcc9-162a-45d5-b4b9-e0eaa57a60a1,3df4150a-08df-44aa-be17-10d8133bcdac,União Boa Vista,🦅,0,0,0,0,0,0,0,50,2026-04-30 23:00:12.627364+00,1000000,t,58,Brasil
6551e235-b925-4808-96c4-4cbf03e27136,3a3edcc9-162a-45d5-b4b9-e0eaa57a60a1,c0b3318c-cdf2-47de-9351-014510475d11,Real Alto da Serra,🐺,0,0,0,0,0,0,0,50,2026-04-30 23:00:12.627364+00,1000000,t,56,Brasil
44659e29-7ab1-43ba-acb8-7e0ccf63b1fa,3a3edcc9-162a-45d5-b4b9-e0eaa57a60a1,79f8d7d1-c3a7-4811-b5be-be479c4b4ad3,Inter Morro Alto,🦁,0,0,0,0,0,0,0,50,2026-04-30 23:00:12.627364+00,1000000,t,55,Brasil
f5501c9d-c1ae-4704-aad7-93329ab798b5,3a3edcc9-162a-45d5-b4b9-e0eaa57a60a1,6af0d69b-2263-4776-8b7d-2fd0deba7167,Nacional Ponta Grossa,🐂,0,0,0,0,0,0,0,50,2026-04-30 23:00:12.627364+00,1000000,t,61,Brasil
46564a3b-3957-4b91-aef6-e3d68d03d638,e908f84e-038c-479b-851c-28d855987b24,59b9ad31-a1e1-4193-a3d1-7d0b8ef8003c,União Nova Esperança,⚽,0,0,0,0,0,0,0,50,2026-04-30 23:00:13.809246+00,1000000,t,63,Brasil
b8eb1618-51f1-430d-bcdb-e5c586e4d7cd,e908f84e-038c-479b-851c-28d855987b24,35061e54-cd44-4471-a9b9-dd4085f1affe,Real Sol Nascente,🏟️,0,0,0,0,0,0,0,50,2026-04-30 23:00:13.809246+00,1000000,t,58,Brasil
c8c1b857-0d03-4c0d-b83b-8e3bcff3000b,e908f84e-038c-479b-851c-28d855987b24,fd4969e6-3dd2-4043-91ae-35547f1c62dc,Inter Vila Rica,🦅,0,0,0,0,0,0,0,50,2026-04-30 23:00:13.809246+00,1000000,t,67,Brasil
fc37d8ff-6f06-4c46-9a65-138ef373bed7,e908f84e-038c-479b-851c-28d855987b24,655723a7-827f-4ed3-ae04-d913e1a70c03,Nacional Monte Azul,🐺,0,0,0,0,0,0,0,50,2026-04-30 23:00:13.809246+00,1000000,t,60,Brasil
8b7e0dc9-44e4-4be7-ad7e-9dc116f42e8e,e908f84e-038c-479b-851c-28d855987b24,47ed6e1d-f3ab-4ec9-bbdf-33cfb993d314,Sporting Rio Claro,🦁,0,0,0,0,0,0,0,50,2026-04-30 23:00:13.809246+00,1000000,t,59,Brasil
7c2c2960-26a9-4cc5-b1c1-49b8af9e7f7d,e908f84e-038c-479b-851c-28d855987b24,bcff38aa-dae1-4c66-8380-2525719c3a63,Racing Campo Grande,🐂,0,0,0,0,0,0,0,50,2026-04-30 23:00:13.809246+00,1000000,t,64,Brasil
88529ed2-6db3-4859-b229-096622bc522e,e908f84e-038c-479b-851c-28d855987b24,245d0c5c-133c-45c5-b0bf-45d386de9023,Olimpia Serra Alta,🔴,0,0,0,0,0,0,0,50,2026-04-30 23:00:13.809246+00,1000000,t,58,Brasil
9aad9288-d53f-4140-be4b-8ea623292c23,e908f84e-038c-479b-851c-28d855987b24,b0300d7e-1deb-4d9a-954c-cf5c11822266,Estrela Vale Verde,🔵,0,0,0,0,0,0,0,50,2026-04-30 23:00:13.809246+00,1000000,t,65,Brasil
40e9f6ba-d4f6-4baf-8e16-8be37628b6d7,e908f84e-038c-479b-851c-28d855987b24,0d798f74-c5b5-4ea9-b8d5-a0b520e04054,FC Pedra Branca,🟢,0,0,0,0,0,0,0,50,2026-04-30 23:00:13.809246+00,1000000,t,66,Brasil
d7e4b02f-59e5-4cdf-9d87-f416841c01e3,e908f84e-038c-479b-851c-28d855987b24,4174014e-ec4d-4306-988d-dffca46b1568,SC Lagoa Santa,🟡,0,0,0,0,0,0,0,50,2026-04-30 23:00:13.809246+00,1000000,t,62,Brasil
c38fa66d-ed1c-42f3-be39-f6dcbcd8c71b,e908f84e-038c-479b-851c-28d855987b24,e090fb68-cb65-4866-a5e8-a8f6a8f5aa63,AC Porto Alegre,⚫,0,0,0,0,0,0,0,50,2026-04-30 23:00:13.809246+00,1000000,t,58,Brasil
5d968bb7-1921-4ad0-8278-138fa2ab931f,e908f84e-038c-479b-851c-28d855987b24,fbdc87f3-bb5e-4b1d-8db5-bc6f17976a6f,EC Bela Vista,⚪,0,0,0,0,0,0,0,50,2026-04-30 23:00:13.809246+00,1000000,t,65,Brasil
9581125f-20f6-4345-b503-3737e8ac80ed,e908f84e-038c-479b-851c-28d855987b24,7ba2f80c-509f-4010-9b14-4138b3b57913,Clube Cruz Alta,🟣,0,0,0,0,0,0,0,50,2026-04-30 23:00:13.809246+00,1000000,t,64,Brasil
20876d39-8f58-45d8-b467-42a08ed38bb4,e908f84e-038c-479b-851c-28d855987b24,77a19414-c423-4d07-b770-dfc6f6ae837c,Atlético Santo Amaro,🟠,0,0,0,0,0,0,0,50,2026-04-30 23:00:13.809246+00,1000000,t,63,Brasil
cf0815a6-feac-4efc-b924-9ee8c21ceec4,e908f84e-038c-479b-851c-28d855987b24,5918cf01-ee50-4863-9d41-24368553b722,Esporte Jardim,⚽,0,0,0,0,0,0,0,50,2026-04-30 23:00:13.809246+00,1000000,t,58,Brasil
1479e321-d717-4928-8ee3-b3d59707b0cf,e908f84e-038c-479b-851c-28d855987b24,9296e6ee-fa96-4cf5-bccb-8c9f2e3d71cc,Sport São Miguel,🏟️,0,0,0,0,0,0,0,50,2026-04-30 23:00:13.809246+00,1000000,t,67,Brasil
f279c858-e52d-413a-b134-299f819fadfd,e908f84e-038c-479b-851c-28d855987b24,9bc40873-092c-425f-8250-94ed2fe86dc2,União Boa Vista,🦅,0,0,0,0,0,0,0,50,2026-04-30 23:00:13.809246+00,1000000,t,56,Brasil
5eb356f9-c00a-49be-9a46-17c1a8734b6e,e908f84e-038c-479b-851c-28d855987b24,330149a6-d2c5-4876-93c1-c58d4e601a07,Real Alto da Serra,🐺,0,0,0,0,0,0,0,50,2026-04-30 23:00:13.809246+00,1000000,t,69,Brasil
3313f09a-da60-450c-a376-df4a2c3f55eb,e908f84e-038c-479b-851c-28d855987b24,80ae1568-25f3-46e6-8b63-ebb4943e9446,Inter Morro Alto,🦁,0,0,0,0,0,0,0,50,2026-04-30 23:00:13.809246+00,1000000,t,56,Brasil
7e3c94c5-d8f7-4476-a909-4769d69d8901,e908f84e-038c-479b-851c-28d855987b24,d54f4138-029d-4fa6-9126-eb24edf3e631,Nacional Ponta Grossa,🐂,0,0,0,0,0,0,0,50,2026-04-30 23:00:13.809246+00,1000000,t,62,Brasil
d9c51f6a-b3f6-42fd-8f03-586682621c5e,841374b2-0b35-48ef-9002-00e5e7a660ff,358a234e-15a7-4d8b-856c-84e685007884,FC Nova Esperança,⚽,0,0,0,0,0,0,0,50,2026-04-30 23:00:15.336897+00,1000000,t,84,Brasil
a6e0967d-525d-4358-a260-e49a428de40a,841374b2-0b35-48ef-9002-00e5e7a660ff,e591a489-72cf-4138-a3df-01f75d942ddc,SC Sol Nascente,🏟️,0,0,0,0,0,0,0,50,2026-04-30 23:00:15.336897+00,1000000,t,75,Brasil
f9ee24e7-ca83-4d86-83dc-fb18662d63cd,a0ea6e4f-9a45-490d-8cb6-f1515ffce41a,31218000-d2c8-40a8-8e80-86c948f25393,Sport Bela Vista,⚪,0,0,0,0,0,0,0,50,2026-04-30 23:00:11.837467+00,1000000,t,50,Brasil
bb74e1c5-da9b-443b-827f-b461814aaf8f,a0ea6e4f-9a45-490d-8cb6-f1515ffce41a,ed250ceb-c1f0-486d-ac69-615d13424069,União Cruz Alta,🟣,0,0,0,0,0,0,0,50,2026-04-30 23:00:11.837467+00,1000000,t,56,Brasil
4de18673-10f4-4f61-bff5-980aba0987a7,a0ea6e4f-9a45-490d-8cb6-f1515ffce41a,c6663886-d799-413a-ae20-1a8007091d00,Real Santo Amaro,🟠,0,0,0,0,0,0,0,50,2026-04-30 23:00:11.837467+00,1000000,t,53,Brasil
2cba1190-0ad1-4f75-9b0a-1eb3d9ab6cf3,a0ea6e4f-9a45-490d-8cb6-f1515ffce41a,ad784945-01d5-49b3-9829-76632b214319,Inter Jardim,⚽,0,0,0,0,0,0,0,50,2026-04-30 23:00:11.837467+00,1000000,t,56,Brasil
ab17e268-dd52-484e-b9dd-70bdc25a89b8,a0ea6e4f-9a45-490d-8cb6-f1515ffce41a,017d3449-ba14-47db-bf74-4eb8c1f80bed,Nacional São Miguel,🏟️,0,0,0,0,0,0,0,50,2026-04-30 23:00:11.837467+00,1000000,t,53,Brasil
c28d1f66-ad99-449a-9e07-4fafa2708a2c,a0ea6e4f-9a45-490d-8cb6-f1515ffce41a,a7d50c02-f9fd-42cc-bdb9-97a0087bd18e,Sporting Boa Vista,🦅,0,0,0,0,0,0,0,50,2026-04-30 23:00:11.837467+00,1000000,t,54,Brasil
01846666-f0d7-4b36-a28a-4d1ad8c0bd9a,a0ea6e4f-9a45-490d-8cb6-f1515ffce41a,955f2d5a-03a9-4c81-b1c7-acfb0193642e,Racing Alto da Serra,🐺,0,0,0,0,0,0,0,50,2026-04-30 23:00:11.837467+00,1000000,t,54,Brasil
80676426-ab42-4a2e-8cdb-d5911f121fed,a0ea6e4f-9a45-490d-8cb6-f1515ffce41a,6a317d4d-72ca-49e3-9948-39977be192eb,Olimpia Morro Alto,🦁,0,0,0,0,0,0,0,50,2026-04-30 23:00:11.837467+00,1000000,t,51,Brasil
96b9ed82-8f67-4cbc-a663-ed39210f5b85,a0ea6e4f-9a45-490d-8cb6-f1515ffce41a,fc418466-6155-4545-9dd5-ab79163b2879,Estrela Ponta Grossa,🐂,0,0,0,0,0,0,0,50,2026-04-30 23:00:11.837467+00,1000000,t,59,Brasil
836c2d29-1141-436f-814a-20fa0d6705f5,50b83b79-ed8b-4556-8960-88e95a31d084,cff6c7ee-a468-4677-840e-554f8bc2942a,Clube Nova Esperança,⚽,0,0,0,0,0,0,0,50,2026-04-30 23:00:12.966885+00,1000000,t,76,Brasil
d4467cb5-6d5f-4c68-a95d-a27d359be8a2,50b83b79-ed8b-4556-8960-88e95a31d084,7d0e78d5-844a-467c-bd5c-0e8c84aadb22,Atlético Sol Nascente,🏟️,0,0,0,0,0,0,0,50,2026-04-30 23:00:12.966885+00,1000000,t,78,Brasil
e875ae4d-812c-4a49-8c11-62ec04ebdac6,50b83b79-ed8b-4556-8960-88e95a31d084,e2cf9bc5-2adf-4e5b-99e0-1684993faaeb,Esporte Vila Rica,🦅,0,0,0,0,0,0,0,50,2026-04-30 23:00:12.966885+00,1000000,t,65,Brasil
25261de4-11d9-478b-9d39-e8e90d07157f,50b83b79-ed8b-4556-8960-88e95a31d084,65bc32d0-95c0-44b1-8578-40063022791b,Sport Monte Azul,🐺,0,0,0,0,0,0,0,50,2026-04-30 23:00:12.966885+00,1000000,t,80,Brasil
7e72475d-6456-4b77-b372-4db446dec8d7,50b83b79-ed8b-4556-8960-88e95a31d084,0b3b46c5-a1eb-4083-973e-c21dfe0fffe9,União Rio Claro,🦁,0,0,0,0,0,0,0,50,2026-04-30 23:00:12.966885+00,1000000,t,74,Brasil
2ef29496-d7b3-482e-af8d-f2ee3989d004,50b83b79-ed8b-4556-8960-88e95a31d084,ddc9dea4-15e2-40f7-b423-c7073ddde5d0,Real Campo Grande,🐂,0,0,0,0,0,0,0,50,2026-04-30 23:00:12.966885+00,1000000,t,72,Brasil
f6b17f62-a386-4ca9-abb2-943d2df2bd56,50b83b79-ed8b-4556-8960-88e95a31d084,071b0abe-c4d1-4a3b-adbc-0a624603dd9b,Inter Serra Alta,🔴,0,0,0,0,0,0,0,50,2026-04-30 23:00:12.966885+00,1000000,t,66,Brasil
6b50b6c2-c425-444d-88fb-ed0641b97dd0,50b83b79-ed8b-4556-8960-88e95a31d084,5c2422f4-4919-4b80-b591-7dccb512a2bf,Nacional Vale Verde,🔵,0,0,0,0,0,0,0,50,2026-04-30 23:00:12.966885+00,1000000,t,78,Brasil
529e9c48-d64d-4a5e-a376-05ffbf3e8409,50b83b79-ed8b-4556-8960-88e95a31d084,84acceb4-591f-49ae-9902-e6ee44850286,Sporting Pedra Branca,🟢,0,0,0,0,0,0,0,50,2026-04-30 23:00:12.966885+00,1000000,t,69,Brasil
61b76e67-c884-4b8c-a626-55d3ac5f251d,50b83b79-ed8b-4556-8960-88e95a31d084,339da46c-ccea-48e9-99d1-2644c018ecfe,Racing Lagoa Santa,🟡,0,0,0,0,0,0,0,50,2026-04-30 23:00:12.966885+00,1000000,t,70,Brasil
deb9a5bd-4689-4eb6-b3eb-919a99ebdebe,50b83b79-ed8b-4556-8960-88e95a31d084,ee2aae5e-118f-468f-8cdf-0a004d3915fe,Olimpia Porto Alegre,⚫,0,0,0,0,0,0,0,50,2026-04-30 23:00:12.966885+00,1000000,t,70,Brasil
e600d669-0588-46d9-8a30-b73cb9afb835,50b83b79-ed8b-4556-8960-88e95a31d084,5d672880-4cf0-4d96-b3f1-50ae0eebe327,Estrela Bela Vista,⚪,0,0,0,0,0,0,0,50,2026-04-30 23:00:12.966885+00,1000000,t,69,Brasil
574e2558-fe58-418a-bada-92f9ac54253e,50b83b79-ed8b-4556-8960-88e95a31d084,70573f9e-cedd-4dad-ab31-675ed661a463,FC Cruz Alta,🟣,0,0,0,0,0,0,0,50,2026-04-30 23:00:12.966885+00,1000000,t,69,Brasil
4eba6d73-6457-4b9f-baf6-d7fc9b73e7f4,50b83b79-ed8b-4556-8960-88e95a31d084,0b8aaaeb-c00e-4060-861f-6c7ae9a581de,SC Santo Amaro,🟠,0,0,0,0,0,0,0,50,2026-04-30 23:00:12.966885+00,1000000,t,74,Brasil
88e7d815-44d8-4944-9223-aa41943427c3,50b83b79-ed8b-4556-8960-88e95a31d084,60795bb0-8323-420f-9f30-b48900f8592a,AC Jardim,⚽,0,0,0,0,0,0,0,50,2026-04-30 23:00:12.966885+00,1000000,t,66,Brasil
d6460572-1b55-469b-bf33-3e051863bdc4,50b83b79-ed8b-4556-8960-88e95a31d084,34f87a67-e5dc-4d92-b630-c309d10fa8e2,EC São Miguel,🏟️,0,0,0,0,0,0,0,50,2026-04-30 23:00:12.966885+00,1000000,t,72,Brasil
b7c28330-41b9-4c73-9643-8928a28169ae,50b83b79-ed8b-4556-8960-88e95a31d084,3f7ccea4-ed81-489b-86a4-f04d2790a51c,Clube Boa Vista,🦅,0,0,0,0,0,0,0,50,2026-04-30 23:00:12.966885+00,1000000,t,68,Brasil
65fce049-0fc0-4992-be92-2b6488d38d90,50b83b79-ed8b-4556-8960-88e95a31d084,2b3db4c4-5966-4d9a-9c59-9023085c7906,Atlético Alto da Serra,🐺,0,0,0,0,0,0,0,50,2026-04-30 23:00:12.966885+00,1000000,t,67,Brasil
b805ce9e-3856-4551-8402-e6687b52b099,50b83b79-ed8b-4556-8960-88e95a31d084,5d220737-eb3f-4a54-96a1-0b74df9537bd,Esporte Morro Alto,🦁,0,0,0,0,0,0,0,50,2026-04-30 23:00:12.966885+00,1000000,t,71,Brasil
0631283f-65d6-44d0-8353-adff2b957f25,50b83b79-ed8b-4556-8960-88e95a31d084,8ddf4b42-1020-4322-bef9-a430aa1f4fc3,Sport Ponta Grossa,🐂,0,0,0,0,0,0,0,50,2026-04-30 23:00:12.966885+00,1000000,t,74,Brasil
5a602c5c-093b-45dc-9aa1-7f57280ad0f1,c09b3eb5-3646-4cf3-9df3-7278787ef925,0180ca33-781d-4b2c-a191-92c1d547dd91,Sporting Nova Esperança,⚽,0,0,0,0,0,0,0,50,2026-04-30 23:00:17.379168+00,1000000,t,57,Brasil
fa13530d-306e-43b3-b99f-c9e934c8b0e7,c09b3eb5-3646-4cf3-9df3-7278787ef925,81f7805d-8a70-497b-bc5a-00c5cb7b2b70,Racing Sol Nascente,🏟️,0,0,0,0,0,0,0,50,2026-04-30 23:00:17.379168+00,1000000,t,52,Brasil
77052875-8af9-4da8-a1bb-dbf4bf9079c4,c09b3eb5-3646-4cf3-9df3-7278787ef925,a27d23be-937a-472c-8e28-e6007303e26d,Olimpia Vila Rica,🦅,0,0,0,0,0,0,0,50,2026-04-30 23:00:17.379168+00,1000000,t,46,Brasil
0142ed39-5b71-42f9-9979-efc07c02aa88,c09b3eb5-3646-4cf3-9df3-7278787ef925,22fda45d-956f-4447-8006-673a2bfe4029,Estrela Monte Azul,🐺,0,0,0,0,0,0,0,50,2026-04-30 23:00:17.379168+00,1000000,t,55,Brasil
bb0aa2a3-6521-49d8-91ff-03a89fd226e4,c09b3eb5-3646-4cf3-9df3-7278787ef925,4ab2bde5-9a11-4adc-a615-550e3ef717db,FC Rio Claro,🦁,0,0,0,0,0,0,0,50,2026-04-30 23:00:17.379168+00,1000000,t,53,Brasil
99831d90-d11a-4228-952b-17c4cc39b73a,c09b3eb5-3646-4cf3-9df3-7278787ef925,e7db7b1a-665e-4251-a0cb-763cd8c7047f,SC Campo Grande,🐂,0,0,0,0,0,0,0,50,2026-04-30 23:00:17.379168+00,1000000,t,51,Brasil
91fc8b0f-e194-4c7a-9b15-2fd3b3f35838,c09b3eb5-3646-4cf3-9df3-7278787ef925,ff40e1df-b13b-43ab-b367-01700a952944,AC Serra Alta,🔴,0,0,0,0,0,0,0,50,2026-04-30 23:00:17.379168+00,1000000,t,45,Brasil
925d4c26-97ab-42e7-ad07-e142728d810b,c09b3eb5-3646-4cf3-9df3-7278787ef925,3258246c-b657-4d6e-b755-5f59ad6e3c76,EC Vale Verde,🔵,0,0,0,0,0,0,0,50,2026-04-30 23:00:17.379168+00,1000000,t,57,Brasil
7ad9b2f1-efe7-4eb1-a2fc-613f4ec6f4be,c09b3eb5-3646-4cf3-9df3-7278787ef925,e5b3460c-891d-4b4e-b935-8ab1ec08aff0,Clube Pedra Branca,🟢,0,0,0,0,0,0,0,50,2026-04-30 23:00:17.379168+00,1000000,t,45,Brasil
6d8e3721-60b9-4c4f-9ba7-a99e0e1e7b3d,c09b3eb5-3646-4cf3-9df3-7278787ef925,0398e3f5-f52e-4fd2-b03e-dfd6e1cc93d4,Atlético Lagoa Santa,🟡,0,0,0,0,0,0,0,50,2026-04-30 23:00:17.379168+00,1000000,t,56,Brasil
dd2dcb36-4a1d-4d06-bec9-597267800391,c09b3eb5-3646-4cf3-9df3-7278787ef925,d2a25b8b-ca70-4877-9acd-3383b9825fda,Esporte Porto Alegre,⚫,0,0,0,0,0,0,0,50,2026-04-30 23:00:17.379168+00,1000000,t,49,Brasil
d253a10d-2070-47c9-8adc-f32a6a910d0f,c09b3eb5-3646-4cf3-9df3-7278787ef925,c59803fe-b96b-4746-942e-8011fb3827ae,Sport Bela Vista,⚪,0,0,0,0,0,0,0,50,2026-04-30 23:00:17.379168+00,1000000,t,55,Brasil
7df1e1c5-77c1-4b91-86f1-05a98fd38791,c09b3eb5-3646-4cf3-9df3-7278787ef925,3c0578ae-eceb-47a4-b762-0bf9a07dcafd,União Cruz Alta,🟣,0,0,0,0,0,0,0,50,2026-04-30 23:00:17.379168+00,1000000,t,54,Brasil
f7bc175e-ac90-435e-97ff-5ce0f8814661,c09b3eb5-3646-4cf3-9df3-7278787ef925,8d4d0969-ef92-427f-ae05-d2549cf69060,Real Santo Amaro,🟠,0,0,0,0,0,0,0,50,2026-04-30 23:00:17.379168+00,1000000,t,53,Brasil
ab5803c6-2734-4c14-bf55-e9b145d3f613,c09b3eb5-3646-4cf3-9df3-7278787ef925,538c5e44-69bb-4ea0-9847-69458bc61185,Inter Jardim,⚽,0,0,0,0,0,0,0,50,2026-04-30 23:00:17.379168+00,1000000,t,56,Brasil
d821e8db-2297-4d13-a92a-f9e60b74c1c8,c09b3eb5-3646-4cf3-9df3-7278787ef925,4d6d08f9-3bad-484f-8742-c3b2876933dc,Nacional São Miguel,🏟️,0,0,0,0,0,0,0,50,2026-04-30 23:00:17.379168+00,1000000,t,56,Brasil
5a325ef7-0157-46dd-998a-1fe717cb81f0,c09b3eb5-3646-4cf3-9df3-7278787ef925,c9480835-58d8-4a30-9d63-6b88e2dce05d,Sporting Boa Vista,🦅,0,0,0,0,0,0,0,50,2026-04-30 23:00:17.379168+00,1000000,t,56,Brasil
eb10dff6-02f9-4a94-8876-e32b1fb85925,c09b3eb5-3646-4cf3-9df3-7278787ef925,f0805849-2155-4087-9157-a357285bae76,Racing Alto da Serra,🐺,0,0,0,0,0,0,0,50,2026-04-30 23:00:17.379168+00,1000000,t,54,Brasil
3a9350b3-c5fe-4ebd-8c8d-35b44216e493,c09b3eb5-3646-4cf3-9df3-7278787ef925,0cfe678e-e3a0-4e9e-b510-c9a0eaaa65d4,Olimpia Morro Alto,🦁,0,0,0,0,0,0,0,50,2026-04-30 23:00:17.379168+00,1000000,t,53,Brasil
6f2efc95-b61d-4dd5-8ddd-3a97da770673,c09b3eb5-3646-4cf3-9df3-7278787ef925,04cf1ab9-bfce-449e-a690-b2f4381a6d4b,Estrela Ponta Grossa,🐂,0,0,0,0,0,0,0,50,2026-04-30 23:00:17.379168+00,1000000,t,59,Brasil
ab1d09f5-c6dc-471c-999e-f6afe8715287,f8647aa6-f8ff-4f58-b55f-943c98812254,571369e4-fdf0-45d0-899f-161f523b107a,FC Nova Esperança,⚽,0,0,0,0,0,0,0,50,2026-04-30 23:00:21.184771+00,1000000,t,78,Brasil
9424f119-f369-4955-87ac-fef1242e989d,f8647aa6-f8ff-4f58-b55f-943c98812254,4049e808-4f90-4d25-ba71-9b8513a309df,SC Sol Nascente,🏟️,0,0,0,0,0,0,0,50,2026-04-30 23:00:21.184771+00,1000000,t,86,Brasil
e1aceda0-1871-4d8f-a96f-a86603831cf9,1d7248e7-ee42-4838-8d06-3941772df4e2,072d7b73-18e3-4835-b314-63abca433adb,Nacional Bela Vista,⚪,0,0,0,0,0,0,0,50,2026-04-30 23:00:12.023944+00,1000000,t,86,Brasil
1a37ddb6-d21e-4bad-ae45-9eb111f173bd,1d7248e7-ee42-4838-8d06-3941772df4e2,a00e9de8-ff89-4ac1-8b68-7d72a3ae6c44,Sporting Cruz Alta,🟣,0,0,0,0,0,0,0,50,2026-04-30 23:00:12.023944+00,1000000,t,90,Brasil
57b4944b-aeed-4bbc-9cbe-2e3ce5570e5e,1d7248e7-ee42-4838-8d06-3941772df4e2,f4da0596-c2a5-415b-a03a-6413dc7f6a2b,Racing Santo Amaro,🟠,0,0,0,0,0,0,0,50,2026-04-30 23:00:12.023944+00,1000000,t,81,Brasil
4390c434-424d-4fda-a4f0-f120f96f781a,1d7248e7-ee42-4838-8d06-3941772df4e2,8dfbd392-5655-46d3-86b4-c7673bc9912b,Olimpia Jardim,⚽,0,0,0,0,0,0,0,50,2026-04-30 23:00:12.023944+00,1000000,t,86,Brasil
7021416b-80ec-4611-bb6d-69619b26d7dc,1d7248e7-ee42-4838-8d06-3941772df4e2,59cd883e-d042-410d-9931-035a205991ef,Estrela São Miguel,🏟️,0,0,0,0,0,0,0,50,2026-04-30 23:00:12.023944+00,1000000,t,79,Brasil
f2b4e1f3-c2e1-403f-a5fe-afd286549afb,1d7248e7-ee42-4838-8d06-3941772df4e2,2b865c8a-c111-48e8-9f86-121bbaabafc3,FC Boa Vista,🦅,0,0,0,0,0,0,0,50,2026-04-30 23:00:12.023944+00,1000000,t,76,Brasil
48f3ba43-613f-4cf7-b2ca-b93e2ec1ca90,1d7248e7-ee42-4838-8d06-3941772df4e2,61ca37eb-37d9-40a9-b8cf-e0dd569bbf13,SC Alto da Serra,🐺,0,0,0,0,0,0,0,50,2026-04-30 23:00:12.023944+00,1000000,t,77,Brasil
8e3f8ea2-1df3-411f-b4e4-cae5125a6d7e,1d7248e7-ee42-4838-8d06-3941772df4e2,c0e549ac-a657-4863-ba93-a36fa4b94827,AC Morro Alto,🦁,0,0,0,0,0,0,0,50,2026-04-30 23:00:12.023944+00,1000000,t,87,Brasil
6a56f3a4-e293-4809-bd62-ccb9289da7a7,1d7248e7-ee42-4838-8d06-3941772df4e2,4f7d142c-d2ca-4740-a1ef-dddbaf9b54ff,EC Ponta Grossa,🐂,0,0,0,0,0,0,0,50,2026-04-30 23:00:12.023944+00,1000000,t,81,Brasil
5c8ff500-a2d6-4dcb-8db1-d9c300c38280,c5430623-91ab-428f-8295-e0f429de6e63,7838b101-b4d7-4aba-86b0-51434046d96b,União Nova Esperança,⚽,0,0,0,0,0,0,0,50,2026-04-30 23:00:12.175975+00,1000000,t,56,Brasil
0eb188f3-259b-4f5d-8416-b11a32cd5b28,c5430623-91ab-428f-8295-e0f429de6e63,eee3d87c-ff24-45b3-ad76-ca5d07bebde4,Real Sol Nascente,🏟️,0,0,0,0,0,0,0,50,2026-04-30 23:00:12.175975+00,1000000,t,60,Brasil
bf8e59e8-c19c-4778-b83c-8a258e2ec027,c5430623-91ab-428f-8295-e0f429de6e63,72013cf4-5aa4-4c4b-b32b-27c49757654a,Inter Vila Rica,🦅,0,0,0,0,0,0,0,50,2026-04-30 23:00:12.175975+00,1000000,t,58,Brasil
6236b0bc-5a4c-476a-be89-d4d059bfa34b,c5430623-91ab-428f-8295-e0f429de6e63,71823f65-fc11-4348-9995-05638ba7ce29,Nacional Monte Azul,🐺,0,0,0,0,0,0,0,50,2026-04-30 23:00:12.175975+00,1000000,t,56,Brasil
2df2fa21-0f67-47fb-9cad-8758571ff2da,c5430623-91ab-428f-8295-e0f429de6e63,936f4329-a270-4834-8e3c-af4aa8994ca7,Sporting Rio Claro,🦁,0,0,0,0,0,0,0,50,2026-04-30 23:00:12.175975+00,1000000,t,55,Brasil
0fb80654-7867-4462-b179-058dbe799217,c5430623-91ab-428f-8295-e0f429de6e63,8f486e8f-0b14-4c09-befe-758741d1d398,Racing Campo Grande,🐂,0,0,0,0,0,0,0,50,2026-04-30 23:00:12.175975+00,1000000,t,60,Brasil
ea91b1a0-aee7-4a20-a687-ee404bb02d1e,c5430623-91ab-428f-8295-e0f429de6e63,4b32c6f9-6cc0-4286-b67f-e8bc56cbf862,Olimpia Serra Alta,🔴,0,0,0,0,0,0,0,50,2026-04-30 23:00:12.175975+00,1000000,t,56,Brasil
4868b408-165a-4137-94ec-c3a372bc3a6d,c5430623-91ab-428f-8295-e0f429de6e63,4901c37e-d528-4094-b23d-64c5364a987e,Estrela Vale Verde,🔵,0,0,0,0,0,0,0,50,2026-04-30 23:00:12.175975+00,1000000,t,67,Brasil
3cf7c359-3643-4f82-9239-65938fe7249a,c5430623-91ab-428f-8295-e0f429de6e63,32dc8d15-3fe1-4b74-84aa-15b8da8bd3c6,FC Pedra Branca,🟢,0,0,0,0,0,0,0,50,2026-04-30 23:00:12.175975+00,1000000,t,62,Brasil
825ab333-0eae-40f5-a960-958e8d85c807,c5430623-91ab-428f-8295-e0f429de6e63,2083f7c4-6af4-4100-b0d0-057483e8b444,SC Lagoa Santa,🟡,0,0,0,0,0,0,0,50,2026-04-30 23:00:12.175975+00,1000000,t,70,Brasil
75b7f8e2-b084-4d82-8296-70f5e983fb15,c5430623-91ab-428f-8295-e0f429de6e63,bac9e2c3-cd9a-47af-ab76-9c37507b0feb,AC Porto Alegre,⚫,0,0,0,0,0,0,0,50,2026-04-30 23:00:12.175975+00,1000000,t,58,Brasil
8e190745-d44a-4768-aab3-1ca305c985d7,c5430623-91ab-428f-8295-e0f429de6e63,ff07e67e-699d-46e5-bb52-caa3effb8252,EC Bela Vista,⚪,0,0,0,0,0,0,0,50,2026-04-30 23:00:12.175975+00,1000000,t,55,Brasil
decf27eb-ce58-423c-b3c7-279d0ac1b044,c5430623-91ab-428f-8295-e0f429de6e63,7cd174d2-dd9f-4b02-84b1-5e35583d8ab7,Clube Cruz Alta,🟣,0,0,0,0,0,0,0,50,2026-04-30 23:00:12.175975+00,1000000,t,65,Brasil
35b945be-2d2f-4369-b36d-975d864de0dc,c5430623-91ab-428f-8295-e0f429de6e63,6ebbc9f6-ac47-43e9-9363-62170cf7d888,Atlético Santo Amaro,🟠,0,0,0,0,0,0,0,50,2026-04-30 23:00:12.175975+00,1000000,t,64,Brasil
f8368223-e250-4a10-a674-075b457ca945,c5430623-91ab-428f-8295-e0f429de6e63,a2946fb7-c77f-4b30-8d60-33ea7ab9e8e6,Esporte Jardim,⚽,0,0,0,0,0,0,0,50,2026-04-30 23:00:12.175975+00,1000000,t,69,Brasil
2c810515-8890-44f1-8c80-572469e8f3ec,c5430623-91ab-428f-8295-e0f429de6e63,63bef459-9fa2-49cf-8147-3424758dd0e5,Sport São Miguel,🏟️,0,0,0,0,0,0,0,50,2026-04-30 23:00:12.175975+00,1000000,t,55,Brasil
f248ed04-9654-4300-9e44-3114e49176a2,c5430623-91ab-428f-8295-e0f429de6e63,a5a2e1db-1295-4bc9-bef5-f0ec4fbf3322,União Boa Vista,🦅,0,0,0,0,0,0,0,50,2026-04-30 23:00:12.175975+00,1000000,t,67,Brasil
f0d369dd-6d86-4243-a73b-c1c1e9fa8f4c,c5430623-91ab-428f-8295-e0f429de6e63,b36aa536-871c-454f-ab04-8a2314e2c84d,Real Alto da Serra,🐺,0,0,0,0,0,0,0,50,2026-04-30 23:00:12.175975+00,1000000,t,67,Brasil
b5ea37ce-5594-4c64-948a-2757e1fe5c4d,c5430623-91ab-428f-8295-e0f429de6e63,4e0d2af7-80bf-48b3-8348-5e25412d632e,Inter Morro Alto,🦁,0,0,0,0,0,0,0,50,2026-04-30 23:00:12.175975+00,1000000,t,70,Brasil
a620451d-5d5c-44d0-a2ce-a012cc216f65,c5430623-91ab-428f-8295-e0f429de6e63,c9a67139-d49a-4d8c-849e-7b73cf9c48ef,Nacional Ponta Grossa,🐂,0,0,0,0,0,0,0,50,2026-04-30 23:00:12.175975+00,1000000,t,62,Brasil
e37b2022-766a-4d0b-a292-809069b16b1c,9ca84146-e394-4f65-93d6-75667cb488ec,d655531c-d2fb-4833-bd3d-4224831add2f,FC Nova Esperança,⚽,0,0,0,0,0,0,0,50,2026-04-30 23:00:12.446687+00,1000000,t,89,Brasil
a71b9136-0936-401a-86e5-6add36cb33ed,9ca84146-e394-4f65-93d6-75667cb488ec,b41b1f0c-b73f-4aa3-bbca-47db61344462,SC Sol Nascente,🏟️,0,0,0,0,0,0,0,50,2026-04-30 23:00:12.446687+00,1000000,t,82,Brasil
5b3102c5-7d2b-4d3d-a295-964743a45967,9ca84146-e394-4f65-93d6-75667cb488ec,0e836893-0098-4bcf-baea-63fecec992dd,AC Vila Rica,🦅,0,0,0,0,0,0,0,50,2026-04-30 23:00:12.446687+00,1000000,t,90,Brasil
e8f2705d-0660-43a8-8823-54c4d8e5df7c,9ca84146-e394-4f65-93d6-75667cb488ec,ffff3b79-7e4b-494f-b29a-d3deda05dec0,EC Monte Azul,🐺,0,0,0,0,0,0,0,50,2026-04-30 23:00:12.446687+00,1000000,t,83,Brasil
68a4b5ba-0700-4327-8238-f57503c7f162,9ca84146-e394-4f65-93d6-75667cb488ec,515c142c-dcc6-4128-b8e1-99ada6d4deb5,Clube Rio Claro,🦁,0,0,0,0,0,0,0,50,2026-04-30 23:00:12.446687+00,1000000,t,75,Brasil
81024694-85f6-43b5-9871-0b432442a20d,9ca84146-e394-4f65-93d6-75667cb488ec,7e6185fc-3f18-40af-8580-d8d60f8fb6b7,Atlético Campo Grande,🐂,0,0,0,0,0,0,0,50,2026-04-30 23:00:12.446687+00,1000000,t,80,Brasil
494f36c7-a548-4a94-b23b-f0f7fa332984,9ca84146-e394-4f65-93d6-75667cb488ec,34efd2cf-4598-4fdf-b5d4-5141a9e72b7b,Esporte Serra Alta,🔴,0,0,0,0,0,0,0,50,2026-04-30 23:00:12.446687+00,1000000,t,77,Brasil
98a879a8-36b4-4165-9d2a-c19a00447a71,9ca84146-e394-4f65-93d6-75667cb488ec,de60dbfe-9088-4900-9fa2-631ef3c4b360,Sport Vale Verde,🔵,0,0,0,0,0,0,0,50,2026-04-30 23:00:12.446687+00,1000000,t,87,Brasil
ec8983f9-688e-43d5-a73f-33c937a9c3fa,9ca84146-e394-4f65-93d6-75667cb488ec,b836580c-49a9-4938-b3af-15fd328777af,União Pedra Branca,🟢,0,0,0,0,0,0,0,50,2026-04-30 23:00:12.446687+00,1000000,t,82,Brasil
2519d63b-5b66-47ba-99e5-6b5a4bddf509,9ca84146-e394-4f65-93d6-75667cb488ec,a5bdd592-7bff-4af6-896f-731c13cd1e75,Real Lagoa Santa,🟡,0,0,0,0,0,0,0,50,2026-04-30 23:00:12.446687+00,1000000,t,85,Brasil
71e697be-9cb3-47a6-881a-4fe2eeb74c90,9ca84146-e394-4f65-93d6-75667cb488ec,80dd212c-dfa3-4618-a932-7704aacd02ba,Inter Porto Alegre,⚫,0,0,0,0,0,0,0,50,2026-04-30 23:00:12.446687+00,1000000,t,86,Brasil
57eb3128-83ed-44d7-8090-e3c3f8de4835,9ca84146-e394-4f65-93d6-75667cb488ec,8908a60a-7519-4a17-8c91-06fe7a3fb6f4,Nacional Bela Vista,⚪,0,0,0,0,0,0,0,50,2026-04-30 23:00:12.446687+00,1000000,t,87,Brasil
dcda496f-2eae-4424-8226-402775de80c5,9ca84146-e394-4f65-93d6-75667cb488ec,67a081f5-13e4-4e0b-88b2-6447d53c3b82,Sporting Cruz Alta,🟣,0,0,0,0,0,0,0,50,2026-04-30 23:00:12.446687+00,1000000,t,83,Brasil
d7a59dc2-0c90-44d1-9aad-a8b6d6587130,9ca84146-e394-4f65-93d6-75667cb488ec,cbc03d64-1103-4370-8d76-3d8040752284,Racing Santo Amaro,🟠,0,0,0,0,0,0,0,50,2026-04-30 23:00:12.446687+00,1000000,t,82,Brasil
ae4393e2-06c7-4f3e-96df-199ab1dcd0a3,9ca84146-e394-4f65-93d6-75667cb488ec,c3237301-2b93-4dcb-a9b6-9417e295b690,Olimpia Jardim,⚽,0,0,0,0,0,0,0,50,2026-04-30 23:00:12.446687+00,1000000,t,84,Brasil
c2c5c203-15f4-4d72-95da-2f7d252292b1,9ca84146-e394-4f65-93d6-75667cb488ec,751f0491-1db4-4a92-b8da-d22ca72442c1,Estrela São Miguel,🏟️,0,0,0,0,0,0,0,50,2026-04-30 23:00:12.446687+00,1000000,t,83,Brasil
5193c978-01f3-48fc-b16b-59f58ce8f24e,9ca84146-e394-4f65-93d6-75667cb488ec,7e9bd43b-5091-46a6-87a3-01d95a65181e,FC Boa Vista,🦅,0,0,0,0,0,0,0,50,2026-04-30 23:00:12.446687+00,1000000,t,90,Brasil
11ed94ef-01d5-49a8-997b-33d94f388c3e,9ca84146-e394-4f65-93d6-75667cb488ec,fe6714ef-fb7d-45cd-aa1a-5510b129ea9d,SC Alto da Serra,🐺,0,0,0,0,0,0,0,50,2026-04-30 23:00:12.446687+00,1000000,t,81,Brasil
dec6e8b3-6fe1-4908-9248-a3ecabe9c142,9ca84146-e394-4f65-93d6-75667cb488ec,1c14146f-77dc-4d5f-bb0a-861e5c2b44a9,AC Morro Alto,🦁,0,0,0,0,0,0,0,50,2026-04-30 23:00:12.446687+00,1000000,t,90,Brasil
0d612968-5041-43bf-999b-1a10833777df,9ca84146-e394-4f65-93d6-75667cb488ec,c418268e-139d-4de4-9562-204036370ac9,EC Ponta Grossa,🐂,0,0,0,0,0,0,0,50,2026-04-30 23:00:12.446687+00,1000000,t,90,Brasil
84992759-6936-4775-b35b-33d5b30a0d31,bdcb5e8a-1663-44e7-baae-1bcd9ee20090,4286a786-ed03-4fdb-a96a-95096a928d37,União Nova Esperança,⚽,0,0,0,0,0,0,0,50,2026-04-30 23:00:13.037088+00,1000000,t,61,Brasil
193e8b2c-01d2-4eae-a865-6c9f9d2820f6,bdcb5e8a-1663-44e7-baae-1bcd9ee20090,3b3ad392-6f2f-409e-be39-28cd6f2322e0,Real Sol Nascente,🏟️,0,0,0,0,0,0,0,50,2026-04-30 23:00:13.037088+00,1000000,t,58,Brasil
a360a7ea-451d-43f7-8fba-627b75098011,303100dd-29f1-472c-bda6-aafc5f0007c5,9ef0c595-98d2-42c6-bedb-b74d8bb827ee,Sport Bela Vista,⚪,0,0,0,0,0,0,0,50,2026-04-30 23:00:12.245822+00,1000000,t,51,Brasil
9962d3c9-9b2e-41ac-bf7f-31a697e00eab,303100dd-29f1-472c-bda6-aafc5f0007c5,71d955ff-2582-47b2-838a-a1cc9cc33b3c,União Cruz Alta,🟣,0,0,0,0,0,0,0,50,2026-04-30 23:00:12.245822+00,1000000,t,58,Brasil
72616477-0462-4574-b692-ddd70ab94f6c,303100dd-29f1-472c-bda6-aafc5f0007c5,ab5b970e-6c0c-4bc5-8516-193a5a4db4f1,Real Santo Amaro,🟠,0,0,0,0,0,0,0,50,2026-04-30 23:00:12.245822+00,1000000,t,58,Brasil
f080a2d8-e83a-4dc5-81e8-72d88ef23ca7,303100dd-29f1-472c-bda6-aafc5f0007c5,d90691aa-a143-4df3-bacc-69bc928be521,Inter Jardim,⚽,0,0,0,0,0,0,0,50,2026-04-30 23:00:12.245822+00,1000000,t,60,Brasil
b48e2586-b6a5-4486-b90e-0360c74db248,303100dd-29f1-472c-bda6-aafc5f0007c5,6637abb3-5f58-4e5e-99dc-591603b1e2a2,Nacional São Miguel,🏟️,0,0,0,0,0,0,0,50,2026-04-30 23:00:12.245822+00,1000000,t,55,Brasil
5483ed40-c54d-4b13-8ab2-c178207f93af,303100dd-29f1-472c-bda6-aafc5f0007c5,efc1dc2a-4a9d-4f30-8c22-bd31217e6dac,Sporting Boa Vista,🦅,0,0,0,0,0,0,0,50,2026-04-30 23:00:12.245822+00,1000000,t,52,Brasil
e38ffe95-1d3a-46ee-9d7e-75e1db1204dd,303100dd-29f1-472c-bda6-aafc5f0007c5,c258cf5a-88f0-46e2-96e5-ecaa5df824bf,Racing Alto da Serra,🐺,0,0,0,0,0,0,0,50,2026-04-30 23:00:12.245822+00,1000000,t,54,Brasil
c8165afd-d93e-4560-8c7a-4b6110998bfb,303100dd-29f1-472c-bda6-aafc5f0007c5,8bc64c09-9f92-4762-b5e6-89012f36ddd9,Olimpia Morro Alto,🦁,0,0,0,0,0,0,0,50,2026-04-30 23:00:12.245822+00,1000000,t,45,Brasil
92aa25b4-4f9c-4b1e-8356-bedade6a3e97,303100dd-29f1-472c-bda6-aafc5f0007c5,418caf12-df11-49e2-b94b-52b86da1a585,Estrela Ponta Grossa,🐂,0,0,0,0,0,0,0,50,2026-04-30 23:00:12.245822+00,1000000,t,46,Brasil
20a1fd8d-dddc-4075-9bfe-77ef5ef5c655,e3d6528e-ce9f-41b4-b916-d76d873906a1,612ad869-781a-41b9-bbb6-ae784099cd42,Sporting Nova Esperança,⚽,0,0,0,0,0,0,0,50,2026-04-30 23:00:13.10873+00,1000000,t,46,Brasil
8da68815-73f1-422a-9c61-9bbfb0f35b35,e3d6528e-ce9f-41b4-b916-d76d873906a1,07bea314-6fe6-43cc-9fba-06a776a0cbdf,Racing Sol Nascente,🏟️,0,0,0,0,0,0,0,50,2026-04-30 23:00:13.10873+00,1000000,t,48,Brasil
737e7ed2-e1d3-4698-aff0-e2cff6cacc03,e3d6528e-ce9f-41b4-b916-d76d873906a1,2de037cd-08e7-4ded-acab-9b03c500c2e6,Olimpia Vila Rica,🦅,0,0,0,0,0,0,0,50,2026-04-30 23:00:13.10873+00,1000000,t,48,Brasil
aeb44d36-4bc8-4df8-a1ec-03aeef4c9651,e3d6528e-ce9f-41b4-b916-d76d873906a1,0ff1e274-4c88-4232-a99d-78f68ca0f7bf,Estrela Monte Azul,🐺,0,0,0,0,0,0,0,50,2026-04-30 23:00:13.10873+00,1000000,t,54,Brasil
41b29064-1cb9-490d-80db-44c1939430df,e3d6528e-ce9f-41b4-b916-d76d873906a1,0d23d7f2-c414-4241-b3c1-4444bb5501a9,FC Rio Claro,🦁,0,0,0,0,0,0,0,50,2026-04-30 23:00:13.10873+00,1000000,t,56,Brasil
cb543d4f-c942-489c-bebf-00271a5da4c2,e3d6528e-ce9f-41b4-b916-d76d873906a1,cdf5d23a-e645-4c78-8131-7cf9fccc9bc0,SC Campo Grande,🐂,0,0,0,0,0,0,0,50,2026-04-30 23:00:13.10873+00,1000000,t,59,Brasil
58e86d10-5113-4917-8cab-40130290856d,e3d6528e-ce9f-41b4-b916-d76d873906a1,a5791b4d-5dc5-4601-a264-06ece9a4c7e2,AC Serra Alta,🔴,0,0,0,0,0,0,0,50,2026-04-30 23:00:13.10873+00,1000000,t,57,Brasil
705f3a78-8ec8-42e3-8375-e28108e16ad3,e3d6528e-ce9f-41b4-b916-d76d873906a1,c8400443-e26b-4a46-841a-6f0097b15fe4,EC Vale Verde,🔵,0,0,0,0,0,0,0,50,2026-04-30 23:00:13.10873+00,1000000,t,54,Brasil
0e41ad9a-33e4-4521-9488-42742050596d,e3d6528e-ce9f-41b4-b916-d76d873906a1,ba57a786-4d61-4c13-bb52-aa77ef6af104,Clube Pedra Branca,🟢,0,0,0,0,0,0,0,50,2026-04-30 23:00:13.10873+00,1000000,t,57,Brasil
d33a417e-40bd-449e-bab8-af0bf570c009,e3d6528e-ce9f-41b4-b916-d76d873906a1,e4b18ebd-8c55-4636-b16b-21a95a9d0726,Atlético Lagoa Santa,🟡,0,0,0,0,0,0,0,50,2026-04-30 23:00:13.10873+00,1000000,t,58,Brasil
26e958ff-0cb1-419d-9eb9-8bce56e6ae0c,e3d6528e-ce9f-41b4-b916-d76d873906a1,8d11ca6f-9b40-49e7-831a-29a0866bc61c,Esporte Porto Alegre,⚫,0,0,0,0,0,0,0,50,2026-04-30 23:00:13.10873+00,1000000,t,56,Brasil
a298f1f5-e0fe-471b-99ac-fb426d89cb0a,e3d6528e-ce9f-41b4-b916-d76d873906a1,6ffd7ede-32ab-4338-ae03-10e00f2830db,Sport Bela Vista,⚪,0,0,0,0,0,0,0,50,2026-04-30 23:00:13.10873+00,1000000,t,57,Brasil
6bff9251-453c-40e7-a10c-2573b954ff4a,e3d6528e-ce9f-41b4-b916-d76d873906a1,6c8459b9-8c76-43f2-a8bf-9cfa9903bd1a,União Cruz Alta,🟣,0,0,0,0,0,0,0,50,2026-04-30 23:00:13.10873+00,1000000,t,47,Brasil
83f591e3-68ef-4d33-ba16-f8f7efc97bb7,e3d6528e-ce9f-41b4-b916-d76d873906a1,2c0592d9-8bb3-4a17-931c-dda8d46e56dd,Real Santo Amaro,🟠,0,0,0,0,0,0,0,50,2026-04-30 23:00:13.10873+00,1000000,t,57,Brasil
9609f63d-6bb5-42d9-b49f-6835ca7e696b,e3d6528e-ce9f-41b4-b916-d76d873906a1,8bc9c924-b754-4f7f-a9bb-49eb32722682,Inter Jardim,⚽,0,0,0,0,0,0,0,50,2026-04-30 23:00:13.10873+00,1000000,t,52,Brasil
de628b19-6021-4557-b7c8-b55319885d64,e3d6528e-ce9f-41b4-b916-d76d873906a1,cce9628d-05e2-4175-a8bc-6ea2544faec1,Nacional São Miguel,🏟️,0,0,0,0,0,0,0,50,2026-04-30 23:00:13.10873+00,1000000,t,47,Brasil
27e8347c-b161-4793-bf4e-96207765ba8b,e3d6528e-ce9f-41b4-b916-d76d873906a1,af5550b8-bfdc-4c41-969b-3a3cc5aa94c2,Sporting Boa Vista,🦅,0,0,0,0,0,0,0,50,2026-04-30 23:00:13.10873+00,1000000,t,56,Brasil
1c80497c-98fa-480b-a269-637aa5c0fea6,e3d6528e-ce9f-41b4-b916-d76d873906a1,2c68c4a3-280b-461c-8b37-715b333621a4,Racing Alto da Serra,🐺,0,0,0,0,0,0,0,50,2026-04-30 23:00:13.10873+00,1000000,t,47,Brasil
c806677a-c4bc-464b-ab4e-2f0d8a65fb71,e3d6528e-ce9f-41b4-b916-d76d873906a1,75e1a44a-b86b-4193-a1ab-b52dcd468e2f,Olimpia Morro Alto,🦁,0,0,0,0,0,0,0,50,2026-04-30 23:00:13.10873+00,1000000,t,57,Brasil
b05f409f-6956-4b88-b53b-79afcc32ef52,e3d6528e-ce9f-41b4-b916-d76d873906a1,c8b470e2-2be4-4ffb-9423-a43affd12404,Estrela Ponta Grossa,🐂,0,0,0,0,0,0,0,50,2026-04-30 23:00:13.10873+00,1000000,t,50,Brasil
9875e3dd-3ebd-43f6-acd3-ade523ca06e1,c6c3be97-b971-4091-a051-1cd6a5cec7b4,93f5dad4-6557-4e8f-8a24-64d42a961f94,FC Nova Esperança,⚽,0,0,0,0,0,0,0,50,2026-04-30 23:00:13.275952+00,1000000,t,75,Brasil
ec372646-7c82-42a8-83d0-c9fdb943e7d3,c6c3be97-b971-4091-a051-1cd6a5cec7b4,e44d341e-99a5-44be-a885-fad9e7ed6197,SC Sol Nascente,🏟️,0,0,0,0,0,0,0,50,2026-04-30 23:00:13.275952+00,1000000,t,80,Brasil
322ad66e-a56b-4f96-aa3a-58cfed3061f2,c6c3be97-b971-4091-a051-1cd6a5cec7b4,2ae3d2a8-1511-46d5-afed-e0ad66b040b2,AC Vila Rica,🦅,0,0,0,0,0,0,0,50,2026-04-30 23:00:13.275952+00,1000000,t,83,Brasil
f9887624-ab57-4172-a7dc-43cd3a560c34,c6c3be97-b971-4091-a051-1cd6a5cec7b4,c99f82d7-8430-44da-9b98-580dfaa50ef0,EC Monte Azul,🐺,0,0,0,0,0,0,0,50,2026-04-30 23:00:13.275952+00,1000000,t,85,Brasil
0d75034c-5f54-4897-ae3e-bdadcc0983fd,c6c3be97-b971-4091-a051-1cd6a5cec7b4,369b888d-c57e-4d7a-a49c-c3f3994bebe7,Clube Rio Claro,🦁,0,0,0,0,0,0,0,50,2026-04-30 23:00:13.275952+00,1000000,t,89,Brasil
41bccd1f-b3d6-4f30-8f63-f940b8ec910c,c6c3be97-b971-4091-a051-1cd6a5cec7b4,6498ee2a-fe33-430d-b64b-ea4180551a48,Atlético Campo Grande,🐂,0,0,0,0,0,0,0,50,2026-04-30 23:00:13.275952+00,1000000,t,90,Brasil
bc372924-72bc-48b5-ae17-deef666acb6f,c6c3be97-b971-4091-a051-1cd6a5cec7b4,b368674e-0240-47cc-851f-dfd8ca552b7d,Esporte Serra Alta,🔴,0,0,0,0,0,0,0,50,2026-04-30 23:00:13.275952+00,1000000,t,77,Brasil
24d0a632-7560-40a8-aae8-711bd05e50b2,c6c3be97-b971-4091-a051-1cd6a5cec7b4,eb7c4628-0918-4157-a9d8-e1cf1594eadb,Sport Vale Verde,🔵,0,0,0,0,0,0,0,50,2026-04-30 23:00:13.275952+00,1000000,t,88,Brasil
160c513b-211f-43b7-8fe6-ea99443f1977,c6c3be97-b971-4091-a051-1cd6a5cec7b4,e3beed19-30d4-453e-a825-7bfea6b7c23d,União Pedra Branca,🟢,0,0,0,0,0,0,0,50,2026-04-30 23:00:13.275952+00,1000000,t,75,Brasil
d0ac33e0-e3bb-42e5-98eb-a0d83baa3eda,c6c3be97-b971-4091-a051-1cd6a5cec7b4,a06d7068-f5cc-4d9c-b903-835f048e1b9c,Real Lagoa Santa,🟡,0,0,0,0,0,0,0,50,2026-04-30 23:00:13.275952+00,1000000,t,84,Brasil
21e1a3d2-128c-48d2-9d98-f822b0ef86f2,c6c3be97-b971-4091-a051-1cd6a5cec7b4,0d0a8efa-423a-4d80-afb5-4d944efa2041,Inter Porto Alegre,⚫,0,0,0,0,0,0,0,50,2026-04-30 23:00:13.275952+00,1000000,t,89,Brasil
6f5a9f3c-06de-4b4e-b451-7cdb51eac689,c6c3be97-b971-4091-a051-1cd6a5cec7b4,d8330c49-6178-4b0b-9f7f-716faf93b2c7,Nacional Bela Vista,⚪,0,0,0,0,0,0,0,50,2026-04-30 23:00:13.275952+00,1000000,t,80,Brasil
414d2c8d-4ae8-4548-a66f-8c9419694fa5,c6c3be97-b971-4091-a051-1cd6a5cec7b4,00cf8760-d202-4c63-a7fb-b612d63075b0,Sporting Cruz Alta,🟣,0,0,0,0,0,0,0,50,2026-04-30 23:00:13.275952+00,1000000,t,81,Brasil
2e753fa9-595a-463f-9651-3c371730aaf3,c6c3be97-b971-4091-a051-1cd6a5cec7b4,ca8df8d2-635c-41ff-852e-415fc9714e46,Racing Santo Amaro,🟠,0,0,0,0,0,0,0,50,2026-04-30 23:00:13.275952+00,1000000,t,79,Brasil
12412c2c-3474-4b04-8c1d-741788847c09,c6c3be97-b971-4091-a051-1cd6a5cec7b4,a6570f54-df6b-4a76-a904-652d96c6aa36,Olimpia Jardim,⚽,0,0,0,0,0,0,0,50,2026-04-30 23:00:13.275952+00,1000000,t,84,Brasil
573ee114-22e8-4945-8cb8-633fa1b86982,c6c3be97-b971-4091-a051-1cd6a5cec7b4,146ecfa4-7624-4522-b0dc-757a7362938c,Estrela São Miguel,🏟️,0,0,0,0,0,0,0,50,2026-04-30 23:00:13.275952+00,1000000,t,83,Brasil
a928d716-5284-4e7e-9cd0-af79eb0f0bbb,c6c3be97-b971-4091-a051-1cd6a5cec7b4,c2bd2939-207e-4daf-a8ad-a1590f884e9e,FC Boa Vista,🦅,0,0,0,0,0,0,0,50,2026-04-30 23:00:13.275952+00,1000000,t,89,Brasil
8db4a403-e5b7-4bdb-943a-8b981d0e0bae,c6c3be97-b971-4091-a051-1cd6a5cec7b4,145b4da2-c563-4cfc-a175-62b07177cc7d,SC Alto da Serra,🐺,0,0,0,0,0,0,0,50,2026-04-30 23:00:13.275952+00,1000000,t,90,Brasil
8e9ac287-7ef2-4ce3-88f8-f7551baa84b0,c6c3be97-b971-4091-a051-1cd6a5cec7b4,c3338b95-fbc2-415b-82b3-102d48f4c0ad,AC Morro Alto,🦁,0,0,0,0,0,0,0,50,2026-04-30 23:00:13.275952+00,1000000,t,89,Brasil
2006047f-3546-43c3-9b93-9da7433a5e4c,c6c3be97-b971-4091-a051-1cd6a5cec7b4,9fdf932d-bc73-420c-8b9e-2a690885f8e4,EC Ponta Grossa,🐂,0,0,0,0,0,0,0,50,2026-04-30 23:00:13.275952+00,1000000,t,89,Brasil
3dc11aa6-bfd0-4c3d-b2d8-a26034fe0154,ff74f73f-8bb8-4bbf-8938-73bc62bd50f4,8ff20802-05b7-4d1f-b872-53f0aa3ffb62,União Nova Esperança,⚽,0,0,0,0,0,0,0,50,2026-04-30 23:00:15.505076+00,1000000,t,69,Brasil
fbf309ec-10dc-46cc-b526-1fc5346e8a97,ff74f73f-8bb8-4bbf-8938-73bc62bd50f4,f74cf788-6940-4e25-9df7-ca64443416a9,Real Sol Nascente,🏟️,0,0,0,0,0,0,0,50,2026-04-30 23:00:15.505076+00,1000000,t,60,Brasil
d924f5e3-1c18-44a9-9a90-55f4d59ebadb,bdcb5e8a-1663-44e7-baae-1bcd9ee20090,db607968-8b52-4191-996e-4bb0d32ea878,Inter Vila Rica,🦅,0,0,0,0,0,0,0,50,2026-04-30 23:00:13.037088+00,1000000,t,57,Brasil
de369aa9-90b3-4b5e-b5ef-ef8d098c2c64,bdcb5e8a-1663-44e7-baae-1bcd9ee20090,fb0bdf17-17bb-4136-aff5-7276e6c03f7d,Nacional Monte Azul,🐺,0,0,0,0,0,0,0,50,2026-04-30 23:00:13.037088+00,1000000,t,61,Brasil
81f97548-d290-4041-b312-48f8711d3da1,bdcb5e8a-1663-44e7-baae-1bcd9ee20090,7011aca0-3b1b-447e-a4d7-e1669048d711,Sporting Rio Claro,🦁,0,0,0,0,0,0,0,50,2026-04-30 23:00:13.037088+00,1000000,t,67,Brasil
9b3821a9-64b3-45b0-b2f0-1b5f3f3fc252,bdcb5e8a-1663-44e7-baae-1bcd9ee20090,a050c5a2-a60c-449c-acee-8b884600ed75,Racing Campo Grande,🐂,0,0,0,0,0,0,0,50,2026-04-30 23:00:13.037088+00,1000000,t,58,Brasil
4f99aeee-aa03-4373-8b4f-9763ba5b11cf,bdcb5e8a-1663-44e7-baae-1bcd9ee20090,94b2f6ff-a344-4ac8-92ae-33d64b797ffd,Olimpia Serra Alta,🔴,0,0,0,0,0,0,0,50,2026-04-30 23:00:13.037088+00,1000000,t,56,Brasil
5276121a-26c7-46d3-9f35-2f02d1aca902,bdcb5e8a-1663-44e7-baae-1bcd9ee20090,f1a0348c-1928-456f-9fe9-913fd7c39bae,Estrela Vale Verde,🔵,0,0,0,0,0,0,0,50,2026-04-30 23:00:13.037088+00,1000000,t,62,Brasil
cfee9687-cc7d-4ed7-95f2-b63c55cf2ff0,bdcb5e8a-1663-44e7-baae-1bcd9ee20090,cf2e97d4-e0fe-4039-b8a5-2ae2cf028c10,FC Pedra Branca,🟢,0,0,0,0,0,0,0,50,2026-04-30 23:00:13.037088+00,1000000,t,65,Brasil
49746d6a-dffb-42c7-a45a-33a84c6820d6,bdcb5e8a-1663-44e7-baae-1bcd9ee20090,257d9d64-8dca-4f16-9ab2-4b567155d98c,SC Lagoa Santa,🟡,0,0,0,0,0,0,0,50,2026-04-30 23:00:13.037088+00,1000000,t,57,Brasil
ee1736d2-dbdb-4787-bbc6-98c2cbfa8380,bdcb5e8a-1663-44e7-baae-1bcd9ee20090,d6761a2d-87b2-4639-b78a-fc2ba37d401d,AC Porto Alegre,⚫,0,0,0,0,0,0,0,50,2026-04-30 23:00:13.037088+00,1000000,t,61,Brasil
8de5eead-beba-4db4-9025-6400ac1341af,bdcb5e8a-1663-44e7-baae-1bcd9ee20090,6a626f9a-9fc4-4fe3-833b-9f0df79c773d,EC Bela Vista,⚪,0,0,0,0,0,0,0,50,2026-04-30 23:00:13.037088+00,1000000,t,68,Brasil
5adf6544-e3a7-4e86-9a8f-047fe79beb48,bdcb5e8a-1663-44e7-baae-1bcd9ee20090,937d4f92-45aa-4cd7-90f7-818bc9580013,Clube Cruz Alta,🟣,0,0,0,0,0,0,0,50,2026-04-30 23:00:13.037088+00,1000000,t,58,Brasil
9ef52750-4d50-4869-9450-68f5c8be00b1,bdcb5e8a-1663-44e7-baae-1bcd9ee20090,aa005438-8878-47e6-b4ac-cf02ba44c1f3,Atlético Santo Amaro,🟠,0,0,0,0,0,0,0,50,2026-04-30 23:00:13.037088+00,1000000,t,60,Brasil
b6ef550d-ede5-4499-9c3a-66d65a8b5bc2,bdcb5e8a-1663-44e7-baae-1bcd9ee20090,29ef3289-030d-49f2-a749-81dad642920a,Esporte Jardim,⚽,0,0,0,0,0,0,0,50,2026-04-30 23:00:13.037088+00,1000000,t,58,Brasil
a70cc8d7-c909-4397-9228-a30872ec5d3c,bdcb5e8a-1663-44e7-baae-1bcd9ee20090,e02fc65b-2459-44e3-bcf7-e57155ba6e67,Sport São Miguel,🏟️,0,0,0,0,0,0,0,50,2026-04-30 23:00:13.037088+00,1000000,t,58,Brasil
e40f1b30-72de-4b3f-876f-d19186462875,bdcb5e8a-1663-44e7-baae-1bcd9ee20090,47466d74-2fc4-41b4-9bd3-ef7b713e0ae9,União Boa Vista,🦅,0,0,0,0,0,0,0,50,2026-04-30 23:00:13.037088+00,1000000,t,56,Brasil
9ab41da6-4a88-4372-acf1-333f63e41b46,bdcb5e8a-1663-44e7-baae-1bcd9ee20090,d248df91-7ed8-4a9a-88fb-0bc8bbdabd98,Real Alto da Serra,🐺,0,0,0,0,0,0,0,50,2026-04-30 23:00:13.037088+00,1000000,t,66,Brasil
5eed0006-d48c-48eb-86e5-e0bf978a7d04,bdcb5e8a-1663-44e7-baae-1bcd9ee20090,77575e77-1ddc-4dae-99fd-73e2ba650b51,Inter Morro Alto,🦁,0,0,0,0,0,0,0,50,2026-04-30 23:00:13.037088+00,1000000,t,55,Brasil
d477357d-d509-415b-ba98-f79b3f6fdc13,bdcb5e8a-1663-44e7-baae-1bcd9ee20090,ca36525f-a4e0-45b9-930b-405c8f0d3de6,Nacional Ponta Grossa,🐂,0,0,0,0,0,0,0,50,2026-04-30 23:00:13.037088+00,1000000,t,56,Brasil
805ca5df-b975-449b-9007-f6bf8245c080,fa687bc9-dbf0-4831-bb48-7dc5c941e11f,afa56884-972e-46f9-9f0f-978e8466db19,Clube Nova Esperança,⚽,0,0,0,0,0,0,0,50,2026-04-30 23:00:13.345355+00,1000000,t,80,Brasil
6ad68bbd-2c84-47d4-9513-fe0992faf9bd,fa687bc9-dbf0-4831-bb48-7dc5c941e11f,860f7b2d-4d74-4257-a00d-840298ab39da,Atlético Sol Nascente,🏟️,0,0,0,0,0,0,0,50,2026-04-30 23:00:13.345355+00,1000000,t,73,Brasil
a4993a50-254c-4f3d-8fb1-194cbc86f637,fa687bc9-dbf0-4831-bb48-7dc5c941e11f,f4620486-31d9-40cb-a775-03a2168dce21,Esporte Vila Rica,🦅,0,0,0,0,0,0,0,50,2026-04-30 23:00:13.345355+00,1000000,t,70,Brasil
8823ffef-b568-4d67-ab66-67300fb2a608,fa687bc9-dbf0-4831-bb48-7dc5c941e11f,f23fdb92-e0bd-414a-884c-362b8b04a528,Sport Monte Azul,🐺,0,0,0,0,0,0,0,50,2026-04-30 23:00:13.345355+00,1000000,t,74,Brasil
e848510f-97a7-4481-be8d-7cd2acf3314d,fa687bc9-dbf0-4831-bb48-7dc5c941e11f,44f5774f-bba1-4772-82ab-3e5836956da7,União Rio Claro,🦁,0,0,0,0,0,0,0,50,2026-04-30 23:00:13.345355+00,1000000,t,80,Brasil
536fca56-3644-4ea6-b60a-21dd3f6a3780,fa687bc9-dbf0-4831-bb48-7dc5c941e11f,361ab6f9-3698-445f-9631-b2f481081062,Real Campo Grande,🐂,0,0,0,0,0,0,0,50,2026-04-30 23:00:13.345355+00,1000000,t,67,Brasil
17a5d6ac-adbb-4c9e-9a15-a2527542e0f3,fa687bc9-dbf0-4831-bb48-7dc5c941e11f,bfa876ef-7703-456c-8f3a-aab29f7f82a6,Inter Serra Alta,🔴,0,0,0,0,0,0,0,50,2026-04-30 23:00:13.345355+00,1000000,t,67,Brasil
3443db58-3848-4ab7-afbe-6980d61a2821,fa687bc9-dbf0-4831-bb48-7dc5c941e11f,f21eaef6-517f-44bd-b1bb-3079adeca36b,Nacional Vale Verde,🔵,0,0,0,0,0,0,0,50,2026-04-30 23:00:13.345355+00,1000000,t,66,Brasil
fb58bff9-0a7c-4816-bced-83cf71cf2cea,fa687bc9-dbf0-4831-bb48-7dc5c941e11f,ab7d3e17-89d3-438d-bc1f-8eb3a4bcd636,Sporting Pedra Branca,🟢,0,0,0,0,0,0,0,50,2026-04-30 23:00:13.345355+00,1000000,t,69,Brasil
65851946-5343-4589-a479-fb88377f0442,fa687bc9-dbf0-4831-bb48-7dc5c941e11f,c54bcc95-a7a6-4541-b67c-5efcf0cdc52a,Racing Lagoa Santa,🟡,0,0,0,0,0,0,0,50,2026-04-30 23:00:13.345355+00,1000000,t,78,Brasil
a1664061-bed7-497b-a057-7bbbd5c0c978,fa687bc9-dbf0-4831-bb48-7dc5c941e11f,f27955c8-35cd-47dc-96b7-22b3a3ce8ce5,Olimpia Porto Alegre,⚫,0,0,0,0,0,0,0,50,2026-04-30 23:00:13.345355+00,1000000,t,69,Brasil
6bd302a4-a75d-4bba-815e-0441d93e2098,fa687bc9-dbf0-4831-bb48-7dc5c941e11f,af541e59-a7ff-49e7-b371-cb2960e8f8f9,Estrela Bela Vista,⚪,0,0,0,0,0,0,0,50,2026-04-30 23:00:13.345355+00,1000000,t,70,Brasil
78a96f40-dc67-4449-8fa7-63981c04197f,fa687bc9-dbf0-4831-bb48-7dc5c941e11f,5408a7f1-e59d-4d05-86b2-342c9918a1d2,FC Cruz Alta,🟣,0,0,0,0,0,0,0,50,2026-04-30 23:00:13.345355+00,1000000,t,71,Brasil
bf30ed2d-92e7-4c04-9eb3-577ebbb9da5c,fa687bc9-dbf0-4831-bb48-7dc5c941e11f,648bfd6f-07d9-41a8-adf7-451ce0492a0a,SC Santo Amaro,🟠,0,0,0,0,0,0,0,50,2026-04-30 23:00:13.345355+00,1000000,t,70,Brasil
391d0c9e-8dc5-485d-a225-67f42e459f40,fa687bc9-dbf0-4831-bb48-7dc5c941e11f,9b92d707-316b-48da-be4f-2fd561d1b2d5,AC Jardim,⚽,0,0,0,0,0,0,0,50,2026-04-30 23:00:13.345355+00,1000000,t,66,Brasil
e4509af5-1dae-4de3-8d96-92590605a39e,fa687bc9-dbf0-4831-bb48-7dc5c941e11f,ecd4a71d-d82b-4b9e-81ef-ba9131e431cc,EC São Miguel,🏟️,0,0,0,0,0,0,0,50,2026-04-30 23:00:13.345355+00,1000000,t,77,Brasil
56a10eed-d0b8-4fb6-b679-2ea327a328be,fa687bc9-dbf0-4831-bb48-7dc5c941e11f,dcf8acdd-d5c1-4ff3-943b-b102d3307006,Clube Boa Vista,🦅,0,0,0,0,0,0,0,50,2026-04-30 23:00:13.345355+00,1000000,t,72,Brasil
c99a99f8-feb6-463f-9bbb-cd5f11979c6c,fa687bc9-dbf0-4831-bb48-7dc5c941e11f,319fc267-df70-4144-9527-b919c67d5caf,Atlético Alto da Serra,🐺,0,0,0,0,0,0,0,50,2026-04-30 23:00:13.345355+00,1000000,t,76,Brasil
bd82c39a-5b41-4f21-b59a-37a0090531a1,fa687bc9-dbf0-4831-bb48-7dc5c941e11f,863a4c0b-610b-4b84-bbf6-1606b1e82f4c,Esporte Morro Alto,🦁,0,0,0,0,0,0,0,50,2026-04-30 23:00:13.345355+00,1000000,t,73,Brasil
d429de93-35dc-4d46-a199-5cff136773d7,fa687bc9-dbf0-4831-bb48-7dc5c941e11f,b2c0dd9e-bbf6-48ae-9701-4fbcecebf80b,Sport Ponta Grossa,🐂,0,0,0,0,0,0,0,50,2026-04-30 23:00:13.345355+00,1000000,t,79,Brasil
0ccb3531-4a8a-4928-a915-030c4ec8f34c,973ec0d3-4301-478c-a2a6-c38ef2191d23,93dfbe69-777d-43ab-8562-d53d11b1a882,Sporting Nova Esperança,⚽,0,0,0,0,0,0,0,50,2026-04-30 23:00:13.478594+00,1000000,t,53,Brasil
4b784a70-9353-49e0-a93c-8839ac1e9069,973ec0d3-4301-478c-a2a6-c38ef2191d23,b50fb3c7-7495-430c-8572-0b1ccbd58c82,Racing Sol Nascente,🏟️,0,0,0,0,0,0,0,50,2026-04-30 23:00:13.478594+00,1000000,t,47,Brasil
a2f016bd-2f1d-422b-811e-6168dd52098a,973ec0d3-4301-478c-a2a6-c38ef2191d23,2367a0e3-eb3d-4d79-b43b-2208c949d464,Olimpia Vila Rica,🦅,0,0,0,0,0,0,0,50,2026-04-30 23:00:13.478594+00,1000000,t,53,Brasil
da2df971-183d-4344-9cec-55ad5c8399e4,973ec0d3-4301-478c-a2a6-c38ef2191d23,7a7f2ebd-e419-444f-bff9-b4637db1438d,Estrela Monte Azul,🐺,0,0,0,0,0,0,0,50,2026-04-30 23:00:13.478594+00,1000000,t,60,Brasil
941b7a52-0800-413d-bf3f-2e9bf129255e,973ec0d3-4301-478c-a2a6-c38ef2191d23,f175e375-5028-46d1-a341-d8c33c730b89,FC Rio Claro,🦁,0,0,0,0,0,0,0,50,2026-04-30 23:00:13.478594+00,1000000,t,51,Brasil
ca095299-2c79-4f98-b16d-d61336ad105a,973ec0d3-4301-478c-a2a6-c38ef2191d23,ef2fa70c-0840-408f-b9ce-25ffaa545509,SC Campo Grande,🐂,0,0,0,0,0,0,0,50,2026-04-30 23:00:13.478594+00,1000000,t,48,Brasil
55152518-da4f-4c6b-a8a8-ec7efcced372,973ec0d3-4301-478c-a2a6-c38ef2191d23,f5db1155-f116-48b0-8956-372fc3cb37c7,AC Serra Alta,🔴,0,0,0,0,0,0,0,50,2026-04-30 23:00:13.478594+00,1000000,t,55,Brasil
255ea3d1-7190-4e50-b528-3005b954b08b,973ec0d3-4301-478c-a2a6-c38ef2191d23,a7b98444-7513-467c-832a-ae5750cdcc01,EC Vale Verde,🔵,0,0,0,0,0,0,0,50,2026-04-30 23:00:13.478594+00,1000000,t,51,Brasil
dc7746aa-79d4-4e22-a940-6ac2cc2b67c4,973ec0d3-4301-478c-a2a6-c38ef2191d23,f44b248d-e09b-46de-8afb-66db9f65aa6f,Clube Pedra Branca,🟢,0,0,0,0,0,0,0,50,2026-04-30 23:00:13.478594+00,1000000,t,52,Brasil
e9c3edf2-4cc8-4f0d-9bb5-3ddb7b7394f2,973ec0d3-4301-478c-a2a6-c38ef2191d23,fa565186-6384-4403-8c66-a057d0746e58,Atlético Lagoa Santa,🟡,0,0,0,0,0,0,0,50,2026-04-30 23:00:13.478594+00,1000000,t,46,Brasil
0f5430b1-7dfc-42f0-bbde-1efc5eeba1c3,973ec0d3-4301-478c-a2a6-c38ef2191d23,403beed4-eb3e-407e-9585-c82be6e20606,Esporte Porto Alegre,⚫,0,0,0,0,0,0,0,50,2026-04-30 23:00:13.478594+00,1000000,t,49,Brasil
0941ee49-6238-4f51-a455-c57a42868b96,973ec0d3-4301-478c-a2a6-c38ef2191d23,3f916c78-cf23-4d84-9411-62a4f0efb0bc,Sport Bela Vista,⚪,0,0,0,0,0,0,0,50,2026-04-30 23:00:13.478594+00,1000000,t,57,Brasil
56b2964e-8026-4f05-9947-15d20905a816,973ec0d3-4301-478c-a2a6-c38ef2191d23,ae8d5e98-10c5-4e48-9e83-c9367fbe1aa2,União Cruz Alta,🟣,0,0,0,0,0,0,0,50,2026-04-30 23:00:13.478594+00,1000000,t,55,Brasil
53618a30-9a36-4dd0-8bd6-eb856ad7b520,87d69b92-584e-49f4-b296-202056eec9b4,d92a203c-c4a2-490e-ba15-a5add4bf7509,EC Bela Vista,⚪,0,0,0,0,0,0,0,50,2026-04-30 23:00:13.411133+00,1000000,t,64,Brasil
31a88766-8d40-47cb-bcad-4d71ba041636,87d69b92-584e-49f4-b296-202056eec9b4,b478a0fe-cf21-49e4-9a5e-9e553f7a057b,Clube Cruz Alta,🟣,0,0,0,0,0,0,0,50,2026-04-30 23:00:13.411133+00,1000000,t,65,Brasil
bef7acc6-d85e-4e5c-9476-ea449fae607b,87d69b92-584e-49f4-b296-202056eec9b4,f454563c-914b-4c10-a9e7-6dd34e019029,Atlético Santo Amaro,🟠,0,0,0,0,0,0,0,50,2026-04-30 23:00:13.411133+00,1000000,t,70,Brasil
59044e99-f7d0-4658-85bc-460177d0af49,87d69b92-584e-49f4-b296-202056eec9b4,4f18819e-ee9f-40a0-b95e-4abe20d9ca0c,Esporte Jardim,⚽,0,0,0,0,0,0,0,50,2026-04-30 23:00:13.411133+00,1000000,t,59,Brasil
32754587-aec3-4da7-ba48-339f3794a401,87d69b92-584e-49f4-b296-202056eec9b4,90f0960a-8464-407a-9ff5-c554e1e85fab,Sport São Miguel,🏟️,0,0,0,0,0,0,0,50,2026-04-30 23:00:13.411133+00,1000000,t,62,Brasil
31684d7f-12aa-496d-9d83-e5a19a3e2584,87d69b92-584e-49f4-b296-202056eec9b4,963af46f-469c-4c0e-aafc-ddff6758a830,União Boa Vista,🦅,0,0,0,0,0,0,0,50,2026-04-30 23:00:13.411133+00,1000000,t,58,Brasil
37c7f13f-c605-4027-9e86-61f4ede14505,87d69b92-584e-49f4-b296-202056eec9b4,0a18a3b8-e7fc-4437-8acc-b0221ed9edd5,Real Alto da Serra,🐺,0,0,0,0,0,0,0,50,2026-04-30 23:00:13.411133+00,1000000,t,63,Brasil
c7f07f01-ae5a-4b71-9427-3528f9aac090,87d69b92-584e-49f4-b296-202056eec9b4,76da4a67-20ed-46a7-9693-e9e4356f29c8,Inter Morro Alto,🦁,0,0,0,0,0,0,0,50,2026-04-30 23:00:13.411133+00,1000000,t,68,Brasil
62e80ddb-9e79-48d7-969c-0ae44d7a9ff4,87d69b92-584e-49f4-b296-202056eec9b4,d442811b-9b0f-4ae3-a550-bed98716ed24,Nacional Ponta Grossa,🐂,0,0,0,0,0,0,0,50,2026-04-30 23:00:13.411133+00,1000000,t,57,Brasil
7a64f522-877f-44d4-8b5e-801c5890bd16,f9fdc874-78ee-4e2b-b713-5a234e771b6c,a06a1046-2169-4682-a1ea-c203b5a23430,Sporting Nova Esperança,⚽,0,0,0,0,0,0,0,50,2026-04-30 23:00:14.318776+00,1000000,t,60,Brasil
db5b7462-ffba-4517-b9ca-a528658b1dec,f9fdc874-78ee-4e2b-b713-5a234e771b6c,1036cbea-1065-4b6f-8d41-bd2bcdeef541,Racing Sol Nascente,🏟️,0,0,0,0,0,0,0,50,2026-04-30 23:00:14.318776+00,1000000,t,56,Brasil
bc600b8e-ace2-4907-aaed-99e3a3956257,f9fdc874-78ee-4e2b-b713-5a234e771b6c,9bbfce79-0161-4455-8fa5-4996601a5f02,Olimpia Vila Rica,🦅,0,0,0,0,0,0,0,50,2026-04-30 23:00:14.318776+00,1000000,t,49,Brasil
977d7a03-7e66-468d-9678-739c1fc710b3,f9fdc874-78ee-4e2b-b713-5a234e771b6c,0626bc38-1fb2-4d59-8c4e-71b340663405,Estrela Monte Azul,🐺,0,0,0,0,0,0,0,50,2026-04-30 23:00:14.318776+00,1000000,t,54,Brasil
108d55b0-0d4c-4a78-a3ca-a7a5985b18c9,f9fdc874-78ee-4e2b-b713-5a234e771b6c,575d0f0b-273e-4827-b161-a5b9a6bcd01f,FC Rio Claro,🦁,0,0,0,0,0,0,0,50,2026-04-30 23:00:14.318776+00,1000000,t,57,Brasil
6a5e70a2-0089-439f-87b1-bdd4ffcb3f0a,f9fdc874-78ee-4e2b-b713-5a234e771b6c,ce74ff7f-4656-4bb0-8008-cc9571cbdb0a,SC Campo Grande,🐂,0,0,0,0,0,0,0,50,2026-04-30 23:00:14.318776+00,1000000,t,50,Brasil
c3094ffc-e63c-45f3-95e6-00db911bcc1a,f9fdc874-78ee-4e2b-b713-5a234e771b6c,214008b4-6546-4eb7-a227-9f8faf99ba85,AC Serra Alta,🔴,0,0,0,0,0,0,0,50,2026-04-30 23:00:14.318776+00,1000000,t,60,Brasil
1ea647eb-176f-46f4-b2c6-ff1376e7a657,f9fdc874-78ee-4e2b-b713-5a234e771b6c,54d333d7-8e73-4e78-a308-d9d659bc5be6,EC Vale Verde,🔵,0,0,0,0,0,0,0,50,2026-04-30 23:00:14.318776+00,1000000,t,57,Brasil
36d146bc-ede2-42d9-9bbd-91131a4f4c4b,f9fdc874-78ee-4e2b-b713-5a234e771b6c,c34696ff-10ce-4047-9f64-d35aece66a54,Clube Pedra Branca,🟢,0,0,0,0,0,0,0,50,2026-04-30 23:00:14.318776+00,1000000,t,59,Brasil
b92b6b56-a635-4b7f-9142-e2587b9626aa,f9fdc874-78ee-4e2b-b713-5a234e771b6c,2ed0c412-3d66-4010-82fe-5f6823eca58f,Atlético Lagoa Santa,🟡,0,0,0,0,0,0,0,50,2026-04-30 23:00:14.318776+00,1000000,t,52,Brasil
62bdefd1-0db7-45d2-b397-75a53601cf59,f9fdc874-78ee-4e2b-b713-5a234e771b6c,ad826da4-035a-407a-9433-93ac84bc0e5c,Esporte Porto Alegre,⚫,0,0,0,0,0,0,0,50,2026-04-30 23:00:14.318776+00,1000000,t,59,Brasil
c97db3a3-5c9c-4c49-81d0-259673ab5aa6,f9fdc874-78ee-4e2b-b713-5a234e771b6c,f25ae026-97d0-4472-81c8-118ae1d58937,Sport Bela Vista,⚪,0,0,0,0,0,0,0,50,2026-04-30 23:00:14.318776+00,1000000,t,47,Brasil
2ce3fc95-d99f-4d10-93fa-123b4aa2adca,f9fdc874-78ee-4e2b-b713-5a234e771b6c,95fa2b0e-1c30-45b7-b7de-298fbd98e930,União Cruz Alta,🟣,0,0,0,0,0,0,0,50,2026-04-30 23:00:14.318776+00,1000000,t,47,Brasil
67bd51de-1ec3-4666-a31d-9b290424683a,f9fdc874-78ee-4e2b-b713-5a234e771b6c,b64bae84-64fb-4add-aa00-3c5b2c2c3bd6,Real Santo Amaro,🟠,0,0,0,0,0,0,0,50,2026-04-30 23:00:14.318776+00,1000000,t,46,Brasil
a784b09c-a292-4e8b-9083-fc5b4ac4ca24,f9fdc874-78ee-4e2b-b713-5a234e771b6c,2c30396d-ab65-4ccb-9d76-9d99b7611c3f,Inter Jardim,⚽,0,0,0,0,0,0,0,50,2026-04-30 23:00:14.318776+00,1000000,t,56,Brasil
0448fcc1-51fa-49dd-a0ae-f45c120842a1,f9fdc874-78ee-4e2b-b713-5a234e771b6c,f5f5fd2f-2288-4cfc-805f-6b771ac5dcef,Nacional São Miguel,🏟️,0,0,0,0,0,0,0,50,2026-04-30 23:00:14.318776+00,1000000,t,51,Brasil
d1ffc244-7f71-461c-82bd-31863216d18a,f9fdc874-78ee-4e2b-b713-5a234e771b6c,53f1da8c-0c73-4f67-8d5a-835127ba8baf,Sporting Boa Vista,🦅,0,0,0,0,0,0,0,50,2026-04-30 23:00:14.318776+00,1000000,t,59,Brasil
4d8347ae-0dec-406a-9c97-272d715ae0c7,f9fdc874-78ee-4e2b-b713-5a234e771b6c,39c180da-e6a1-4639-acc3-06c05aa60c13,Racing Alto da Serra,🐺,0,0,0,0,0,0,0,50,2026-04-30 23:00:14.318776+00,1000000,t,45,Brasil
0659049e-a4a0-41ae-9ae9-7ace57d6d3ff,f9fdc874-78ee-4e2b-b713-5a234e771b6c,c8b86856-8d79-46ca-8727-4bb274e528a8,Olimpia Morro Alto,🦁,0,0,0,0,0,0,0,50,2026-04-30 23:00:14.318776+00,1000000,t,56,Brasil
a0fa74bf-a667-48eb-9cc0-24e8c5f14994,f9fdc874-78ee-4e2b-b713-5a234e771b6c,a69ad992-1f71-4e57-ac3a-fd22281b949c,Estrela Ponta Grossa,🐂,0,0,0,0,0,0,0,50,2026-04-30 23:00:14.318776+00,1000000,t,52,Brasil
7cc02b72-2284-4a65-90c5-fea2f77e31c3,84997972-1457-4d4c-b1c3-70c0fd6d06b2,0a5e88f7-33e6-49d6-b450-ec758cf04db3,FC Nova Esperança,⚽,0,0,0,0,0,0,0,50,2026-04-30 23:00:14.513575+00,1000000,t,78,Brasil
582ead88-fa11-4f4b-8a02-4191cc8b1e76,84997972-1457-4d4c-b1c3-70c0fd6d06b2,64ac2e96-b049-40b5-b137-a3a34f98cf06,SC Sol Nascente,🏟️,0,0,0,0,0,0,0,50,2026-04-30 23:00:14.513575+00,1000000,t,88,Brasil
82742c6f-a694-47e1-9643-3531381bab98,84997972-1457-4d4c-b1c3-70c0fd6d06b2,6e632133-1666-429a-bca7-eec4c39e2aa4,AC Vila Rica,🦅,0,0,0,0,0,0,0,50,2026-04-30 23:00:14.513575+00,1000000,t,81,Brasil
a8e21700-1ea4-4303-9267-adeceba281dc,84997972-1457-4d4c-b1c3-70c0fd6d06b2,ca478ada-0b43-4331-b9ee-c117aae9fa8d,EC Monte Azul,🐺,0,0,0,0,0,0,0,50,2026-04-30 23:00:14.513575+00,1000000,t,82,Brasil
46f766fc-057d-455c-84c9-dbc304b1ace9,84997972-1457-4d4c-b1c3-70c0fd6d06b2,6b5fb2a4-d7e0-40d4-9ddd-16bf622ff3d6,Clube Rio Claro,🦁,0,0,0,0,0,0,0,50,2026-04-30 23:00:14.513575+00,1000000,t,78,Brasil
f4d5ef0b-cf3c-451b-b692-1b20dc1a7def,84997972-1457-4d4c-b1c3-70c0fd6d06b2,56891fb8-76d6-4250-99fc-77ad64381e4c,Atlético Campo Grande,🐂,0,0,0,0,0,0,0,50,2026-04-30 23:00:14.513575+00,1000000,t,90,Brasil
02e8145e-fe0a-4e9f-beee-e01ba3df3d01,84997972-1457-4d4c-b1c3-70c0fd6d06b2,74f3671f-a33c-4f36-974c-d1b762b94d86,Esporte Serra Alta,🔴,0,0,0,0,0,0,0,50,2026-04-30 23:00:14.513575+00,1000000,t,83,Brasil
4288d300-58bb-4f5b-a974-4fa63dd147c0,84997972-1457-4d4c-b1c3-70c0fd6d06b2,8ee443e9-6812-4056-b9c2-59c5fb4c9733,Sport Vale Verde,🔵,0,0,0,0,0,0,0,50,2026-04-30 23:00:14.513575+00,1000000,t,83,Brasil
796daf87-8af0-4f28-8f29-68e913eff8b3,84997972-1457-4d4c-b1c3-70c0fd6d06b2,64441240-d152-4b51-bcc4-c056e0df7de4,União Pedra Branca,🟢,0,0,0,0,0,0,0,50,2026-04-30 23:00:14.513575+00,1000000,t,79,Brasil
7bc683f9-0c54-4bdb-bf52-352f2ac29740,84997972-1457-4d4c-b1c3-70c0fd6d06b2,745a33b4-37fd-4c7b-b933-47b6a07db0f3,Real Lagoa Santa,🟡,0,0,0,0,0,0,0,50,2026-04-30 23:00:14.513575+00,1000000,t,81,Brasil
32f6d21a-92af-4822-9529-4c3a5af79649,84997972-1457-4d4c-b1c3-70c0fd6d06b2,c819e939-264b-4a29-94a6-8abda105aaa2,Inter Porto Alegre,⚫,0,0,0,0,0,0,0,50,2026-04-30 23:00:14.513575+00,1000000,t,75,Brasil
7523fa2f-fea4-4bb4-8fce-b9e1dad76941,84997972-1457-4d4c-b1c3-70c0fd6d06b2,318a4f1e-b479-4f53-a831-2fe2fbe6cebb,Nacional Bela Vista,⚪,0,0,0,0,0,0,0,50,2026-04-30 23:00:14.513575+00,1000000,t,87,Brasil
1865ce41-f381-4ee0-a206-5f9513488bb1,84997972-1457-4d4c-b1c3-70c0fd6d06b2,45a6646d-5e75-4c43-b9de-1b15da958ce5,Sporting Cruz Alta,🟣,0,0,0,0,0,0,0,50,2026-04-30 23:00:14.513575+00,1000000,t,79,Brasil
cc065ce7-5c09-4a1b-b85c-426a9f135806,84997972-1457-4d4c-b1c3-70c0fd6d06b2,287938ca-adc2-4c55-900c-0d85c49d88a1,Racing Santo Amaro,🟠,0,0,0,0,0,0,0,50,2026-04-30 23:00:14.513575+00,1000000,t,82,Brasil
9d3ff920-04dc-466b-977f-a800402b707c,84997972-1457-4d4c-b1c3-70c0fd6d06b2,97890e4b-8146-4033-b41d-b10cce2a6ea2,Olimpia Jardim,⚽,0,0,0,0,0,0,0,50,2026-04-30 23:00:14.513575+00,1000000,t,80,Brasil
558bbbe0-aecb-4f6a-b2d7-30183f35b635,84997972-1457-4d4c-b1c3-70c0fd6d06b2,9dfd4992-5d4e-4e92-be0c-265f25e86541,Estrela São Miguel,🏟️,0,0,0,0,0,0,0,50,2026-04-30 23:00:14.513575+00,1000000,t,87,Brasil
509663ba-da1a-48a3-be93-a43bda5de227,84997972-1457-4d4c-b1c3-70c0fd6d06b2,bd5882d4-9643-482a-867a-cc73005df854,FC Boa Vista,🦅,0,0,0,0,0,0,0,50,2026-04-30 23:00:14.513575+00,1000000,t,76,Brasil
274451f2-857e-4c18-b732-2631bbc726f5,84997972-1457-4d4c-b1c3-70c0fd6d06b2,1f4e7011-3b4a-4b0e-a0e2-5b8e7d922751,SC Alto da Serra,🐺,0,0,0,0,0,0,0,50,2026-04-30 23:00:14.513575+00,1000000,t,85,Brasil
b456d47d-d344-41f5-991b-a39445fc9d50,84997972-1457-4d4c-b1c3-70c0fd6d06b2,2ea3996e-37ac-4d11-8236-00d8104154f9,AC Morro Alto,🦁,0,0,0,0,0,0,0,50,2026-04-30 23:00:14.513575+00,1000000,t,83,Brasil
28cf2524-8469-4956-a7c8-dbd5c176b89e,84997972-1457-4d4c-b1c3-70c0fd6d06b2,f8c62bf9-de4c-438b-9585-c67e41ebcf62,EC Ponta Grossa,🐂,0,0,0,0,0,0,0,50,2026-04-30 23:00:14.513575+00,1000000,t,84,Brasil
921882c8-5302-4237-b429-c3e89d160b91,193f727d-22d6-4faf-9721-c7d040236cef,cca86449-b3df-44e3-9724-6f9c365c6e59,FC Nova Esperança,⚽,0,0,0,0,0,0,0,50,2026-04-30 23:00:14.906526+00,1000000,t,80,Brasil
07b845ba-63f4-4d8a-ba63-4272d8a3d7d3,193f727d-22d6-4faf-9721-c7d040236cef,9cb1df0a-734c-4ea4-9bf3-9a599f9e4be5,SC Sol Nascente,🏟️,0,0,0,0,0,0,0,50,2026-04-30 23:00:14.906526+00,1000000,t,89,Brasil
c1b70ba7-3f01-4d90-86c8-4f76ecf80a3c,973ec0d3-4301-478c-a2a6-c38ef2191d23,3827c6f9-cf0a-497c-acc8-491ac265d46d,Real Santo Amaro,🟠,0,0,0,0,0,0,0,50,2026-04-30 23:00:13.478594+00,1000000,t,55,Brasil
cd862316-126c-48e8-9222-197cf3e7c49f,973ec0d3-4301-478c-a2a6-c38ef2191d23,482e6aca-aa8c-4b46-b468-82229aa48c86,Inter Jardim,⚽,0,0,0,0,0,0,0,50,2026-04-30 23:00:13.478594+00,1000000,t,46,Brasil
bf69f5fb-cf2b-48fd-9f03-1a9c49dac25e,973ec0d3-4301-478c-a2a6-c38ef2191d23,5a74da3f-2559-4d4d-a505-5536d9fba06e,Nacional São Miguel,🏟️,0,0,0,0,0,0,0,50,2026-04-30 23:00:13.478594+00,1000000,t,56,Brasil
c87f0552-99de-4efe-a816-b225c53f2132,973ec0d3-4301-478c-a2a6-c38ef2191d23,0b8e4e88-b3fd-4de5-a078-9a2954b120bc,Sporting Boa Vista,🦅,0,0,0,0,0,0,0,50,2026-04-30 23:00:13.478594+00,1000000,t,49,Brasil
bc0815d4-cd3f-41df-a033-4cb4a6aff33f,973ec0d3-4301-478c-a2a6-c38ef2191d23,d12c56de-c4e2-4330-a15c-d4ddb7c34344,Racing Alto da Serra,🐺,0,0,0,0,0,0,0,50,2026-04-30 23:00:13.478594+00,1000000,t,45,Brasil
49272426-675e-40c2-8491-270b430712c5,973ec0d3-4301-478c-a2a6-c38ef2191d23,b25ce46b-e3d2-4e24-9675-5ac066ba02e2,Olimpia Morro Alto,🦁,0,0,0,0,0,0,0,50,2026-04-30 23:00:13.478594+00,1000000,t,60,Brasil
a595865d-b779-44cc-b82e-f40c276cad24,973ec0d3-4301-478c-a2a6-c38ef2191d23,93428f27-bbca-45d1-ade2-006292f9a134,Estrela Ponta Grossa,🐂,0,0,0,0,0,0,0,50,2026-04-30 23:00:13.478594+00,1000000,t,50,Brasil
c62919d6-a129-4d4b-a1ed-3123983dac99,2530fcf5-9b6b-41ed-8b43-3a698090651e,bfde5c50-4009-4744-8bd2-5a1bb57b90a0,Sporting Nova Esperança,⚽,0,0,0,0,0,0,0,50,2026-04-30 23:00:16.467429+00,1000000,t,54,Brasil
dd21ab4a-40b7-4824-844e-23457ba05425,2530fcf5-9b6b-41ed-8b43-3a698090651e,2eb7f4ac-ff4c-4b28-a513-0b333f87d13a,Racing Sol Nascente,🏟️,0,0,0,0,0,0,0,50,2026-04-30 23:00:16.467429+00,1000000,t,46,Brasil
b58bac4e-5028-451b-87a7-4422fac4cfd3,2530fcf5-9b6b-41ed-8b43-3a698090651e,e5dfceb5-567e-4cf8-8693-2e604ca0f5e8,Olimpia Vila Rica,🦅,0,0,0,0,0,0,0,50,2026-04-30 23:00:16.467429+00,1000000,t,46,Brasil
f8b8cd15-2ce6-4d82-8c0d-37198fd1a979,2530fcf5-9b6b-41ed-8b43-3a698090651e,d3ea98a4-e34a-4d44-a8b4-94a4c12d42c5,Estrela Monte Azul,🐺,0,0,0,0,0,0,0,50,2026-04-30 23:00:16.467429+00,1000000,t,60,Brasil
49c154b0-a82d-4e81-91eb-77c39d299e87,2530fcf5-9b6b-41ed-8b43-3a698090651e,a0220599-17d1-4ac7-a911-0cae9dbddc5a,FC Rio Claro,🦁,0,0,0,0,0,0,0,50,2026-04-30 23:00:16.467429+00,1000000,t,52,Brasil
5366bbdf-4807-4488-8009-28e7029f5761,2530fcf5-9b6b-41ed-8b43-3a698090651e,7570868c-ebe3-49d0-91f8-f9292e65f524,SC Campo Grande,🐂,0,0,0,0,0,0,0,50,2026-04-30 23:00:16.467429+00,1000000,t,57,Brasil
5b6135f3-d615-4401-9368-ae7a3e6a654f,2530fcf5-9b6b-41ed-8b43-3a698090651e,c376335c-1e21-4443-bc20-1221993afe3e,AC Serra Alta,🔴,0,0,0,0,0,0,0,50,2026-04-30 23:00:16.467429+00,1000000,t,57,Brasil
ca949471-6986-47ac-b104-bda6b55d91f8,2530fcf5-9b6b-41ed-8b43-3a698090651e,41bcfe8c-1698-4c4f-a023-bbb02ebdc83f,EC Vale Verde,🔵,0,0,0,0,0,0,0,50,2026-04-30 23:00:16.467429+00,1000000,t,48,Brasil
772ef954-d457-4ec4-b580-4db89fc94af0,2530fcf5-9b6b-41ed-8b43-3a698090651e,21b0c518-c88e-4029-9578-82c954717c25,Clube Pedra Branca,🟢,0,0,0,0,0,0,0,50,2026-04-30 23:00:16.467429+00,1000000,t,52,Brasil
246fda6d-dbb5-496f-a98f-9190ac1dc5c5,2530fcf5-9b6b-41ed-8b43-3a698090651e,a04f8a60-118e-4417-add3-989d84eadcc7,Atlético Lagoa Santa,🟡,0,0,0,0,0,0,0,50,2026-04-30 23:00:16.467429+00,1000000,t,51,Brasil
16e491d8-aa56-4c5e-aaf4-5353b566032a,2530fcf5-9b6b-41ed-8b43-3a698090651e,3ad1af79-2d42-4693-9f94-e93b017c038f,Esporte Porto Alegre,⚫,0,0,0,0,0,0,0,50,2026-04-30 23:00:16.467429+00,1000000,t,45,Brasil
5e950ddb-a7d0-4f68-8a4d-0551f09a0472,2530fcf5-9b6b-41ed-8b43-3a698090651e,34fec11f-6c53-49c9-8d1a-114f9c898c91,Sport Bela Vista,⚪,0,0,0,0,0,0,0,50,2026-04-30 23:00:16.467429+00,1000000,t,57,Brasil
55107413-f72c-448d-b481-f515aa7a6975,2530fcf5-9b6b-41ed-8b43-3a698090651e,4096eda3-3beb-40f4-ab1a-995b2ffeacff,União Cruz Alta,🟣,0,0,0,0,0,0,0,50,2026-04-30 23:00:16.467429+00,1000000,t,46,Brasil
3b0a13b5-2415-4d16-a78d-77f158e88267,2530fcf5-9b6b-41ed-8b43-3a698090651e,6ad964f9-3ac8-4bab-b505-20fe9e6d3e6a,Real Santo Amaro,🟠,0,0,0,0,0,0,0,50,2026-04-30 23:00:16.467429+00,1000000,t,46,Brasil
5a758913-5e48-46af-afe4-f6030c7bbcd7,2530fcf5-9b6b-41ed-8b43-3a698090651e,a41b3189-ed1a-40d8-ab1a-ff0f33c825d0,Inter Jardim,⚽,0,0,0,0,0,0,0,50,2026-04-30 23:00:16.467429+00,1000000,t,52,Brasil
e72f31eb-1440-43cf-934f-6650ad21371f,2530fcf5-9b6b-41ed-8b43-3a698090651e,8e65309c-e827-4230-8676-715bdc217f64,Nacional São Miguel,🏟️,0,0,0,0,0,0,0,50,2026-04-30 23:00:16.467429+00,1000000,t,55,Brasil
1a5a0d36-07d4-41b1-a3d9-0daa216d8a9b,2530fcf5-9b6b-41ed-8b43-3a698090651e,dc204284-a5a3-49cb-9bc8-5c5e892c29dd,Sporting Boa Vista,🦅,0,0,0,0,0,0,0,50,2026-04-30 23:00:16.467429+00,1000000,t,47,Brasil
6fe85916-a66f-49a8-a1fe-cfabef64d5ce,2530fcf5-9b6b-41ed-8b43-3a698090651e,6500242e-aa6e-4508-8fd3-0095b1315291,Racing Alto da Serra,🐺,0,0,0,0,0,0,0,50,2026-04-30 23:00:16.467429+00,1000000,t,45,Brasil
674ba45a-ec5e-4291-8d41-3607e49c16ad,2530fcf5-9b6b-41ed-8b43-3a698090651e,b0154714-9c6d-42a9-9cbd-8fbeefe375ab,Olimpia Morro Alto,🦁,0,0,0,0,0,0,0,50,2026-04-30 23:00:16.467429+00,1000000,t,54,Brasil
4523802a-654e-4572-90f4-205e9cab48cf,2530fcf5-9b6b-41ed-8b43-3a698090651e,f2e994f8-ef67-4ae4-8c0f-446f649faef4,Estrela Ponta Grossa,🐂,0,0,0,0,0,0,0,50,2026-04-30 23:00:16.467429+00,1000000,t,50,Brasil
aa7b24a8-b1ff-4c0b-bfb2-2da07eb84e89,e3665178-33c7-43f7-bf1f-58fb653f0ba2,cc2c9f3e-91ad-425c-8b45-04a43ebea9be,FC Nova Esperança,⚽,0,0,0,0,0,0,0,50,2026-04-30 23:00:17.571721+00,1000000,t,80,Brasil
9047cdd2-c3fa-4cf2-bd20-b41c8d9f27d8,e3665178-33c7-43f7-bf1f-58fb653f0ba2,c214a18d-e4ab-43a7-9ed8-fd7df589b6e0,SC Sol Nascente,🏟️,0,0,0,0,0,0,0,50,2026-04-30 23:00:17.571721+00,1000000,t,81,Brasil
01552fcc-1109-4eb5-a3ed-e860cba70f0b,e3665178-33c7-43f7-bf1f-58fb653f0ba2,4f6c95be-b647-4f58-8988-24fb9d212f42,AC Vila Rica,🦅,0,0,0,0,0,0,0,50,2026-04-30 23:00:17.571721+00,1000000,t,78,Brasil
ad8af4cc-6be3-41fb-93c0-9b5d0ca0addb,e3665178-33c7-43f7-bf1f-58fb653f0ba2,4100470f-29be-4f84-bb25-c831e3e0a513,EC Monte Azul,🐺,0,0,0,0,0,0,0,50,2026-04-30 23:00:17.571721+00,1000000,t,78,Brasil
7dbd4262-0b93-4a0b-b0cd-07deace610f6,e3665178-33c7-43f7-bf1f-58fb653f0ba2,dc24ba1f-e937-4535-b3d7-4e0ff3e5901a,Clube Rio Claro,🦁,0,0,0,0,0,0,0,50,2026-04-30 23:00:17.571721+00,1000000,t,88,Brasil
617b2007-58fb-4d61-822f-70ebeef40943,e3665178-33c7-43f7-bf1f-58fb653f0ba2,2293a947-c249-4a8c-a02f-c9f36b1018c1,Atlético Campo Grande,🐂,0,0,0,0,0,0,0,50,2026-04-30 23:00:17.571721+00,1000000,t,81,Brasil
f448d365-4c7f-4683-990c-afc949b234c6,e3665178-33c7-43f7-bf1f-58fb653f0ba2,a509d036-ada2-456d-a899-f8d00bca097f,Esporte Serra Alta,🔴,0,0,0,0,0,0,0,50,2026-04-30 23:00:17.571721+00,1000000,t,75,Brasil
a003b43e-5358-497b-b5fd-56b20d096f76,e3665178-33c7-43f7-bf1f-58fb653f0ba2,e3d3dcc6-fdff-4d6c-9b3f-6984bde891ef,Sport Vale Verde,🔵,0,0,0,0,0,0,0,50,2026-04-30 23:00:17.571721+00,1000000,t,84,Brasil
15d04e64-84ac-4083-9960-c243ba0b0ff1,e3665178-33c7-43f7-bf1f-58fb653f0ba2,87ed15ca-f276-478d-bb05-18c659508823,União Pedra Branca,🟢,0,0,0,0,0,0,0,50,2026-04-30 23:00:17.571721+00,1000000,t,89,Brasil
4034f7e7-5e22-48d3-bb49-f60ac1a879b2,e3665178-33c7-43f7-bf1f-58fb653f0ba2,cac5e5a9-92fa-428e-91e6-717d16bececb,Real Lagoa Santa,🟡,0,0,0,0,0,0,0,50,2026-04-30 23:00:17.571721+00,1000000,t,76,Brasil
fbbf9cfe-f0bf-4ab1-9ef0-a518c795ad58,e3665178-33c7-43f7-bf1f-58fb653f0ba2,aa533498-5924-400e-946a-71897beba909,Inter Porto Alegre,⚫,0,0,0,0,0,0,0,50,2026-04-30 23:00:17.571721+00,1000000,t,85,Brasil
92ae2274-4af6-4819-8dd8-84e57d1abf01,e3665178-33c7-43f7-bf1f-58fb653f0ba2,a8b7b043-e803-42da-ae6b-7c64a1ce579a,Nacional Bela Vista,⚪,0,0,0,0,0,0,0,50,2026-04-30 23:00:17.571721+00,1000000,t,85,Brasil
2e735045-34ba-483c-ba3d-0ca2f55eb594,e3665178-33c7-43f7-bf1f-58fb653f0ba2,baf16b69-475a-4fcc-becf-e4196de29793,Sporting Cruz Alta,🟣,0,0,0,0,0,0,0,50,2026-04-30 23:00:17.571721+00,1000000,t,82,Brasil
7897b856-d06f-4a61-8756-009fd92616b9,e3665178-33c7-43f7-bf1f-58fb653f0ba2,afc03db6-92bb-4d14-b782-52cdb1e65aba,Racing Santo Amaro,🟠,0,0,0,0,0,0,0,50,2026-04-30 23:00:17.571721+00,1000000,t,79,Brasil
c50e2b09-3f8d-4d51-9e44-583f3be2f953,e3665178-33c7-43f7-bf1f-58fb653f0ba2,9322efc9-6a54-4d1b-a707-51373c3664b2,Olimpia Jardim,⚽,0,0,0,0,0,0,0,50,2026-04-30 23:00:17.571721+00,1000000,t,87,Brasil
a0b81736-8a41-4981-b243-9d9b957fb32b,e3665178-33c7-43f7-bf1f-58fb653f0ba2,ddcd0b77-48ba-46ba-a80e-91ee51701baf,Estrela São Miguel,🏟️,0,0,0,0,0,0,0,50,2026-04-30 23:00:17.571721+00,1000000,t,79,Brasil
6cc1354a-0ade-463b-aae8-435d27817ea1,e3665178-33c7-43f7-bf1f-58fb653f0ba2,a8235999-2566-4637-af15-589922d4adfe,FC Boa Vista,🦅,0,0,0,0,0,0,0,50,2026-04-30 23:00:17.571721+00,1000000,t,78,Brasil
afc1def6-e62f-40ce-8855-68fd4b30614e,e3665178-33c7-43f7-bf1f-58fb653f0ba2,2131d111-2e0b-4968-a590-d2b8dfeb6ebb,SC Alto da Serra,🐺,0,0,0,0,0,0,0,50,2026-04-30 23:00:17.571721+00,1000000,t,80,Brasil
1418067e-611d-4662-b1e8-80b26ca84e26,e3665178-33c7-43f7-bf1f-58fb653f0ba2,afb58787-fb8c-47ea-a7dd-2a95674b67ce,AC Morro Alto,🦁,0,0,0,0,0,0,0,50,2026-04-30 23:00:17.571721+00,1000000,t,76,Brasil
45819465-4ef7-4c80-8655-cbb44ab50546,e3665178-33c7-43f7-bf1f-58fb653f0ba2,ad791c29-d04c-4e00-a98b-73a5e786da91,EC Ponta Grossa,🐂,0,0,0,0,0,0,0,50,2026-04-30 23:00:17.571721+00,1000000,t,79,Brasil
25de7d46-b1e1-4866-9652-2b4f17d3c1b5,be7f761e-82b8-44d8-9ff0-a392b311325c,61131f0b-9ad1-4ef8-8b18-ef2faf57294d,FC Nova Esperança,⚽,0,0,0,0,0,0,0,50,2026-04-30 23:00:18.03055+00,1000000,t,78,Brasil
318892e6-ed05-4b47-9fcd-8b5b6408a5df,be7f761e-82b8-44d8-9ff0-a392b311325c,4e3b6d6a-2c06-4803-bafd-e2f999f1276a,SC Sol Nascente,🏟️,0,0,0,0,0,0,0,50,2026-04-30 23:00:18.03055+00,1000000,t,90,Brasil
d5d41609-b900-45e0-b719-cde33d47ce14,be7f761e-82b8-44d8-9ff0-a392b311325c,c97eb044-e6d2-4ab0-bce9-2e997d956c87,AC Vila Rica,🦅,0,0,0,0,0,0,0,50,2026-04-30 23:00:18.03055+00,1000000,t,89,Brasil
88c44237-e56c-4bbb-acf2-94134750a273,be7f761e-82b8-44d8-9ff0-a392b311325c,6295b06d-e263-4526-9eed-075fadb3cf66,EC Monte Azul,🐺,0,0,0,0,0,0,0,50,2026-04-30 23:00:18.03055+00,1000000,t,82,Brasil
777d7d69-df7f-4b24-90a3-9d7ecae0722d,75bc63d9-5d27-4497-8fe6-55526fe796d5,5d59f8ec-ed14-4e37-83c7-24dd97da6682,Nacional Bela Vista,⚪,0,0,0,0,0,0,0,50,2026-04-30 23:00:13.666011+00,1000000,t,77,Brasil
ad1878fc-b49d-4b3b-95bb-cb507cfd5eb0,75bc63d9-5d27-4497-8fe6-55526fe796d5,24033ce0-5ab2-47c7-bdf3-3684bcebbbca,Sporting Cruz Alta,🟣,0,0,0,0,0,0,0,50,2026-04-30 23:00:13.666011+00,1000000,t,90,Brasil
2cff44b8-1273-4690-b487-289e41833fde,75bc63d9-5d27-4497-8fe6-55526fe796d5,6ca7c6f6-a756-4d62-b73d-2c3b538a44ff,Racing Santo Amaro,🟠,0,0,0,0,0,0,0,50,2026-04-30 23:00:13.666011+00,1000000,t,75,Brasil
2abf8901-2841-4bae-8ad0-387df864de11,75bc63d9-5d27-4497-8fe6-55526fe796d5,cdbf72b3-d044-416b-9668-11fea5e5363e,Olimpia Jardim,⚽,0,0,0,0,0,0,0,50,2026-04-30 23:00:13.666011+00,1000000,t,86,Brasil
531ddda9-97b4-41cd-807c-960b4098cbde,75bc63d9-5d27-4497-8fe6-55526fe796d5,4912f2ae-5775-4d7d-a71a-5c696ba1195a,Estrela São Miguel,🏟️,0,0,0,0,0,0,0,50,2026-04-30 23:00:13.666011+00,1000000,t,75,Brasil
cee5e137-f341-46ea-bdba-5d28307c91dc,75bc63d9-5d27-4497-8fe6-55526fe796d5,eaa40349-923b-4094-b4fc-885aebddeaeb,FC Boa Vista,🦅,0,0,0,0,0,0,0,50,2026-04-30 23:00:13.666011+00,1000000,t,89,Brasil
e4778300-88ea-4d1f-a78f-74443f5a9aec,75bc63d9-5d27-4497-8fe6-55526fe796d5,175b3a3f-f429-4a51-8ccb-2963e88fa16e,SC Alto da Serra,🐺,0,0,0,0,0,0,0,50,2026-04-30 23:00:13.666011+00,1000000,t,88,Brasil
e2f67d4c-9bf2-40bd-a43c-b0e7b1ab6c1c,75bc63d9-5d27-4497-8fe6-55526fe796d5,61a5620e-d4e3-4d58-b3df-5b9126fb4a9a,AC Morro Alto,🦁,0,0,0,0,0,0,0,50,2026-04-30 23:00:13.666011+00,1000000,t,81,Brasil
76700b0d-21c6-48da-b50a-e63e2e1d274f,75bc63d9-5d27-4497-8fe6-55526fe796d5,6f832afe-9e75-4813-86b5-9fb5ae5f27b8,EC Ponta Grossa,🐂,0,0,0,0,0,0,0,50,2026-04-30 23:00:13.666011+00,1000000,t,78,Brasil
fb44a405-6f5c-4715-86dc-94620155fe55,26533aba-6b4c-4a3b-a16d-e555b4ae0725,149a41d4-6a5c-4e7f-8c61-6ce56ffb9a30,FC Nova Esperança,⚽,0,0,0,0,0,0,0,50,2026-04-30 23:00:14.074384+00,1000000,t,84,Brasil
5e1fdced-b51a-49ef-880d-3a594502378b,26533aba-6b4c-4a3b-a16d-e555b4ae0725,f8583f4b-73c4-40f7-a304-39ad7a97d1b7,SC Sol Nascente,🏟️,0,0,0,0,0,0,0,50,2026-04-30 23:00:14.074384+00,1000000,t,80,Brasil
9a52adb8-9c19-4cd2-acc0-8941cf2fa625,26533aba-6b4c-4a3b-a16d-e555b4ae0725,b4091130-c6a3-4f3e-ad87-81aa193ffeb7,AC Vila Rica,🦅,0,0,0,0,0,0,0,50,2026-04-30 23:00:14.074384+00,1000000,t,85,Brasil
bc80d29b-17f5-4273-b596-079484c875f4,26533aba-6b4c-4a3b-a16d-e555b4ae0725,ddef26f9-dcaa-4d5e-89b7-9b943f1cdaa7,EC Monte Azul,🐺,0,0,0,0,0,0,0,50,2026-04-30 23:00:14.074384+00,1000000,t,87,Brasil
3c5a9fd7-3199-4e2a-9974-ca2e2dcdcd19,26533aba-6b4c-4a3b-a16d-e555b4ae0725,23fd1113-425d-4951-aa6a-cc832dff5602,Clube Rio Claro,🦁,0,0,0,0,0,0,0,50,2026-04-30 23:00:14.074384+00,1000000,t,88,Brasil
239550cd-675d-4847-a68b-d8b0e5028ba6,26533aba-6b4c-4a3b-a16d-e555b4ae0725,23aa9f2c-025c-49f9-abee-a800978e7d37,Atlético Campo Grande,🐂,0,0,0,0,0,0,0,50,2026-04-30 23:00:14.074384+00,1000000,t,79,Brasil
d5d12218-c6bf-44a7-add9-1615acb926bd,26533aba-6b4c-4a3b-a16d-e555b4ae0725,b82b1db1-7bb8-4e75-a263-9f4a7df875ac,Esporte Serra Alta,🔴,0,0,0,0,0,0,0,50,2026-04-30 23:00:14.074384+00,1000000,t,82,Brasil
8c1a96d7-e951-40e8-a85a-f434d99eaded,26533aba-6b4c-4a3b-a16d-e555b4ae0725,16133378-c09b-44dd-86fc-76a06345baa0,Sport Vale Verde,🔵,0,0,0,0,0,0,0,50,2026-04-30 23:00:14.074384+00,1000000,t,84,Brasil
ac76f80d-f445-407c-8c82-6d94b8b52d7a,26533aba-6b4c-4a3b-a16d-e555b4ae0725,12ee2a1a-8e73-471b-9ef8-dd470de35ad1,União Pedra Branca,🟢,0,0,0,0,0,0,0,50,2026-04-30 23:00:14.074384+00,1000000,t,83,Brasil
b7b5b8df-fc38-4c8a-924a-66159a65ce04,26533aba-6b4c-4a3b-a16d-e555b4ae0725,1f95e22f-bd90-42d0-a163-72ca9f92fc4a,Real Lagoa Santa,🟡,0,0,0,0,0,0,0,50,2026-04-30 23:00:14.074384+00,1000000,t,86,Brasil
819b6a85-f656-4cbd-8eaf-db3683d43901,26533aba-6b4c-4a3b-a16d-e555b4ae0725,16f5fa34-039b-4fb0-b674-6e24392c509e,Inter Porto Alegre,⚫,0,0,0,0,0,0,0,50,2026-04-30 23:00:14.074384+00,1000000,t,85,Brasil
abd6d713-b2b0-45a1-a173-99c860e6e33a,26533aba-6b4c-4a3b-a16d-e555b4ae0725,074cb8bf-fb6e-4e1c-8b3e-3b0a9b970db3,Nacional Bela Vista,⚪,0,0,0,0,0,0,0,50,2026-04-30 23:00:14.074384+00,1000000,t,76,Brasil
668c402c-f60c-4a12-b5bc-f060af70345e,26533aba-6b4c-4a3b-a16d-e555b4ae0725,65ae13fa-33a2-4b65-82e5-0a235b417232,Sporting Cruz Alta,🟣,0,0,0,0,0,0,0,50,2026-04-30 23:00:14.074384+00,1000000,t,81,Brasil
075abb28-45e5-439e-8854-7bafc6a3a3c0,26533aba-6b4c-4a3b-a16d-e555b4ae0725,3db15e99-e6eb-4a5a-8164-ef4908d9ee4f,Racing Santo Amaro,🟠,0,0,0,0,0,0,0,50,2026-04-30 23:00:14.074384+00,1000000,t,90,Brasil
4367b973-45c9-48bd-8611-453a4d14f24e,26533aba-6b4c-4a3b-a16d-e555b4ae0725,7b5b6671-d745-4ac0-89a2-d59782e646e3,Olimpia Jardim,⚽,0,0,0,0,0,0,0,50,2026-04-30 23:00:14.074384+00,1000000,t,83,Brasil
939b5d2c-71dc-4381-97bf-9c69023a2cd4,26533aba-6b4c-4a3b-a16d-e555b4ae0725,dda1ccf7-98d3-4e7f-8aab-91b928955458,Estrela São Miguel,🏟️,0,0,0,0,0,0,0,50,2026-04-30 23:00:14.074384+00,1000000,t,79,Brasil
ded641ad-f650-4091-b7d7-b8f9f519598b,26533aba-6b4c-4a3b-a16d-e555b4ae0725,8d0cea74-f18f-4fc6-9c32-003c8daade82,FC Boa Vista,🦅,0,0,0,0,0,0,0,50,2026-04-30 23:00:14.074384+00,1000000,t,83,Brasil
9bdf5844-ceff-4379-a3cb-0a79175a3b9c,26533aba-6b4c-4a3b-a16d-e555b4ae0725,317730de-b52b-4abd-a26b-2c300fe0eac7,SC Alto da Serra,🐺,0,0,0,0,0,0,0,50,2026-04-30 23:00:14.074384+00,1000000,t,80,Brasil
9637d268-0843-4eeb-aaf2-c35a8f7f077c,26533aba-6b4c-4a3b-a16d-e555b4ae0725,728cc944-cace-44d0-aa25-e980efcc4314,AC Morro Alto,🦁,0,0,0,0,0,0,0,50,2026-04-30 23:00:14.074384+00,1000000,t,83,Brasil
37a1896b-d9fa-49cc-8fe7-47fd6ee5932f,26533aba-6b4c-4a3b-a16d-e555b4ae0725,8f755e70-c2ba-48a9-82f8-e5207ef1aa2a,EC Ponta Grossa,🐂,0,0,0,0,0,0,0,50,2026-04-30 23:00:14.074384+00,1000000,t,75,Brasil
c30cccfa-5e98-46a9-b29d-d59df8a8ccbb,d279c0bd-21ec-42c2-a88e-389b7f7a6244,94aa223a-937c-4b22-8624-a2e11bb4c6a4,União Nova Esperança,⚽,0,0,0,0,0,0,0,50,2026-04-30 23:00:14.244899+00,1000000,t,55,Brasil
c1e695f6-acae-41f2-be7d-1eae10f97258,d279c0bd-21ec-42c2-a88e-389b7f7a6244,f90d6520-ac9e-407f-9b94-cf26b3ff65a7,Real Sol Nascente,🏟️,0,0,0,0,0,0,0,50,2026-04-30 23:00:14.244899+00,1000000,t,65,Brasil
cf82c2c6-ef22-4693-be6d-7ebce95f7999,d279c0bd-21ec-42c2-a88e-389b7f7a6244,2cce47b3-9ad2-4362-a2ec-0266a947a5c2,Inter Vila Rica,🦅,0,0,0,0,0,0,0,50,2026-04-30 23:00:14.244899+00,1000000,t,60,Brasil
34777f26-3c91-4642-a859-a9807d95b611,d279c0bd-21ec-42c2-a88e-389b7f7a6244,5f6ca6d7-e0f9-49ec-ace4-59406718fc55,Nacional Monte Azul,🐺,0,0,0,0,0,0,0,50,2026-04-30 23:00:14.244899+00,1000000,t,70,Brasil
931732bb-530d-4dd5-9b0c-eca52b747252,d279c0bd-21ec-42c2-a88e-389b7f7a6244,654cd035-ecda-4b5b-a3bc-31482f1fbac3,Sporting Rio Claro,🦁,0,0,0,0,0,0,0,50,2026-04-30 23:00:14.244899+00,1000000,t,65,Brasil
7735182a-c201-4a09-839f-e82ce0f3d6fe,d279c0bd-21ec-42c2-a88e-389b7f7a6244,13cefdcb-87ba-4ebf-a0c3-07b46e934ea2,Racing Campo Grande,🐂,0,0,0,0,0,0,0,50,2026-04-30 23:00:14.244899+00,1000000,t,67,Brasil
3e50f5b6-90b3-4a32-bd09-a95b4a9b8edf,d279c0bd-21ec-42c2-a88e-389b7f7a6244,44adc7db-7af5-4670-a346-fb8a72622e35,Olimpia Serra Alta,🔴,0,0,0,0,0,0,0,50,2026-04-30 23:00:14.244899+00,1000000,t,60,Brasil
e346278f-8ec4-4a8e-ab3c-b1cda9decadd,d279c0bd-21ec-42c2-a88e-389b7f7a6244,f560abdc-f57f-4cec-84c6-c6af090d5d37,Estrela Vale Verde,🔵,0,0,0,0,0,0,0,50,2026-04-30 23:00:14.244899+00,1000000,t,62,Brasil
a1422bb8-2d08-4bdb-9c39-5b6c69113f92,d279c0bd-21ec-42c2-a88e-389b7f7a6244,fbcfde42-fe9e-4e44-bc75-ac694def3d81,FC Pedra Branca,🟢,0,0,0,0,0,0,0,50,2026-04-30 23:00:14.244899+00,1000000,t,60,Brasil
5b0f3038-8b0c-498a-a444-a6c59b9405d2,d279c0bd-21ec-42c2-a88e-389b7f7a6244,362edbb0-6cf7-4ad9-afea-cdf9d5078410,SC Lagoa Santa,🟡,0,0,0,0,0,0,0,50,2026-04-30 23:00:14.244899+00,1000000,t,61,Brasil
6959a570-d059-41ca-b41c-f9f3fd634a52,d279c0bd-21ec-42c2-a88e-389b7f7a6244,79b22293-896f-4703-8725-9d56097f2297,AC Porto Alegre,⚫,0,0,0,0,0,0,0,50,2026-04-30 23:00:14.244899+00,1000000,t,65,Brasil
c59df5b3-1f67-4125-973c-bc6360e9e7d1,d279c0bd-21ec-42c2-a88e-389b7f7a6244,1f3785fc-1241-4745-9c30-0cac5ea79154,EC Bela Vista,⚪,0,0,0,0,0,0,0,50,2026-04-30 23:00:14.244899+00,1000000,t,61,Brasil
cd84efca-c8d0-42ce-b927-8519ff085b49,d279c0bd-21ec-42c2-a88e-389b7f7a6244,c5225337-54b6-456f-a135-40d2e1aafa52,Clube Cruz Alta,🟣,0,0,0,0,0,0,0,50,2026-04-30 23:00:14.244899+00,1000000,t,66,Brasil
3f8f86af-1258-437a-8a6a-fc2c76dd9fe4,d279c0bd-21ec-42c2-a88e-389b7f7a6244,467e2117-8d56-4fbe-b1d6-61c15e286c5b,Atlético Santo Amaro,🟠,0,0,0,0,0,0,0,50,2026-04-30 23:00:14.244899+00,1000000,t,70,Brasil
d2d20e74-c738-4cf4-9054-50b63e2e3d37,d279c0bd-21ec-42c2-a88e-389b7f7a6244,c9a9e436-2640-402e-851a-4fee3287beaf,Esporte Jardim,⚽,0,0,0,0,0,0,0,50,2026-04-30 23:00:14.244899+00,1000000,t,64,Brasil
51187e45-f84d-49a9-9c06-ac068b52173a,d279c0bd-21ec-42c2-a88e-389b7f7a6244,d824baf9-a040-4c9e-91c4-301736876067,Sport São Miguel,🏟️,0,0,0,0,0,0,0,50,2026-04-30 23:00:14.244899+00,1000000,t,60,Brasil
798cfe49-3869-4c54-b860-cf1065efe3f7,d279c0bd-21ec-42c2-a88e-389b7f7a6244,dadfb7a5-453e-4877-8701-cb0a1c0cee74,União Boa Vista,🦅,0,0,0,0,0,0,0,50,2026-04-30 23:00:14.244899+00,1000000,t,63,Brasil
8d242a2e-50a0-40b7-8a4d-469be5cf3854,d279c0bd-21ec-42c2-a88e-389b7f7a6244,ead23c16-ee91-4809-ad6a-c1bc7687c071,Real Alto da Serra,🐺,0,0,0,0,0,0,0,50,2026-04-30 23:00:14.244899+00,1000000,t,64,Brasil
bf435d97-8811-4bc7-a0cc-a2cbff96d050,d279c0bd-21ec-42c2-a88e-389b7f7a6244,79134293-1a94-4535-86db-f635364e830f,Inter Morro Alto,🦁,0,0,0,0,0,0,0,50,2026-04-30 23:00:14.244899+00,1000000,t,62,Brasil
aa152d4a-217b-4fdd-a036-a3580170b39d,d279c0bd-21ec-42c2-a88e-389b7f7a6244,cc6ed681-3375-4390-bdd6-afc562d45813,Nacional Ponta Grossa,🐂,0,0,0,0,0,0,0,50,2026-04-30 23:00:14.244899+00,1000000,t,56,Brasil
d02563b6-634e-4940-bbd7-e0539d31059d,4a97647c-2895-4400-a17c-38a61f2285c9,d0fea96f-83df-4c88-a14b-2cc07aa81a76,Sporting Nova Esperança,⚽,0,0,0,0,0,0,0,50,2026-04-30 23:00:14.73369+00,1000000,t,58,Brasil
980d8bc3-86ee-410a-a5ba-8cecb2d81d47,4a97647c-2895-4400-a17c-38a61f2285c9,363c1d40-23ac-4b19-a3e6-cfa84e3c7b26,Racing Sol Nascente,🏟️,0,0,0,0,0,0,0,50,2026-04-30 23:00:14.73369+00,1000000,t,50,Brasil
2282dcfc-4693-4110-980d-215da07e9516,7139416f-ee31-42df-ba9b-7326358d1dd1,271686c2-3bbb-46ba-afc1-ee45cb48dc89,Esporte Vila Rica,🦅,0,0,0,0,0,0,0,50,2026-04-30 23:00:13.73545+00,1000000,t,73,Brasil
0de2d06d-9b56-491e-8540-6f5b0398c6e0,7139416f-ee31-42df-ba9b-7326358d1dd1,2028131b-cbfd-4df3-ab02-50c79cc9aa37,Sport Monte Azul,🐺,0,0,0,0,0,0,0,50,2026-04-30 23:00:13.73545+00,1000000,t,71,Brasil
b928ac7d-b9dc-4a5e-af89-6a76f5f0010a,7139416f-ee31-42df-ba9b-7326358d1dd1,b65436ea-6493-4ec1-88cf-1e2547c44ccb,União Rio Claro,🦁,0,0,0,0,0,0,0,50,2026-04-30 23:00:13.73545+00,1000000,t,71,Brasil
f746b74a-4478-4bb7-9acf-8672ea91bb56,7139416f-ee31-42df-ba9b-7326358d1dd1,6e6a6339-d208-4ee5-811e-02d6d04a4ceb,Real Campo Grande,🐂,0,0,0,0,0,0,0,50,2026-04-30 23:00:13.73545+00,1000000,t,77,Brasil
516b9246-1bad-48ca-b3a7-cdd092f14544,7139416f-ee31-42df-ba9b-7326358d1dd1,7e966191-0173-4daf-a09b-56e8b37712ec,Inter Serra Alta,🔴,0,0,0,0,0,0,0,50,2026-04-30 23:00:13.73545+00,1000000,t,76,Brasil
5b9c6cb7-c1e0-4583-8f83-fd07783ecbba,7139416f-ee31-42df-ba9b-7326358d1dd1,43e4aeff-7f66-48c5-9cda-90e1dafedee9,Nacional Vale Verde,🔵,0,0,0,0,0,0,0,50,2026-04-30 23:00:13.73545+00,1000000,t,65,Brasil
e3b8a8d5-0f21-4219-a338-db102c96f791,7139416f-ee31-42df-ba9b-7326358d1dd1,440daf9d-c6e1-4f39-add7-1f7847d68e3c,Sporting Pedra Branca,🟢,0,0,0,0,0,0,0,50,2026-04-30 23:00:13.73545+00,1000000,t,75,Brasil
cbc302a2-078c-44d5-b747-e58bd6dc7ee5,7139416f-ee31-42df-ba9b-7326358d1dd1,0ecb018f-c814-4c08-9577-06f098246f0a,Racing Lagoa Santa,🟡,0,0,0,0,0,0,0,50,2026-04-30 23:00:13.73545+00,1000000,t,79,Brasil
359f6c5f-3c43-4617-881b-9d78c564dbe1,7139416f-ee31-42df-ba9b-7326358d1dd1,4e2918c1-1297-4360-885b-bfbb774ff8b0,Olimpia Porto Alegre,⚫,0,0,0,0,0,0,0,50,2026-04-30 23:00:13.73545+00,1000000,t,79,Brasil
ee1bfa2d-2617-466a-956a-7c175d2276f2,7139416f-ee31-42df-ba9b-7326358d1dd1,0e0e897d-2d27-4855-b49a-e0efbd3b2c35,Estrela Bela Vista,⚪,0,0,0,0,0,0,0,50,2026-04-30 23:00:13.73545+00,1000000,t,67,Brasil
a70639b4-1295-41d1-80a2-e046a74ad1e8,7139416f-ee31-42df-ba9b-7326358d1dd1,f425d304-be3a-4dfa-936d-67c20f45ce6a,FC Cruz Alta,🟣,0,0,0,0,0,0,0,50,2026-04-30 23:00:13.73545+00,1000000,t,71,Brasil
20f6aaaf-3378-454a-bfde-a93126d54003,7139416f-ee31-42df-ba9b-7326358d1dd1,91261a4e-0cd8-4f5c-9ce4-108b8c5d8fc0,SC Santo Amaro,🟠,0,0,0,0,0,0,0,50,2026-04-30 23:00:13.73545+00,1000000,t,74,Brasil
12b52e64-b34b-4880-a409-6a11e56d9657,7139416f-ee31-42df-ba9b-7326358d1dd1,27be0baa-6f8a-4087-9e8e-17aea6a263bc,AC Jardim,⚽,0,0,0,0,0,0,0,50,2026-04-30 23:00:13.73545+00,1000000,t,77,Brasil
28283403-a694-452d-9a20-cb287e3bef1d,7139416f-ee31-42df-ba9b-7326358d1dd1,99964127-d746-4db8-99c6-1363e2c73abe,EC São Miguel,🏟️,0,0,0,0,0,0,0,50,2026-04-30 23:00:13.73545+00,1000000,t,66,Brasil
f1d5a4ba-df97-4931-9008-f867b421f0cd,7139416f-ee31-42df-ba9b-7326358d1dd1,09a80a38-50a5-45c2-8d91-76686aa071dc,Clube Boa Vista,🦅,0,0,0,0,0,0,0,50,2026-04-30 23:00:13.73545+00,1000000,t,67,Brasil
2492d036-292c-4490-a039-ab6c368b8b01,7139416f-ee31-42df-ba9b-7326358d1dd1,760473d5-28f5-43fc-bf37-3652c4686950,Atlético Alto da Serra,🐺,0,0,0,0,0,0,0,50,2026-04-30 23:00:13.73545+00,1000000,t,66,Brasil
08f3462e-5317-42e9-bca3-92eac769da78,7139416f-ee31-42df-ba9b-7326358d1dd1,79e3a0ea-483b-4f35-a7d6-4c56ab260b7d,Esporte Morro Alto,🦁,0,0,0,0,0,0,0,50,2026-04-30 23:00:13.73545+00,1000000,t,70,Brasil
36619af4-b188-45ee-8f1c-d41a96bc6cf4,7139416f-ee31-42df-ba9b-7326358d1dd1,245cad01-c2a4-4000-9122-3276b16a78ba,Sport Ponta Grossa,🐂,0,0,0,0,0,0,0,50,2026-04-30 23:00:13.73545+00,1000000,t,73,Brasil
a8d0c553-23d6-415d-a408-53888020dce7,cca670e6-f332-4be7-8503-e028f70b5ce8,9538cd83-44b3-4ad7-8954-df0fc568198d,Clube Nova Esperança,⚽,0,0,0,0,0,0,0,50,2026-04-30 23:00:14.14355+00,1000000,t,69,Brasil
8307841c-42cd-4b76-8abb-d2801ca1a1d3,cca670e6-f332-4be7-8503-e028f70b5ce8,4dcd39e5-fb21-4dea-b627-6ed5c9898461,Atlético Sol Nascente,🏟️,0,0,0,0,0,0,0,50,2026-04-30 23:00:14.14355+00,1000000,t,68,Brasil
edd97843-5ee2-4c33-bfa4-84443dd5d2c9,cca670e6-f332-4be7-8503-e028f70b5ce8,9894009b-4ad5-4916-9e1f-d463013696f8,Esporte Vila Rica,🦅,0,0,0,0,0,0,0,50,2026-04-30 23:00:14.14355+00,1000000,t,75,Brasil
71b67d0e-6540-4723-98be-1abb0264032b,cca670e6-f332-4be7-8503-e028f70b5ce8,30eb4743-4e24-448d-9a0a-c7d06961dd16,Sport Monte Azul,🐺,0,0,0,0,0,0,0,50,2026-04-30 23:00:14.14355+00,1000000,t,75,Brasil
c2d425dd-d6c6-4a08-8d22-9d2a73e9bfef,cca670e6-f332-4be7-8503-e028f70b5ce8,c300e2b7-82c5-4edb-a53f-05d4fd31ac1f,União Rio Claro,🦁,0,0,0,0,0,0,0,50,2026-04-30 23:00:14.14355+00,1000000,t,66,Brasil
58e7c26d-3002-4d31-8880-f5d5a7cd52c4,cca670e6-f332-4be7-8503-e028f70b5ce8,e3a95340-7324-4025-af1a-9556e885ae42,Real Campo Grande,🐂,0,0,0,0,0,0,0,50,2026-04-30 23:00:14.14355+00,1000000,t,70,Brasil
952cd5a2-5bfb-4fc9-8ffd-1e3b8898a921,cca670e6-f332-4be7-8503-e028f70b5ce8,eba6f635-a08b-4707-a36b-3a70a53a173a,Inter Serra Alta,🔴,0,0,0,0,0,0,0,50,2026-04-30 23:00:14.14355+00,1000000,t,72,Brasil
4d8163d7-7fa3-4b3c-82a0-0ae415006307,cca670e6-f332-4be7-8503-e028f70b5ce8,e7146394-374e-4053-9e5d-af2dc67d359a,Nacional Vale Verde,🔵,0,0,0,0,0,0,0,50,2026-04-30 23:00:14.14355+00,1000000,t,77,Brasil
1282bd49-65ed-4f7a-b1ff-61f27f228d5b,cca670e6-f332-4be7-8503-e028f70b5ce8,6a5eb260-f9b6-4cb7-906c-b3d23163fc62,Sporting Pedra Branca,🟢,0,0,0,0,0,0,0,50,2026-04-30 23:00:14.14355+00,1000000,t,73,Brasil
6ae2b5ec-ad94-4e49-86ac-b6f2db73100b,cca670e6-f332-4be7-8503-e028f70b5ce8,729fbedc-3b62-48b0-ab1d-610bb12581d5,Racing Lagoa Santa,🟡,0,0,0,0,0,0,0,50,2026-04-30 23:00:14.14355+00,1000000,t,79,Brasil
9ed8cedb-ca37-44fc-b6d2-2f021318e09a,cca670e6-f332-4be7-8503-e028f70b5ce8,a955bf4a-4aac-4dd8-8536-32c37dfc827e,Olimpia Porto Alegre,⚫,0,0,0,0,0,0,0,50,2026-04-30 23:00:14.14355+00,1000000,t,75,Brasil
d7567844-fd19-4b26-93a8-84d4b88fe80f,cca670e6-f332-4be7-8503-e028f70b5ce8,bf3150d8-9c2d-4e21-bf36-111b27ca77d8,Estrela Bela Vista,⚪,0,0,0,0,0,0,0,50,2026-04-30 23:00:14.14355+00,1000000,t,77,Brasil
1216747c-00c8-4c9f-a22c-a4d2c9552905,cca670e6-f332-4be7-8503-e028f70b5ce8,4b502751-913d-4b83-b93d-fdbc3b22c274,FC Cruz Alta,🟣,0,0,0,0,0,0,0,50,2026-04-30 23:00:14.14355+00,1000000,t,71,Brasil
3e6fcc20-3c77-4897-b3fe-86c5874b4692,cca670e6-f332-4be7-8503-e028f70b5ce8,cc314bac-de0a-4c4f-8009-b14d3d03b5fa,SC Santo Amaro,🟠,0,0,0,0,0,0,0,50,2026-04-30 23:00:14.14355+00,1000000,t,76,Brasil
73e736fc-1e96-4fab-9d0d-c8bb3eef8b52,cca670e6-f332-4be7-8503-e028f70b5ce8,79f5142b-b575-46ef-99a2-c7e2397b2675,AC Jardim,⚽,0,0,0,0,0,0,0,50,2026-04-30 23:00:14.14355+00,1000000,t,80,Brasil
2ed96d90-9faf-4091-9115-473cbdd64cb5,cca670e6-f332-4be7-8503-e028f70b5ce8,2ed195b5-ac6d-4cba-869a-13ec5b5150c6,EC São Miguel,🏟️,0,0,0,0,0,0,0,50,2026-04-30 23:00:14.14355+00,1000000,t,67,Brasil
8967da36-0e4a-44e1-8516-2cae79ee2c96,cca670e6-f332-4be7-8503-e028f70b5ce8,4f82e938-6e98-4371-8e78-8d3135b1d7a3,Clube Boa Vista,🦅,0,0,0,0,0,0,0,50,2026-04-30 23:00:14.14355+00,1000000,t,74,Brasil
c4ee5af9-082d-4eb3-a432-7709d41dc045,cca670e6-f332-4be7-8503-e028f70b5ce8,cacf3c65-6358-48d5-809b-136a0a40b42f,Atlético Alto da Serra,🐺,0,0,0,0,0,0,0,50,2026-04-30 23:00:14.14355+00,1000000,t,74,Brasil
a5720485-82fb-45aa-b920-d9434eda4d9d,cca670e6-f332-4be7-8503-e028f70b5ce8,49a2465d-5f32-4c84-8a24-731b263079e7,Esporte Morro Alto,🦁,0,0,0,0,0,0,0,50,2026-04-30 23:00:14.14355+00,1000000,t,76,Brasil
cde221d8-f3d4-492e-b808-726539f9f457,cca670e6-f332-4be7-8503-e028f70b5ce8,3acf8bde-8f9b-49df-ac51-8bbf8475c023,Sport Ponta Grossa,🐂,0,0,0,0,0,0,0,50,2026-04-30 23:00:14.14355+00,1000000,t,79,Brasil
695c78bf-b403-46e7-93bf-5d25a6c5b08a,e8a7ff74-e70c-4df8-a64f-68b1ed6edb1b,3e7b9352-f651-49d3-8810-cf0271dbc5af,União Nova Esperança,⚽,0,0,0,0,0,0,0,50,2026-04-30 23:00:14.659371+00,1000000,t,67,Brasil
9950a248-f22b-4674-abae-50bfab6a055f,e8a7ff74-e70c-4df8-a64f-68b1ed6edb1b,0165ba82-075a-411e-a98d-58bf97626706,Real Sol Nascente,🏟️,0,0,0,0,0,0,0,50,2026-04-30 23:00:14.659371+00,1000000,t,57,Brasil
aebcc1fd-5f09-4cd2-a14a-4a087a0bc6dd,e8a7ff74-e70c-4df8-a64f-68b1ed6edb1b,76bf23f9-a516-4698-aace-90c1c295b7a0,Inter Vila Rica,🦅,0,0,0,0,0,0,0,50,2026-04-30 23:00:14.659371+00,1000000,t,65,Brasil
f3d6d6aa-dde8-4504-815c-41a8f770dc04,e8a7ff74-e70c-4df8-a64f-68b1ed6edb1b,fd920391-36ba-4d66-9a78-d6e9a39fa34e,Nacional Monte Azul,🐺,0,0,0,0,0,0,0,50,2026-04-30 23:00:14.659371+00,1000000,t,61,Brasil
5f0d4fa6-642f-4899-b4d1-f8ddde599b91,e8a7ff74-e70c-4df8-a64f-68b1ed6edb1b,4b37735b-b1bf-4872-b513-766fdb9872bf,Sporting Rio Claro,🦁,0,0,0,0,0,0,0,50,2026-04-30 23:00:14.659371+00,1000000,t,64,Brasil
536936fc-677f-4452-b7ed-46209346143c,e8a7ff74-e70c-4df8-a64f-68b1ed6edb1b,6d7b803c-f8c1-4ea8-b988-4f7e4065c99c,Racing Campo Grande,🐂,0,0,0,0,0,0,0,50,2026-04-30 23:00:14.659371+00,1000000,t,65,Brasil
5c8d915f-1c52-4c4f-98b3-b2380fcad83b,e8a7ff74-e70c-4df8-a64f-68b1ed6edb1b,cc09cf2b-cf29-4e00-8bb6-702834b06094,Olimpia Serra Alta,🔴,0,0,0,0,0,0,0,50,2026-04-30 23:00:14.659371+00,1000000,t,56,Brasil
9a10ee6e-b60f-4378-ad28-9e14cdb0cd42,e8a7ff74-e70c-4df8-a64f-68b1ed6edb1b,3312bf14-8ce4-4b29-9ef8-287b5a9aa95d,Estrela Vale Verde,🔵,0,0,0,0,0,0,0,50,2026-04-30 23:00:14.659371+00,1000000,t,61,Brasil
a334885c-ecba-4713-8391-1700f5edb7d8,e8a7ff74-e70c-4df8-a64f-68b1ed6edb1b,7b9a9c37-594b-4918-ae33-230d83855fa2,FC Pedra Branca,🟢,0,0,0,0,0,0,0,50,2026-04-30 23:00:14.659371+00,1000000,t,65,Brasil
44589dc3-ee74-4f43-8351-950a93e2fa7e,e8a7ff74-e70c-4df8-a64f-68b1ed6edb1b,161441f5-a549-4470-9ac2-f9102178ff1a,SC Lagoa Santa,🟡,0,0,0,0,0,0,0,50,2026-04-30 23:00:14.659371+00,1000000,t,60,Brasil
816190f5-0478-4ac2-92c7-7aa134940c49,e8a7ff74-e70c-4df8-a64f-68b1ed6edb1b,b45e19e5-99fc-4c7f-ae3f-5491069cf0ef,AC Porto Alegre,⚫,0,0,0,0,0,0,0,50,2026-04-30 23:00:14.659371+00,1000000,t,67,Brasil
3f5efc2f-caad-40dd-a506-7bb852688425,e8a7ff74-e70c-4df8-a64f-68b1ed6edb1b,e8ac1328-f0a9-4682-a47f-a69ddcaacca3,EC Bela Vista,⚪,0,0,0,0,0,0,0,50,2026-04-30 23:00:14.659371+00,1000000,t,67,Brasil
64cc96b5-2e88-4de9-8707-5afce440db5c,e8a7ff74-e70c-4df8-a64f-68b1ed6edb1b,333418e6-53ff-4365-a378-2b0b6abb581d,Clube Cruz Alta,🟣,0,0,0,0,0,0,0,50,2026-04-30 23:00:14.659371+00,1000000,t,69,Brasil
2700ae2e-0f8b-4f10-a24f-8096f1bb4ed2,43f9f0cb-7bc0-4733-bb18-07b7e9cd71a4,0b0eb5ed-d3b1-45d7-9c92-69b8a2332fca,FC Rio Claro,🦁,0,0,0,0,0,0,0,50,2026-04-30 23:00:13.905795+00,1000000,t,46,Brasil
0f649d56-6001-4c54-b181-50ea2ddbb570,43f9f0cb-7bc0-4733-bb18-07b7e9cd71a4,20b47931-484e-4aed-adb1-f371f23d3c17,SC Campo Grande,🐂,0,0,0,0,0,0,0,50,2026-04-30 23:00:13.905795+00,1000000,t,53,Brasil
6c4210a5-3a1c-4a37-a4fe-1c5182f249b2,43f9f0cb-7bc0-4733-bb18-07b7e9cd71a4,27454bca-4df4-41a5-8a78-448d71066b4c,AC Serra Alta,🔴,0,0,0,0,0,0,0,50,2026-04-30 23:00:13.905795+00,1000000,t,45,Brasil
66efb3bf-773a-4d3a-9f04-274f6e2f060f,43f9f0cb-7bc0-4733-bb18-07b7e9cd71a4,dd753b0d-b8d3-4c91-8af9-481c6a63da02,EC Vale Verde,🔵,0,0,0,0,0,0,0,50,2026-04-30 23:00:13.905795+00,1000000,t,57,Brasil
6ca58466-69af-406a-82df-548bda691ff8,43f9f0cb-7bc0-4733-bb18-07b7e9cd71a4,d4771591-c99c-414e-a481-ac090c63eea4,Clube Pedra Branca,🟢,0,0,0,0,0,0,0,50,2026-04-30 23:00:13.905795+00,1000000,t,54,Brasil
0611d322-db4c-4502-92ae-e24ef79c2e90,43f9f0cb-7bc0-4733-bb18-07b7e9cd71a4,6891fd40-e00a-4482-980a-bdfc9770adb7,Atlético Lagoa Santa,🟡,0,0,0,0,0,0,0,50,2026-04-30 23:00:13.905795+00,1000000,t,50,Brasil
9124aa90-0ef2-4c6d-a32c-9814283e25ed,43f9f0cb-7bc0-4733-bb18-07b7e9cd71a4,434434a5-5444-44df-9f66-e865d5b3cecf,Esporte Porto Alegre,⚫,0,0,0,0,0,0,0,50,2026-04-30 23:00:13.905795+00,1000000,t,54,Brasil
e46b4fef-fab9-48bf-88b8-81adb1ff1ab8,43f9f0cb-7bc0-4733-bb18-07b7e9cd71a4,828675bd-edc4-4172-9f90-78027b03e635,Sport Bela Vista,⚪,0,0,0,0,0,0,0,50,2026-04-30 23:00:13.905795+00,1000000,t,48,Brasil
8e8cd5ed-d256-4b27-a919-c5404609bd8d,43f9f0cb-7bc0-4733-bb18-07b7e9cd71a4,5ea5f53b-0901-4cd4-be2f-30a622ab4ebc,União Cruz Alta,🟣,0,0,0,0,0,0,0,50,2026-04-30 23:00:13.905795+00,1000000,t,60,Brasil
f068b486-9f98-43fe-a407-85358d6c8e7c,43f9f0cb-7bc0-4733-bb18-07b7e9cd71a4,8cb438d3-d5d5-4241-892d-70cc0b5fd40e,Real Santo Amaro,🟠,0,0,0,0,0,0,0,50,2026-04-30 23:00:13.905795+00,1000000,t,45,Brasil
06665065-d11a-4049-809f-56083ddb1e9f,43f9f0cb-7bc0-4733-bb18-07b7e9cd71a4,68ed9589-8044-4283-b484-b8a556286d32,Inter Jardim,⚽,0,0,0,0,0,0,0,50,2026-04-30 23:00:13.905795+00,1000000,t,60,Brasil
85f86058-dd34-4d94-8d8c-423ceddf200b,43f9f0cb-7bc0-4733-bb18-07b7e9cd71a4,4db0ca1c-c82e-4b5f-b02d-2e6af2f896ab,Nacional São Miguel,🏟️,0,0,0,0,0,0,0,50,2026-04-30 23:00:13.905795+00,1000000,t,55,Brasil
6394213c-9014-42ee-90a3-2e2219f47bce,43f9f0cb-7bc0-4733-bb18-07b7e9cd71a4,61e943d5-d949-4f62-92f4-a18c020c90e5,Sporting Boa Vista,🦅,0,0,0,0,0,0,0,50,2026-04-30 23:00:13.905795+00,1000000,t,52,Brasil
49986d34-16cf-483f-b93f-7209bc8ee702,43f9f0cb-7bc0-4733-bb18-07b7e9cd71a4,665cc99d-8261-4e2e-9208-959b5060aa0f,Racing Alto da Serra,🐺,0,0,0,0,0,0,0,50,2026-04-30 23:00:13.905795+00,1000000,t,46,Brasil
54a3481c-6776-418e-8847-5bff0d817f17,43f9f0cb-7bc0-4733-bb18-07b7e9cd71a4,854f5e00-75d1-4745-ac69-27d7b66420d1,Olimpia Morro Alto,🦁,0,0,0,0,0,0,0,50,2026-04-30 23:00:13.905795+00,1000000,t,53,Brasil
825d39f1-5328-4505-bd84-e357a3c6112e,43f9f0cb-7bc0-4733-bb18-07b7e9cd71a4,8cea217c-56fd-441c-ad17-81fff09b5330,Estrela Ponta Grossa,🐂,0,0,0,0,0,0,0,50,2026-04-30 23:00:13.905795+00,1000000,t,50,Brasil
35c6efd7-0244-4625-ba8e-b6c72c071f77,ccd8ed8c-0329-4160-a21a-6d3bbb322f89,8f4f048d-7d72-4825-82c0-99dab8c2fc58,Sporting Nova Esperança,⚽,0,0,0,0,0,0,0,50,2026-04-30 23:00:15.590476+00,1000000,t,56,Brasil
67ef00e1-9155-4137-b379-03816794c63a,ccd8ed8c-0329-4160-a21a-6d3bbb322f89,60bc5239-03fe-4133-85b9-0df3d005d818,Racing Sol Nascente,🏟️,0,0,0,0,0,0,0,50,2026-04-30 23:00:15.590476+00,1000000,t,47,Brasil
350d3c44-f1df-47f7-96cd-b0bf29c7fb33,ccd8ed8c-0329-4160-a21a-6d3bbb322f89,f7bae06f-0b67-4c6e-aebd-074c2275c8b3,Olimpia Vila Rica,🦅,0,0,0,0,0,0,0,50,2026-04-30 23:00:15.590476+00,1000000,t,45,Brasil
b4da5429-97ea-4ee2-ade5-af15b40a54a9,ccd8ed8c-0329-4160-a21a-6d3bbb322f89,90f5ca53-0d4c-4107-b416-1d59a59bae74,Estrela Monte Azul,🐺,0,0,0,0,0,0,0,50,2026-04-30 23:00:15.590476+00,1000000,t,55,Brasil
b87d8626-a3a5-41f9-ae49-295285b12905,ccd8ed8c-0329-4160-a21a-6d3bbb322f89,fb9f2a55-5c2c-4e10-bf3c-78d87e06c573,FC Rio Claro,🦁,0,0,0,0,0,0,0,50,2026-04-30 23:00:15.590476+00,1000000,t,45,Brasil
c7b45480-50e7-458e-8c98-48ed9fd57fb5,ccd8ed8c-0329-4160-a21a-6d3bbb322f89,59d93192-7638-4b37-b098-4043f3583936,SC Campo Grande,🐂,0,0,0,0,0,0,0,50,2026-04-30 23:00:15.590476+00,1000000,t,53,Brasil
8d80be9a-e384-463f-a3b8-25194a6b5b9b,ccd8ed8c-0329-4160-a21a-6d3bbb322f89,98f01861-50f4-4d13-82f5-1fc515c9bb8f,AC Serra Alta,🔴,0,0,0,0,0,0,0,50,2026-04-30 23:00:15.590476+00,1000000,t,54,Brasil
a78975cf-d59d-4dca-b0cb-e0df384fba94,ccd8ed8c-0329-4160-a21a-6d3bbb322f89,407d88d8-cd7b-49d6-b5f7-c15ec493e13f,EC Vale Verde,🔵,0,0,0,0,0,0,0,50,2026-04-30 23:00:15.590476+00,1000000,t,52,Brasil
9c7a916b-893a-4279-87f7-da709d25ea5e,ccd8ed8c-0329-4160-a21a-6d3bbb322f89,18d96b9d-9e7c-4017-9667-a64fe5dcc18b,Clube Pedra Branca,🟢,0,0,0,0,0,0,0,50,2026-04-30 23:00:15.590476+00,1000000,t,55,Brasil
52fc37f6-037b-4b55-a8ca-12b13a614c5e,ccd8ed8c-0329-4160-a21a-6d3bbb322f89,7a829028-c596-4a19-886f-1485b9e8d750,Atlético Lagoa Santa,🟡,0,0,0,0,0,0,0,50,2026-04-30 23:00:15.590476+00,1000000,t,51,Brasil
62bf6abb-8094-47b4-a87b-b85d3c73cded,ccd8ed8c-0329-4160-a21a-6d3bbb322f89,2920fc66-9901-47e3-9e47-8316740dc279,Esporte Porto Alegre,⚫,0,0,0,0,0,0,0,50,2026-04-30 23:00:15.590476+00,1000000,t,57,Brasil
ef4e4de2-002f-4c42-8562-6ace171760cf,ccd8ed8c-0329-4160-a21a-6d3bbb322f89,ecfc8961-fc03-482e-85ad-b2dfe2ba9174,Sport Bela Vista,⚪,0,0,0,0,0,0,0,50,2026-04-30 23:00:15.590476+00,1000000,t,52,Brasil
19a5d6f1-1101-4a14-bcda-2ef0d068dc29,ccd8ed8c-0329-4160-a21a-6d3bbb322f89,d268e423-8b7f-4198-a9e2-425ea105e7b7,União Cruz Alta,🟣,0,0,0,0,0,0,0,50,2026-04-30 23:00:15.590476+00,1000000,t,56,Brasil
dde5a3ae-0dd1-434d-83c7-d6943e9c3a81,ccd8ed8c-0329-4160-a21a-6d3bbb322f89,7f5a5655-17f0-48b9-a984-2171d99c39f2,Real Santo Amaro,🟠,0,0,0,0,0,0,0,50,2026-04-30 23:00:15.590476+00,1000000,t,45,Brasil
826bffda-5fe6-4bac-9179-12b7855c90ae,ccd8ed8c-0329-4160-a21a-6d3bbb322f89,96a60f89-31c7-46c8-94b5-ef7de2904fef,Inter Jardim,⚽,0,0,0,0,0,0,0,50,2026-04-30 23:00:15.590476+00,1000000,t,56,Brasil
03edbc78-c08b-42b8-a020-542068f3edc1,ccd8ed8c-0329-4160-a21a-6d3bbb322f89,4850b373-52e4-4c6b-a956-00dda07f0caf,Nacional São Miguel,🏟️,0,0,0,0,0,0,0,50,2026-04-30 23:00:15.590476+00,1000000,t,57,Brasil
aaa5529a-eb72-44b1-a552-c134c7bd83b4,ccd8ed8c-0329-4160-a21a-6d3bbb322f89,559fdc4e-c186-4eb7-a444-8389ef6594ad,Sporting Boa Vista,🦅,0,0,0,0,0,0,0,50,2026-04-30 23:00:15.590476+00,1000000,t,48,Brasil
56e390b5-ba52-4876-b00f-f13c14e2354e,ccd8ed8c-0329-4160-a21a-6d3bbb322f89,92469163-0ac0-4584-90ea-15efa6b76b90,Racing Alto da Serra,🐺,0,0,0,0,0,0,0,50,2026-04-30 23:00:15.590476+00,1000000,t,59,Brasil
c76686ed-5e58-4e6e-a998-cfe13371c00b,ccd8ed8c-0329-4160-a21a-6d3bbb322f89,d1c14532-4c59-485f-bcdb-6d5c659e6cb0,Olimpia Morro Alto,🦁,0,0,0,0,0,0,0,50,2026-04-30 23:00:15.590476+00,1000000,t,56,Brasil
8f6de07d-22fe-49a4-97ce-573e2d448257,ccd8ed8c-0329-4160-a21a-6d3bbb322f89,a5a796e7-dc89-4582-a520-e7549013b50d,Estrela Ponta Grossa,🐂,0,0,0,0,0,0,0,50,2026-04-30 23:00:15.590476+00,1000000,t,57,Brasil
ad465f38-20da-4de8-a48b-6a801cfe1d9b,3fce0462-8547-4cdc-8c56-acd7678c32bc,1787e47e-07d4-4793-9923-771ff5eec66b,União Nova Esperança,⚽,0,0,0,0,0,0,0,50,2026-04-30 23:00:16.3826+00,1000000,t,67,Brasil
3513f713-110d-4a92-9356-8a51e8c046f6,3fce0462-8547-4cdc-8c56-acd7678c32bc,6399478a-34fa-4695-bb8e-9e995f18f87e,Real Sol Nascente,🏟️,0,0,0,0,0,0,0,50,2026-04-30 23:00:16.3826+00,1000000,t,61,Brasil
0d311c9e-1f92-4998-8c7f-9e42e432617b,3fce0462-8547-4cdc-8c56-acd7678c32bc,0a50e746-ee90-412e-9a5d-c7c23442ea9f,Inter Vila Rica,🦅,0,0,0,0,0,0,0,50,2026-04-30 23:00:16.3826+00,1000000,t,60,Brasil
e821189c-8861-45e7-a005-04f10205e56e,3fce0462-8547-4cdc-8c56-acd7678c32bc,0ee6a39b-f87b-44ed-a11a-7bca3a8748a3,Nacional Monte Azul,🐺,0,0,0,0,0,0,0,50,2026-04-30 23:00:16.3826+00,1000000,t,66,Brasil
235e5c00-c3a0-4e9a-ae7f-db2b3ce90f83,3fce0462-8547-4cdc-8c56-acd7678c32bc,385160f7-beb3-411a-880f-4dd7253ece12,Sporting Rio Claro,🦁,0,0,0,0,0,0,0,50,2026-04-30 23:00:16.3826+00,1000000,t,57,Brasil
545cce06-998e-4dbd-8354-a634b986be65,3fce0462-8547-4cdc-8c56-acd7678c32bc,3e797773-9bf6-4297-a0d3-e003e621b139,Racing Campo Grande,🐂,0,0,0,0,0,0,0,50,2026-04-30 23:00:16.3826+00,1000000,t,67,Brasil
f2166de0-d1a6-4eac-80b5-bd9afee1711e,3fce0462-8547-4cdc-8c56-acd7678c32bc,11683710-803a-40a1-a11d-d975bc1cdb89,Olimpia Serra Alta,🔴,0,0,0,0,0,0,0,50,2026-04-30 23:00:16.3826+00,1000000,t,69,Brasil
60f2f769-519b-451b-b6a1-2155137043b5,3fce0462-8547-4cdc-8c56-acd7678c32bc,e44ef53a-b9ac-433f-b87f-b01d50284c71,Estrela Vale Verde,🔵,0,0,0,0,0,0,0,50,2026-04-30 23:00:16.3826+00,1000000,t,61,Brasil
f3354bca-9a6a-4dec-ad0e-c898d5a58f10,3fce0462-8547-4cdc-8c56-acd7678c32bc,f8673f82-4212-4072-9373-c5ef2cc071a2,FC Pedra Branca,🟢,0,0,0,0,0,0,0,50,2026-04-30 23:00:16.3826+00,1000000,t,70,Brasil
232ebaeb-8ce4-417a-a7bf-10c56e28fb66,3fce0462-8547-4cdc-8c56-acd7678c32bc,bb4175c3-2239-4245-9121-5131ce7af62c,SC Lagoa Santa,🟡,0,0,0,0,0,0,0,50,2026-04-30 23:00:16.3826+00,1000000,t,69,Brasil
8b41b307-8a6b-4a61-aa6b-3d8348bf25b5,3fce0462-8547-4cdc-8c56-acd7678c32bc,ea457115-79a4-4a90-a5de-3b24c52c82b8,AC Porto Alegre,⚫,0,0,0,0,0,0,0,50,2026-04-30 23:00:16.3826+00,1000000,t,55,Brasil
ac5a055c-2c21-4c93-9727-82036b4fd69e,3fce0462-8547-4cdc-8c56-acd7678c32bc,4e51e361-2cb9-4072-b9d9-50928f4d1c3b,EC Bela Vista,⚪,0,0,0,0,0,0,0,50,2026-04-30 23:00:16.3826+00,1000000,t,66,Brasil
bc992d49-bf3a-437b-bfd6-46c8b746cd2a,3fce0462-8547-4cdc-8c56-acd7678c32bc,e1e196eb-7877-47be-87fb-78b67116c52f,Clube Cruz Alta,🟣,0,0,0,0,0,0,0,50,2026-04-30 23:00:16.3826+00,1000000,t,57,Brasil
0c9752ca-0b96-4f79-8e61-24af5bbc302b,3fce0462-8547-4cdc-8c56-acd7678c32bc,2bd495b7-3f30-43aa-942c-bae40efa817a,Atlético Santo Amaro,🟠,0,0,0,0,0,0,0,50,2026-04-30 23:00:16.3826+00,1000000,t,65,Brasil
9f49825d-1dd1-4002-bc15-6b46e6501403,3fce0462-8547-4cdc-8c56-acd7678c32bc,b8258973-ab57-47d2-8eed-ca139c4eba67,Esporte Jardim,⚽,0,0,0,0,0,0,0,50,2026-04-30 23:00:16.3826+00,1000000,t,69,Brasil
48d5cf5f-04ad-4b31-9180-e597d8f1d4db,006a0cc8-1c51-452f-81a3-f3ea85c31ebf,e2ee4724-c44d-466c-80a5-f2a192008a5a,Esporte Vila Rica,🦅,0,0,0,0,0,0,0,50,2026-04-30 23:00:14.585899+00,1000000,t,76,Brasil
a22a6ecd-27f5-4604-8471-2e721bec94f5,006a0cc8-1c51-452f-81a3-f3ea85c31ebf,ef027551-594f-442f-9003-9557fa1a2fbc,Sport Monte Azul,🐺,0,0,0,0,0,0,0,50,2026-04-30 23:00:14.585899+00,1000000,t,76,Brasil
95962e4e-715b-454b-9914-5f7fd8728a77,006a0cc8-1c51-452f-81a3-f3ea85c31ebf,469e5939-6e64-4aa8-9cb0-ca6ae7e8d755,União Rio Claro,🦁,0,0,0,0,0,0,0,50,2026-04-30 23:00:14.585899+00,1000000,t,77,Brasil
cbaef30f-4231-4d9f-bfb1-3874b04c54c8,006a0cc8-1c51-452f-81a3-f3ea85c31ebf,b2698a82-db93-409f-8a8a-0d9e9089a9f6,Real Campo Grande,🐂,0,0,0,0,0,0,0,50,2026-04-30 23:00:14.585899+00,1000000,t,72,Brasil
dd40eddd-4b0e-436a-9362-2a113322decf,006a0cc8-1c51-452f-81a3-f3ea85c31ebf,35f90e4e-b6b6-4fca-8e58-d5eb83869e26,Inter Serra Alta,🔴,0,0,0,0,0,0,0,50,2026-04-30 23:00:14.585899+00,1000000,t,66,Brasil
fc076094-67c2-4d39-83b7-ddfeeb6a2883,006a0cc8-1c51-452f-81a3-f3ea85c31ebf,258393df-e330-454d-a618-013ea82c7921,Nacional Vale Verde,🔵,0,0,0,0,0,0,0,50,2026-04-30 23:00:14.585899+00,1000000,t,74,Brasil
e476dfa1-4eb1-4fa3-af2d-a347e674f14a,006a0cc8-1c51-452f-81a3-f3ea85c31ebf,d944ad84-381f-4c0a-8102-9f97d97a3301,Sporting Pedra Branca,🟢,0,0,0,0,0,0,0,50,2026-04-30 23:00:14.585899+00,1000000,t,79,Brasil
6f1709d0-6982-4895-a3b4-b6dd1e063910,006a0cc8-1c51-452f-81a3-f3ea85c31ebf,f6b3a022-e08a-4399-b626-fb10bf0e3e46,Racing Lagoa Santa,🟡,0,0,0,0,0,0,0,50,2026-04-30 23:00:14.585899+00,1000000,t,77,Brasil
2bd2fa8a-ca64-4d7d-99dd-0ff4b430ffa3,006a0cc8-1c51-452f-81a3-f3ea85c31ebf,46401deb-85f2-4f80-b659-f1ceca03819c,Olimpia Porto Alegre,⚫,0,0,0,0,0,0,0,50,2026-04-30 23:00:14.585899+00,1000000,t,66,Brasil
63d3ee18-41ec-4e1f-a4e6-a8bec6671da1,006a0cc8-1c51-452f-81a3-f3ea85c31ebf,79e1d64f-4ef2-4d2a-8d64-7f99fce90549,Estrela Bela Vista,⚪,0,0,0,0,0,0,0,50,2026-04-30 23:00:14.585899+00,1000000,t,69,Brasil
02498b67-d9ba-4ef8-bf65-ce8748b69e42,006a0cc8-1c51-452f-81a3-f3ea85c31ebf,dc4fef42-353d-46aa-8ab0-633f971dbfbd,FC Cruz Alta,🟣,0,0,0,0,0,0,0,50,2026-04-30 23:00:14.585899+00,1000000,t,76,Brasil
cad2faed-a04f-4ef3-8e57-e0f146f6b552,006a0cc8-1c51-452f-81a3-f3ea85c31ebf,87d5ca88-fba7-4c5d-a2db-3bda6f240307,SC Santo Amaro,🟠,0,0,0,0,0,0,0,50,2026-04-30 23:00:14.585899+00,1000000,t,69,Brasil
d3bf8c11-1f5f-45e1-9940-013aea09a109,006a0cc8-1c51-452f-81a3-f3ea85c31ebf,f82fa28c-aaa7-4ed0-afc4-df6f8c5ed2b3,AC Jardim,⚽,0,0,0,0,0,0,0,50,2026-04-30 23:00:14.585899+00,1000000,t,73,Brasil
86782e95-cc3f-4ccf-b9f8-d70c97c1219c,006a0cc8-1c51-452f-81a3-f3ea85c31ebf,c5aea0c0-e6ad-4f30-aab4-0a2bf4600930,EC São Miguel,🏟️,0,0,0,0,0,0,0,50,2026-04-30 23:00:14.585899+00,1000000,t,79,Brasil
bcef00d2-971c-4f71-a931-aca09d40d97c,006a0cc8-1c51-452f-81a3-f3ea85c31ebf,629f442c-d48c-479d-9251-aaa1398feb77,Clube Boa Vista,🦅,0,0,0,0,0,0,0,50,2026-04-30 23:00:14.585899+00,1000000,t,69,Brasil
cfbfec7d-1a7f-43a6-8bba-70c778426147,006a0cc8-1c51-452f-81a3-f3ea85c31ebf,0bfbbf9d-7f5f-4790-8b25-4b15e804de82,Atlético Alto da Serra,🐺,0,0,0,0,0,0,0,50,2026-04-30 23:00:14.585899+00,1000000,t,66,Brasil
3a259f63-9ff4-4119-bbfe-8bd9d1390a10,006a0cc8-1c51-452f-81a3-f3ea85c31ebf,e346572e-4fee-4952-8e23-3a700658817d,Esporte Morro Alto,🦁,0,0,0,0,0,0,0,50,2026-04-30 23:00:14.585899+00,1000000,t,76,Brasil
f0c085dd-94c1-42de-ae31-40a5a6650f86,006a0cc8-1c51-452f-81a3-f3ea85c31ebf,aedced49-39c1-4daa-a9c4-32ca9bd9506c,Sport Ponta Grossa,🐂,0,0,0,0,0,0,0,50,2026-04-30 23:00:14.585899+00,1000000,t,73,Brasil
1dfd9893-58c6-4eeb-8182-8a3d39aa249d,28d5c485-8f91-4518-8564-1fbb9d876f6f,d2648456-f95f-4c0c-9e64-c9f2c2b81048,Sporting Nova Esperança,⚽,0,0,0,0,0,0,0,50,2026-04-30 23:00:15.123547+00,1000000,t,54,Brasil
d839119b-fceb-4ac6-ada3-b369517ab1b3,28d5c485-8f91-4518-8564-1fbb9d876f6f,7e828a5f-679b-4918-8e64-e98a9e23ef09,Racing Sol Nascente,🏟️,0,0,0,0,0,0,0,50,2026-04-30 23:00:15.123547+00,1000000,t,50,Brasil
174d68ca-ba61-4b7d-b97b-638ce6cb0117,28d5c485-8f91-4518-8564-1fbb9d876f6f,afb35a99-4beb-400b-9230-e775279f7599,Olimpia Vila Rica,🦅,0,0,0,0,0,0,0,50,2026-04-30 23:00:15.123547+00,1000000,t,59,Brasil
200b8c85-f0df-43d9-8e86-245a5e047067,28d5c485-8f91-4518-8564-1fbb9d876f6f,83de0cbb-c84d-4678-94c6-36045262448e,Estrela Monte Azul,🐺,0,0,0,0,0,0,0,50,2026-04-30 23:00:15.123547+00,1000000,t,58,Brasil
05af81a1-4651-44e3-9c45-f03f46cf9194,28d5c485-8f91-4518-8564-1fbb9d876f6f,5debd860-5f26-487c-892e-41a5d085edaf,FC Rio Claro,🦁,0,0,0,0,0,0,0,50,2026-04-30 23:00:15.123547+00,1000000,t,48,Brasil
0930b7e2-a0c1-41fa-8d1d-21789481a679,28d5c485-8f91-4518-8564-1fbb9d876f6f,46de11ff-3a0b-4b67-8ef8-906946c8f41f,SC Campo Grande,🐂,0,0,0,0,0,0,0,50,2026-04-30 23:00:15.123547+00,1000000,t,58,Brasil
7d9c4584-36a0-4680-839b-403eac6437a3,28d5c485-8f91-4518-8564-1fbb9d876f6f,bb798bc2-5b2c-40f2-a856-9f743bd460a2,AC Serra Alta,🔴,0,0,0,0,0,0,0,50,2026-04-30 23:00:15.123547+00,1000000,t,48,Brasil
9febf5bd-6e45-47ad-b417-1defb405734b,28d5c485-8f91-4518-8564-1fbb9d876f6f,b08b7c00-5aae-45c5-bef8-34ed60dfb6d4,EC Vale Verde,🔵,0,0,0,0,0,0,0,50,2026-04-30 23:00:15.123547+00,1000000,t,50,Brasil
0ed7465e-b220-4b5c-8235-3646df99757d,28d5c485-8f91-4518-8564-1fbb9d876f6f,a51d047f-6b62-4be3-8ee7-c0bf728c4e04,Clube Pedra Branca,🟢,0,0,0,0,0,0,0,50,2026-04-30 23:00:15.123547+00,1000000,t,57,Brasil
b0194f10-1c0e-4bb7-9019-a8fa105a82c5,28d5c485-8f91-4518-8564-1fbb9d876f6f,f5cef3d5-a556-44d8-aa91-609b929a6ee4,Atlético Lagoa Santa,🟡,0,0,0,0,0,0,0,50,2026-04-30 23:00:15.123547+00,1000000,t,58,Brasil
9d110457-23a1-4fb1-a177-8d4560c58f7d,28d5c485-8f91-4518-8564-1fbb9d876f6f,0a1d6571-e75b-49bf-a875-d1a40557cd0c,Esporte Porto Alegre,⚫,0,0,0,0,0,0,0,50,2026-04-30 23:00:15.123547+00,1000000,t,53,Brasil
807f1447-3734-4e31-8697-8b3695eee48b,28d5c485-8f91-4518-8564-1fbb9d876f6f,e359bd53-41fa-43f5-b89a-75034aa5a92b,Sport Bela Vista,⚪,0,0,0,0,0,0,0,50,2026-04-30 23:00:15.123547+00,1000000,t,51,Brasil
fd947d48-5bff-4ffb-b548-27f625bb59d3,28d5c485-8f91-4518-8564-1fbb9d876f6f,4f520e5d-4a61-4547-9673-4d3cd7741066,União Cruz Alta,🟣,0,0,0,0,0,0,0,50,2026-04-30 23:00:15.123547+00,1000000,t,47,Brasil
a3ea4fc1-cc60-4761-ade8-08a262ad5a17,28d5c485-8f91-4518-8564-1fbb9d876f6f,1eaf0aa8-accb-4e87-ad8a-9319f1bede6f,Real Santo Amaro,🟠,0,0,0,0,0,0,0,50,2026-04-30 23:00:15.123547+00,1000000,t,53,Brasil
076750bb-4e66-4d84-8c05-aaf63e939ea3,28d5c485-8f91-4518-8564-1fbb9d876f6f,bf59bc1e-7f00-4551-a88f-a2965f1df909,Inter Jardim,⚽,0,0,0,0,0,0,0,50,2026-04-30 23:00:15.123547+00,1000000,t,56,Brasil
feb15251-1774-4f9f-86f1-e58411a9a3db,28d5c485-8f91-4518-8564-1fbb9d876f6f,ee3df55c-deb4-48ec-a1c1-949b599e0641,Nacional São Miguel,🏟️,0,0,0,0,0,0,0,50,2026-04-30 23:00:15.123547+00,1000000,t,49,Brasil
22f4c1ae-34c4-4e38-98da-aecf13e55f53,28d5c485-8f91-4518-8564-1fbb9d876f6f,b7c6d0d3-ba7a-4be3-ba7f-787c71ce6bdb,Sporting Boa Vista,🦅,0,0,0,0,0,0,0,50,2026-04-30 23:00:15.123547+00,1000000,t,46,Brasil
83205ab0-e42a-48d7-a200-1b0e77673bb1,28d5c485-8f91-4518-8564-1fbb9d876f6f,55f5f99e-5b61-4df9-bb6c-efb6f6536b16,Racing Alto da Serra,🐺,0,0,0,0,0,0,0,50,2026-04-30 23:00:15.123547+00,1000000,t,50,Brasil
98e9a1e9-09db-44d0-a298-ed28f86b47dd,28d5c485-8f91-4518-8564-1fbb9d876f6f,64c0c81e-508c-4f3f-82d1-27b37ff49d01,Olimpia Morro Alto,🦁,0,0,0,0,0,0,0,50,2026-04-30 23:00:15.123547+00,1000000,t,50,Brasil
ea9e94d2-9caf-4f8c-830a-539b00f53bc2,28d5c485-8f91-4518-8564-1fbb9d876f6f,2959d7aa-4622-4f17-900e-0f530a5215ba,Estrela Ponta Grossa,🐂,0,0,0,0,0,0,0,50,2026-04-30 23:00:15.123547+00,1000000,t,52,Brasil
b2a57d4b-0e4f-4c66-a34f-f6eff8f5f107,b9c20fb9-cfe6-4835-98ce-e9056e407d06,341d1f1d-7df1-49f3-8c8b-7f61aaf72be0,Sporting Nova Esperança,⚽,0,0,0,0,0,0,0,50,2026-04-30 23:00:20.965062+00,1000000,t,49,Brasil
a65f5c98-d37b-4f86-b868-1eca54731420,b9c20fb9-cfe6-4835-98ce-e9056e407d06,5040b6d0-08d0-403a-9807-48e41be4274e,Racing Sol Nascente,🏟️,0,0,0,0,0,0,0,50,2026-04-30 23:00:20.965062+00,1000000,t,49,Brasil
07ce2256-a779-4dae-a0de-52eecfa2b031,b9c20fb9-cfe6-4835-98ce-e9056e407d06,69639c62-f231-40df-a37f-7fee6119258a,Olimpia Vila Rica,🦅,0,0,0,0,0,0,0,50,2026-04-30 23:00:20.965062+00,1000000,t,60,Brasil
6856df6b-4d24-4a5e-a818-e0d2b98a9a64,b9c20fb9-cfe6-4835-98ce-e9056e407d06,c7e64b0d-4258-49c1-b02f-c593c04c9157,Estrela Monte Azul,🐺,0,0,0,0,0,0,0,50,2026-04-30 23:00:20.965062+00,1000000,t,57,Brasil
46780f1e-06ea-4565-931f-c09cd4c8c056,b9c20fb9-cfe6-4835-98ce-e9056e407d06,3c1a207e-3934-4a0d-b28e-60db7d951d1a,FC Rio Claro,🦁,0,0,0,0,0,0,0,50,2026-04-30 23:00:20.965062+00,1000000,t,46,Brasil
10a706cf-ecae-44a2-81c1-a0ffe12a40b5,b9c20fb9-cfe6-4835-98ce-e9056e407d06,202fbd20-f229-4605-9eb5-1c0488afde4c,SC Campo Grande,🐂,0,0,0,0,0,0,0,50,2026-04-30 23:00:20.965062+00,1000000,t,45,Brasil
cc2ded1f-f1d5-4429-867c-ab8682d1f813,b9c20fb9-cfe6-4835-98ce-e9056e407d06,35457178-55ac-4392-9b6e-5f5911341d24,AC Serra Alta,🔴,0,0,0,0,0,0,0,50,2026-04-30 23:00:20.965062+00,1000000,t,59,Brasil
b3172aaa-24fd-4e91-8dae-f64a34ef3c8b,b9c20fb9-cfe6-4835-98ce-e9056e407d06,2a7f3ed2-d03d-4295-8894-261d184d179f,EC Vale Verde,🔵,0,0,0,0,0,0,0,50,2026-04-30 23:00:20.965062+00,1000000,t,59,Brasil
3f57c256-a0a0-4560-92de-30a1ec18361e,b9c20fb9-cfe6-4835-98ce-e9056e407d06,537de395-0b1d-4f93-ba2d-f1c0029eb26b,Clube Pedra Branca,🟢,0,0,0,0,0,0,0,50,2026-04-30 23:00:20.965062+00,1000000,t,58,Brasil
d942112f-18f1-4a65-a32f-e9d06c2c0989,b9c20fb9-cfe6-4835-98ce-e9056e407d06,abf3c648-729f-470d-af23-328b8acd5d91,Atlético Lagoa Santa,🟡,0,0,0,0,0,0,0,50,2026-04-30 23:00:20.965062+00,1000000,t,48,Brasil
9b6571ab-1130-486a-9b82-7f92eb938351,b9c20fb9-cfe6-4835-98ce-e9056e407d06,a8b76ca8-0bff-4c76-86c6-b89dae0105de,Esporte Porto Alegre,⚫,0,0,0,0,0,0,0,50,2026-04-30 23:00:20.965062+00,1000000,t,54,Brasil
d9082e6e-4429-4923-b7c3-88126949b331,b9c20fb9-cfe6-4835-98ce-e9056e407d06,b4094e80-875e-415f-85be-4fd1ec73cfa7,Sport Bela Vista,⚪,0,0,0,0,0,0,0,50,2026-04-30 23:00:20.965062+00,1000000,t,55,Brasil
8790a6ec-f5d7-42e6-a8f4-53c6de0a7c20,b9c20fb9-cfe6-4835-98ce-e9056e407d06,c6ac7770-01ae-4631-9605-a6a9fd74009e,União Cruz Alta,🟣,0,0,0,0,0,0,0,50,2026-04-30 23:00:20.965062+00,1000000,t,52,Brasil
4e50bba1-cb6c-4e42-a15a-ee8f30557c4f,e8a7ff74-e70c-4df8-a64f-68b1ed6edb1b,4d600980-c9b9-4200-a97a-8ae6af4df0b6,Atlético Santo Amaro,🟠,0,0,0,0,0,0,0,50,2026-04-30 23:00:14.659371+00,1000000,t,55,Brasil
5c07deee-d085-499c-8a06-0e82d7372f25,e8a7ff74-e70c-4df8-a64f-68b1ed6edb1b,1996fa02-b592-4a49-a4a5-c9b9edd3bf5d,Esporte Jardim,⚽,0,0,0,0,0,0,0,50,2026-04-30 23:00:14.659371+00,1000000,t,59,Brasil
0b5ca11e-d639-4f8d-92c8-f83adfcc2552,e8a7ff74-e70c-4df8-a64f-68b1ed6edb1b,779888c8-7de6-4b14-bd53-44599750b090,Sport São Miguel,🏟️,0,0,0,0,0,0,0,50,2026-04-30 23:00:14.659371+00,1000000,t,64,Brasil
175c1705-03e7-48b8-916c-8d7ef4135397,e8a7ff74-e70c-4df8-a64f-68b1ed6edb1b,c1a7eb4b-3294-47bb-80cc-d55d2103f50f,União Boa Vista,🦅,0,0,0,0,0,0,0,50,2026-04-30 23:00:14.659371+00,1000000,t,65,Brasil
ae5cb56d-8966-4383-a2cc-6988b9bc4704,e8a7ff74-e70c-4df8-a64f-68b1ed6edb1b,20bd898d-40f5-4820-bf42-2384ef422b63,Real Alto da Serra,🐺,0,0,0,0,0,0,0,50,2026-04-30 23:00:14.659371+00,1000000,t,69,Brasil
bf6c216c-a8d3-4534-8be6-be249da7b02c,e8a7ff74-e70c-4df8-a64f-68b1ed6edb1b,e0fe3ba8-e16f-4a64-badd-cd127a2e62a5,Inter Morro Alto,🦁,0,0,0,0,0,0,0,50,2026-04-30 23:00:14.659371+00,1000000,t,66,Brasil
708510be-9be2-4d3d-90af-6f62f98d48ff,e8a7ff74-e70c-4df8-a64f-68b1ed6edb1b,50541cf0-49af-436f-a201-c5e77766408f,Nacional Ponta Grossa,🐂,0,0,0,0,0,0,0,50,2026-04-30 23:00:14.659371+00,1000000,t,67,Brasil
6bbd8602-a952-4933-9911-c6b423a9b2b6,8edca728-2d94-4a18-81dc-5e2df0311b9e,c0b01226-ccf4-4346-8021-9cf0385d2f6d,Clube Nova Esperança,⚽,0,0,0,0,0,0,0,50,2026-04-30 23:00:15.410186+00,1000000,t,66,Brasil
1ad9ad6a-02c8-4e75-9895-6f1fa9ffd381,8edca728-2d94-4a18-81dc-5e2df0311b9e,c1e0ab4f-04d0-4d65-bfa4-174c7dadd9ab,Atlético Sol Nascente,🏟️,0,0,0,0,0,0,0,50,2026-04-30 23:00:15.410186+00,1000000,t,69,Brasil
29224d8d-ad38-49f2-9bcc-0410fe493c0b,8edca728-2d94-4a18-81dc-5e2df0311b9e,1bdffc61-cf6a-45a6-8aa6-b8f9ec6884c1,Esporte Vila Rica,🦅,0,0,0,0,0,0,0,50,2026-04-30 23:00:15.410186+00,1000000,t,77,Brasil
d012e1b9-2c35-4936-bd8f-230607a32881,8edca728-2d94-4a18-81dc-5e2df0311b9e,54d8bbca-247e-4b62-8cd2-0c5b865bd7ca,Sport Monte Azul,🐺,0,0,0,0,0,0,0,50,2026-04-30 23:00:15.410186+00,1000000,t,74,Brasil
eb383e92-5e7a-4283-94d8-cdbeb8ef8745,8edca728-2d94-4a18-81dc-5e2df0311b9e,ddad60fe-d50e-4c6e-9b77-e3984932c81f,União Rio Claro,🦁,0,0,0,0,0,0,0,50,2026-04-30 23:00:15.410186+00,1000000,t,79,Brasil
f1ed3f5f-5a3b-4185-bd36-658d1569b23b,8edca728-2d94-4a18-81dc-5e2df0311b9e,f700d112-eb02-48e9-a57b-0ce3f885c7b5,Real Campo Grande,🐂,0,0,0,0,0,0,0,50,2026-04-30 23:00:15.410186+00,1000000,t,75,Brasil
f61404e9-30f2-4802-bc3a-63460953d9d4,8edca728-2d94-4a18-81dc-5e2df0311b9e,f5c57bc6-c39e-4ca6-8644-d5d79ae35558,Inter Serra Alta,🔴,0,0,0,0,0,0,0,50,2026-04-30 23:00:15.410186+00,1000000,t,74,Brasil
4de47be8-ed1d-4655-9066-994af92bf634,8edca728-2d94-4a18-81dc-5e2df0311b9e,60f5022c-bd37-42d7-a31d-b95857ac13f7,Nacional Vale Verde,🔵,0,0,0,0,0,0,0,50,2026-04-30 23:00:15.410186+00,1000000,t,70,Brasil
9bad74bb-7284-4c72-9783-2a22cd96c61f,8edca728-2d94-4a18-81dc-5e2df0311b9e,eb05e881-64c5-4dda-829d-0c2bb1c2a2a4,Sporting Pedra Branca,🟢,0,0,0,0,0,0,0,50,2026-04-30 23:00:15.410186+00,1000000,t,66,Brasil
97dbfae0-79f3-4567-a087-2cf87b9318b3,8edca728-2d94-4a18-81dc-5e2df0311b9e,943309ed-baf0-4b87-8422-1a47a7588d35,Racing Lagoa Santa,🟡,0,0,0,0,0,0,0,50,2026-04-30 23:00:15.410186+00,1000000,t,76,Brasil
80aabf1f-d1f1-4b2f-8128-6e1e74137fe3,8edca728-2d94-4a18-81dc-5e2df0311b9e,ec60cb8d-888a-4e7e-a128-2bf890fb7d21,Olimpia Porto Alegre,⚫,0,0,0,0,0,0,0,50,2026-04-30 23:00:15.410186+00,1000000,t,78,Brasil
13f10d27-fb58-4133-836c-204298f7c25f,8edca728-2d94-4a18-81dc-5e2df0311b9e,dcbb2409-d90f-4c3b-a114-dd60d14da85b,Estrela Bela Vista,⚪,0,0,0,0,0,0,0,50,2026-04-30 23:00:15.410186+00,1000000,t,77,Brasil
2bd9225e-bc87-4967-b033-ec96f3eff674,8edca728-2d94-4a18-81dc-5e2df0311b9e,a57dfe30-8310-49c9-a153-670d96b14204,FC Cruz Alta,🟣,0,0,0,0,0,0,0,50,2026-04-30 23:00:15.410186+00,1000000,t,65,Brasil
b0d83d62-8258-4983-9543-b0b3b3f5fcca,8edca728-2d94-4a18-81dc-5e2df0311b9e,9b65c72f-9fe3-4d73-9ad7-332e3217a70c,SC Santo Amaro,🟠,0,0,0,0,0,0,0,50,2026-04-30 23:00:15.410186+00,1000000,t,78,Brasil
8ba7db40-eb0a-4513-86a6-2f24cfe9c1da,8edca728-2d94-4a18-81dc-5e2df0311b9e,ad3bc735-e7d0-4b99-9fed-e5f3428a0356,AC Jardim,⚽,0,0,0,0,0,0,0,50,2026-04-30 23:00:15.410186+00,1000000,t,79,Brasil
9f55d76b-333a-4315-91df-b6fc3f3a7073,8edca728-2d94-4a18-81dc-5e2df0311b9e,9493618e-5830-4fae-9a4b-a774891bf5a6,EC São Miguel,🏟️,0,0,0,0,0,0,0,50,2026-04-30 23:00:15.410186+00,1000000,t,80,Brasil
011df53a-db5f-4438-b75f-2ca664aa6daa,8edca728-2d94-4a18-81dc-5e2df0311b9e,5f829741-981e-4c74-907d-a94804db65f4,Clube Boa Vista,🦅,0,0,0,0,0,0,0,50,2026-04-30 23:00:15.410186+00,1000000,t,66,Brasil
c894d06f-43f7-439e-882e-94ba5fbef7d6,8edca728-2d94-4a18-81dc-5e2df0311b9e,18ab46e1-aef0-4e25-b29d-41f7d915fa3d,Atlético Alto da Serra,🐺,0,0,0,0,0,0,0,50,2026-04-30 23:00:15.410186+00,1000000,t,73,Brasil
d597a7f3-e257-4b4e-b7f9-fe17259cc410,8edca728-2d94-4a18-81dc-5e2df0311b9e,c6fc639d-dd24-4fcd-931e-3de862df7929,Esporte Morro Alto,🦁,0,0,0,0,0,0,0,50,2026-04-30 23:00:15.410186+00,1000000,t,77,Brasil
d49210ac-7c50-4b43-84e0-dcbfacda5352,8edca728-2d94-4a18-81dc-5e2df0311b9e,dfd0d52e-68f5-4143-ba5f-795817a11945,Sport Ponta Grossa,🐂,0,0,0,0,0,0,0,50,2026-04-30 23:00:15.410186+00,1000000,t,66,Brasil
9da4979b-eda0-4731-9a5e-5c83fba4502f,39ffa866-c48d-4f40-a056-7fdae75de005,ddd13d4a-524b-459e-8eda-f13c73d89766,FC Nova Esperança,⚽,0,0,0,0,0,0,0,50,2026-04-30 23:00:16.223183+00,1000000,t,77,Brasil
c6d35ae3-09b0-48af-ba68-dee18bbda7d2,39ffa866-c48d-4f40-a056-7fdae75de005,69619536-53f4-4141-83d9-2c5b04aa2ae6,SC Sol Nascente,🏟️,0,0,0,0,0,0,0,50,2026-04-30 23:00:16.223183+00,1000000,t,87,Brasil
1667a6a2-a918-4f34-90b6-0c5d2c54a5ae,39ffa866-c48d-4f40-a056-7fdae75de005,9e5199c2-07c6-4578-a781-f951e0235cc6,AC Vila Rica,🦅,0,0,0,0,0,0,0,50,2026-04-30 23:00:16.223183+00,1000000,t,88,Brasil
e7d1e05a-f7f7-46a6-a44f-5903e2308bbe,39ffa866-c48d-4f40-a056-7fdae75de005,441a8ce9-26c4-4c99-9ec7-23de6ed824fe,EC Monte Azul,🐺,0,0,0,0,0,0,0,50,2026-04-30 23:00:16.223183+00,1000000,t,77,Brasil
4d7ec5f2-a427-4514-8f1e-e5da72d4a9fa,39ffa866-c48d-4f40-a056-7fdae75de005,c56794bd-491e-4e65-bfe9-66eb13a44734,Clube Rio Claro,🦁,0,0,0,0,0,0,0,50,2026-04-30 23:00:16.223183+00,1000000,t,80,Brasil
ef33bafc-d36e-4515-a0dc-dfb7aa0af8c3,39ffa866-c48d-4f40-a056-7fdae75de005,cda99504-4182-4a0c-b39e-3db9ecb58530,Atlético Campo Grande,🐂,0,0,0,0,0,0,0,50,2026-04-30 23:00:16.223183+00,1000000,t,79,Brasil
ee8bd0a1-1166-49f6-82d7-cb65637bdc07,39ffa866-c48d-4f40-a056-7fdae75de005,8b2f6f5d-90ec-46c9-8aac-d906f4c257cf,Esporte Serra Alta,🔴,0,0,0,0,0,0,0,50,2026-04-30 23:00:16.223183+00,1000000,t,86,Brasil
be3cf4ea-4991-4407-b70d-088cafde0165,39ffa866-c48d-4f40-a056-7fdae75de005,7fe225d9-6175-42c0-8308-30e8ef9c84b6,Sport Vale Verde,🔵,0,0,0,0,0,0,0,50,2026-04-30 23:00:16.223183+00,1000000,t,84,Brasil
679870fd-6354-44b4-93d3-be254a1f4927,39ffa866-c48d-4f40-a056-7fdae75de005,edb1626b-076f-46ed-8a8d-5d0d9f01f326,União Pedra Branca,🟢,0,0,0,0,0,0,0,50,2026-04-30 23:00:16.223183+00,1000000,t,79,Brasil
a03be93e-a227-4772-a417-aaf47c17efda,39ffa866-c48d-4f40-a056-7fdae75de005,c8855d26-f302-456e-8a61-1162eb9c4a40,Real Lagoa Santa,🟡,0,0,0,0,0,0,0,50,2026-04-30 23:00:16.223183+00,1000000,t,89,Brasil
ce3553a7-7210-4733-82eb-a549844539a4,39ffa866-c48d-4f40-a056-7fdae75de005,f6ad8fd1-faca-4d35-9bc9-4e9cd72442e9,Inter Porto Alegre,⚫,0,0,0,0,0,0,0,50,2026-04-30 23:00:16.223183+00,1000000,t,88,Brasil
775fc3ba-2e4b-45ef-a461-d4dcd11e5766,39ffa866-c48d-4f40-a056-7fdae75de005,4b4e65ea-5115-4bde-8799-10758148fb26,Nacional Bela Vista,⚪,0,0,0,0,0,0,0,50,2026-04-30 23:00:16.223183+00,1000000,t,79,Brasil
71463a2c-2eb3-4a3b-851e-8b779741b2aa,39ffa866-c48d-4f40-a056-7fdae75de005,c9cefb02-c151-4dca-bede-569b004b8cbe,Sporting Cruz Alta,🟣,0,0,0,0,0,0,0,50,2026-04-30 23:00:16.223183+00,1000000,t,88,Brasil
7e9bedad-7578-4e70-9952-f9d0750909d6,39ffa866-c48d-4f40-a056-7fdae75de005,b7f98c16-54db-406d-b2ab-cff749b05de0,Racing Santo Amaro,🟠,0,0,0,0,0,0,0,50,2026-04-30 23:00:16.223183+00,1000000,t,83,Brasil
58876977-7308-4e8b-bc65-428ecfdf12b1,39ffa866-c48d-4f40-a056-7fdae75de005,f650ea50-d8ed-4e40-ae99-f8506a21a194,Olimpia Jardim,⚽,0,0,0,0,0,0,0,50,2026-04-30 23:00:16.223183+00,1000000,t,80,Brasil
069382ff-c302-47d1-9e87-79eb0b1dbffe,39ffa866-c48d-4f40-a056-7fdae75de005,9bc3bb5e-79c2-4c7f-8c5e-dfa7d29daf40,Estrela São Miguel,🏟️,0,0,0,0,0,0,0,50,2026-04-30 23:00:16.223183+00,1000000,t,75,Brasil
f2d03c0b-1ce5-4a71-80eb-b6081821fa19,39ffa866-c48d-4f40-a056-7fdae75de005,0d9f7cd6-9060-4ca8-8d91-d67656d14b41,FC Boa Vista,🦅,0,0,0,0,0,0,0,50,2026-04-30 23:00:16.223183+00,1000000,t,88,Brasil
4a0725f9-17cf-421c-9569-cda2ef09cb22,39ffa866-c48d-4f40-a056-7fdae75de005,c68b12f5-ed4e-414d-b348-b44c0249d123,SC Alto da Serra,🐺,0,0,0,0,0,0,0,50,2026-04-30 23:00:16.223183+00,1000000,t,83,Brasil
81931812-83dd-4949-ae97-160cef000477,39ffa866-c48d-4f40-a056-7fdae75de005,4cd38a77-2e57-4335-be10-917816af9d88,AC Morro Alto,🦁,0,0,0,0,0,0,0,50,2026-04-30 23:00:16.223183+00,1000000,t,82,Brasil
ad4d1fb6-7b4c-4ca9-9009-d8348320f439,39ffa866-c48d-4f40-a056-7fdae75de005,921491ab-42db-488f-8e1c-148ff054cad9,EC Ponta Grossa,🐂,0,0,0,0,0,0,0,50,2026-04-30 23:00:16.223183+00,1000000,t,86,Brasil
27ee229d-1843-4d8e-afe7-cc225904fd59,d9553e3d-e6bb-4f37-abfb-b645b29eb646,b792019a-1cbe-417c-8a74-c9dcee1a9db9,FC Nova Esperança,⚽,0,0,0,0,0,0,0,50,2026-04-30 23:00:17.104306+00,1000000,t,83,Brasil
2c35a8dc-7699-45df-8abf-2f9f7067f101,d9553e3d-e6bb-4f37-abfb-b645b29eb646,fda0955d-9b79-4e14-9cbc-211ee48439ad,SC Sol Nascente,🏟️,0,0,0,0,0,0,0,50,2026-04-30 23:00:17.104306+00,1000000,t,88,Brasil
fdf0cf5c-adc7-436b-9c3a-17728ed5a226,d9553e3d-e6bb-4f37-abfb-b645b29eb646,018a2c27-1e3e-456b-97d9-d00401f5fd6d,AC Vila Rica,🦅,0,0,0,0,0,0,0,50,2026-04-30 23:00:17.104306+00,1000000,t,75,Brasil
f293e86e-1fbd-4f75-98f4-67ea9bc62e15,d9553e3d-e6bb-4f37-abfb-b645b29eb646,08499bf1-2a78-4734-be8c-28355a7b3c9c,EC Monte Azul,🐺,0,0,0,0,0,0,0,50,2026-04-30 23:00:17.104306+00,1000000,t,90,Brasil
4d0e607c-7e77-4245-9bbd-5070917e80da,4a97647c-2895-4400-a17c-38a61f2285c9,2e7ab3e9-c61f-4b35-b04e-5a96b153a084,Olimpia Vila Rica,🦅,0,0,0,0,0,0,0,50,2026-04-30 23:00:14.73369+00,1000000,t,56,Brasil
2cdf228e-1993-4280-a359-e07d448028bd,4a97647c-2895-4400-a17c-38a61f2285c9,9d129dab-cce6-49eb-94e6-2936c87be938,Estrela Monte Azul,🐺,0,0,0,0,0,0,0,50,2026-04-30 23:00:14.73369+00,1000000,t,49,Brasil
2c106106-5943-43a9-994a-da9eb9daa2c3,4a97647c-2895-4400-a17c-38a61f2285c9,f80fafd8-d840-42d6-bc32-1c45bd51d73d,FC Rio Claro,🦁,0,0,0,0,0,0,0,50,2026-04-30 23:00:14.73369+00,1000000,t,49,Brasil
ad07d2e3-4f21-49e8-88f8-99cc14531802,4a97647c-2895-4400-a17c-38a61f2285c9,e2c2098a-12ac-46b9-9ce7-ce73482e5a3c,SC Campo Grande,🐂,0,0,0,0,0,0,0,50,2026-04-30 23:00:14.73369+00,1000000,t,54,Brasil
d395b659-cb9e-4891-8162-dd22234b4891,4a97647c-2895-4400-a17c-38a61f2285c9,ff4fdab3-3c40-47f1-b27d-98478e4d7c9f,AC Serra Alta,🔴,0,0,0,0,0,0,0,50,2026-04-30 23:00:14.73369+00,1000000,t,58,Brasil
4ac7f873-17d5-486a-85b8-823878fff695,4a97647c-2895-4400-a17c-38a61f2285c9,1423d2b2-7153-49df-8738-01d3c61cb384,EC Vale Verde,🔵,0,0,0,0,0,0,0,50,2026-04-30 23:00:14.73369+00,1000000,t,59,Brasil
8dc2ed0a-84cb-4be3-9c08-39c0f41cb70c,4a97647c-2895-4400-a17c-38a61f2285c9,efd5cb4c-1d18-4abb-8b29-7d7698eeea85,Clube Pedra Branca,🟢,0,0,0,0,0,0,0,50,2026-04-30 23:00:14.73369+00,1000000,t,57,Brasil
206a59a4-70f0-47da-b780-36a09f963496,4a97647c-2895-4400-a17c-38a61f2285c9,8be139d8-ae95-4433-ad69-d81c06890e84,Atlético Lagoa Santa,🟡,0,0,0,0,0,0,0,50,2026-04-30 23:00:14.73369+00,1000000,t,45,Brasil
31cf76b1-8c59-4ca0-8072-56064428aff7,4a97647c-2895-4400-a17c-38a61f2285c9,f0fd029c-48ab-4c53-9592-3dde5a793755,Esporte Porto Alegre,⚫,0,0,0,0,0,0,0,50,2026-04-30 23:00:14.73369+00,1000000,t,50,Brasil
bcb73623-b2a0-4042-b553-249003ee76a5,4a97647c-2895-4400-a17c-38a61f2285c9,c6061782-9647-41b6-af25-2368f6f0363a,Sport Bela Vista,⚪,0,0,0,0,0,0,0,50,2026-04-30 23:00:14.73369+00,1000000,t,50,Brasil
89f8e12b-edfe-45d1-86f6-0d93dc17612c,4a97647c-2895-4400-a17c-38a61f2285c9,1d8ad7df-8cab-42fe-97aa-89985a4c3bb6,União Cruz Alta,🟣,0,0,0,0,0,0,0,50,2026-04-30 23:00:14.73369+00,1000000,t,53,Brasil
386b03e3-5d23-45fe-8253-17fe4c3e1ceb,4a97647c-2895-4400-a17c-38a61f2285c9,6f2d6a16-6c80-43d8-94e9-584f9811bf39,Real Santo Amaro,🟠,0,0,0,0,0,0,0,50,2026-04-30 23:00:14.73369+00,1000000,t,52,Brasil
11c11eae-e216-4197-8c90-9105be87b711,4a97647c-2895-4400-a17c-38a61f2285c9,ef08ebf0-d399-4a0c-b786-ebfabbf69a80,Inter Jardim,⚽,0,0,0,0,0,0,0,50,2026-04-30 23:00:14.73369+00,1000000,t,51,Brasil
6719172f-2bdc-461a-bc9b-6250fe583d61,4a97647c-2895-4400-a17c-38a61f2285c9,65a31b4d-4682-4ec1-b6f7-bcb5fb7ddb88,Nacional São Miguel,🏟️,0,0,0,0,0,0,0,50,2026-04-30 23:00:14.73369+00,1000000,t,59,Brasil
a6f47505-978b-439c-acd5-853d4ad7dadf,4a97647c-2895-4400-a17c-38a61f2285c9,1b45853a-b5a5-4d5e-a76d-26c78edab270,Sporting Boa Vista,🦅,0,0,0,0,0,0,0,50,2026-04-30 23:00:14.73369+00,1000000,t,58,Brasil
75193eac-17e5-4b80-ba0a-baef02f04148,4a97647c-2895-4400-a17c-38a61f2285c9,b192b63c-4a46-458b-ae4d-77ca40bd7b13,Racing Alto da Serra,🐺,0,0,0,0,0,0,0,50,2026-04-30 23:00:14.73369+00,1000000,t,55,Brasil
2b64f26a-28b5-407a-8317-693e1f0a84f0,4a97647c-2895-4400-a17c-38a61f2285c9,5c4a1156-b858-463d-aa2e-caa42aae9bc8,Olimpia Morro Alto,🦁,0,0,0,0,0,0,0,50,2026-04-30 23:00:14.73369+00,1000000,t,55,Brasil
44ca5d30-cf3a-4e36-8244-92ffbc4dae6c,4a97647c-2895-4400-a17c-38a61f2285c9,27631919-21cb-4af3-a7f0-1f6d9b22612d,Estrela Ponta Grossa,🐂,0,0,0,0,0,0,0,50,2026-04-30 23:00:14.73369+00,1000000,t,48,Brasil
7e1c53ce-3da8-452e-9ad9-a47525849af4,c736bc81-5c63-4e27-a900-334aa51f675c,14ea53fb-7545-419c-875f-f9e5978976c9,Clube Nova Esperança,⚽,0,0,0,0,0,0,0,50,2026-04-30 23:00:14.976729+00,1000000,t,80,Brasil
3aeebd75-fafa-42fc-9dcd-31bd1ee01e70,c736bc81-5c63-4e27-a900-334aa51f675c,79265490-f730-4bfe-8ed8-38943efeccf4,Atlético Sol Nascente,🏟️,0,0,0,0,0,0,0,50,2026-04-30 23:00:14.976729+00,1000000,t,69,Brasil
d9d86848-5149-4cee-a238-d541900f9fad,c736bc81-5c63-4e27-a900-334aa51f675c,18d40228-ec26-467a-9ddd-b36104fb788d,Esporte Vila Rica,🦅,0,0,0,0,0,0,0,50,2026-04-30 23:00:14.976729+00,1000000,t,70,Brasil
b132c616-4b07-4b0f-92b1-c4476f46601c,c736bc81-5c63-4e27-a900-334aa51f675c,6603c1ca-0451-483a-bd12-fe6f8e493128,Sport Monte Azul,🐺,0,0,0,0,0,0,0,50,2026-04-30 23:00:14.976729+00,1000000,t,72,Brasil
814c7e88-a34c-445c-b699-508d42eab06a,c736bc81-5c63-4e27-a900-334aa51f675c,91980e05-9534-4a14-9e0e-8788d36e2dd3,União Rio Claro,🦁,0,0,0,0,0,0,0,50,2026-04-30 23:00:14.976729+00,1000000,t,78,Brasil
3d6113d0-4e4c-4731-822d-3079e50ce600,c736bc81-5c63-4e27-a900-334aa51f675c,27a3c095-93c6-4549-a770-781cb08e4c5c,Real Campo Grande,🐂,0,0,0,0,0,0,0,50,2026-04-30 23:00:14.976729+00,1000000,t,73,Brasil
74bc793f-348a-4c06-a874-f0b9a324e9aa,c736bc81-5c63-4e27-a900-334aa51f675c,f90a1928-e852-4018-8df3-4571856619b8,Inter Serra Alta,🔴,0,0,0,0,0,0,0,50,2026-04-30 23:00:14.976729+00,1000000,t,71,Brasil
92c8304d-8d91-438c-abd1-3f42b0f8a4d9,c736bc81-5c63-4e27-a900-334aa51f675c,10adaa24-a734-4fae-8d09-4cb112ecd6d7,Nacional Vale Verde,🔵,0,0,0,0,0,0,0,50,2026-04-30 23:00:14.976729+00,1000000,t,76,Brasil
6a57f501-65c2-4e37-b443-f390fef883e6,c736bc81-5c63-4e27-a900-334aa51f675c,711abe2d-fc63-4764-b840-5b9af06ee53c,Sporting Pedra Branca,🟢,0,0,0,0,0,0,0,50,2026-04-30 23:00:14.976729+00,1000000,t,67,Brasil
7c53a837-5eb4-42f8-8183-0206d6e9dec5,c736bc81-5c63-4e27-a900-334aa51f675c,0e219945-2f22-43b0-9554-89da03e9f414,Racing Lagoa Santa,🟡,0,0,0,0,0,0,0,50,2026-04-30 23:00:14.976729+00,1000000,t,74,Brasil
d0641462-f27e-4a6f-abae-3ffc52ac4661,c736bc81-5c63-4e27-a900-334aa51f675c,fcf3c621-bede-4ec4-9f57-da9dddf75838,Olimpia Porto Alegre,⚫,0,0,0,0,0,0,0,50,2026-04-30 23:00:14.976729+00,1000000,t,72,Brasil
16e2c85f-a1d7-47d0-b419-4f55ecda6a41,c736bc81-5c63-4e27-a900-334aa51f675c,26be9e1f-93bc-4288-af62-612bfa37cc59,Estrela Bela Vista,⚪,0,0,0,0,0,0,0,50,2026-04-30 23:00:14.976729+00,1000000,t,69,Brasil
996328a6-0a50-48ed-bcbb-99ee67637df1,c736bc81-5c63-4e27-a900-334aa51f675c,6f56f02f-00be-47f0-8194-c943a75a214d,FC Cruz Alta,🟣,0,0,0,0,0,0,0,50,2026-04-30 23:00:14.976729+00,1000000,t,72,Brasil
ce89bc34-c53f-45ab-a2a3-45b57d540026,c736bc81-5c63-4e27-a900-334aa51f675c,8b55a67f-954c-4cfd-96ca-8d0317c8f765,SC Santo Amaro,🟠,0,0,0,0,0,0,0,50,2026-04-30 23:00:14.976729+00,1000000,t,66,Brasil
3084a6c8-623b-4462-a354-5360f6da662d,c736bc81-5c63-4e27-a900-334aa51f675c,e9cfaea7-fee0-43bf-998d-0c354dfa5500,AC Jardim,⚽,0,0,0,0,0,0,0,50,2026-04-30 23:00:14.976729+00,1000000,t,66,Brasil
96ce235b-063c-48ba-b4f1-a02b972c21b4,c736bc81-5c63-4e27-a900-334aa51f675c,1fab2ca7-a0aa-4dc8-b5ca-10c6f4d803a7,EC São Miguel,🏟️,0,0,0,0,0,0,0,50,2026-04-30 23:00:14.976729+00,1000000,t,79,Brasil
b5593706-8ec1-4efc-b457-13d9f8f690a5,c736bc81-5c63-4e27-a900-334aa51f675c,a814deaa-fdd0-4b97-be3a-1e9bc78afaca,Clube Boa Vista,🦅,0,0,0,0,0,0,0,50,2026-04-30 23:00:14.976729+00,1000000,t,74,Brasil
fee9495f-1f68-45f1-b4a4-87d5db9f55da,c736bc81-5c63-4e27-a900-334aa51f675c,104cdbfb-0ea6-4ccd-b734-6acee391b74f,Atlético Alto da Serra,🐺,0,0,0,0,0,0,0,50,2026-04-30 23:00:14.976729+00,1000000,t,79,Brasil
c3816ae3-8039-40eb-a254-7ee738f048a2,c736bc81-5c63-4e27-a900-334aa51f675c,2e17fa66-3128-4c1a-8b41-3ee6b1ba0aac,Esporte Morro Alto,🦁,0,0,0,0,0,0,0,50,2026-04-30 23:00:14.976729+00,1000000,t,74,Brasil
109b92f6-8edd-4740-aed9-12ec3dfdc7a5,c736bc81-5c63-4e27-a900-334aa51f675c,c92a095a-c96b-4e4c-a2c5-073d30a301b4,Sport Ponta Grossa,🐂,0,0,0,0,0,0,0,50,2026-04-30 23:00:14.976729+00,1000000,t,74,Brasil
0f606fee-65b1-426c-b082-0c39205c742a,b2f0794e-b172-4228-a9dc-d75c6b161e33,3f5b66cf-7cf5-48d5-a550-1bb7801eb314,FC Nova Esperança,⚽,0,0,0,0,0,0,0,50,2026-04-30 23:00:15.767925+00,1000000,t,78,Brasil
c8c1e2ae-6daf-4c32-b375-534cada8dcfd,b2f0794e-b172-4228-a9dc-d75c6b161e33,44ac402f-ed1a-4d6c-a7a0-31f93c0d3657,SC Sol Nascente,🏟️,0,0,0,0,0,0,0,50,2026-04-30 23:00:15.767925+00,1000000,t,87,Brasil
5c02eb93-ed7d-43e8-9353-9bca8de0f47c,b2f0794e-b172-4228-a9dc-d75c6b161e33,c2781554-a7a4-406b-9947-2cd2866862de,AC Vila Rica,🦅,0,0,0,0,0,0,0,50,2026-04-30 23:00:15.767925+00,1000000,t,75,Brasil
2d40a299-61bd-400e-be4d-06662f355452,b2f0794e-b172-4228-a9dc-d75c6b161e33,ba7f60ec-e3b5-4e8f-8274-f0b3ad8e33cd,EC Monte Azul,🐺,0,0,0,0,0,0,0,50,2026-04-30 23:00:15.767925+00,1000000,t,85,Brasil
39f89735-006f-4b25-a475-f27f77f1e8c8,b2f0794e-b172-4228-a9dc-d75c6b161e33,cd184938-9a4e-4d75-83cd-28cd69a3a08f,Clube Rio Claro,🦁,0,0,0,0,0,0,0,50,2026-04-30 23:00:15.767925+00,1000000,t,77,Brasil
81673ff0-ffeb-48ac-b944-869355e75bf6,b2f0794e-b172-4228-a9dc-d75c6b161e33,192a754d-473b-4f8c-9b6c-fe4b154a6b33,Atlético Campo Grande,🐂,0,0,0,0,0,0,0,50,2026-04-30 23:00:15.767925+00,1000000,t,83,Brasil
c66afbb3-9dfb-48ee-9db0-8ec662521772,b2f0794e-b172-4228-a9dc-d75c6b161e33,52c2bd93-43f8-45e9-9346-30eee32bcc40,Esporte Serra Alta,🔴,0,0,0,0,0,0,0,50,2026-04-30 23:00:15.767925+00,1000000,t,76,Brasil
fb4a9596-8a9f-4f15-9781-26300021c6c9,b2f0794e-b172-4228-a9dc-d75c6b161e33,213bc0a8-14bb-4125-88f8-cd00060d6240,Sport Vale Verde,🔵,0,0,0,0,0,0,0,50,2026-04-30 23:00:15.767925+00,1000000,t,80,Brasil
0ce5dd43-b95f-4980-bd82-425a30b4a8e1,b2f0794e-b172-4228-a9dc-d75c6b161e33,a79144e6-db46-4bdf-a985-b1dc08c9efd4,União Pedra Branca,🟢,0,0,0,0,0,0,0,50,2026-04-30 23:00:15.767925+00,1000000,t,84,Brasil
f1703d2d-4d51-4646-8c19-8640c01ad4d2,b2f0794e-b172-4228-a9dc-d75c6b161e33,d18bf909-5a30-4b8b-a04c-d2f080475712,Real Lagoa Santa,🟡,0,0,0,0,0,0,0,50,2026-04-30 23:00:15.767925+00,1000000,t,75,Brasil
4959bea6-34e6-4e07-8433-7c5a7ec28d2d,b2f0794e-b172-4228-a9dc-d75c6b161e33,0ad78a1f-48e4-4ac6-9876-1c75b0c67683,Inter Porto Alegre,⚫,0,0,0,0,0,0,0,50,2026-04-30 23:00:15.767925+00,1000000,t,80,Brasil
df106ee0-b368-4052-8131-9060ef678745,b2f0794e-b172-4228-a9dc-d75c6b161e33,0ce015f9-5264-40b3-a7c5-5219bb058a3c,Nacional Bela Vista,⚪,0,0,0,0,0,0,0,50,2026-04-30 23:00:15.767925+00,1000000,t,84,Brasil
4e520eb0-f32e-4ea8-bc0e-7eed6f44a19f,b2f0794e-b172-4228-a9dc-d75c6b161e33,9070f3cc-0393-4001-8968-5335470e4602,Sporting Cruz Alta,🟣,0,0,0,0,0,0,0,50,2026-04-30 23:00:15.767925+00,1000000,t,80,Brasil
ea979e02-9306-42db-bcef-df089e15d6c8,193f727d-22d6-4faf-9721-c7d040236cef,16c7ea01-0a23-4a6d-b945-182580070afd,AC Vila Rica,🦅,0,0,0,0,0,0,0,50,2026-04-30 23:00:14.906526+00,1000000,t,90,Brasil
d06dce3a-b829-4376-8e5f-1b734388657b,193f727d-22d6-4faf-9721-c7d040236cef,c3b742bc-eae8-4c7a-941f-3d1d2baf6db1,EC Monte Azul,🐺,0,0,0,0,0,0,0,50,2026-04-30 23:00:14.906526+00,1000000,t,75,Brasil
ff9ba80e-e4de-40f3-9c24-85b715719779,193f727d-22d6-4faf-9721-c7d040236cef,420cd531-889c-47f2-b34a-cfd25bad707e,Clube Rio Claro,🦁,0,0,0,0,0,0,0,50,2026-04-30 23:00:14.906526+00,1000000,t,88,Brasil
daf800a9-fd43-4da3-ac8e-08c7f885fe7b,193f727d-22d6-4faf-9721-c7d040236cef,eda2b1c8-6057-40d8-a845-19d1a0085ece,Atlético Campo Grande,🐂,0,0,0,0,0,0,0,50,2026-04-30 23:00:14.906526+00,1000000,t,87,Brasil
ea7aac5f-15dd-4126-9f7c-23d2dbfcd38c,193f727d-22d6-4faf-9721-c7d040236cef,8da8dd93-317d-4d0c-921f-5abe2c08af74,Esporte Serra Alta,🔴,0,0,0,0,0,0,0,50,2026-04-30 23:00:14.906526+00,1000000,t,79,Brasil
633cd19e-fbb3-479a-b517-9b51f11d7d71,193f727d-22d6-4faf-9721-c7d040236cef,5224e57b-8a2e-4e48-a6d6-a2e918349933,Sport Vale Verde,🔵,0,0,0,0,0,0,0,50,2026-04-30 23:00:14.906526+00,1000000,t,81,Brasil
aaef8b3b-babc-41fc-8466-8faeb9329696,193f727d-22d6-4faf-9721-c7d040236cef,caa75676-8bc4-4b7f-916b-c660a11132e0,União Pedra Branca,🟢,0,0,0,0,0,0,0,50,2026-04-30 23:00:14.906526+00,1000000,t,75,Brasil
21d21350-b087-40c8-8442-ff05e8e1dc2a,193f727d-22d6-4faf-9721-c7d040236cef,73290024-8a3e-4242-b333-ea95c350ae4c,Real Lagoa Santa,🟡,0,0,0,0,0,0,0,50,2026-04-30 23:00:14.906526+00,1000000,t,82,Brasil
dcac60be-039f-4172-a11f-d0c5e62fa928,193f727d-22d6-4faf-9721-c7d040236cef,49a0504e-f073-485d-896a-d31759b38f24,Inter Porto Alegre,⚫,0,0,0,0,0,0,0,50,2026-04-30 23:00:14.906526+00,1000000,t,77,Brasil
e2e15ccc-def0-46c1-89f6-c060b49d05eb,193f727d-22d6-4faf-9721-c7d040236cef,7a948708-e22a-4b6c-8769-320608e86d4c,Nacional Bela Vista,⚪,0,0,0,0,0,0,0,50,2026-04-30 23:00:14.906526+00,1000000,t,81,Brasil
777c7928-8881-474e-a54b-6d94e7ebbe16,193f727d-22d6-4faf-9721-c7d040236cef,705c01f1-2079-4903-9cde-d97493b87272,Sporting Cruz Alta,🟣,0,0,0,0,0,0,0,50,2026-04-30 23:00:14.906526+00,1000000,t,88,Brasil
eb20b2df-0f38-486b-8fb7-58a919e5386e,193f727d-22d6-4faf-9721-c7d040236cef,92d6fe01-defc-4c75-8947-ec4aee43d2a2,Racing Santo Amaro,🟠,0,0,0,0,0,0,0,50,2026-04-30 23:00:14.906526+00,1000000,t,87,Brasil
6625c984-4ea7-4a4f-ac91-23d0b6a45f1b,193f727d-22d6-4faf-9721-c7d040236cef,d754be65-55fc-47e9-bd77-b36736fa0053,Olimpia Jardim,⚽,0,0,0,0,0,0,0,50,2026-04-30 23:00:14.906526+00,1000000,t,84,Brasil
99e8aa7a-1f1a-4e40-a2a5-ed1a08e54f9b,193f727d-22d6-4faf-9721-c7d040236cef,d64f24b4-a74f-452e-8fa0-c69f6fddc388,Estrela São Miguel,🏟️,0,0,0,0,0,0,0,50,2026-04-30 23:00:14.906526+00,1000000,t,86,Brasil
e951a396-c43c-4abf-a022-0d3c5b253058,193f727d-22d6-4faf-9721-c7d040236cef,dbb8fa3d-7c27-4eda-bca8-e6a5d9b39e0d,FC Boa Vista,🦅,0,0,0,0,0,0,0,50,2026-04-30 23:00:14.906526+00,1000000,t,76,Brasil
c31f43a4-3735-46d1-a8be-322569d165d7,193f727d-22d6-4faf-9721-c7d040236cef,630f5035-4f5f-438b-8a95-52c1abd6b833,SC Alto da Serra,🐺,0,0,0,0,0,0,0,50,2026-04-30 23:00:14.906526+00,1000000,t,82,Brasil
27511290-5213-4d93-8832-947f97c5855d,193f727d-22d6-4faf-9721-c7d040236cef,c8c24832-ffc0-47e4-96dd-7fbdb9d99942,AC Morro Alto,🦁,0,0,0,0,0,0,0,50,2026-04-30 23:00:14.906526+00,1000000,t,77,Brasil
47d89c4a-0519-4083-bdde-3b3f69b17b13,193f727d-22d6-4faf-9721-c7d040236cef,3f17b2a6-f9db-4147-b77c-6ee5c45191fe,EC Ponta Grossa,🐂,0,0,0,0,0,0,0,50,2026-04-30 23:00:14.906526+00,1000000,t,84,Brasil
296c2f9f-b247-489e-b70a-648c60a6a4bc,192742bb-7e72-4f65-91cb-2a8abb37a610,2df77bd3-f755-43c3-b090-118be2706358,União Nova Esperança,⚽,0,0,0,0,0,0,0,50,2026-04-30 23:00:15.048017+00,1000000,t,55,Brasil
a07a9f4c-bd25-4257-bf0e-121ce072804e,192742bb-7e72-4f65-91cb-2a8abb37a610,6e6804f3-db1b-410f-b2c3-fea20fa8a014,Real Sol Nascente,🏟️,0,0,0,0,0,0,0,50,2026-04-30 23:00:15.048017+00,1000000,t,63,Brasil
e9436202-9b0e-4608-b4ef-5d1bf5a55276,192742bb-7e72-4f65-91cb-2a8abb37a610,d83392f0-3884-4bd1-978a-4069468cb2c6,Inter Vila Rica,🦅,0,0,0,0,0,0,0,50,2026-04-30 23:00:15.048017+00,1000000,t,67,Brasil
7436c373-f5bf-4ebd-b2d9-efcf5bbc623e,192742bb-7e72-4f65-91cb-2a8abb37a610,9282d6ca-2e99-4191-8d3e-9446e78bc02a,Nacional Monte Azul,🐺,0,0,0,0,0,0,0,50,2026-04-30 23:00:15.048017+00,1000000,t,68,Brasil
3b161a39-a733-4548-ac0d-3565e0a71af3,192742bb-7e72-4f65-91cb-2a8abb37a610,b8736d55-9a03-4efa-a589-2717b9abed7e,Sporting Rio Claro,🦁,0,0,0,0,0,0,0,50,2026-04-30 23:00:15.048017+00,1000000,t,69,Brasil
d302c259-8784-4a68-b841-b46bff24ae38,192742bb-7e72-4f65-91cb-2a8abb37a610,6de615b3-a62a-4875-b353-e2c226741c44,Racing Campo Grande,🐂,0,0,0,0,0,0,0,50,2026-04-30 23:00:15.048017+00,1000000,t,58,Brasil
57d9072d-0cc4-4480-b839-8be890e738cf,192742bb-7e72-4f65-91cb-2a8abb37a610,02802332-f201-4bc4-a31e-35fb75fea06b,Olimpia Serra Alta,🔴,0,0,0,0,0,0,0,50,2026-04-30 23:00:15.048017+00,1000000,t,65,Brasil
f8151661-02a3-461c-90fb-014e2dce8467,192742bb-7e72-4f65-91cb-2a8abb37a610,9e962719-fdd2-4ed6-a73c-7d49e9dabe95,Estrela Vale Verde,🔵,0,0,0,0,0,0,0,50,2026-04-30 23:00:15.048017+00,1000000,t,66,Brasil
438b754e-6f65-4b54-90da-c2f83064c223,192742bb-7e72-4f65-91cb-2a8abb37a610,3b48e5eb-736f-48c1-90d7-0e58f7858266,FC Pedra Branca,🟢,0,0,0,0,0,0,0,50,2026-04-30 23:00:15.048017+00,1000000,t,62,Brasil
8f3f5fa0-6702-4038-ac8d-17d4bc5c5ea2,192742bb-7e72-4f65-91cb-2a8abb37a610,9dd695ee-16b0-4723-be0f-e506f21eb013,SC Lagoa Santa,🟡,0,0,0,0,0,0,0,50,2026-04-30 23:00:15.048017+00,1000000,t,64,Brasil
cd2c0f25-a9bc-4cd4-9a29-e12e2a3d7397,192742bb-7e72-4f65-91cb-2a8abb37a610,f00926a7-2440-4736-b642-d344a2eba3df,AC Porto Alegre,⚫,0,0,0,0,0,0,0,50,2026-04-30 23:00:15.048017+00,1000000,t,68,Brasil
72d0b7a5-c905-4d98-92ab-ba00e39d8a57,192742bb-7e72-4f65-91cb-2a8abb37a610,4f42c593-46c7-4af4-a092-6f753bd70d02,EC Bela Vista,⚪,0,0,0,0,0,0,0,50,2026-04-30 23:00:15.048017+00,1000000,t,63,Brasil
a15eac7f-3593-4d0d-a522-6db8d655398a,192742bb-7e72-4f65-91cb-2a8abb37a610,855085f5-e6ea-4741-9858-55e975a55610,Clube Cruz Alta,🟣,0,0,0,0,0,0,0,50,2026-04-30 23:00:15.048017+00,1000000,t,57,Brasil
cc73a36f-ffda-4ef3-be2a-1e8c30164d3e,192742bb-7e72-4f65-91cb-2a8abb37a610,b41d0254-2863-4e01-b9fc-beec02a456ed,Atlético Santo Amaro,🟠,0,0,0,0,0,0,0,50,2026-04-30 23:00:15.048017+00,1000000,t,69,Brasil
ef460f37-2e92-410a-a153-bdd1bf7b7e1b,192742bb-7e72-4f65-91cb-2a8abb37a610,980bd50a-67e7-4f66-a1d4-e96e6f9d5f2f,Esporte Jardim,⚽,0,0,0,0,0,0,0,50,2026-04-30 23:00:15.048017+00,1000000,t,57,Brasil
203617cb-c40f-41c6-af79-690773c49574,192742bb-7e72-4f65-91cb-2a8abb37a610,34560924-f1f2-4015-adf4-5341f2543d74,Sport São Miguel,🏟️,0,0,0,0,0,0,0,50,2026-04-30 23:00:15.048017+00,1000000,t,65,Brasil
0fe4e228-fb13-4c3e-b77b-a302ea42f265,192742bb-7e72-4f65-91cb-2a8abb37a610,89f3cc7a-684a-4d64-85b6-97492678ba3a,União Boa Vista,🦅,0,0,0,0,0,0,0,50,2026-04-30 23:00:15.048017+00,1000000,t,60,Brasil
5810d8e8-9eec-4412-9c69-38062c132e70,192742bb-7e72-4f65-91cb-2a8abb37a610,cece945e-8421-485e-82cb-7a326ec4ca87,Real Alto da Serra,🐺,0,0,0,0,0,0,0,50,2026-04-30 23:00:15.048017+00,1000000,t,56,Brasil
436bc0f3-fa96-4081-96d9-250a8bea26cf,192742bb-7e72-4f65-91cb-2a8abb37a610,376119bb-9dab-4dda-a498-0bf272300737,Inter Morro Alto,🦁,0,0,0,0,0,0,0,50,2026-04-30 23:00:15.048017+00,1000000,t,60,Brasil
305090f9-2c96-4bbc-b2f7-4f265785c351,192742bb-7e72-4f65-91cb-2a8abb37a610,60f12419-735a-4a7c-bdbf-5fe725e168be,Nacional Ponta Grossa,🐂,0,0,0,0,0,0,0,50,2026-04-30 23:00:15.048017+00,1000000,t,59,Brasil
62d88bc6-e63d-4a8c-a7c3-e31e2c83569b,73101c66-95cf-476e-808c-6ac2716f2144,3415a591-c339-462d-a2b8-ad1d52b6bf29,Clube Nova Esperança,⚽,0,0,0,0,0,0,0,50,2026-04-30 23:00:16.306259+00,1000000,t,73,Brasil
168b6faf-0d27-463c-b31d-daaa1ab7077f,73101c66-95cf-476e-808c-6ac2716f2144,70c30432-99d4-46eb-ad5a-1f42f91377cf,Atlético Sol Nascente,🏟️,0,0,0,0,0,0,0,50,2026-04-30 23:00:16.306259+00,1000000,t,78,Brasil
7c828165-6532-4267-bf79-16306ab6715b,73101c66-95cf-476e-808c-6ac2716f2144,360763ba-3182-433c-aefa-085de2906184,Esporte Vila Rica,🦅,0,0,0,0,0,0,0,50,2026-04-30 23:00:16.306259+00,1000000,t,73,Brasil
4d859fcc-619c-4c10-a9cc-20d2883ffcd7,73101c66-95cf-476e-808c-6ac2716f2144,27134eeb-87c9-4582-8dd8-d5aa5709612b,Sport Monte Azul,🐺,0,0,0,0,0,0,0,50,2026-04-30 23:00:16.306259+00,1000000,t,76,Brasil
7cc5f852-6cec-47aa-a37f-647ed501e1e8,73101c66-95cf-476e-808c-6ac2716f2144,1283b29a-7f47-44c1-8dbf-aecb8ecfbe4e,União Rio Claro,🦁,0,0,0,0,0,0,0,50,2026-04-30 23:00:16.306259+00,1000000,t,79,Brasil
1f270ff2-e350-4210-8eba-eb81aa5b3e50,73101c66-95cf-476e-808c-6ac2716f2144,e07d9100-8932-47d3-a79e-a0217e368b62,Real Campo Grande,🐂,0,0,0,0,0,0,0,50,2026-04-30 23:00:16.306259+00,1000000,t,65,Brasil
dc756295-3715-46bc-92b1-c4cf5bfd9068,73101c66-95cf-476e-808c-6ac2716f2144,9d3e662d-9d95-4dfe-aa23-a9533dbc67ba,Inter Serra Alta,🔴,0,0,0,0,0,0,0,50,2026-04-30 23:00:16.306259+00,1000000,t,69,Brasil
c732b2fe-6279-4502-8b4d-9a3f1f0b4cd4,73101c66-95cf-476e-808c-6ac2716f2144,18d6ea5f-ae1f-48d0-9f14-4c05660f3589,Nacional Vale Verde,🔵,0,0,0,0,0,0,0,50,2026-04-30 23:00:16.306259+00,1000000,t,71,Brasil
bebe33f4-f9e9-43cd-b830-bac29bdc92a8,73101c66-95cf-476e-808c-6ac2716f2144,a42c96c8-3ee1-4077-ae94-b5ae28b1e993,Sporting Pedra Branca,🟢,0,0,0,0,0,0,0,50,2026-04-30 23:00:16.306259+00,1000000,t,74,Brasil
3812c7de-6420-4bb9-8153-0d6b145929dc,73101c66-95cf-476e-808c-6ac2716f2144,429a4f57-c264-40ca-9c7e-fc81a31c5598,Racing Lagoa Santa,🟡,0,0,0,0,0,0,0,50,2026-04-30 23:00:16.306259+00,1000000,t,69,Brasil
51a043e8-288a-4028-89fd-1afd3ef8e73d,73101c66-95cf-476e-808c-6ac2716f2144,8f6d8382-d093-4061-adaf-31eba6c597f6,Olimpia Porto Alegre,⚫,0,0,0,0,0,0,0,50,2026-04-30 23:00:16.306259+00,1000000,t,70,Brasil
cb496958-b130-4605-bc4e-aee0751d6acc,73101c66-95cf-476e-808c-6ac2716f2144,cf181b25-df66-42aa-912b-4d1845c7678f,Estrela Bela Vista,⚪,0,0,0,0,0,0,0,50,2026-04-30 23:00:16.306259+00,1000000,t,77,Brasil
a34cb4e9-fc6f-4519-81ee-8d0a13564f60,73101c66-95cf-476e-808c-6ac2716f2144,196c8de3-6b4a-4a39-9c3e-ede70158c3f2,FC Cruz Alta,🟣,0,0,0,0,0,0,0,50,2026-04-30 23:00:16.306259+00,1000000,t,79,Brasil
74371a0f-cb02-45e3-8586-6e4a3f89ec35,841374b2-0b35-48ef-9002-00e5e7a660ff,b5a46016-4db0-4c01-9f64-c9ad7c80ac3d,AC Vila Rica,🦅,0,0,0,0,0,0,0,50,2026-04-30 23:00:15.336897+00,1000000,t,81,Brasil
9dcaa3ec-3c84-44c4-af26-f7eae20c3afa,841374b2-0b35-48ef-9002-00e5e7a660ff,543a2f3d-4f6a-4414-b390-8771a429a818,EC Monte Azul,🐺,0,0,0,0,0,0,0,50,2026-04-30 23:00:15.336897+00,1000000,t,83,Brasil
c11ef922-d962-49ad-a997-0b94b3427213,841374b2-0b35-48ef-9002-00e5e7a660ff,f94e0d14-077e-494a-83c0-1588ee2394d6,Clube Rio Claro,🦁,0,0,0,0,0,0,0,50,2026-04-30 23:00:15.336897+00,1000000,t,83,Brasil
cb1463f3-0f73-4d71-9ae6-0123b1d1b0c3,841374b2-0b35-48ef-9002-00e5e7a660ff,cdf91a17-4367-453f-8419-92770e7e63cf,Atlético Campo Grande,🐂,0,0,0,0,0,0,0,50,2026-04-30 23:00:15.336897+00,1000000,t,81,Brasil
e96029be-7454-4547-9981-c32642110ce2,841374b2-0b35-48ef-9002-00e5e7a660ff,d3c2fd9d-454c-4b24-acb7-fcca83101aa0,Esporte Serra Alta,🔴,0,0,0,0,0,0,0,50,2026-04-30 23:00:15.336897+00,1000000,t,85,Brasil
84b623a3-753e-47e5-9376-7fbda0166664,841374b2-0b35-48ef-9002-00e5e7a660ff,9369b0f2-c0ab-4490-a2b2-3d7c952eb121,Sport Vale Verde,🔵,0,0,0,0,0,0,0,50,2026-04-30 23:00:15.336897+00,1000000,t,83,Brasil
096f7a75-6638-47a2-ba91-d7994c6cd915,841374b2-0b35-48ef-9002-00e5e7a660ff,8230eed7-c6c9-4bd8-91e7-181fbd7b78d5,União Pedra Branca,🟢,0,0,0,0,0,0,0,50,2026-04-30 23:00:15.336897+00,1000000,t,76,Brasil
66b15902-e31b-44b4-a3ff-98fca04f6650,841374b2-0b35-48ef-9002-00e5e7a660ff,e82931db-8c67-4303-8242-b3e5bf800602,Real Lagoa Santa,🟡,0,0,0,0,0,0,0,50,2026-04-30 23:00:15.336897+00,1000000,t,89,Brasil
c879c23c-c1a8-40c5-9a8f-16fc3918f157,841374b2-0b35-48ef-9002-00e5e7a660ff,3bf8998d-e671-4587-b69c-94aa3c9dbf40,Inter Porto Alegre,⚫,0,0,0,0,0,0,0,50,2026-04-30 23:00:15.336897+00,1000000,t,82,Brasil
3d6b2f34-589a-4e6f-a3b3-d276cae9d2ec,841374b2-0b35-48ef-9002-00e5e7a660ff,3a9738ab-35cf-414b-b5e9-a689f8a4bf34,Nacional Bela Vista,⚪,0,0,0,0,0,0,0,50,2026-04-30 23:00:15.336897+00,1000000,t,82,Brasil
d7d2f057-9e99-4d20-8b08-5eb6408833d8,841374b2-0b35-48ef-9002-00e5e7a660ff,42c400d4-0143-43cf-8f55-e4b483996a72,Sporting Cruz Alta,🟣,0,0,0,0,0,0,0,50,2026-04-30 23:00:15.336897+00,1000000,t,77,Brasil
9e2e22af-2bc4-4fcd-be47-ad3579353c6f,841374b2-0b35-48ef-9002-00e5e7a660ff,fdda1a7d-c8c2-4722-bdf2-e07adfdb0fe9,Racing Santo Amaro,🟠,0,0,0,0,0,0,0,50,2026-04-30 23:00:15.336897+00,1000000,t,87,Brasil
fb25afb4-b071-49f3-9a1c-deb85da9d453,841374b2-0b35-48ef-9002-00e5e7a660ff,08fc2913-2519-4da6-a821-1121666b579d,Olimpia Jardim,⚽,0,0,0,0,0,0,0,50,2026-04-30 23:00:15.336897+00,1000000,t,84,Brasil
52e108be-5b71-42ae-b157-e667c1956f72,841374b2-0b35-48ef-9002-00e5e7a660ff,c1ef65e9-3780-41a6-b22c-2c50f521fc27,Estrela São Miguel,🏟️,0,0,0,0,0,0,0,50,2026-04-30 23:00:15.336897+00,1000000,t,90,Brasil
e13097d4-7059-459e-8265-ff6c6b33c3ff,841374b2-0b35-48ef-9002-00e5e7a660ff,ff6f6b8c-93a6-41b2-89a5-586b61e8629f,FC Boa Vista,🦅,0,0,0,0,0,0,0,50,2026-04-30 23:00:15.336897+00,1000000,t,81,Brasil
72b4be4a-f34e-4053-a12f-c3e83dedcfa5,841374b2-0b35-48ef-9002-00e5e7a660ff,fe6865db-f8d2-4ec0-b643-d39327a5fd5e,SC Alto da Serra,🐺,0,0,0,0,0,0,0,50,2026-04-30 23:00:15.336897+00,1000000,t,82,Brasil
91c748a6-00b7-482e-9eba-0ac5c013af22,841374b2-0b35-48ef-9002-00e5e7a660ff,5471199c-d0e5-4bdb-b42c-e783c98d0baa,AC Morro Alto,🦁,0,0,0,0,0,0,0,50,2026-04-30 23:00:15.336897+00,1000000,t,78,Brasil
3181b16b-4dd7-47ac-b055-02a15e1c14f7,841374b2-0b35-48ef-9002-00e5e7a660ff,8492dd00-01cd-4f3f-8024-08bc83f8befe,EC Ponta Grossa,🐂,0,0,0,0,0,0,0,50,2026-04-30 23:00:15.336897+00,1000000,t,78,Brasil
4015d4f1-5101-45ba-9495-ac04ab1fa7b0,1976a1fd-497f-45ee-95aa-fbba6ecd5930,93409b58-5f6b-41dd-832c-4983649f44af,União Nova Esperança,⚽,0,0,0,0,0,0,0,50,2026-04-30 23:00:16.846515+00,1000000,t,64,Brasil
3e9714c9-0a2e-4647-bbf7-f45c00cb9661,1976a1fd-497f-45ee-95aa-fbba6ecd5930,7f3c52dc-85d5-4a00-a2f1-c27f6f679a82,Real Sol Nascente,🏟️,0,0,0,0,0,0,0,50,2026-04-30 23:00:16.846515+00,1000000,t,62,Brasil
4817073d-0f75-406e-9cbf-ceb0bc3ee34a,1976a1fd-497f-45ee-95aa-fbba6ecd5930,e32c320f-145b-4ac8-8581-b22d061bccfb,Inter Vila Rica,🦅,0,0,0,0,0,0,0,50,2026-04-30 23:00:16.846515+00,1000000,t,59,Brasil
bc136a36-2749-462b-a741-da780e39461a,1976a1fd-497f-45ee-95aa-fbba6ecd5930,df053f3b-2eb9-415d-b4e9-9a049681adc4,Nacional Monte Azul,🐺,0,0,0,0,0,0,0,50,2026-04-30 23:00:16.846515+00,1000000,t,57,Brasil
e8a335a7-bf2f-409f-97c9-96eef9cb3235,1976a1fd-497f-45ee-95aa-fbba6ecd5930,ece02e1a-0add-4a70-ba4c-145f06951c8c,Sporting Rio Claro,🦁,0,0,0,0,0,0,0,50,2026-04-30 23:00:16.846515+00,1000000,t,55,Brasil
c1eed2e4-1c34-41fa-92c6-f61686e9638f,1976a1fd-497f-45ee-95aa-fbba6ecd5930,ec8060bd-247b-4cdd-809e-c4d48f0413b9,Racing Campo Grande,🐂,0,0,0,0,0,0,0,50,2026-04-30 23:00:16.846515+00,1000000,t,61,Brasil
ce7478eb-7d52-424b-a855-fd1866838ae5,1976a1fd-497f-45ee-95aa-fbba6ecd5930,23087e68-2e66-43f1-bbd1-3c838d039ddd,Olimpia Serra Alta,🔴,0,0,0,0,0,0,0,50,2026-04-30 23:00:16.846515+00,1000000,t,63,Brasil
33e87bf7-7d03-43b2-b642-779a81be227f,1976a1fd-497f-45ee-95aa-fbba6ecd5930,46cf7032-a922-4eaf-813c-09688d5e1e6e,Estrela Vale Verde,🔵,0,0,0,0,0,0,0,50,2026-04-30 23:00:16.846515+00,1000000,t,64,Brasil
7f2d91ac-61b6-402d-bd8c-7326151b3b0c,1976a1fd-497f-45ee-95aa-fbba6ecd5930,56be55c9-f21d-42a4-bc9f-489e03a4face,FC Pedra Branca,🟢,0,0,0,0,0,0,0,50,2026-04-30 23:00:16.846515+00,1000000,t,62,Brasil
f1aaaf31-670f-4d4f-9bde-1c3425b85ec1,1976a1fd-497f-45ee-95aa-fbba6ecd5930,54df642d-6866-467a-83b7-70243fd27738,SC Lagoa Santa,🟡,0,0,0,0,0,0,0,50,2026-04-30 23:00:16.846515+00,1000000,t,65,Brasil
0eab0268-69e1-4a19-ad29-111b5d671124,1976a1fd-497f-45ee-95aa-fbba6ecd5930,6b98a1c4-ea0e-4201-b4bb-ce046c695802,AC Porto Alegre,⚫,0,0,0,0,0,0,0,50,2026-04-30 23:00:16.846515+00,1000000,t,64,Brasil
27d72857-04a6-46b8-bcde-7006c6accc18,1976a1fd-497f-45ee-95aa-fbba6ecd5930,83c49016-34f0-48e4-bd1e-21ce5ecfd191,EC Bela Vista,⚪,0,0,0,0,0,0,0,50,2026-04-30 23:00:16.846515+00,1000000,t,69,Brasil
c40bd18f-660d-41b8-87d1-36dbed435300,1976a1fd-497f-45ee-95aa-fbba6ecd5930,e0576040-b3c7-4be4-a3eb-0956e8a14982,Clube Cruz Alta,🟣,0,0,0,0,0,0,0,50,2026-04-30 23:00:16.846515+00,1000000,t,63,Brasil
de509352-0377-4187-b3d0-39a165417f68,1976a1fd-497f-45ee-95aa-fbba6ecd5930,fdbbb8b4-aa68-4d10-9f38-c75c69c42138,Atlético Santo Amaro,🟠,0,0,0,0,0,0,0,50,2026-04-30 23:00:16.846515+00,1000000,t,70,Brasil
81f1376c-ad40-4ea6-9237-bf43aa62fd86,1976a1fd-497f-45ee-95aa-fbba6ecd5930,d8a1b0c4-d293-4e1a-b39a-739bf57f1d2f,Esporte Jardim,⚽,0,0,0,0,0,0,0,50,2026-04-30 23:00:16.846515+00,1000000,t,56,Brasil
45686379-b543-4dee-8904-e44eb47e9f99,1976a1fd-497f-45ee-95aa-fbba6ecd5930,fc6a9f89-dbdd-4e5c-a3fa-285b03687932,Sport São Miguel,🏟️,0,0,0,0,0,0,0,50,2026-04-30 23:00:16.846515+00,1000000,t,58,Brasil
7f76312b-5b08-43d2-9e38-6653870850bf,1976a1fd-497f-45ee-95aa-fbba6ecd5930,1e1eb666-6ce8-491a-8a10-0b50f8819bdf,União Boa Vista,🦅,0,0,0,0,0,0,0,50,2026-04-30 23:00:16.846515+00,1000000,t,66,Brasil
6c7b5b81-5f21-4f9f-bba3-85f86f9738fb,1976a1fd-497f-45ee-95aa-fbba6ecd5930,d507fb44-469c-4440-a262-2b53a1468b8f,Real Alto da Serra,🐺,0,0,0,0,0,0,0,50,2026-04-30 23:00:16.846515+00,1000000,t,64,Brasil
bc1738d9-7935-4e3a-9146-dd37eadbdc23,1976a1fd-497f-45ee-95aa-fbba6ecd5930,dc31b9cb-89a9-4305-9a5f-67c8f2430a8a,Inter Morro Alto,🦁,0,0,0,0,0,0,0,50,2026-04-30 23:00:16.846515+00,1000000,t,64,Brasil
d89c296c-8bd0-4b45-9f3e-58ad6bc10a18,1976a1fd-497f-45ee-95aa-fbba6ecd5930,9c33dcda-2505-484f-a287-3daf7e2990ec,Nacional Ponta Grossa,🐂,0,0,0,0,0,0,0,50,2026-04-30 23:00:16.846515+00,1000000,t,59,Brasil
4b5ef68d-919a-4239-b5c2-02fcc4aa41bb,e2fc4664-2570-4806-82b4-25c4c25c117f,20e8684b-9696-4153-8d9b-1ad3f7c539f1,Clube Nova Esperança,⚽,0,0,0,0,0,0,0,50,2026-04-30 23:00:18.55055+00,1000000,t,80,Brasil
481fe7d7-9769-4052-bbeb-d99b9b60fa98,e2fc4664-2570-4806-82b4-25c4c25c117f,b0d775f8-d96c-4ad1-abda-f3b5f99145df,Atlético Sol Nascente,🏟️,0,0,0,0,0,0,0,50,2026-04-30 23:00:18.55055+00,1000000,t,73,Brasil
5db212ac-4f54-40d0-85d4-1212cfd037c1,e2fc4664-2570-4806-82b4-25c4c25c117f,39bc2a1e-32d8-4fb4-bdd6-eb7684e885b0,Esporte Vila Rica,🦅,0,0,0,0,0,0,0,50,2026-04-30 23:00:18.55055+00,1000000,t,68,Brasil
a9f0c431-a6b6-47aa-ac95-45588427fe92,e2fc4664-2570-4806-82b4-25c4c25c117f,fc14c08b-775c-45d3-84a7-3621e63474ee,Sport Monte Azul,🐺,0,0,0,0,0,0,0,50,2026-04-30 23:00:18.55055+00,1000000,t,77,Brasil
19227ef6-6dac-4452-a709-ace853a6960a,e2fc4664-2570-4806-82b4-25c4c25c117f,f1fa175d-08d7-471b-8e1f-b1d448d6bf04,União Rio Claro,🦁,0,0,0,0,0,0,0,50,2026-04-30 23:00:18.55055+00,1000000,t,75,Brasil
c856ee6c-254b-4dc8-9cb4-94d4e35ec3d0,e2fc4664-2570-4806-82b4-25c4c25c117f,a4445629-c727-4405-a36f-8522183c0e0a,Real Campo Grande,🐂,0,0,0,0,0,0,0,50,2026-04-30 23:00:18.55055+00,1000000,t,76,Brasil
717108f2-c387-4c4a-82ac-ae96536838b9,e2fc4664-2570-4806-82b4-25c4c25c117f,119174c9-1ff4-4b2d-ba7e-879e6ae4c5c3,Inter Serra Alta,🔴,0,0,0,0,0,0,0,50,2026-04-30 23:00:18.55055+00,1000000,t,72,Brasil
781c614a-b4db-4a29-8240-5b5699164082,e2fc4664-2570-4806-82b4-25c4c25c117f,b301fae9-ea79-40f6-a274-2b2c136541d8,Nacional Vale Verde,🔵,0,0,0,0,0,0,0,50,2026-04-30 23:00:18.55055+00,1000000,t,80,Brasil
f6efa7a5-81f8-4aae-a801-ec38f2576dae,e2fc4664-2570-4806-82b4-25c4c25c117f,42e746b9-744b-416f-bcfd-5c429744974b,Sporting Pedra Branca,🟢,0,0,0,0,0,0,0,50,2026-04-30 23:00:18.55055+00,1000000,t,71,Brasil
a4850283-9491-48d8-aeb3-4b289b8fc48f,e2fc4664-2570-4806-82b4-25c4c25c117f,e3473b7a-fe62-49a0-857a-fcf57d711dd2,Racing Lagoa Santa,🟡,0,0,0,0,0,0,0,50,2026-04-30 23:00:18.55055+00,1000000,t,76,Brasil
2d314fab-0055-47b5-86ae-b917e5fbbdd4,e2fc4664-2570-4806-82b4-25c4c25c117f,a02fc3e9-c7af-4d5e-9429-00011a8021c3,Olimpia Porto Alegre,⚫,0,0,0,0,0,0,0,50,2026-04-30 23:00:18.55055+00,1000000,t,72,Brasil
9f88cb34-3471-4749-a742-804fec99520c,e2fc4664-2570-4806-82b4-25c4c25c117f,5748a715-cb4f-425a-bec2-a8b97cc8b583,Estrela Bela Vista,⚪,0,0,0,0,0,0,0,50,2026-04-30 23:00:18.55055+00,1000000,t,65,Brasil
8b298139-4dad-4652-9f86-e98a3af52e49,e2fc4664-2570-4806-82b4-25c4c25c117f,a3f680b8-cb1a-40ae-8bc5-8917f78a5773,FC Cruz Alta,🟣,0,0,0,0,0,0,0,50,2026-04-30 23:00:18.55055+00,1000000,t,71,Brasil
f35a4e3d-57c0-4dcc-ae8b-50e6f1a2c86e,ff74f73f-8bb8-4bbf-8938-73bc62bd50f4,6ace9a24-496b-493a-a8ea-e1c112f84e5c,Inter Vila Rica,🦅,0,0,0,0,0,0,0,50,2026-04-30 23:00:15.505076+00,1000000,t,60,Brasil
dbed2408-b95c-46bd-a6f2-1d88391a5673,ff74f73f-8bb8-4bbf-8938-73bc62bd50f4,521ae103-6917-4bc7-b0af-ec73b92aacb0,Nacional Monte Azul,🐺,0,0,0,0,0,0,0,50,2026-04-30 23:00:15.505076+00,1000000,t,63,Brasil
64e50139-7d8b-4623-a216-0c82d67ac54d,ff74f73f-8bb8-4bbf-8938-73bc62bd50f4,e9787cfe-684c-4294-94cd-9b6d96821714,Sporting Rio Claro,🦁,0,0,0,0,0,0,0,50,2026-04-30 23:00:15.505076+00,1000000,t,55,Brasil
7d7911b9-3e31-48f7-ab9d-0d76bccdb498,ff74f73f-8bb8-4bbf-8938-73bc62bd50f4,8dbff964-d841-4972-99d1-0be66437a9a0,Racing Campo Grande,🐂,0,0,0,0,0,0,0,50,2026-04-30 23:00:15.505076+00,1000000,t,64,Brasil
bb8fe911-b488-4046-a160-0564874cc5bc,ff74f73f-8bb8-4bbf-8938-73bc62bd50f4,406089c3-d4e8-462e-b166-1a4edd999870,Olimpia Serra Alta,🔴,0,0,0,0,0,0,0,50,2026-04-30 23:00:15.505076+00,1000000,t,62,Brasil
cc66ba0a-a4d5-4aa8-a40e-1801b631f2c9,ff74f73f-8bb8-4bbf-8938-73bc62bd50f4,550d28ea-be87-4667-8a55-b5de2c786b80,Estrela Vale Verde,🔵,0,0,0,0,0,0,0,50,2026-04-30 23:00:15.505076+00,1000000,t,70,Brasil
78ff117a-4ee6-44c2-ab4d-90724dea88c8,ff74f73f-8bb8-4bbf-8938-73bc62bd50f4,6e8624c0-3769-45e9-9d1c-c743c378652f,FC Pedra Branca,🟢,0,0,0,0,0,0,0,50,2026-04-30 23:00:15.505076+00,1000000,t,62,Brasil
4e450991-29be-4329-82b9-f1583829cef8,ff74f73f-8bb8-4bbf-8938-73bc62bd50f4,2c6f9e85-525b-4cb3-aabc-5b93147e66ad,SC Lagoa Santa,🟡,0,0,0,0,0,0,0,50,2026-04-30 23:00:15.505076+00,1000000,t,65,Brasil
14ad1525-dae2-4a19-86fd-1f7c3a5a6a4c,ff74f73f-8bb8-4bbf-8938-73bc62bd50f4,0c174e1f-42ea-492e-af8d-08e7e8c5e717,AC Porto Alegre,⚫,0,0,0,0,0,0,0,50,2026-04-30 23:00:15.505076+00,1000000,t,56,Brasil
b99a31c3-3327-4836-a1f2-c90f03ea847d,ff74f73f-8bb8-4bbf-8938-73bc62bd50f4,8240b9a2-59c3-4310-8277-68009a186c15,EC Bela Vista,⚪,0,0,0,0,0,0,0,50,2026-04-30 23:00:15.505076+00,1000000,t,56,Brasil
59421028-6276-449d-b3e0-16d6c016c10b,ff74f73f-8bb8-4bbf-8938-73bc62bd50f4,2a749521-03cf-4f88-93f2-053a697dd3f9,Clube Cruz Alta,🟣,0,0,0,0,0,0,0,50,2026-04-30 23:00:15.505076+00,1000000,t,69,Brasil
08014ff6-95cb-4f1f-9fe5-eb39005b074b,ff74f73f-8bb8-4bbf-8938-73bc62bd50f4,44e0bbb2-01f4-492d-b3c5-2b316813406a,Atlético Santo Amaro,🟠,0,0,0,0,0,0,0,50,2026-04-30 23:00:15.505076+00,1000000,t,55,Brasil
f4977103-8826-47d1-855d-055c28015515,ff74f73f-8bb8-4bbf-8938-73bc62bd50f4,15d74df6-0088-46fa-a364-d73ab6220b6d,Esporte Jardim,⚽,0,0,0,0,0,0,0,50,2026-04-30 23:00:15.505076+00,1000000,t,64,Brasil
51690747-cd34-4591-a8b8-0fbb56d2d28e,ff74f73f-8bb8-4bbf-8938-73bc62bd50f4,7cf31f0e-489d-4dd6-bec9-c806c0a87e0f,Sport São Miguel,🏟️,0,0,0,0,0,0,0,50,2026-04-30 23:00:15.505076+00,1000000,t,64,Brasil
c179a0c3-b4dc-4fab-9edd-6c302a340640,ff74f73f-8bb8-4bbf-8938-73bc62bd50f4,86ca701b-1056-4bf4-9449-8f829a37acf2,União Boa Vista,🦅,0,0,0,0,0,0,0,50,2026-04-30 23:00:15.505076+00,1000000,t,66,Brasil
a598878f-cd6f-45ab-92ff-c8d80913be0b,ff74f73f-8bb8-4bbf-8938-73bc62bd50f4,ce86ccc8-3f04-44d8-897e-5fb5ce3daa24,Real Alto da Serra,🐺,0,0,0,0,0,0,0,50,2026-04-30 23:00:15.505076+00,1000000,t,58,Brasil
44287746-b12e-4861-97b0-c124db264594,ff74f73f-8bb8-4bbf-8938-73bc62bd50f4,7a86bf82-6bf8-4cb7-8ecd-36b4c885af97,Inter Morro Alto,🦁,0,0,0,0,0,0,0,50,2026-04-30 23:00:15.505076+00,1000000,t,66,Brasil
280b64f3-bab6-4266-989c-0c0cddc80f12,ff74f73f-8bb8-4bbf-8938-73bc62bd50f4,d032df20-4d48-43c4-b04e-48e19ce0d4bd,Nacional Ponta Grossa,🐂,0,0,0,0,0,0,0,50,2026-04-30 23:00:15.505076+00,1000000,t,70,Brasil
e5ddd4d9-4a2b-46d8-a402-e8c66a5aa0de,7d8561cc-a2a4-4373-8135-b28665db6e25,1afe6843-171b-4e84-89a6-87d35894eec0,Clube Nova Esperança,⚽,0,0,0,0,0,0,0,50,2026-04-30 23:00:18.103841+00,1000000,t,74,Brasil
bf93feac-997e-46cb-a760-b9a17eed92c3,7d8561cc-a2a4-4373-8135-b28665db6e25,72f06077-ba8c-445c-ab99-34a8301c42f0,Atlético Sol Nascente,🏟️,0,0,0,0,0,0,0,50,2026-04-30 23:00:18.103841+00,1000000,t,76,Brasil
f0e9b761-b1d9-4c9b-8e57-0c688414b843,7d8561cc-a2a4-4373-8135-b28665db6e25,3c3c2a18-426e-4d30-8ee5-66ea77ee7f28,Esporte Vila Rica,🦅,0,0,0,0,0,0,0,50,2026-04-30 23:00:18.103841+00,1000000,t,72,Brasil
2573f6cd-4eff-4c71-ac76-2adaa784cb8e,7d8561cc-a2a4-4373-8135-b28665db6e25,25869f09-ff4f-4d1d-ae7e-ee88b0748a78,Sport Monte Azul,🐺,0,0,0,0,0,0,0,50,2026-04-30 23:00:18.103841+00,1000000,t,77,Brasil
bc8cdda7-07dd-43b9-a458-88a7933d25b6,7d8561cc-a2a4-4373-8135-b28665db6e25,8931ddb5-5cf8-4ae7-baf8-7cc9206cb185,União Rio Claro,🦁,0,0,0,0,0,0,0,50,2026-04-30 23:00:18.103841+00,1000000,t,79,Brasil
576ca792-5962-4f03-a2cd-11a68f29a590,7d8561cc-a2a4-4373-8135-b28665db6e25,3d408fbb-3cd7-43b5-8866-68d1401850f7,Real Campo Grande,🐂,0,0,0,0,0,0,0,50,2026-04-30 23:00:18.103841+00,1000000,t,67,Brasil
5ae673e2-465f-4aa6-91d9-8309cdb30772,7d8561cc-a2a4-4373-8135-b28665db6e25,48775a70-5a9a-4de3-972e-dcfd7b40a7b9,Inter Serra Alta,🔴,0,0,0,0,0,0,0,50,2026-04-30 23:00:18.103841+00,1000000,t,72,Brasil
5a193e2a-6c7c-4da8-abb8-d34087180242,7d8561cc-a2a4-4373-8135-b28665db6e25,651bcad0-e960-4561-9269-a9c42eb806a8,Nacional Vale Verde,🔵,0,0,0,0,0,0,0,50,2026-04-30 23:00:18.103841+00,1000000,t,75,Brasil
30b59cc3-7da4-4780-a789-f1e00cae13e7,7d8561cc-a2a4-4373-8135-b28665db6e25,47a9e327-09a2-4059-8ca2-4540cc227463,Sporting Pedra Branca,🟢,0,0,0,0,0,0,0,50,2026-04-30 23:00:18.103841+00,1000000,t,65,Brasil
55435345-38ea-4da9-816e-0263b39d9134,7d8561cc-a2a4-4373-8135-b28665db6e25,2f7fe46a-e349-4a24-a9b1-51876a5e3ef5,Racing Lagoa Santa,🟡,0,0,0,0,0,0,0,50,2026-04-30 23:00:18.103841+00,1000000,t,65,Brasil
35536dba-2a9a-4566-bc1a-907476f4abbc,7d8561cc-a2a4-4373-8135-b28665db6e25,528d8733-56fd-4a29-b1c3-bc931b786fb9,Olimpia Porto Alegre,⚫,0,0,0,0,0,0,0,50,2026-04-30 23:00:18.103841+00,1000000,t,80,Brasil
d66290bf-219b-4211-913e-50c82072db65,7d8561cc-a2a4-4373-8135-b28665db6e25,2175f663-f6ae-4c8f-a7f0-140cd95d27cf,Estrela Bela Vista,⚪,0,0,0,0,0,0,0,50,2026-04-30 23:00:18.103841+00,1000000,t,74,Brasil
98e1081f-df81-466e-b097-d25479a479f8,7d8561cc-a2a4-4373-8135-b28665db6e25,f21c9a2e-a71c-43c5-a905-33621cf5788d,FC Cruz Alta,🟣,0,0,0,0,0,0,0,50,2026-04-30 23:00:18.103841+00,1000000,t,67,Brasil
9e93c7b3-4172-4658-a911-f2f7791d0295,7d8561cc-a2a4-4373-8135-b28665db6e25,25300187-2112-48ce-bca4-bb70f98a3c50,SC Santo Amaro,🟠,0,0,0,0,0,0,0,50,2026-04-30 23:00:18.103841+00,1000000,t,80,Brasil
4700ea1e-b521-4bd0-b82b-28318d90c7c0,7d8561cc-a2a4-4373-8135-b28665db6e25,c709bce3-824d-4faf-9a8a-417c4278de68,AC Jardim,⚽,0,0,0,0,0,0,0,50,2026-04-30 23:00:18.103841+00,1000000,t,72,Brasil
c71f5f03-3be3-4f73-bf9b-ba9ba6deb4a2,7d8561cc-a2a4-4373-8135-b28665db6e25,05c597ee-fb66-4ae5-bcfe-38687ecc8ff1,EC São Miguel,🏟️,0,0,0,0,0,0,0,50,2026-04-30 23:00:18.103841+00,1000000,t,70,Brasil
ee09a6b1-23f4-4d3e-ab37-a97758f57c9b,7d8561cc-a2a4-4373-8135-b28665db6e25,3b6c4afd-b42b-48b4-b39a-bc2a2bca144c,Clube Boa Vista,🦅,0,0,0,0,0,0,0,50,2026-04-30 23:00:18.103841+00,1000000,t,70,Brasil
9f602cd3-9c3a-4b17-95e2-e8b09835666f,7d8561cc-a2a4-4373-8135-b28665db6e25,e4f1e5f3-e6e0-45af-9f8a-58b11b30b4c8,Atlético Alto da Serra,🐺,0,0,0,0,0,0,0,50,2026-04-30 23:00:18.103841+00,1000000,t,75,Brasil
edc73287-3b75-4d9b-80d0-45618729c807,7d8561cc-a2a4-4373-8135-b28665db6e25,9b437b8a-3828-4d60-9966-5c6b09a4f3ea,Esporte Morro Alto,🦁,0,0,0,0,0,0,0,50,2026-04-30 23:00:18.103841+00,1000000,t,67,Brasil
0ca3c145-b79f-4dd9-92d2-41dfc56ce231,7d8561cc-a2a4-4373-8135-b28665db6e25,8225f471-ab03-4510-8e59-00a4508da1ba,Sport Ponta Grossa,🐂,0,0,0,0,0,0,0,50,2026-04-30 23:00:18.103841+00,1000000,t,71,Brasil
477a2913-28a8-4276-8497-ec36fc627274,c7e45fcc-69b5-4d29-b545-3d603fa60c13,0505f971-741b-4ee7-b379-035429c512b2,Sporting Nova Esperança,⚽,0,0,0,0,0,0,0,50,2026-04-30 23:00:21.444763+00,1000000,t,53,Brasil
a1ba2f95-fe88-49b9-85f8-90197575e71e,c7e45fcc-69b5-4d29-b545-3d603fa60c13,9f61d5e8-dd9a-4370-a8aa-909838aff2cb,Racing Sol Nascente,🏟️,0,0,0,0,0,0,0,50,2026-04-30 23:00:21.444763+00,1000000,t,48,Brasil
d1ea3dac-98db-48c2-8863-d4ceefa38e55,c7e45fcc-69b5-4d29-b545-3d603fa60c13,e5499881-1d1a-431d-9740-e9bfc0c3846f,Olimpia Vila Rica,🦅,0,0,0,0,0,0,0,50,2026-04-30 23:00:21.444763+00,1000000,t,53,Brasil
8864526e-6e9a-4474-ad9f-2a3157d881a5,c7e45fcc-69b5-4d29-b545-3d603fa60c13,4a8983d6-73d1-45a2-905d-71277e355120,Estrela Monte Azul,🐺,0,0,0,0,0,0,0,50,2026-04-30 23:00:21.444763+00,1000000,t,48,Brasil
00467a92-a89d-4d1c-a9f7-7ca56f0ba7d5,c7e45fcc-69b5-4d29-b545-3d603fa60c13,3ddfbc62-476e-4ef1-b2b9-9aa3a4d7e535,FC Rio Claro,🦁,0,0,0,0,0,0,0,50,2026-04-30 23:00:21.444763+00,1000000,t,47,Brasil
47c6fc2a-cdb3-47c5-9f6d-cd54abffd037,c7e45fcc-69b5-4d29-b545-3d603fa60c13,84b2036b-8ba8-4afa-a45a-1b19adbb365c,SC Campo Grande,🐂,0,0,0,0,0,0,0,50,2026-04-30 23:00:21.444763+00,1000000,t,48,Brasil
c98db74b-9362-4350-89e7-d5ce794973b0,c7e45fcc-69b5-4d29-b545-3d603fa60c13,8b58db9f-92c2-4ea7-9710-4faba5250d0c,AC Serra Alta,🔴,0,0,0,0,0,0,0,50,2026-04-30 23:00:21.444763+00,1000000,t,54,Brasil
5eb13706-40a9-4062-80dd-e5129149d0cb,c7e45fcc-69b5-4d29-b545-3d603fa60c13,8b79e779-e54a-4394-b4df-314bedbfed76,EC Vale Verde,🔵,0,0,0,0,0,0,0,50,2026-04-30 23:00:21.444763+00,1000000,t,60,Brasil
4e65372a-161d-46ad-a1bd-91163a032fa1,c7e45fcc-69b5-4d29-b545-3d603fa60c13,da6e411b-8ac1-4019-96c0-8f6a46248ccc,Clube Pedra Branca,🟢,0,0,0,0,0,0,0,50,2026-04-30 23:00:21.444763+00,1000000,t,53,Brasil
d77860ed-d1df-4851-a609-df8ac3b7ee86,c7e45fcc-69b5-4d29-b545-3d603fa60c13,90a84ef1-dc67-4a17-9039-73cd07caa4d0,Atlético Lagoa Santa,🟡,0,0,0,0,0,0,0,50,2026-04-30 23:00:21.444763+00,1000000,t,50,Brasil
a26dd5fa-2539-4f09-9960-4d75f26019b6,c7e45fcc-69b5-4d29-b545-3d603fa60c13,fd431f14-bec9-457a-9501-dfe40838b677,Esporte Porto Alegre,⚫,0,0,0,0,0,0,0,50,2026-04-30 23:00:21.444763+00,1000000,t,48,Brasil
5cad4172-7fe4-40bc-a245-9ebd30ffe67b,c7e45fcc-69b5-4d29-b545-3d603fa60c13,e11566e4-5a80-405c-a74e-af355bec0a86,Sport Bela Vista,⚪,0,0,0,0,0,0,0,50,2026-04-30 23:00:21.444763+00,1000000,t,47,Brasil
9c89b0cd-5880-4462-96ff-3508cf50bf95,c7e45fcc-69b5-4d29-b545-3d603fa60c13,4446668a-c7d5-4274-aaea-d918e4bc93ed,União Cruz Alta,🟣,0,0,0,0,0,0,0,50,2026-04-30 23:00:21.444763+00,1000000,t,50,Brasil
778fb67c-8e77-4359-9851-23f94a9c35cf,b2f0794e-b172-4228-a9dc-d75c6b161e33,97e66f3d-29da-4108-949f-3ec63def2e99,Racing Santo Amaro,🟠,0,0,0,0,0,0,0,50,2026-04-30 23:00:15.767925+00,1000000,t,85,Brasil
ec6d380b-45f6-4a74-b276-327301b8a480,b2f0794e-b172-4228-a9dc-d75c6b161e33,20035aef-61cb-4365-bf11-34981b66a687,Olimpia Jardim,⚽,0,0,0,0,0,0,0,50,2026-04-30 23:00:15.767925+00,1000000,t,87,Brasil
c8f87187-1414-4608-8208-11aaef32046a,b2f0794e-b172-4228-a9dc-d75c6b161e33,87c6e2a8-9e45-4138-8f23-0be2ead8ce31,Estrela São Miguel,🏟️,0,0,0,0,0,0,0,50,2026-04-30 23:00:15.767925+00,1000000,t,78,Brasil
f2305359-6e85-4eba-969f-1916235c8842,b2f0794e-b172-4228-a9dc-d75c6b161e33,7eeb7feb-7ca4-44a5-ad1e-93b64cb860ed,FC Boa Vista,🦅,0,0,0,0,0,0,0,50,2026-04-30 23:00:15.767925+00,1000000,t,78,Brasil
87b87d7d-6774-4260-884c-69f1cf4d4da5,b2f0794e-b172-4228-a9dc-d75c6b161e33,6d548c3a-0ac1-47e4-a631-08fd41d0fae3,SC Alto da Serra,🐺,0,0,0,0,0,0,0,50,2026-04-30 23:00:15.767925+00,1000000,t,87,Brasil
da3ae304-40f3-4349-8ca0-a1aa804d2768,b2f0794e-b172-4228-a9dc-d75c6b161e33,5cc6d013-2552-410c-9fa2-6f87401ae1e0,AC Morro Alto,🦁,0,0,0,0,0,0,0,50,2026-04-30 23:00:15.767925+00,1000000,t,87,Brasil
d61333d0-e6ab-4c2d-b6cf-965d84aee8a0,b2f0794e-b172-4228-a9dc-d75c6b161e33,2e8c198d-ce3a-4c0e-9a3a-7d969e7b12cb,EC Ponta Grossa,🐂,0,0,0,0,0,0,0,50,2026-04-30 23:00:15.767925+00,1000000,t,86,Brasil
cfd89daf-e8b8-4307-99f8-71657efa53e8,9f8b7727-77ef-42a5-bfde-8b2841d85eb8,00456c07-981e-4d7c-8bbd-749ec91b2217,União Nova Esperança,⚽,0,0,0,0,0,0,0,50,2026-04-30 23:00:15.908627+00,1000000,t,65,Brasil
c238bb6f-d194-4bff-82c9-8c1433da703a,9f8b7727-77ef-42a5-bfde-8b2841d85eb8,3306bec2-be02-4dbd-b2fe-fe65a3c94844,Real Sol Nascente,🏟️,0,0,0,0,0,0,0,50,2026-04-30 23:00:15.908627+00,1000000,t,68,Brasil
e4a6a347-f207-40e6-adfe-e41adc965e37,9f8b7727-77ef-42a5-bfde-8b2841d85eb8,8e1704e0-bea2-4c3f-8e36-9d751bc9a602,Inter Vila Rica,🦅,0,0,0,0,0,0,0,50,2026-04-30 23:00:15.908627+00,1000000,t,66,Brasil
43f394a3-c25f-49c7-bedc-e22df6dd24ba,9f8b7727-77ef-42a5-bfde-8b2841d85eb8,243f5800-49f5-4442-868b-ccd6301237c1,Nacional Monte Azul,🐺,0,0,0,0,0,0,0,50,2026-04-30 23:00:15.908627+00,1000000,t,62,Brasil
ddd3cb2a-ccab-410c-974e-db1adf77d58e,9f8b7727-77ef-42a5-bfde-8b2841d85eb8,4c0f63dc-4e26-4259-aace-3e8029d7e935,Sporting Rio Claro,🦁,0,0,0,0,0,0,0,50,2026-04-30 23:00:15.908627+00,1000000,t,57,Brasil
d631ebdc-7cb5-413a-beda-11a1dff5ab49,9f8b7727-77ef-42a5-bfde-8b2841d85eb8,d0e5ee2d-46f5-48f6-8d64-54e8130f9d29,Racing Campo Grande,🐂,0,0,0,0,0,0,0,50,2026-04-30 23:00:15.908627+00,1000000,t,70,Brasil
70a588d2-583d-4da2-ab9a-9e1072d54ac4,9f8b7727-77ef-42a5-bfde-8b2841d85eb8,6f66356e-3da1-44ca-b923-7c5b745ee648,Olimpia Serra Alta,🔴,0,0,0,0,0,0,0,50,2026-04-30 23:00:15.908627+00,1000000,t,63,Brasil
3aca3ab9-97e0-46a7-81df-6c669241f723,9f8b7727-77ef-42a5-bfde-8b2841d85eb8,fcf384d3-2a23-4107-a625-c298010946b7,Estrela Vale Verde,🔵,0,0,0,0,0,0,0,50,2026-04-30 23:00:15.908627+00,1000000,t,56,Brasil
89e4ae9c-b31e-40c2-a356-25373788586a,9f8b7727-77ef-42a5-bfde-8b2841d85eb8,0812e992-2ac8-4c37-ba81-70cffdf515cc,FC Pedra Branca,🟢,0,0,0,0,0,0,0,50,2026-04-30 23:00:15.908627+00,1000000,t,64,Brasil
d8855c6a-84d0-41b7-8cb5-e60f7a3127cd,9f8b7727-77ef-42a5-bfde-8b2841d85eb8,06d5b318-891e-409a-affd-5246dcab746e,SC Lagoa Santa,🟡,0,0,0,0,0,0,0,50,2026-04-30 23:00:15.908627+00,1000000,t,69,Brasil
6bb388e9-a2bc-4faa-b9f2-cc2812f8d234,9f8b7727-77ef-42a5-bfde-8b2841d85eb8,37e41161-6615-4789-93cf-c3a6a4f104eb,AC Porto Alegre,⚫,0,0,0,0,0,0,0,50,2026-04-30 23:00:15.908627+00,1000000,t,58,Brasil
5c2c939b-c728-410c-ae83-18b570c8ea64,9f8b7727-77ef-42a5-bfde-8b2841d85eb8,4f0c6c75-c6c3-465e-bddd-2c582ba37c9c,EC Bela Vista,⚪,0,0,0,0,0,0,0,50,2026-04-30 23:00:15.908627+00,1000000,t,64,Brasil
934180af-c55d-41c8-9950-83a32b4328ee,9f8b7727-77ef-42a5-bfde-8b2841d85eb8,a02938aa-b9da-4722-971a-89b019034470,Clube Cruz Alta,🟣,0,0,0,0,0,0,0,50,2026-04-30 23:00:15.908627+00,1000000,t,66,Brasil
c61e1d30-c154-4f14-b3c2-3bc1101049b4,9f8b7727-77ef-42a5-bfde-8b2841d85eb8,057ec2df-ac93-4eeb-a4f4-3c4353f2d894,Atlético Santo Amaro,🟠,0,0,0,0,0,0,0,50,2026-04-30 23:00:15.908627+00,1000000,t,60,Brasil
5030cc93-dc1b-4e1f-8683-5370c10a3051,9f8b7727-77ef-42a5-bfde-8b2841d85eb8,c7aaa5c9-e586-46d1-9447-42bc0230e80e,Esporte Jardim,⚽,0,0,0,0,0,0,0,50,2026-04-30 23:00:15.908627+00,1000000,t,65,Brasil
42ee99de-d367-41d9-9fe4-d3a4c6399d7e,9f8b7727-77ef-42a5-bfde-8b2841d85eb8,dca6cf0d-f8cd-4343-90ae-46588b49fd31,Sport São Miguel,🏟️,0,0,0,0,0,0,0,50,2026-04-30 23:00:15.908627+00,1000000,t,60,Brasil
e7344901-2c6e-4522-ac8f-be8ab98df11e,9f8b7727-77ef-42a5-bfde-8b2841d85eb8,c3f9ddc3-3159-496b-bb3d-fbb8514eb69d,União Boa Vista,🦅,0,0,0,0,0,0,0,50,2026-04-30 23:00:15.908627+00,1000000,t,55,Brasil
b481507d-6c19-469d-9dc2-877c1dbcd0aa,9f8b7727-77ef-42a5-bfde-8b2841d85eb8,4bdb9b09-0817-416d-88e8-1412368810fd,Real Alto da Serra,🐺,0,0,0,0,0,0,0,50,2026-04-30 23:00:15.908627+00,1000000,t,62,Brasil
fb66e54d-4c07-43e6-840b-93d171f7730f,9f8b7727-77ef-42a5-bfde-8b2841d85eb8,4646ec46-dad0-472a-aaf7-966a17398a20,Inter Morro Alto,🦁,0,0,0,0,0,0,0,50,2026-04-30 23:00:15.908627+00,1000000,t,68,Brasil
f724e70f-63af-4f5d-a6c0-9084a2d674b3,9f8b7727-77ef-42a5-bfde-8b2841d85eb8,7496be96-573f-4dd3-88fa-2a9d799a812d,Nacional Ponta Grossa,🐂,0,0,0,0,0,0,0,50,2026-04-30 23:00:15.908627+00,1000000,t,63,Brasil
85286497-9d96-4021-8631-f310fcbac392,96d90d35-5a9a-4bbb-9f55-b1c5baa0d604,b4932c34-d0ce-42e7-9721-cb058636417d,Clube Nova Esperança,⚽,0,0,0,0,0,0,0,50,2026-04-30 23:00:17.186507+00,1000000,t,74,Brasil
10a6aeef-34cf-41f3-8537-99be47a8246d,96d90d35-5a9a-4bbb-9f55-b1c5baa0d604,ab6f4e22-c000-455b-b6ad-1e913902a7e1,Atlético Sol Nascente,🏟️,0,0,0,0,0,0,0,50,2026-04-30 23:00:17.186507+00,1000000,t,76,Brasil
e8e4fed9-4b6d-4423-b298-a5318308096a,96d90d35-5a9a-4bbb-9f55-b1c5baa0d604,0ff6a254-32f0-4ee0-ac32-122f81ea8bdc,Esporte Vila Rica,🦅,0,0,0,0,0,0,0,50,2026-04-30 23:00:17.186507+00,1000000,t,78,Brasil
ecd5a135-ef35-4547-8fe4-a34e929d4987,96d90d35-5a9a-4bbb-9f55-b1c5baa0d604,9b51757e-2e1f-432c-b8ca-11c1619e606c,Sport Monte Azul,🐺,0,0,0,0,0,0,0,50,2026-04-30 23:00:17.186507+00,1000000,t,65,Brasil
a408862b-1654-4436-96df-eddd01a78515,96d90d35-5a9a-4bbb-9f55-b1c5baa0d604,b2acaac6-9c2a-4cea-b1fa-765109c142ae,União Rio Claro,🦁,0,0,0,0,0,0,0,50,2026-04-30 23:00:17.186507+00,1000000,t,78,Brasil
2e24d792-8272-47a7-808a-16477b8a684d,96d90d35-5a9a-4bbb-9f55-b1c5baa0d604,63b4a802-d0f4-4d91-9b05-b0a7045eaaa3,Real Campo Grande,🐂,0,0,0,0,0,0,0,50,2026-04-30 23:00:17.186507+00,1000000,t,78,Brasil
e46dc95e-d0a0-4429-acf7-9c25b60514d4,96d90d35-5a9a-4bbb-9f55-b1c5baa0d604,a42ae489-ed74-41b2-a39f-457758f3e948,Inter Serra Alta,🔴,0,0,0,0,0,0,0,50,2026-04-30 23:00:17.186507+00,1000000,t,73,Brasil
61af7da7-574f-4353-8e9d-4ea39d2224be,96d90d35-5a9a-4bbb-9f55-b1c5baa0d604,3f04ad0e-bb0a-4c96-8da1-0ca92e719875,Nacional Vale Verde,🔵,0,0,0,0,0,0,0,50,2026-04-30 23:00:17.186507+00,1000000,t,78,Brasil
74d73119-50e6-42f0-802b-b2d9cb934893,96d90d35-5a9a-4bbb-9f55-b1c5baa0d604,c3dd6015-51d9-4c6e-bdc6-18fa6d55f390,Sporting Pedra Branca,🟢,0,0,0,0,0,0,0,50,2026-04-30 23:00:17.186507+00,1000000,t,66,Brasil
a31c20fe-4707-42d2-a9d5-e1089791f8ca,96d90d35-5a9a-4bbb-9f55-b1c5baa0d604,58a522d8-9a7f-4229-b7c2-eb98f0c7eca6,Racing Lagoa Santa,🟡,0,0,0,0,0,0,0,50,2026-04-30 23:00:17.186507+00,1000000,t,66,Brasil
98fa5b0f-3de1-42fd-beeb-93c92a7f3c73,96d90d35-5a9a-4bbb-9f55-b1c5baa0d604,d2e58fed-f06b-49bf-bf7d-20c7d0a98cd3,Olimpia Porto Alegre,⚫,0,0,0,0,0,0,0,50,2026-04-30 23:00:17.186507+00,1000000,t,76,Brasil
6ca5caac-605a-4a23-ac26-621e3fa36c68,96d90d35-5a9a-4bbb-9f55-b1c5baa0d604,e0e75155-b3c1-4a57-ad3d-c9bb58f5dc3b,Estrela Bela Vista,⚪,0,0,0,0,0,0,0,50,2026-04-30 23:00:17.186507+00,1000000,t,65,Brasil
c0d338d4-af1a-4a02-83c3-6777dad8b6fb,96d90d35-5a9a-4bbb-9f55-b1c5baa0d604,c62305ac-46e4-4b2a-b938-cde137cf39b1,FC Cruz Alta,🟣,0,0,0,0,0,0,0,50,2026-04-30 23:00:17.186507+00,1000000,t,72,Brasil
559c9a02-5401-4a0a-8b59-fd799f740db5,96d90d35-5a9a-4bbb-9f55-b1c5baa0d604,ca0d7882-445d-40c4-b9aa-1c53c8ef58d7,SC Santo Amaro,🟠,0,0,0,0,0,0,0,50,2026-04-30 23:00:17.186507+00,1000000,t,76,Brasil
6f3aa649-d258-49cc-97dc-ff64e129a9ef,96d90d35-5a9a-4bbb-9f55-b1c5baa0d604,196a7cf0-2120-4b08-b84f-61b4c6913dfc,AC Jardim,⚽,0,0,0,0,0,0,0,50,2026-04-30 23:00:17.186507+00,1000000,t,71,Brasil
ef6e4c3a-5d2b-412e-8d7a-3a1013310170,96d90d35-5a9a-4bbb-9f55-b1c5baa0d604,da88165d-1fde-4555-a879-3bd4d9a4fc54,EC São Miguel,🏟️,0,0,0,0,0,0,0,50,2026-04-30 23:00:17.186507+00,1000000,t,71,Brasil
2cee849d-7d0a-4964-ae65-081c17bde488,96d90d35-5a9a-4bbb-9f55-b1c5baa0d604,0640c71e-f564-4359-b327-ccf6d3de3139,Clube Boa Vista,🦅,0,0,0,0,0,0,0,50,2026-04-30 23:00:17.186507+00,1000000,t,73,Brasil
871dc8d2-a8f8-4b7e-a0f2-a21dd8f59b18,96d90d35-5a9a-4bbb-9f55-b1c5baa0d604,e3aee235-e76b-4381-a3e1-f6aa32dbf6d8,Atlético Alto da Serra,🐺,0,0,0,0,0,0,0,50,2026-04-30 23:00:17.186507+00,1000000,t,79,Brasil
4b07ac82-f02c-4a56-91a2-b41a20877f50,96d90d35-5a9a-4bbb-9f55-b1c5baa0d604,5b140375-20f7-40ad-adfc-167fa360b5b9,Esporte Morro Alto,🦁,0,0,0,0,0,0,0,50,2026-04-30 23:00:17.186507+00,1000000,t,68,Brasil
b6222cf3-4191-4768-8be0-2b6d4795ee19,96d90d35-5a9a-4bbb-9f55-b1c5baa0d604,f2395217-bfab-4dc4-a808-49954e6b10b8,Sport Ponta Grossa,🐂,0,0,0,0,0,0,0,50,2026-04-30 23:00:17.186507+00,1000000,t,75,Brasil
b7fb550a-221d-4f05-996a-7c10af464291,06d5111c-17a8-4993-ae56-d2c713a70900,bfa414cf-5fe6-450a-8d1c-924103700736,União Nova Esperança,⚽,0,0,0,0,0,0,0,50,2026-04-30 23:00:18.174208+00,1000000,t,66,Brasil
fedc5b7a-dfaf-4fdf-ad42-e0408a7fc847,06d5111c-17a8-4993-ae56-d2c713a70900,700c0c7e-86a2-4a58-a923-a391b76972f2,Real Sol Nascente,🏟️,0,0,0,0,0,0,0,50,2026-04-30 23:00:18.174208+00,1000000,t,60,Brasil
fd8e1899-4d19-4b7e-8865-30ffb47cf81b,06d5111c-17a8-4993-ae56-d2c713a70900,36d84bc9-f119-4e86-b0bb-f765994e34c6,Inter Vila Rica,🦅,0,0,0,0,0,0,0,50,2026-04-30 23:00:18.174208+00,1000000,t,64,Brasil
1fcaa4f9-9139-43e0-9352-27adde37c09c,06d5111c-17a8-4993-ae56-d2c713a70900,9e74bdbe-e79b-4bea-bddc-22cf6209b26e,Nacional Monte Azul,🐺,0,0,0,0,0,0,0,50,2026-04-30 23:00:18.174208+00,1000000,t,56,Brasil
d2af015a-25c8-4355-ac1b-52ba882564ec,73101c66-95cf-476e-808c-6ac2716f2144,15d2c99a-8573-40a7-aa70-054264a44b8d,SC Santo Amaro,🟠,0,0,0,0,0,0,0,50,2026-04-30 23:00:16.306259+00,1000000,t,79,Brasil
e417f753-1cd7-4ae8-8b91-fbf01067b449,73101c66-95cf-476e-808c-6ac2716f2144,fc90b01d-9c73-4d31-b5ce-b4d06c1bd6a8,AC Jardim,⚽,0,0,0,0,0,0,0,50,2026-04-30 23:00:16.306259+00,1000000,t,65,Brasil
f5f32b66-b0a0-4564-9ddd-61a1f4fc1d97,73101c66-95cf-476e-808c-6ac2716f2144,e214e53e-428f-4d3b-8842-0f4119265e10,EC São Miguel,🏟️,0,0,0,0,0,0,0,50,2026-04-30 23:00:16.306259+00,1000000,t,69,Brasil
81fe3787-dfae-4c13-8574-162b890c11f5,73101c66-95cf-476e-808c-6ac2716f2144,cb13e982-2f12-4d41-af07-9f2c9704e473,Clube Boa Vista,🦅,0,0,0,0,0,0,0,50,2026-04-30 23:00:16.306259+00,1000000,t,69,Brasil
e562a4e1-11e4-4752-bbe6-e19947f6c050,73101c66-95cf-476e-808c-6ac2716f2144,1a0cc609-14e8-440c-8c9d-47d8fde2b078,Atlético Alto da Serra,🐺,0,0,0,0,0,0,0,50,2026-04-30 23:00:16.306259+00,1000000,t,66,Brasil
2aa1f2a3-c2ab-4520-924c-0aa776a1a5a7,73101c66-95cf-476e-808c-6ac2716f2144,e1deb096-15df-4fe1-bd52-7c86756b9425,Esporte Morro Alto,🦁,0,0,0,0,0,0,0,50,2026-04-30 23:00:16.306259+00,1000000,t,76,Brasil
5379e307-2d20-42ce-bb90-e7f9e6f0a5c3,73101c66-95cf-476e-808c-6ac2716f2144,380a3ee2-6c4c-4e9b-b6f1-7ef86fb39d78,Sport Ponta Grossa,🐂,0,0,0,0,0,0,0,50,2026-04-30 23:00:16.306259+00,1000000,t,73,Brasil
bcb55b40-d369-4de3-b5f3-0dfe390411ee,6157e430-55c4-49c9-bcfd-090c40d1e670,3d91b040-afe9-4fbe-a2dd-0145282b7782,Clube Nova Esperança,⚽,0,0,0,0,0,0,0,50,2026-04-30 23:00:17.6579+00,1000000,t,76,Brasil
ed124a67-d5a9-4fcd-a046-1d3fa6b6fc03,6157e430-55c4-49c9-bcfd-090c40d1e670,9763cba1-0950-4ffd-b7b9-cb3a8ef49192,Atlético Sol Nascente,🏟️,0,0,0,0,0,0,0,50,2026-04-30 23:00:17.6579+00,1000000,t,76,Brasil
793c48e1-a820-4cf8-9fe6-2c48b9e6b8b9,6157e430-55c4-49c9-bcfd-090c40d1e670,5022498e-7e3e-4480-8855-5f86af574565,Esporte Vila Rica,🦅,0,0,0,0,0,0,0,50,2026-04-30 23:00:17.6579+00,1000000,t,80,Brasil
d1a27f26-5509-4a0e-ac65-5460f4636201,6157e430-55c4-49c9-bcfd-090c40d1e670,2da224ed-b142-472d-ad04-091c4a954ba2,Sport Monte Azul,🐺,0,0,0,0,0,0,0,50,2026-04-30 23:00:17.6579+00,1000000,t,75,Brasil
d0d1a8f8-b70c-40f1-b19b-5e7c620e0f82,6157e430-55c4-49c9-bcfd-090c40d1e670,758e2088-3af2-4d86-9b41-1b2b8d5ca379,União Rio Claro,🦁,0,0,0,0,0,0,0,50,2026-04-30 23:00:17.6579+00,1000000,t,77,Brasil
c9f34f13-82c4-49e1-a42f-8aa2ddd0c5ed,6157e430-55c4-49c9-bcfd-090c40d1e670,840efcef-1746-4135-9fcb-cf62fa3eb99d,Real Campo Grande,🐂,0,0,0,0,0,0,0,50,2026-04-30 23:00:17.6579+00,1000000,t,77,Brasil
b1efe6bb-9eec-4018-9862-29431115ce28,6157e430-55c4-49c9-bcfd-090c40d1e670,0e550dcc-8116-4acf-8884-e9cfd4880819,Inter Serra Alta,🔴,0,0,0,0,0,0,0,50,2026-04-30 23:00:17.6579+00,1000000,t,71,Brasil
47d6c6cc-a915-4c25-9979-a0d5578838a5,6157e430-55c4-49c9-bcfd-090c40d1e670,6b234b73-bdf6-4dc5-8fcf-8396cb0cbc53,Nacional Vale Verde,🔵,0,0,0,0,0,0,0,50,2026-04-30 23:00:17.6579+00,1000000,t,80,Brasil
2a77a38a-7555-4974-afac-9d4d36b8f847,6157e430-55c4-49c9-bcfd-090c40d1e670,f9dcf86a-6306-41a2-93c7-f662671a16f6,Sporting Pedra Branca,🟢,0,0,0,0,0,0,0,50,2026-04-30 23:00:17.6579+00,1000000,t,73,Brasil
3eded822-7b9b-436e-b87e-bf5cb1f7b190,6157e430-55c4-49c9-bcfd-090c40d1e670,a346cb7d-7412-48ac-b633-4c1ec9ce3a6a,Racing Lagoa Santa,🟡,0,0,0,0,0,0,0,50,2026-04-30 23:00:17.6579+00,1000000,t,79,Brasil
f9c84c39-2a70-4b18-85d6-970b6d76de6c,6157e430-55c4-49c9-bcfd-090c40d1e670,40c49c54-c8dd-4251-b30f-5e1be162d0ce,Olimpia Porto Alegre,⚫,0,0,0,0,0,0,0,50,2026-04-30 23:00:17.6579+00,1000000,t,70,Brasil
056e6b97-be40-426d-8f18-549dda166d97,6157e430-55c4-49c9-bcfd-090c40d1e670,d3fcd750-912d-48bc-b97c-692ee0f1855d,Estrela Bela Vista,⚪,0,0,0,0,0,0,0,50,2026-04-30 23:00:17.6579+00,1000000,t,73,Brasil
6599ed5b-d8c9-428c-8a69-568a8529029e,6157e430-55c4-49c9-bcfd-090c40d1e670,ac87e92e-40f9-4522-9860-68b9b0db4cc6,FC Cruz Alta,🟣,0,0,0,0,0,0,0,50,2026-04-30 23:00:17.6579+00,1000000,t,68,Brasil
47ea46d3-65d4-4baa-9862-2ed3a1eb95aa,6157e430-55c4-49c9-bcfd-090c40d1e670,ecd83c53-eb43-43b0-ae39-247ac7b3f5ee,SC Santo Amaro,🟠,0,0,0,0,0,0,0,50,2026-04-30 23:00:17.6579+00,1000000,t,79,Brasil
377a9757-5ffd-400b-a036-1bb6377966a2,6157e430-55c4-49c9-bcfd-090c40d1e670,8a2892ee-0663-4e63-89ce-80359179a9ed,AC Jardim,⚽,0,0,0,0,0,0,0,50,2026-04-30 23:00:17.6579+00,1000000,t,80,Brasil
c8695cfc-0507-4c6c-91b5-7628c121e843,6157e430-55c4-49c9-bcfd-090c40d1e670,efd0440e-4070-407a-8947-7d054d74f093,EC São Miguel,🏟️,0,0,0,0,0,0,0,50,2026-04-30 23:00:17.6579+00,1000000,t,78,Brasil
d98a618e-b495-4ca1-a1fc-9cf1c9fa3431,6157e430-55c4-49c9-bcfd-090c40d1e670,3161581a-6c86-4ffa-9030-7d83a8f90ffe,Clube Boa Vista,🦅,0,0,0,0,0,0,0,50,2026-04-30 23:00:17.6579+00,1000000,t,69,Brasil
5b5bce88-a916-48a1-887d-863837518f85,6157e430-55c4-49c9-bcfd-090c40d1e670,6c01bccd-134f-4af5-9052-6948147a87e1,Atlético Alto da Serra,🐺,0,0,0,0,0,0,0,50,2026-04-30 23:00:17.6579+00,1000000,t,70,Brasil
ddfbbf84-f220-4605-950d-185110553559,6157e430-55c4-49c9-bcfd-090c40d1e670,9378b256-1a46-4158-8593-2c875b77274c,Esporte Morro Alto,🦁,0,0,0,0,0,0,0,50,2026-04-30 23:00:17.6579+00,1000000,t,78,Brasil
be2e6417-e783-4fa3-a7fb-43fea5556f87,6157e430-55c4-49c9-bcfd-090c40d1e670,1b2e42d8-551c-438f-b0cb-d7aac9fdbebb,Sport Ponta Grossa,🐂,0,0,0,0,0,0,0,50,2026-04-30 23:00:17.6579+00,1000000,t,76,Brasil
da8b3caf-ab95-4754-b96a-15ae22021ede,9e22bbf1-7fea-465a-88de-101bf0bb3410,e550af2b-96e0-46c6-b117-f3b38bd98e7f,FC Nova Esperança,⚽,0,0,0,0,0,0,0,50,2026-04-30 23:00:20.270221+00,1000000,t,89,Brasil
a943e91c-5960-418a-898b-130179c62537,9e22bbf1-7fea-465a-88de-101bf0bb3410,de21b38f-5020-4846-bf67-e5d045601176,SC Sol Nascente,🏟️,0,0,0,0,0,0,0,50,2026-04-30 23:00:20.270221+00,1000000,t,78,Brasil
d4daaada-b4d6-457c-8933-ae06c8b57f01,9e22bbf1-7fea-465a-88de-101bf0bb3410,f8e1a068-528a-44f6-9f97-1a38753db082,AC Vila Rica,🦅,0,0,0,0,0,0,0,50,2026-04-30 23:00:20.270221+00,1000000,t,75,Brasil
07124015-cb72-4008-850e-a427adfde9f1,9e22bbf1-7fea-465a-88de-101bf0bb3410,a12fb708-55e8-4b52-b9ec-e6dd8110e768,EC Monte Azul,🐺,0,0,0,0,0,0,0,50,2026-04-30 23:00:20.270221+00,1000000,t,83,Brasil
136cc37b-7523-4481-87f6-64a3d1b1d818,9e22bbf1-7fea-465a-88de-101bf0bb3410,efd19d2e-df26-4fa1-9e3d-0c00f2c7c698,Clube Rio Claro,🦁,0,0,0,0,0,0,0,50,2026-04-30 23:00:20.270221+00,1000000,t,87,Brasil
d4bf5774-eed4-4800-b8a1-55c28f82ad56,9e22bbf1-7fea-465a-88de-101bf0bb3410,e05c637f-f6e3-4892-b029-22c5a0db5ed2,Atlético Campo Grande,🐂,0,0,0,0,0,0,0,50,2026-04-30 23:00:20.270221+00,1000000,t,83,Brasil
2603662a-c416-4c2d-8d1c-6cdf9a7f4e20,9e22bbf1-7fea-465a-88de-101bf0bb3410,3b795a3c-135b-479d-9dee-25537f000445,Esporte Serra Alta,🔴,0,0,0,0,0,0,0,50,2026-04-30 23:00:20.270221+00,1000000,t,89,Brasil
e0df9ca3-b8b4-4342-95f9-7e24cb8d5dec,9e22bbf1-7fea-465a-88de-101bf0bb3410,e5b02931-5979-4e9b-ac2f-a3c80fdadd99,Sport Vale Verde,🔵,0,0,0,0,0,0,0,50,2026-04-30 23:00:20.270221+00,1000000,t,77,Brasil
888215dc-fa18-4ec6-8284-dfa521f2de4f,9e22bbf1-7fea-465a-88de-101bf0bb3410,4e22591d-ae3a-42f5-a7ed-4e57890dff0c,União Pedra Branca,🟢,0,0,0,0,0,0,0,50,2026-04-30 23:00:20.270221+00,1000000,t,90,Brasil
d936fe58-3ec0-4f9c-accd-31cbb075e117,9e22bbf1-7fea-465a-88de-101bf0bb3410,e37f8ee1-3a55-49b1-8ed3-4046991d3aab,Real Lagoa Santa,🟡,0,0,0,0,0,0,0,50,2026-04-30 23:00:20.270221+00,1000000,t,78,Brasil
5dd82468-c268-4dd5-b26b-fc738fe27f59,9e22bbf1-7fea-465a-88de-101bf0bb3410,e2aad1c6-c8b5-4880-9dde-5cb703dc1639,Inter Porto Alegre,⚫,0,0,0,0,0,0,0,50,2026-04-30 23:00:20.270221+00,1000000,t,76,Brasil
287286d2-aa44-41af-b0e2-789737b0e6d2,9e22bbf1-7fea-465a-88de-101bf0bb3410,95040d5b-01f8-4014-a403-cb083e9662d8,Nacional Bela Vista,⚪,0,0,0,0,0,0,0,50,2026-04-30 23:00:20.270221+00,1000000,t,90,Brasil
2b4e7610-b23b-4304-9bac-b497158a79a2,9e22bbf1-7fea-465a-88de-101bf0bb3410,6a6c14a4-2ca9-4132-886b-76098b1a7151,Sporting Cruz Alta,🟣,0,0,0,0,0,0,0,50,2026-04-30 23:00:20.270221+00,1000000,t,75,Brasil
5aef447b-0faa-4e08-820f-6f7c845da788,9e22bbf1-7fea-465a-88de-101bf0bb3410,c5efa69e-d8f6-44a2-9ee9-9ce8413945cc,Racing Santo Amaro,🟠,0,0,0,0,0,0,0,50,2026-04-30 23:00:20.270221+00,1000000,t,83,Brasil
34282408-44fd-444c-bdcb-106831461179,9e22bbf1-7fea-465a-88de-101bf0bb3410,d0bb2695-c933-43f5-8452-cc9b2fbe63e3,Olimpia Jardim,⚽,0,0,0,0,0,0,0,50,2026-04-30 23:00:20.270221+00,1000000,t,82,Brasil
9e442939-36f4-4465-9d6f-16f36f22df36,9e22bbf1-7fea-465a-88de-101bf0bb3410,29e2a6db-0cbc-40f5-9f9c-4cd6d2581fa0,Estrela São Miguel,🏟️,0,0,0,0,0,0,0,50,2026-04-30 23:00:20.270221+00,1000000,t,82,Brasil
e3dfbbed-7026-4ef2-b77d-960e61c57017,9e22bbf1-7fea-465a-88de-101bf0bb3410,bc6133b7-ab6e-46b0-b7ec-8c66217e504e,FC Boa Vista,🦅,0,0,0,0,0,0,0,50,2026-04-30 23:00:20.270221+00,1000000,t,80,Brasil
0774d74a-afc6-4ea0-96f6-f322a5b614d5,9e22bbf1-7fea-465a-88de-101bf0bb3410,6e5e33b9-29fc-4b15-9bc8-b045cd042f16,SC Alto da Serra,🐺,0,0,0,0,0,0,0,50,2026-04-30 23:00:20.270221+00,1000000,t,82,Brasil
5a5f9952-96d6-4e49-b357-2e3bf0720def,9e22bbf1-7fea-465a-88de-101bf0bb3410,c869f574-89d4-4803-be52-21eec628d7a8,AC Morro Alto,🦁,0,0,0,0,0,0,0,50,2026-04-30 23:00:20.270221+00,1000000,t,88,Brasil
43d915e9-e34d-4cdc-a534-231f65cfe734,9e22bbf1-7fea-465a-88de-101bf0bb3410,b98ac7a3-9fa3-4976-bdee-f71c7e6aa358,EC Ponta Grossa,🐂,0,0,0,0,0,0,0,50,2026-04-30 23:00:20.270221+00,1000000,t,75,Brasil
9ab8bb96-f17c-4da9-81a5-7c563cb36b28,09edf5cd-1f09-4ef3-a654-dc121badf000,69795fda-3a64-4100-a111-ce164cd36f7e,União Nova Esperança,⚽,0,0,0,0,0,0,0,50,2026-04-30 23:00:20.740326+00,1000000,t,63,Brasil
d8166e9d-565f-4d99-a7f8-d988f8fe1488,09edf5cd-1f09-4ef3-a654-dc121badf000,76f4e906-d4fe-40bd-8ed6-21ff9cbd18a6,Real Sol Nascente,🏟️,0,0,0,0,0,0,0,50,2026-04-30 23:00:20.740326+00,1000000,t,61,Brasil
963ee032-f47e-4f92-9458-d05081b284d6,09edf5cd-1f09-4ef3-a654-dc121badf000,76434fc9-a574-4273-b98a-a31654e98934,Inter Vila Rica,🦅,0,0,0,0,0,0,0,50,2026-04-30 23:00:20.740326+00,1000000,t,60,Brasil
ccbdceb7-32cc-445d-98cb-fc54346c2708,09edf5cd-1f09-4ef3-a654-dc121badf000,355b8924-9279-4f80-99ce-376bd284e557,Nacional Monte Azul,🐺,0,0,0,0,0,0,0,50,2026-04-30 23:00:20.740326+00,1000000,t,59,Brasil
a58d76a1-b5e1-4cb0-bd58-ed34f7b857a2,3fce0462-8547-4cdc-8c56-acd7678c32bc,fdcab9b2-a246-4ad0-b6bd-2c3105120cfc,Sport São Miguel,🏟️,0,0,0,0,0,0,0,50,2026-04-30 23:00:16.3826+00,1000000,t,67,Brasil
83d649e5-5778-4579-9c63-86e1767f829d,3fce0462-8547-4cdc-8c56-acd7678c32bc,d90943d9-b849-4c7b-b927-7cb5f9f8b320,União Boa Vista,🦅,0,0,0,0,0,0,0,50,2026-04-30 23:00:16.3826+00,1000000,t,55,Brasil
3be9f402-f5f3-467d-9c78-4a52bd50da5b,3fce0462-8547-4cdc-8c56-acd7678c32bc,f8816c33-372d-4f7e-8196-b405075aed17,Real Alto da Serra,🐺,0,0,0,0,0,0,0,50,2026-04-30 23:00:16.3826+00,1000000,t,65,Brasil
a4cae377-3625-4edc-8c45-b003d91842dc,3fce0462-8547-4cdc-8c56-acd7678c32bc,1532a6c8-cf4c-4d0e-9854-50a6305a2ccd,Inter Morro Alto,🦁,0,0,0,0,0,0,0,50,2026-04-30 23:00:16.3826+00,1000000,t,68,Brasil
b4db4eea-ce43-4382-a98d-149a9bba25b7,3fce0462-8547-4cdc-8c56-acd7678c32bc,c9993d3f-1dc2-4235-b142-6f8ecd06a4ea,Nacional Ponta Grossa,🐂,0,0,0,0,0,0,0,50,2026-04-30 23:00:16.3826+00,1000000,t,62,Brasil
7abf6fc6-a7f9-4281-80cd-857caef1ff62,8fa61b3f-510a-47ef-8dcc-901637e43423,847c2307-3c76-47cf-a11d-3f1092eba55b,FC Nova Esperança,⚽,0,0,0,0,0,0,0,50,2026-04-30 23:00:16.655052+00,1000000,t,79,Brasil
de3d630e-3eb1-4aa1-8dc6-7cf14fb07568,8fa61b3f-510a-47ef-8dcc-901637e43423,ef85e44b-0efa-4fbd-9d69-d3128ea5e533,SC Sol Nascente,🏟️,0,0,0,0,0,0,0,50,2026-04-30 23:00:16.655052+00,1000000,t,88,Brasil
d2a4d194-67dd-404c-8902-eb029b2ad80d,8fa61b3f-510a-47ef-8dcc-901637e43423,bac0d604-c631-4d8f-8ab3-a0026ef738f3,AC Vila Rica,🦅,0,0,0,0,0,0,0,50,2026-04-30 23:00:16.655052+00,1000000,t,79,Brasil
3f8fc7de-0371-411c-9c66-3d10d9f732d7,8fa61b3f-510a-47ef-8dcc-901637e43423,060d4029-2730-4a93-9c16-e8df35714f9a,EC Monte Azul,🐺,0,0,0,0,0,0,0,50,2026-04-30 23:00:16.655052+00,1000000,t,84,Brasil
0dd3e835-6a47-459d-bd2f-11b79eafab5b,8fa61b3f-510a-47ef-8dcc-901637e43423,14dc8a6c-6526-414d-bfd2-6583e4f0c2ed,Clube Rio Claro,🦁,0,0,0,0,0,0,0,50,2026-04-30 23:00:16.655052+00,1000000,t,76,Brasil
8af2e21b-243c-4cfb-bd41-6ab916440efa,8fa61b3f-510a-47ef-8dcc-901637e43423,6fc45cc6-5c4d-4596-98a3-87666b4084a8,Atlético Campo Grande,🐂,0,0,0,0,0,0,0,50,2026-04-30 23:00:16.655052+00,1000000,t,78,Brasil
c3ae5807-e13e-4154-bc17-d7d7fde1b1c3,8fa61b3f-510a-47ef-8dcc-901637e43423,08e79b21-f637-4437-9fed-1b4c66c059bf,Esporte Serra Alta,🔴,0,0,0,0,0,0,0,50,2026-04-30 23:00:16.655052+00,1000000,t,84,Brasil
f7473fb1-2172-4af5-a04a-42e0e2bc627d,8fa61b3f-510a-47ef-8dcc-901637e43423,b2db9d62-107e-4be3-96d3-514275e1e794,Sport Vale Verde,🔵,0,0,0,0,0,0,0,50,2026-04-30 23:00:16.655052+00,1000000,t,75,Brasil
8bfb85c6-f451-44f5-8587-4afd494d5bda,8fa61b3f-510a-47ef-8dcc-901637e43423,9865f9ea-270a-4d0d-8931-04546c2cfa48,União Pedra Branca,🟢,0,0,0,0,0,0,0,50,2026-04-30 23:00:16.655052+00,1000000,t,75,Brasil
a9422a2f-c564-4f37-9dad-0f9360c79470,8fa61b3f-510a-47ef-8dcc-901637e43423,75df9969-e44b-4222-a5bc-03a8bf610ab7,Real Lagoa Santa,🟡,0,0,0,0,0,0,0,50,2026-04-30 23:00:16.655052+00,1000000,t,84,Brasil
94b85bac-7401-4568-8cea-ab2e84878859,8fa61b3f-510a-47ef-8dcc-901637e43423,2977d6c9-a6a5-4194-be30-88ef1661f1ab,Inter Porto Alegre,⚫,0,0,0,0,0,0,0,50,2026-04-30 23:00:16.655052+00,1000000,t,75,Brasil
6c9c7621-5d28-4329-a3ba-722844aee470,8fa61b3f-510a-47ef-8dcc-901637e43423,b3250896-623e-463b-b2fd-934fcafa4f0f,Nacional Bela Vista,⚪,0,0,0,0,0,0,0,50,2026-04-30 23:00:16.655052+00,1000000,t,76,Brasil
50b581eb-0e22-4b91-9576-64291e5d08c0,8fa61b3f-510a-47ef-8dcc-901637e43423,c7e007de-814f-4abc-9977-b4da6ab235b3,Sporting Cruz Alta,🟣,0,0,0,0,0,0,0,50,2026-04-30 23:00:16.655052+00,1000000,t,76,Brasil
83248e7f-b6e5-425c-b196-7d38407ab6fc,8fa61b3f-510a-47ef-8dcc-901637e43423,80c43da3-0e30-4a8e-bfd6-6c31ac31ecaa,Racing Santo Amaro,🟠,0,0,0,0,0,0,0,50,2026-04-30 23:00:16.655052+00,1000000,t,88,Brasil
03fb8fbb-5eed-4dc9-9738-cea5875131ac,8fa61b3f-510a-47ef-8dcc-901637e43423,82693aac-2c37-4e05-8673-93a1d6bd2fc8,Olimpia Jardim,⚽,0,0,0,0,0,0,0,50,2026-04-30 23:00:16.655052+00,1000000,t,89,Brasil
5436cc51-169e-457e-a909-1c9e709ee090,8fa61b3f-510a-47ef-8dcc-901637e43423,51778bd5-d246-4a6f-8d27-1cb359dba74e,Estrela São Miguel,🏟️,0,0,0,0,0,0,0,50,2026-04-30 23:00:16.655052+00,1000000,t,85,Brasil
3212544c-127c-475c-8469-45ffce8883be,8fa61b3f-510a-47ef-8dcc-901637e43423,44127ca5-7ff7-43c3-b71d-0d9e224098fa,FC Boa Vista,🦅,0,0,0,0,0,0,0,50,2026-04-30 23:00:16.655052+00,1000000,t,77,Brasil
04c723ed-3a7e-4fe7-bc62-d56f247cb8d7,8fa61b3f-510a-47ef-8dcc-901637e43423,7e970565-7e3b-4e63-9ac3-ec1d3fb59d80,SC Alto da Serra,🐺,0,0,0,0,0,0,0,50,2026-04-30 23:00:16.655052+00,1000000,t,84,Brasil
e8ca2fe6-af98-45a5-bfba-5150f0b2106b,8fa61b3f-510a-47ef-8dcc-901637e43423,67db066f-a116-43be-b66c-b185b2bf6ff0,AC Morro Alto,🦁,0,0,0,0,0,0,0,50,2026-04-30 23:00:16.655052+00,1000000,t,79,Brasil
d554d4f8-1318-4d41-9884-432788bdf95d,8fa61b3f-510a-47ef-8dcc-901637e43423,e08ebac4-9ffb-401d-bf5c-e305fd848cd6,EC Ponta Grossa,🐂,0,0,0,0,0,0,0,50,2026-04-30 23:00:16.655052+00,1000000,t,77,Brasil
98fc2b6f-3ac5-4af0-801c-eaf19dc2543b,103922a0-2ea7-45ee-8ef5-26db21cf45d7,74f2e201-1351-4bff-9eb2-b0517129b557,União Nova Esperança,⚽,0,0,0,0,0,0,0,50,2026-04-30 23:00:17.742226+00,1000000,t,62,Brasil
eaf42b4d-fe65-4790-aaf8-808ee6e5bed0,103922a0-2ea7-45ee-8ef5-26db21cf45d7,d03056bb-2e6a-45ba-b036-97ae7e8f1050,Real Sol Nascente,🏟️,0,0,0,0,0,0,0,50,2026-04-30 23:00:17.742226+00,1000000,t,68,Brasil
1af54d2f-5a33-43ca-8561-c9b8b6153da4,103922a0-2ea7-45ee-8ef5-26db21cf45d7,b11eaf47-85a6-482f-9163-7c71b11eb4e1,Inter Vila Rica,🦅,0,0,0,0,0,0,0,50,2026-04-30 23:00:17.742226+00,1000000,t,64,Brasil
be7754b0-785c-4652-bf7c-f45613b15f74,103922a0-2ea7-45ee-8ef5-26db21cf45d7,224251f8-9676-4f94-b7e0-03e5bad0d3e2,Nacional Monte Azul,🐺,0,0,0,0,0,0,0,50,2026-04-30 23:00:17.742226+00,1000000,t,59,Brasil
f3f976a8-6a2e-41dc-969e-333a845be159,103922a0-2ea7-45ee-8ef5-26db21cf45d7,42fdab4b-ea2e-4645-813e-5d858bcbd276,Sporting Rio Claro,🦁,0,0,0,0,0,0,0,50,2026-04-30 23:00:17.742226+00,1000000,t,64,Brasil
151769d7-9c5a-4c21-a381-bce2f91d019a,103922a0-2ea7-45ee-8ef5-26db21cf45d7,6dbbc009-7d48-4d69-8c0b-f57ee80e29d0,Racing Campo Grande,🐂,0,0,0,0,0,0,0,50,2026-04-30 23:00:17.742226+00,1000000,t,64,Brasil
e29b0c79-6d25-474e-960f-ec08bbf57c3d,103922a0-2ea7-45ee-8ef5-26db21cf45d7,3ac4b0c1-e4cf-492a-9f62-10c99bd70461,Olimpia Serra Alta,🔴,0,0,0,0,0,0,0,50,2026-04-30 23:00:17.742226+00,1000000,t,58,Brasil
ed9584fb-b68f-4db3-8893-f0334fa6d96d,103922a0-2ea7-45ee-8ef5-26db21cf45d7,eb70ef92-baca-4b16-8237-c56c2ac94726,Estrela Vale Verde,🔵,0,0,0,0,0,0,0,50,2026-04-30 23:00:17.742226+00,1000000,t,61,Brasil
339a066a-dfee-457b-8da7-75dd457b6973,103922a0-2ea7-45ee-8ef5-26db21cf45d7,63549904-bf25-4b7f-8e6d-a2b04bd61fa6,FC Pedra Branca,🟢,0,0,0,0,0,0,0,50,2026-04-30 23:00:17.742226+00,1000000,t,67,Brasil
2767e6ce-016f-4a9c-afb8-7abfae72af40,103922a0-2ea7-45ee-8ef5-26db21cf45d7,43bb8a07-a698-4083-a8f9-c0a9c954f805,SC Lagoa Santa,🟡,0,0,0,0,0,0,0,50,2026-04-30 23:00:17.742226+00,1000000,t,55,Brasil
073cb37f-74c2-4a0f-853a-09507de9f6b8,103922a0-2ea7-45ee-8ef5-26db21cf45d7,ccc1d329-ce03-4129-886b-8f60c55f5757,AC Porto Alegre,⚫,0,0,0,0,0,0,0,50,2026-04-30 23:00:17.742226+00,1000000,t,57,Brasil
f47c1bbd-ca97-4d07-89e8-8f5c763cb01d,103922a0-2ea7-45ee-8ef5-26db21cf45d7,a12543c8-d82c-4998-9a90-a6f6d1680d55,EC Bela Vista,⚪,0,0,0,0,0,0,0,50,2026-04-30 23:00:17.742226+00,1000000,t,65,Brasil
b0614bf2-d4e1-4014-ab27-e87941f2c5ab,103922a0-2ea7-45ee-8ef5-26db21cf45d7,63f5e841-3784-4ed7-a545-b637da4ee1cf,Clube Cruz Alta,🟣,0,0,0,0,0,0,0,50,2026-04-30 23:00:17.742226+00,1000000,t,68,Brasil
3fc0b76d-f9a2-432e-814b-ca89e777d86f,103922a0-2ea7-45ee-8ef5-26db21cf45d7,54fde4f3-969d-47ce-8697-480f687d2dc0,Atlético Santo Amaro,🟠,0,0,0,0,0,0,0,50,2026-04-30 23:00:17.742226+00,1000000,t,63,Brasil
8974229d-83c6-4780-973b-531f70727753,103922a0-2ea7-45ee-8ef5-26db21cf45d7,c344987b-408f-40d2-b7e1-0cb850a1d382,Esporte Jardim,⚽,0,0,0,0,0,0,0,50,2026-04-30 23:00:17.742226+00,1000000,t,59,Brasil
c6b18607-1a88-4a9a-8519-c6d1e3edaaa0,103922a0-2ea7-45ee-8ef5-26db21cf45d7,87ce7522-d290-41c3-b300-bf5daa2bec0a,Sport São Miguel,🏟️,0,0,0,0,0,0,0,50,2026-04-30 23:00:17.742226+00,1000000,t,63,Brasil
658d8056-d6e7-4bde-8b47-f082a490cf72,103922a0-2ea7-45ee-8ef5-26db21cf45d7,462be38a-616c-41a0-a20a-29eb1d2bb153,União Boa Vista,🦅,0,0,0,0,0,0,0,50,2026-04-30 23:00:17.742226+00,1000000,t,61,Brasil
1fa72775-1b7d-403c-ac6b-4ab229693341,103922a0-2ea7-45ee-8ef5-26db21cf45d7,40023892-3788-447b-a55c-fb289864c37a,Real Alto da Serra,🐺,0,0,0,0,0,0,0,50,2026-04-30 23:00:17.742226+00,1000000,t,62,Brasil
c5f6514d-72ec-4db2-8d17-cc17ad6fc85d,103922a0-2ea7-45ee-8ef5-26db21cf45d7,0638ad61-07e2-43d6-9d60-489a3c69333f,Inter Morro Alto,🦁,0,0,0,0,0,0,0,50,2026-04-30 23:00:17.742226+00,1000000,t,61,Brasil
102394e1-63c1-44d1-8892-e758403993c4,103922a0-2ea7-45ee-8ef5-26db21cf45d7,a8f5b544-0643-4937-8606-ca5120d682a1,Nacional Ponta Grossa,🐂,0,0,0,0,0,0,0,50,2026-04-30 23:00:17.742226+00,1000000,t,69,Brasil
d7aef028-bd70-4d32-96a5-3c3a26339acc,2f1218f1-daad-4c6f-8c82-731522dba21d,76f2487d-2e58-4f29-8c04-9bd80592d988,Sporting Nova Esperança,⚽,0,0,0,0,0,0,0,50,2026-04-30 23:00:19.185548+00,1000000,t,57,Brasil
e1dbd017-3420-4862-9d0d-10d5725e5348,2f1218f1-daad-4c6f-8c82-731522dba21d,8869dbc4-4c43-4c63-9e14-80034829ff38,Racing Sol Nascente,🏟️,0,0,0,0,0,0,0,50,2026-04-30 23:00:19.185548+00,1000000,t,52,Brasil
edebc686-4a1f-46c6-8193-cf7d98ff3bba,2f1218f1-daad-4c6f-8c82-731522dba21d,7e3fab12-7cf0-444e-8c8f-5450eff07c73,Olimpia Vila Rica,🦅,0,0,0,0,0,0,0,50,2026-04-30 23:00:19.185548+00,1000000,t,53,Brasil
5808553e-1096-4bf8-9016-9742747a4472,2f1218f1-daad-4c6f-8c82-731522dba21d,d2c070fd-a4e4-4606-93ee-55cb3f2a2449,Estrela Monte Azul,🐺,0,0,0,0,0,0,0,50,2026-04-30 23:00:19.185548+00,1000000,t,46,Brasil
8b8717c7-b076-46c5-9359-cc994d61802b,2f1218f1-daad-4c6f-8c82-731522dba21d,14a7b77b-8a1c-4d52-8739-6ee23eb937ca,FC Rio Claro,🦁,0,0,0,0,0,0,0,50,2026-04-30 23:00:19.185548+00,1000000,t,57,Brasil
1dc80dd7-1737-4990-a658-fe6b430ef70e,2f1218f1-daad-4c6f-8c82-731522dba21d,bc7af3df-9ca1-4af1-8cf6-43a54787f840,SC Campo Grande,🐂,0,0,0,0,0,0,0,50,2026-04-30 23:00:19.185548+00,1000000,t,45,Brasil
7f1b6eee-a32b-4d6c-9979-e329669f880c,40a86c7c-3c9e-4288-84e5-c134a504b7ca,c97c2f49-0ede-4ac3-9137-f2a1a77be0f9,Esporte Vila Rica,🦅,0,0,0,0,0,0,0,50,2026-04-30 23:00:16.768306+00,1000000,t,66,Brasil
e49f9a24-1149-4ca3-a304-f04d20158a3a,40a86c7c-3c9e-4288-84e5-c134a504b7ca,4974ba61-4619-4da2-92ba-41e9903ca62f,Sport Monte Azul,🐺,0,0,0,0,0,0,0,50,2026-04-30 23:00:16.768306+00,1000000,t,65,Brasil
3ff34e37-2c96-4b38-bf33-3bf741409341,40a86c7c-3c9e-4288-84e5-c134a504b7ca,54e2f347-402d-439c-8db1-6dcb166447df,União Rio Claro,🦁,0,0,0,0,0,0,0,50,2026-04-30 23:00:16.768306+00,1000000,t,67,Brasil
6874fc1f-5588-4af2-874c-ba2a8c0e91aa,40a86c7c-3c9e-4288-84e5-c134a504b7ca,d60bc8e7-cd1f-4896-a261-c3d3bfbbbb19,Real Campo Grande,🐂,0,0,0,0,0,0,0,50,2026-04-30 23:00:16.768306+00,1000000,t,78,Brasil
d7e14787-e49e-4dae-a1c0-7ada5a09f374,40a86c7c-3c9e-4288-84e5-c134a504b7ca,bf2e9e72-5132-4900-a977-57c83dca1bb0,Inter Serra Alta,🔴,0,0,0,0,0,0,0,50,2026-04-30 23:00:16.768306+00,1000000,t,67,Brasil
67cc4b6c-3a45-49ab-9f72-106159c2d528,40a86c7c-3c9e-4288-84e5-c134a504b7ca,af8881db-858b-439d-80f8-a036825bae20,Nacional Vale Verde,🔵,0,0,0,0,0,0,0,50,2026-04-30 23:00:16.768306+00,1000000,t,73,Brasil
e077598f-5462-402a-a10a-ed5bb502be89,40a86c7c-3c9e-4288-84e5-c134a504b7ca,7e6764fd-20a4-4c35-b6a9-2b3f7970f1b3,Sporting Pedra Branca,🟢,0,0,0,0,0,0,0,50,2026-04-30 23:00:16.768306+00,1000000,t,77,Brasil
16b7787b-d0c7-4c6e-ace2-b1075b525597,40a86c7c-3c9e-4288-84e5-c134a504b7ca,6c4d3938-9410-45b1-8856-d9c8ef066904,Racing Lagoa Santa,🟡,0,0,0,0,0,0,0,50,2026-04-30 23:00:16.768306+00,1000000,t,68,Brasil
5ddba2e1-5553-4b7a-a93f-882a3ec3ea43,40a86c7c-3c9e-4288-84e5-c134a504b7ca,1391378d-df1d-49d0-927a-ace12295b155,Olimpia Porto Alegre,⚫,0,0,0,0,0,0,0,50,2026-04-30 23:00:16.768306+00,1000000,t,68,Brasil
a7bfdf57-eef7-4ae5-8070-d81a969a5f19,40a86c7c-3c9e-4288-84e5-c134a504b7ca,5c4d5b60-3c08-4911-906f-a91eda54fdb1,Estrela Bela Vista,⚪,0,0,0,0,0,0,0,50,2026-04-30 23:00:16.768306+00,1000000,t,77,Brasil
ed2dc510-cd9c-452e-abd1-eabd5be06a5a,40a86c7c-3c9e-4288-84e5-c134a504b7ca,0f28d6b5-7209-4eea-ad77-5355c34cd95b,FC Cruz Alta,🟣,0,0,0,0,0,0,0,50,2026-04-30 23:00:16.768306+00,1000000,t,68,Brasil
f22349bf-99e7-468f-ae85-06ff2485e5d2,40a86c7c-3c9e-4288-84e5-c134a504b7ca,6dfd667b-29a2-49d5-b413-8457638e6e11,SC Santo Amaro,🟠,0,0,0,0,0,0,0,50,2026-04-30 23:00:16.768306+00,1000000,t,69,Brasil
095beb7f-583a-47ca-acbd-14ac4ace562b,40a86c7c-3c9e-4288-84e5-c134a504b7ca,0f0801e4-63e1-4461-a185-0d4ca32974a4,AC Jardim,⚽,0,0,0,0,0,0,0,50,2026-04-30 23:00:16.768306+00,1000000,t,80,Brasil
cb980e59-aa8e-40d0-a749-3b0e3786b425,40a86c7c-3c9e-4288-84e5-c134a504b7ca,af05b8ea-6e0f-47c9-ae82-fbcf98d1546f,EC São Miguel,🏟️,0,0,0,0,0,0,0,50,2026-04-30 23:00:16.768306+00,1000000,t,73,Brasil
af3bccfb-5486-40a1-b47c-1bd99085471b,40a86c7c-3c9e-4288-84e5-c134a504b7ca,4b9fcc7f-60c1-4765-b8fe-2c151bc952c1,Clube Boa Vista,🦅,0,0,0,0,0,0,0,50,2026-04-30 23:00:16.768306+00,1000000,t,76,Brasil
576bc161-5678-4be1-a463-505736b309d9,40a86c7c-3c9e-4288-84e5-c134a504b7ca,2d9dba2e-f1c6-422b-bfe6-02f046cbc73c,Atlético Alto da Serra,🐺,0,0,0,0,0,0,0,50,2026-04-30 23:00:16.768306+00,1000000,t,68,Brasil
1f310aca-e400-43a2-b268-5ffd7004cf43,40a86c7c-3c9e-4288-84e5-c134a504b7ca,1e1926dd-e4ec-414e-a679-64cfdea413c7,Esporte Morro Alto,🦁,0,0,0,0,0,0,0,50,2026-04-30 23:00:16.768306+00,1000000,t,77,Brasil
769a4b89-7153-46e5-b715-2c3e29cb0359,40a86c7c-3c9e-4288-84e5-c134a504b7ca,aa392f68-bc54-4eb0-b87e-5957ccc0cf5f,Sport Ponta Grossa,🐂,0,0,0,0,0,0,0,50,2026-04-30 23:00:16.768306+00,1000000,t,79,Brasil
767538bb-a933-4a98-9638-6c0af3f73981,450626bf-1933-4af6-af8d-57b791f3cccc,dc4d3a40-a83b-46c5-94d3-8fd2dc7f65b0,Sporting Nova Esperança,⚽,0,0,0,0,0,0,0,50,2026-04-30 23:00:16.912353+00,1000000,t,52,Brasil
df6a1905-8743-439a-b866-93c47638b708,450626bf-1933-4af6-af8d-57b791f3cccc,09f22d34-dcae-40e3-a335-f5d3c21ab944,Racing Sol Nascente,🏟️,0,0,0,0,0,0,0,50,2026-04-30 23:00:16.912353+00,1000000,t,47,Brasil
34e201b4-7f43-40ed-92e9-0eb01ea1a557,450626bf-1933-4af6-af8d-57b791f3cccc,537fbc3d-92b6-414a-9ebe-8a05cb307077,Olimpia Vila Rica,🦅,0,0,0,0,0,0,0,50,2026-04-30 23:00:16.912353+00,1000000,t,56,Brasil
540e69a1-f810-4093-8be5-003bcb7ec653,450626bf-1933-4af6-af8d-57b791f3cccc,6665f397-e344-4af4-8555-436a3cfaacbf,Estrela Monte Azul,🐺,0,0,0,0,0,0,0,50,2026-04-30 23:00:16.912353+00,1000000,t,46,Brasil
73202f69-51fe-4f8a-928f-be568d2585b2,450626bf-1933-4af6-af8d-57b791f3cccc,ac55948e-063e-4d7f-88a8-1ad2cbd41860,FC Rio Claro,🦁,0,0,0,0,0,0,0,50,2026-04-30 23:00:16.912353+00,1000000,t,54,Brasil
f5853bf7-bdf6-4784-b595-6e9f3cbbebda,450626bf-1933-4af6-af8d-57b791f3cccc,1117e261-0a53-4dff-80a3-7fc7d3f25a79,SC Campo Grande,🐂,0,0,0,0,0,0,0,50,2026-04-30 23:00:16.912353+00,1000000,t,55,Brasil
3b2a04fd-ff45-44e2-a9bb-840b816f84d8,450626bf-1933-4af6-af8d-57b791f3cccc,916d26c5-08c2-42f3-bec1-aaf5fdee65e0,AC Serra Alta,🔴,0,0,0,0,0,0,0,50,2026-04-30 23:00:16.912353+00,1000000,t,60,Brasil
380246b0-4f02-48f1-b096-8ed75639b8d2,450626bf-1933-4af6-af8d-57b791f3cccc,2f7c7d02-fe65-407f-b90e-8ef47c8bb977,EC Vale Verde,🔵,0,0,0,0,0,0,0,50,2026-04-30 23:00:16.912353+00,1000000,t,51,Brasil
b26830a1-6b74-4acf-b76a-ce86a854e351,450626bf-1933-4af6-af8d-57b791f3cccc,0e12ec2b-4e5c-4788-beff-138b3d771b45,Clube Pedra Branca,🟢,0,0,0,0,0,0,0,50,2026-04-30 23:00:16.912353+00,1000000,t,60,Brasil
b78c5da1-4645-4a0b-8617-76f258013ad2,450626bf-1933-4af6-af8d-57b791f3cccc,56d1bc40-d43b-4fbd-8813-496f0fe941a9,Atlético Lagoa Santa,🟡,0,0,0,0,0,0,0,50,2026-04-30 23:00:16.912353+00,1000000,t,45,Brasil
269d1919-b8e1-4045-af78-04ca215d86bd,450626bf-1933-4af6-af8d-57b791f3cccc,bf6e6b11-503e-4fe5-938d-bc696eba082d,Esporte Porto Alegre,⚫,0,0,0,0,0,0,0,50,2026-04-30 23:00:16.912353+00,1000000,t,55,Brasil
79942494-fccc-4bc6-8c46-873f59642f12,450626bf-1933-4af6-af8d-57b791f3cccc,cafed809-fb44-4d1d-9f33-4f61c357eba7,Sport Bela Vista,⚪,0,0,0,0,0,0,0,50,2026-04-30 23:00:16.912353+00,1000000,t,60,Brasil
28483856-9faa-4cc6-9111-4862c1538a8c,450626bf-1933-4af6-af8d-57b791f3cccc,749655ab-faef-47e1-a553-03759d742bcf,União Cruz Alta,🟣,0,0,0,0,0,0,0,50,2026-04-30 23:00:16.912353+00,1000000,t,50,Brasil
cbc9eaf8-3ba2-4000-bb69-db3908557b16,450626bf-1933-4af6-af8d-57b791f3cccc,9b76731d-2468-471c-abcd-86aab5efd6f0,Real Santo Amaro,🟠,0,0,0,0,0,0,0,50,2026-04-30 23:00:16.912353+00,1000000,t,56,Brasil
f0d4763d-ecd7-4afb-a11b-0667ca87de06,450626bf-1933-4af6-af8d-57b791f3cccc,fab2c2cc-4652-4d42-a409-512d022ff909,Inter Jardim,⚽,0,0,0,0,0,0,0,50,2026-04-30 23:00:16.912353+00,1000000,t,57,Brasil
738e4e06-d960-45bd-8582-bbb9387cbbb9,450626bf-1933-4af6-af8d-57b791f3cccc,2a4b0827-151f-4f50-bcf8-e2f691cebe37,Nacional São Miguel,🏟️,0,0,0,0,0,0,0,50,2026-04-30 23:00:16.912353+00,1000000,t,47,Brasil
9c195293-510f-46ad-b111-f9a206928a9a,450626bf-1933-4af6-af8d-57b791f3cccc,dbb04434-0821-4795-b649-f6bb48a403d9,Sporting Boa Vista,🦅,0,0,0,0,0,0,0,50,2026-04-30 23:00:16.912353+00,1000000,t,47,Brasil
ec0820ab-4a4c-45e2-b9bb-09d080d9dac0,450626bf-1933-4af6-af8d-57b791f3cccc,0e40eada-982f-4531-af85-b8cbcab80464,Racing Alto da Serra,🐺,0,0,0,0,0,0,0,50,2026-04-30 23:00:16.912353+00,1000000,t,50,Brasil
7085babc-0799-4e68-a092-f1bb90b3d6b5,450626bf-1933-4af6-af8d-57b791f3cccc,893c6046-593c-401a-a749-b8f64f043fa8,Olimpia Morro Alto,🦁,0,0,0,0,0,0,0,50,2026-04-30 23:00:16.912353+00,1000000,t,57,Brasil
489c1236-a307-4a9e-af04-689c001b3c0e,450626bf-1933-4af6-af8d-57b791f3cccc,37189757-88a8-4b96-9a53-fddf404b67d7,Estrela Ponta Grossa,🐂,0,0,0,0,0,0,0,50,2026-04-30 23:00:16.912353+00,1000000,t,52,Brasil
508d3d1e-b428-4249-b5ed-4550d1b7e960,0873471a-e5b7-4175-8762-eaf0deb14469,18f16a42-272c-43a1-9461-56b6e5d064ba,União Nova Esperança,⚽,0,0,0,0,0,0,0,50,2026-04-30 23:00:17.266041+00,1000000,t,56,Brasil
60000941-a6ce-4583-b246-4a825aca9b03,0873471a-e5b7-4175-8762-eaf0deb14469,ffa731d3-2033-4a2a-887a-9d905aadb8f1,Real Sol Nascente,🏟️,0,0,0,0,0,0,0,50,2026-04-30 23:00:17.266041+00,1000000,t,67,Brasil
7f7700be-6649-4521-85fe-da42c27036be,0873471a-e5b7-4175-8762-eaf0deb14469,a64a65d7-f053-47aa-8482-0d1c5a4418a6,Inter Vila Rica,🦅,0,0,0,0,0,0,0,50,2026-04-30 23:00:17.266041+00,1000000,t,57,Brasil
defec2a5-c4c9-499b-960a-6f1c73f665df,0873471a-e5b7-4175-8762-eaf0deb14469,388f9f52-d44d-452a-bb44-49e904bd5800,Nacional Monte Azul,🐺,0,0,0,0,0,0,0,50,2026-04-30 23:00:17.266041+00,1000000,t,56,Brasil
8fd1d898-5ad6-48bf-8bca-59475ef96317,0873471a-e5b7-4175-8762-eaf0deb14469,dd92027e-473f-4d37-b5a6-4e1e356f4f28,Sporting Rio Claro,🦁,0,0,0,0,0,0,0,50,2026-04-30 23:00:17.266041+00,1000000,t,57,Brasil
19289b89-8a3b-4b45-a5b7-2a3f1286525d,0873471a-e5b7-4175-8762-eaf0deb14469,d9631f06-2f5a-4066-a434-8acbeae72310,Racing Campo Grande,🐂,0,0,0,0,0,0,0,50,2026-04-30 23:00:17.266041+00,1000000,t,67,Brasil
3c1ce203-cb15-4dff-8f46-0195935ac84e,0873471a-e5b7-4175-8762-eaf0deb14469,2dd2b13f-0f76-44e3-b119-0be5ecef2b60,Olimpia Serra Alta,🔴,0,0,0,0,0,0,0,50,2026-04-30 23:00:17.266041+00,1000000,t,62,Brasil
afaf155f-88ce-4749-beeb-152d2e982b25,0873471a-e5b7-4175-8762-eaf0deb14469,ec197763-cf7e-4ea9-89de-d8a1ac8094b1,Estrela Vale Verde,🔵,0,0,0,0,0,0,0,50,2026-04-30 23:00:17.266041+00,1000000,t,59,Brasil
ab073aa7-af1d-41ce-8607-f8b4fcd9d34d,0873471a-e5b7-4175-8762-eaf0deb14469,ed77c5bc-e790-4bd4-a870-1bf9d6660dcf,FC Pedra Branca,🟢,0,0,0,0,0,0,0,50,2026-04-30 23:00:17.266041+00,1000000,t,66,Brasil
747c749e-9aea-4e5a-bbef-303507ea8015,0873471a-e5b7-4175-8762-eaf0deb14469,732d3ac8-6255-4729-ae31-67b382ea8167,SC Lagoa Santa,🟡,0,0,0,0,0,0,0,50,2026-04-30 23:00:17.266041+00,1000000,t,64,Brasil
50d2acac-92d9-4f37-98cc-0f32f86d8be7,0873471a-e5b7-4175-8762-eaf0deb14469,7e8d6484-76a7-4d10-9072-9b02ae31d690,AC Porto Alegre,⚫,0,0,0,0,0,0,0,50,2026-04-30 23:00:17.266041+00,1000000,t,67,Brasil
d432e070-b9ee-4481-ae3e-92efb336a97f,0873471a-e5b7-4175-8762-eaf0deb14469,efd5aa9a-7c39-437d-bf3a-e2dbe758a90c,EC Bela Vista,⚪,0,0,0,0,0,0,0,50,2026-04-30 23:00:17.266041+00,1000000,t,56,Brasil
03782cdb-7ad9-45a3-aa95-b928e479c49b,0873471a-e5b7-4175-8762-eaf0deb14469,b04af696-9393-47f4-b190-e9cf1d4ed44b,Clube Cruz Alta,🟣,0,0,0,0,0,0,0,50,2026-04-30 23:00:17.266041+00,1000000,t,62,Brasil
457b2482-fc3a-4d5c-9208-5e6e82bda01e,d9553e3d-e6bb-4f37-abfb-b645b29eb646,eb15bb6d-cf23-4afb-a324-8bcd5000d107,Clube Rio Claro,🦁,0,0,0,0,0,0,0,50,2026-04-30 23:00:17.104306+00,1000000,t,81,Brasil
326e291d-ef7c-4a0e-839f-12381091abf6,d9553e3d-e6bb-4f37-abfb-b645b29eb646,14cc2795-3aa1-4057-a0af-f331bc786d82,Atlético Campo Grande,🐂,0,0,0,0,0,0,0,50,2026-04-30 23:00:17.104306+00,1000000,t,75,Brasil
059028ab-cb95-459d-95c7-bfd18108692e,d9553e3d-e6bb-4f37-abfb-b645b29eb646,cc2923cb-3907-487c-a377-99b93262479f,Esporte Serra Alta,🔴,0,0,0,0,0,0,0,50,2026-04-30 23:00:17.104306+00,1000000,t,80,Brasil
598e2b4d-ab85-448b-b6f3-f7d7a7c2289d,d9553e3d-e6bb-4f37-abfb-b645b29eb646,81c05252-e165-4861-99a8-12c61af8c7e9,Sport Vale Verde,🔵,0,0,0,0,0,0,0,50,2026-04-30 23:00:17.104306+00,1000000,t,81,Brasil
31b30bd6-babf-4bfd-8716-2cbc1f09d32e,d9553e3d-e6bb-4f37-abfb-b645b29eb646,1ae4b520-cf81-4f8e-9aee-0d4e88ab44c5,União Pedra Branca,🟢,0,0,0,0,0,0,0,50,2026-04-30 23:00:17.104306+00,1000000,t,90,Brasil
8929edae-f8b3-4ce5-a148-2e89939637b3,d9553e3d-e6bb-4f37-abfb-b645b29eb646,f37e65cd-0852-4341-9437-ace034619075,Real Lagoa Santa,🟡,0,0,0,0,0,0,0,50,2026-04-30 23:00:17.104306+00,1000000,t,84,Brasil
59f7054e-c40b-44c3-9b05-bce26dcf4578,d9553e3d-e6bb-4f37-abfb-b645b29eb646,11cfe68f-9dee-4111-85a4-71998f1adbb1,Inter Porto Alegre,⚫,0,0,0,0,0,0,0,50,2026-04-30 23:00:17.104306+00,1000000,t,89,Brasil
e74f2501-a053-4b52-9406-4e2f8bf7cad0,d9553e3d-e6bb-4f37-abfb-b645b29eb646,3cb94f2f-8a08-41b7-ba3b-efd2bac474af,Nacional Bela Vista,⚪,0,0,0,0,0,0,0,50,2026-04-30 23:00:17.104306+00,1000000,t,82,Brasil
57f99072-3a20-4ecb-bbd5-50133d570906,d9553e3d-e6bb-4f37-abfb-b645b29eb646,c9955206-1c20-4a2a-a6c3-72e1c233db66,Sporting Cruz Alta,🟣,0,0,0,0,0,0,0,50,2026-04-30 23:00:17.104306+00,1000000,t,84,Brasil
7872d4c9-1292-4f65-b456-fef591bd36ff,d9553e3d-e6bb-4f37-abfb-b645b29eb646,f957577c-c86d-486a-be66-00b551e71a36,Racing Santo Amaro,🟠,0,0,0,0,0,0,0,50,2026-04-30 23:00:17.104306+00,1000000,t,90,Brasil
ae3b5cda-e8b2-4fd1-9171-e8bb5eac305b,d9553e3d-e6bb-4f37-abfb-b645b29eb646,26811e29-04db-42bc-bd24-29151fd8c04b,Olimpia Jardim,⚽,0,0,0,0,0,0,0,50,2026-04-30 23:00:17.104306+00,1000000,t,75,Brasil
67fcdc85-d4d5-4e93-9db5-3f7c6b83980f,d9553e3d-e6bb-4f37-abfb-b645b29eb646,a538f739-f444-404c-98ad-c2d51ca3a205,Estrela São Miguel,🏟️,0,0,0,0,0,0,0,50,2026-04-30 23:00:17.104306+00,1000000,t,84,Brasil
e1aa7e49-0bcf-4c1f-8ef2-e8513fec41d7,d9553e3d-e6bb-4f37-abfb-b645b29eb646,a574cd33-4206-4718-b8e5-341bb07ab7c2,FC Boa Vista,🦅,0,0,0,0,0,0,0,50,2026-04-30 23:00:17.104306+00,1000000,t,76,Brasil
b0c083b8-8b3d-4dd6-9ac5-ac7ab009f5df,d9553e3d-e6bb-4f37-abfb-b645b29eb646,50a222b4-e03e-45c5-8bc9-de4b71363457,SC Alto da Serra,🐺,0,0,0,0,0,0,0,50,2026-04-30 23:00:17.104306+00,1000000,t,75,Brasil
ee0898b1-e954-4cdf-af94-03b3c97b6dc2,d9553e3d-e6bb-4f37-abfb-b645b29eb646,d5d5373e-c0ea-4442-b624-634415148de4,AC Morro Alto,🦁,0,0,0,0,0,0,0,50,2026-04-30 23:00:17.104306+00,1000000,t,76,Brasil
2b018395-badd-4bf5-8a07-124d10c63130,d9553e3d-e6bb-4f37-abfb-b645b29eb646,7f175794-a9c0-49ae-90c8-13f41b651c76,EC Ponta Grossa,🐂,0,0,0,0,0,0,0,50,2026-04-30 23:00:17.104306+00,1000000,t,77,Brasil
81ce69d8-567b-491f-9af4-657a2273c28b,bddf5fdc-b7d2-46c7-b96f-7a0dfe06be00,7e79339f-d9a6-48e1-a707-7216e623276c,Clube Nova Esperança,⚽,0,0,0,0,0,0,0,50,2026-04-30 23:00:19.4298+00,1000000,t,72,Brasil
d06a5487-4a62-48c5-b205-d0944d0f6162,bddf5fdc-b7d2-46c7-b96f-7a0dfe06be00,67a612bc-6555-4f0a-b5c3-25646c6a577f,Atlético Sol Nascente,🏟️,0,0,0,0,0,0,0,50,2026-04-30 23:00:19.4298+00,1000000,t,73,Brasil
bbe1d325-c342-4ec6-8ef2-3fe2c4a44208,bddf5fdc-b7d2-46c7-b96f-7a0dfe06be00,a0275122-551e-4b09-83b0-23aead56ddaa,Esporte Vila Rica,🦅,0,0,0,0,0,0,0,50,2026-04-30 23:00:19.4298+00,1000000,t,68,Brasil
74443536-badd-426f-8d9e-f1462bbe1469,bddf5fdc-b7d2-46c7-b96f-7a0dfe06be00,0e0186db-63ce-49ce-aa6a-051d247d2a59,Sport Monte Azul,🐺,0,0,0,0,0,0,0,50,2026-04-30 23:00:19.4298+00,1000000,t,73,Brasil
13f5113e-4458-47bd-ae9e-debcc408d371,bddf5fdc-b7d2-46c7-b96f-7a0dfe06be00,398c9e41-4b71-4120-ab18-e09c41a60bd3,União Rio Claro,🦁,0,0,0,0,0,0,0,50,2026-04-30 23:00:19.4298+00,1000000,t,73,Brasil
c8ba42d2-9c25-47cc-b6d1-1510813dd905,bddf5fdc-b7d2-46c7-b96f-7a0dfe06be00,b1ef7ec4-289d-4847-aea4-a4a05ae1a50c,Real Campo Grande,🐂,0,0,0,0,0,0,0,50,2026-04-30 23:00:19.4298+00,1000000,t,72,Brasil
4ccb3d41-3a7f-472b-9376-c9d75fcdfcfd,bddf5fdc-b7d2-46c7-b96f-7a0dfe06be00,43836d1b-4889-4232-9879-367c12a4f32e,Inter Serra Alta,🔴,0,0,0,0,0,0,0,50,2026-04-30 23:00:19.4298+00,1000000,t,66,Brasil
3dadb1f6-4de7-4dfa-a075-070c2cf5b9c2,bddf5fdc-b7d2-46c7-b96f-7a0dfe06be00,0b3b0946-b394-4f50-89de-249d1d3e8284,Nacional Vale Verde,🔵,0,0,0,0,0,0,0,50,2026-04-30 23:00:19.4298+00,1000000,t,70,Brasil
2ffb09e2-3e47-4a27-97f3-b7078fa334dc,bddf5fdc-b7d2-46c7-b96f-7a0dfe06be00,06369a4f-c053-4c7c-8aee-e0a97d391227,Sporting Pedra Branca,🟢,0,0,0,0,0,0,0,50,2026-04-30 23:00:19.4298+00,1000000,t,77,Brasil
4d0a7b55-591c-40bb-b8af-f2e339a1b524,bddf5fdc-b7d2-46c7-b96f-7a0dfe06be00,b71e5d55-cfb3-4106-9bde-0f080a9b1650,Racing Lagoa Santa,🟡,0,0,0,0,0,0,0,50,2026-04-30 23:00:19.4298+00,1000000,t,78,Brasil
e77f7d98-74a7-4ab4-885b-f420c53146bd,bddf5fdc-b7d2-46c7-b96f-7a0dfe06be00,1165a07b-ca2c-47c7-b911-2c61cae08a36,Olimpia Porto Alegre,⚫,0,0,0,0,0,0,0,50,2026-04-30 23:00:19.4298+00,1000000,t,71,Brasil
9b120cf8-a809-4b92-bead-3d65222726bc,bddf5fdc-b7d2-46c7-b96f-7a0dfe06be00,3d7de1c1-d9ff-41af-ab15-ed0097a8cd40,Estrela Bela Vista,⚪,0,0,0,0,0,0,0,50,2026-04-30 23:00:19.4298+00,1000000,t,67,Brasil
67a1261a-f191-4c61-8cc3-758556c59143,bddf5fdc-b7d2-46c7-b96f-7a0dfe06be00,a13aaeb1-8520-4976-bec7-7886ac9a3372,FC Cruz Alta,🟣,0,0,0,0,0,0,0,50,2026-04-30 23:00:19.4298+00,1000000,t,70,Brasil
7d63180a-d123-49ad-9fe8-052a60d241c5,bddf5fdc-b7d2-46c7-b96f-7a0dfe06be00,df1c7fa7-1284-4222-b9d8-46af53708fd0,SC Santo Amaro,🟠,0,0,0,0,0,0,0,50,2026-04-30 23:00:19.4298+00,1000000,t,79,Brasil
829efc79-4221-4d4b-889f-406f4e27891c,bddf5fdc-b7d2-46c7-b96f-7a0dfe06be00,a0a09f68-6f82-479c-8a8b-6535f938cd21,AC Jardim,⚽,0,0,0,0,0,0,0,50,2026-04-30 23:00:19.4298+00,1000000,t,73,Brasil
5aa1f1e8-c063-44ef-8b8b-033f6ad2b64e,bddf5fdc-b7d2-46c7-b96f-7a0dfe06be00,e74c1be5-2b33-46cd-aeb5-92aa40f1176d,EC São Miguel,🏟️,0,0,0,0,0,0,0,50,2026-04-30 23:00:19.4298+00,1000000,t,66,Brasil
647dae4e-9492-42cb-abc1-0bf557c9d2b5,bddf5fdc-b7d2-46c7-b96f-7a0dfe06be00,54edf3ee-ed0a-4efb-9253-cc1291462830,Clube Boa Vista,🦅,0,0,0,0,0,0,0,50,2026-04-30 23:00:19.4298+00,1000000,t,80,Brasil
f675f400-6402-4370-a4a9-19c448748793,bddf5fdc-b7d2-46c7-b96f-7a0dfe06be00,a8d29c46-829f-44af-86fb-f5c856b2ebfd,Atlético Alto da Serra,🐺,0,0,0,0,0,0,0,50,2026-04-30 23:00:19.4298+00,1000000,t,66,Brasil
ff14f424-9326-4443-adfd-64332feee298,bddf5fdc-b7d2-46c7-b96f-7a0dfe06be00,56a43104-d67c-4efc-8c19-7d831c237d62,Esporte Morro Alto,🦁,0,0,0,0,0,0,0,50,2026-04-30 23:00:19.4298+00,1000000,t,75,Brasil
bf325e64-e5e4-4bdb-a050-4fb276717c1f,bddf5fdc-b7d2-46c7-b96f-7a0dfe06be00,ca486f47-f7b6-4b25-90ea-40a2788c9a24,Sport Ponta Grossa,🐂,0,0,0,0,0,0,0,50,2026-04-30 23:00:19.4298+00,1000000,t,72,Brasil
4020a611-57cd-47cb-8b6d-7e1447bd0dce,f619c600-747f-49e1-939c-00ba06d05019,b1542b79-a3bb-4d80-98a1-4ce8b09026eb,Clube Nova Esperança,⚽,0,0,0,0,0,0,0,50,2026-04-30 23:00:20.438976+00,1000000,t,73,Brasil
814e54fa-fe70-47e0-843e-d9dd231b71cc,f619c600-747f-49e1-939c-00ba06d05019,cc8c85d2-f4ad-405e-aa03-832b90033653,Atlético Sol Nascente,🏟️,0,0,0,0,0,0,0,50,2026-04-30 23:00:20.438976+00,1000000,t,65,Brasil
b3a1909f-031f-4852-afa5-7a5f1f04d67c,f619c600-747f-49e1-939c-00ba06d05019,9e88dea0-de15-4b3c-a8ac-905976294044,Esporte Vila Rica,🦅,0,0,0,0,0,0,0,50,2026-04-30 23:00:20.438976+00,1000000,t,69,Brasil
aaff59c7-22d4-4c5d-aac5-743fd65d919c,f619c600-747f-49e1-939c-00ba06d05019,cadaff5b-44ef-4b53-8ca8-fdaba2c240c1,Sport Monte Azul,🐺,0,0,0,0,0,0,0,50,2026-04-30 23:00:20.438976+00,1000000,t,72,Brasil
a6e80643-e809-40fd-962e-756581323e9f,f619c600-747f-49e1-939c-00ba06d05019,2fb10401-7152-409a-8023-d3a5060413d0,União Rio Claro,🦁,0,0,0,0,0,0,0,50,2026-04-30 23:00:20.438976+00,1000000,t,68,Brasil
1a8d4da5-1295-4af9-ba38-e81d95ab8701,f619c600-747f-49e1-939c-00ba06d05019,27cfd960-ca0f-482c-ba2b-59c415e760cc,Real Campo Grande,🐂,0,0,0,0,0,0,0,50,2026-04-30 23:00:20.438976+00,1000000,t,65,Brasil
5b382a3d-46a2-45fc-b320-e04b490f4b39,f619c600-747f-49e1-939c-00ba06d05019,f54d3c9d-7f6a-4327-88cc-9a3023d8e94e,Inter Serra Alta,🔴,0,0,0,0,0,0,0,50,2026-04-30 23:00:20.438976+00,1000000,t,65,Brasil
57a3ce7f-1d1d-4945-ab93-25a839d02619,f619c600-747f-49e1-939c-00ba06d05019,bddeddc9-36b8-424b-a684-d8dad3f4dbd8,Nacional Vale Verde,🔵,0,0,0,0,0,0,0,50,2026-04-30 23:00:20.438976+00,1000000,t,65,Brasil
72390731-cd6c-4763-b683-abe096137e04,f619c600-747f-49e1-939c-00ba06d05019,ca39bf79-dbbd-4574-a02f-aa7800e05d8c,Sporting Pedra Branca,🟢,0,0,0,0,0,0,0,50,2026-04-30 23:00:20.438976+00,1000000,t,74,Brasil
396ce244-7226-4db8-ab58-0f15aa9f46ee,f619c600-747f-49e1-939c-00ba06d05019,1dd49a4e-361a-4369-952b-f37a73de5d7e,Racing Lagoa Santa,🟡,0,0,0,0,0,0,0,50,2026-04-30 23:00:20.438976+00,1000000,t,66,Brasil
dc4fb067-a082-4bb2-bd3b-32f90dcd2966,f619c600-747f-49e1-939c-00ba06d05019,e865f1bf-3b67-4e90-9845-8b1de1fe4daf,Olimpia Porto Alegre,⚫,0,0,0,0,0,0,0,50,2026-04-30 23:00:20.438976+00,1000000,t,79,Brasil
bd93b0ee-8d60-45bc-8c30-e5250928115a,f619c600-747f-49e1-939c-00ba06d05019,1594c740-ed12-48d6-9d83-c1684a749f3e,Estrela Bela Vista,⚪,0,0,0,0,0,0,0,50,2026-04-30 23:00:20.438976+00,1000000,t,72,Brasil
dda7e2cc-62cf-4e39-9d1d-aa4f96f79acd,f619c600-747f-49e1-939c-00ba06d05019,899a8404-e3a1-4b01-a420-bf601f0fa21d,FC Cruz Alta,🟣,0,0,0,0,0,0,0,50,2026-04-30 23:00:20.438976+00,1000000,t,74,Brasil
fe3e82ba-0fd4-4a37-a216-e6d557514ed8,f619c600-747f-49e1-939c-00ba06d05019,c4899eeb-74a8-4b36-bebe-4bdf4ab64ab6,SC Santo Amaro,🟠,0,0,0,0,0,0,0,50,2026-04-30 23:00:20.438976+00,1000000,t,74,Brasil
da1a5141-6bfc-4188-a9c2-40b9671500a1,f619c600-747f-49e1-939c-00ba06d05019,1b18e31f-b667-40d9-8800-b52f65dda0b7,AC Jardim,⚽,0,0,0,0,0,0,0,50,2026-04-30 23:00:20.438976+00,1000000,t,71,Brasil
37d248d0-6683-4282-8a57-566b090c4b6f,0873471a-e5b7-4175-8762-eaf0deb14469,1320c620-1d5f-4948-8700-137cef0e1913,Atlético Santo Amaro,🟠,0,0,0,0,0,0,0,50,2026-04-30 23:00:17.266041+00,1000000,t,66,Brasil
7dccd6dc-3487-46ae-be70-4bedf1373f23,0873471a-e5b7-4175-8762-eaf0deb14469,640bed7a-9ddb-45e7-8539-b8c96ad9189d,Esporte Jardim,⚽,0,0,0,0,0,0,0,50,2026-04-30 23:00:17.266041+00,1000000,t,69,Brasil
4b5be62b-fc83-4e88-b378-ed0548fd460a,0873471a-e5b7-4175-8762-eaf0deb14469,de2b1d48-a2bc-49a5-b4e3-69d141fb08f5,Sport São Miguel,🏟️,0,0,0,0,0,0,0,50,2026-04-30 23:00:17.266041+00,1000000,t,64,Brasil
1d157fb8-9001-46a6-b864-2027e82a71c2,0873471a-e5b7-4175-8762-eaf0deb14469,c768c20e-be8b-41e1-920c-02c3ccd86d20,União Boa Vista,🦅,0,0,0,0,0,0,0,50,2026-04-30 23:00:17.266041+00,1000000,t,55,Brasil
8962f276-7117-4b83-83f6-c88b8b9aa42d,0873471a-e5b7-4175-8762-eaf0deb14469,77083f70-6376-4ddc-87f4-be8ac437968b,Real Alto da Serra,🐺,0,0,0,0,0,0,0,50,2026-04-30 23:00:17.266041+00,1000000,t,62,Brasil
c92de033-4531-4baf-a9d6-877b4ea350e3,0873471a-e5b7-4175-8762-eaf0deb14469,942c75cb-4aa0-438f-91e2-64cbb99a9d99,Inter Morro Alto,🦁,0,0,0,0,0,0,0,50,2026-04-30 23:00:17.266041+00,1000000,t,56,Brasil
2d87dac7-6a47-41ed-ac4a-a929f767643d,0873471a-e5b7-4175-8762-eaf0deb14469,63ee726e-adf9-4233-b4f1-6fa33ad9ca0e,Nacional Ponta Grossa,🐂,0,0,0,0,0,0,0,50,2026-04-30 23:00:17.266041+00,1000000,t,70,Brasil
669feff0-9356-43a3-98f7-de5ae0ef19fd,da482130-4fdb-436b-be6d-8f9801754b9e,cf842d3e-d220-4860-832b-a17bc53bb602,Sporting Nova Esperança,⚽,0,0,0,0,0,0,0,50,2026-04-30 23:00:17.850318+00,1000000,t,51,Brasil
7fe07f37-8cae-484a-989b-fc72cda4db7a,da482130-4fdb-436b-be6d-8f9801754b9e,5aa306c4-b51b-485b-973e-64d90b23aebf,Racing Sol Nascente,🏟️,0,0,0,0,0,0,0,50,2026-04-30 23:00:17.850318+00,1000000,t,56,Brasil
96272dfc-db08-4a57-8e6d-7c10060aab2c,da482130-4fdb-436b-be6d-8f9801754b9e,f324b973-d9f1-41ef-b5a2-ee1d3e90c93a,Olimpia Vila Rica,🦅,0,0,0,0,0,0,0,50,2026-04-30 23:00:17.850318+00,1000000,t,52,Brasil
f1ef237a-2d43-454c-90e4-1271e4fb1237,da482130-4fdb-436b-be6d-8f9801754b9e,3460fbbc-282a-4a49-b357-ec944032ac1f,Estrela Monte Azul,🐺,0,0,0,0,0,0,0,50,2026-04-30 23:00:17.850318+00,1000000,t,60,Brasil
073ebe7b-e2f0-41b7-ba60-3bfeff217cad,da482130-4fdb-436b-be6d-8f9801754b9e,2d790ff0-763d-4c64-8005-4900449ef87f,FC Rio Claro,🦁,0,0,0,0,0,0,0,50,2026-04-30 23:00:17.850318+00,1000000,t,45,Brasil
24723d19-f666-407d-b1a6-6b5ffc2b3a59,da482130-4fdb-436b-be6d-8f9801754b9e,9d16d41a-2d45-4da2-b35d-faa34820d8b9,SC Campo Grande,🐂,0,0,0,0,0,0,0,50,2026-04-30 23:00:17.850318+00,1000000,t,46,Brasil
c40da100-f397-41ed-9fcd-e3f3b0e3cc73,da482130-4fdb-436b-be6d-8f9801754b9e,1225aa00-202a-416c-8249-b8fe7408d38a,AC Serra Alta,🔴,0,0,0,0,0,0,0,50,2026-04-30 23:00:17.850318+00,1000000,t,47,Brasil
162440f8-e9b3-4ceb-91a6-4fe919fccfed,da482130-4fdb-436b-be6d-8f9801754b9e,1f2e972c-769b-493a-ae57-28ec89e1ae9e,EC Vale Verde,🔵,0,0,0,0,0,0,0,50,2026-04-30 23:00:17.850318+00,1000000,t,52,Brasil
645c025a-e662-4a7a-aa50-181a1e3a21c8,da482130-4fdb-436b-be6d-8f9801754b9e,13664b97-02bd-4f8f-b6b3-00df5923329d,Clube Pedra Branca,🟢,0,0,0,0,0,0,0,50,2026-04-30 23:00:17.850318+00,1000000,t,50,Brasil
02c6d5bf-3a90-4c32-a855-0684644b45e4,da482130-4fdb-436b-be6d-8f9801754b9e,10ee1938-462a-4433-8620-823f83d23c89,Atlético Lagoa Santa,🟡,0,0,0,0,0,0,0,50,2026-04-30 23:00:17.850318+00,1000000,t,50,Brasil
3878091d-7ffd-4eaa-80e5-cd2229ad36d9,da482130-4fdb-436b-be6d-8f9801754b9e,60e2e839-0fce-4ba8-b56e-5f71b73894dd,Esporte Porto Alegre,⚫,0,0,0,0,0,0,0,50,2026-04-30 23:00:17.850318+00,1000000,t,51,Brasil
d3ba9cef-16bd-4650-854b-085a6722b82b,da482130-4fdb-436b-be6d-8f9801754b9e,998a2df3-0fa8-45df-8b59-82c43a7afc6a,Sport Bela Vista,⚪,0,0,0,0,0,0,0,50,2026-04-30 23:00:17.850318+00,1000000,t,58,Brasil
12fd1797-2387-44b4-a98d-d5ec0bb5e9a0,da482130-4fdb-436b-be6d-8f9801754b9e,82c021aa-a687-4dc6-a567-f35061381031,União Cruz Alta,🟣,0,0,0,0,0,0,0,50,2026-04-30 23:00:17.850318+00,1000000,t,53,Brasil
36ee336f-bd8e-4ccd-a232-b6ec0317ab8e,da482130-4fdb-436b-be6d-8f9801754b9e,8204e86b-15d3-43de-8562-26e90847100f,Real Santo Amaro,🟠,0,0,0,0,0,0,0,50,2026-04-30 23:00:17.850318+00,1000000,t,47,Brasil
a5849ebb-c642-4628-88b2-7c34fb50f1a9,da482130-4fdb-436b-be6d-8f9801754b9e,f85b2e58-ccb8-487b-8cfc-699fc78e03f7,Inter Jardim,⚽,0,0,0,0,0,0,0,50,2026-04-30 23:00:17.850318+00,1000000,t,48,Brasil
82698041-5de0-4fad-95f8-24caad77127e,da482130-4fdb-436b-be6d-8f9801754b9e,8be2453f-d907-4873-9529-07f1f13dd765,Nacional São Miguel,🏟️,0,0,0,0,0,0,0,50,2026-04-30 23:00:17.850318+00,1000000,t,52,Brasil
c3f78c08-4744-4838-bf84-f909fb9114a4,da482130-4fdb-436b-be6d-8f9801754b9e,e3e2f6df-ca7b-49e0-b21e-fb0c47d5ae1f,Sporting Boa Vista,🦅,0,0,0,0,0,0,0,50,2026-04-30 23:00:17.850318+00,1000000,t,51,Brasil
734bbc28-e89e-4f0c-a775-10e33208633e,da482130-4fdb-436b-be6d-8f9801754b9e,25cde821-f565-4481-8506-b64e95f54bf8,Racing Alto da Serra,🐺,0,0,0,0,0,0,0,50,2026-04-30 23:00:17.850318+00,1000000,t,48,Brasil
e5f7d99a-6e5c-4d85-b1a1-cfcecc066339,da482130-4fdb-436b-be6d-8f9801754b9e,e5927fc3-bf1f-4336-bd6d-4cc6a507402e,Olimpia Morro Alto,🦁,0,0,0,0,0,0,0,50,2026-04-30 23:00:17.850318+00,1000000,t,49,Brasil
70f87ef4-258e-4c3f-a19f-08a624aa5a2c,da482130-4fdb-436b-be6d-8f9801754b9e,424377c7-6903-47aa-8db4-629e17309846,Estrela Ponta Grossa,🐂,0,0,0,0,0,0,0,50,2026-04-30 23:00:17.850318+00,1000000,t,59,Brasil
6331d4a1-adaf-4097-b166-a7d74e0b51d4,5355aaba-74a9-4717-a6d2-10bf282998d3,d49e794d-cdeb-419e-997d-60f4284d55aa,Sporting Nova Esperança,⚽,0,0,0,0,0,0,0,50,2026-04-30 23:00:18.266235+00,1000000,t,58,Brasil
1280b376-e1fc-4681-80a1-949a1d8dbd19,5355aaba-74a9-4717-a6d2-10bf282998d3,b5681c5f-57b5-4e5e-9ba9-2ec738869d5e,Racing Sol Nascente,🏟️,0,0,0,0,0,0,0,50,2026-04-30 23:00:18.266235+00,1000000,t,57,Brasil
3c7fcc7d-b1d4-4cd3-9408-b64ccf9728e3,5355aaba-74a9-4717-a6d2-10bf282998d3,6d85d037-3b2d-4175-8f9b-46e33762a2c6,Olimpia Vila Rica,🦅,0,0,0,0,0,0,0,50,2026-04-30 23:00:18.266235+00,1000000,t,53,Brasil
4db2e842-d7b4-48b6-b278-42757f20a70c,5355aaba-74a9-4717-a6d2-10bf282998d3,c693dbbc-3cc1-42c5-890e-5b6f62e0f0a0,Estrela Monte Azul,🐺,0,0,0,0,0,0,0,50,2026-04-30 23:00:18.266235+00,1000000,t,47,Brasil
5691a421-3d37-4114-9c82-ac79f8c17ad8,5355aaba-74a9-4717-a6d2-10bf282998d3,e8ad6c41-a334-40e0-b105-6dd0b5351c09,FC Rio Claro,🦁,0,0,0,0,0,0,0,50,2026-04-30 23:00:18.266235+00,1000000,t,56,Brasil
3de708d3-70d1-4ed2-b262-a7c9042a5214,5355aaba-74a9-4717-a6d2-10bf282998d3,f1495971-b07b-4a8c-808e-bc8b56795356,SC Campo Grande,🐂,0,0,0,0,0,0,0,50,2026-04-30 23:00:18.266235+00,1000000,t,47,Brasil
681f4137-8d58-4fd9-a165-f9099a3a1097,5355aaba-74a9-4717-a6d2-10bf282998d3,dff30b70-d51c-460e-9fec-1800dc64a129,AC Serra Alta,🔴,0,0,0,0,0,0,0,50,2026-04-30 23:00:18.266235+00,1000000,t,55,Brasil
a09dc87c-0705-46af-bb2a-680d50bd660d,5355aaba-74a9-4717-a6d2-10bf282998d3,ffaf7994-6218-428e-97cd-1637ff1f530a,EC Vale Verde,🔵,0,0,0,0,0,0,0,50,2026-04-30 23:00:18.266235+00,1000000,t,58,Brasil
1a3871fd-9019-434d-91e4-fbd34c8ab88d,5355aaba-74a9-4717-a6d2-10bf282998d3,4473dde0-6e9a-4085-a7ab-e01aad7351e2,Clube Pedra Branca,🟢,0,0,0,0,0,0,0,50,2026-04-30 23:00:18.266235+00,1000000,t,55,Brasil
ae33d849-2e48-4d1a-9473-4d84e03e2281,5355aaba-74a9-4717-a6d2-10bf282998d3,031d54df-8b1a-45c5-82a3-1b6129f2d443,Atlético Lagoa Santa,🟡,0,0,0,0,0,0,0,50,2026-04-30 23:00:18.266235+00,1000000,t,47,Brasil
1506d043-cba5-48ea-84b1-2c3131fbfa43,5355aaba-74a9-4717-a6d2-10bf282998d3,52de0f9d-b48d-4c15-a189-d7ace00a6dda,Esporte Porto Alegre,⚫,0,0,0,0,0,0,0,50,2026-04-30 23:00:18.266235+00,1000000,t,45,Brasil
03137068-b0d9-49aa-88d3-9578b20b41da,5355aaba-74a9-4717-a6d2-10bf282998d3,3cc92ce0-b9db-48f9-bf9b-29f96a487f39,Sport Bela Vista,⚪,0,0,0,0,0,0,0,50,2026-04-30 23:00:18.266235+00,1000000,t,49,Brasil
0c714b1a-fe88-4138-900e-5ab67e254fc6,5355aaba-74a9-4717-a6d2-10bf282998d3,0510c1c6-9c37-4325-bcd6-f31b74b22159,União Cruz Alta,🟣,0,0,0,0,0,0,0,50,2026-04-30 23:00:18.266235+00,1000000,t,59,Brasil
7436e2bf-386e-436c-951c-28cbfc2ab862,5355aaba-74a9-4717-a6d2-10bf282998d3,bacf5689-54ec-4efb-a131-420a8ac49ac1,Real Santo Amaro,🟠,0,0,0,0,0,0,0,50,2026-04-30 23:00:18.266235+00,1000000,t,48,Brasil
1eb61c13-bebc-4d47-98d0-c97036007fec,5355aaba-74a9-4717-a6d2-10bf282998d3,284432bb-efd6-4bcb-b0cc-0c6e61e73929,Inter Jardim,⚽,0,0,0,0,0,0,0,50,2026-04-30 23:00:18.266235+00,1000000,t,52,Brasil
4c0da826-94da-41a2-913b-a53b8346027b,5355aaba-74a9-4717-a6d2-10bf282998d3,ce76c71c-a4c8-42ef-a05f-0d185be5bdac,Nacional São Miguel,🏟️,0,0,0,0,0,0,0,50,2026-04-30 23:00:18.266235+00,1000000,t,46,Brasil
885c7891-7d91-4f25-ac2b-d8d64651d1f4,5355aaba-74a9-4717-a6d2-10bf282998d3,df5629d0-ab1d-4b9f-bc29-178c78bee106,Sporting Boa Vista,🦅,0,0,0,0,0,0,0,50,2026-04-30 23:00:18.266235+00,1000000,t,47,Brasil
a7927ee5-01bb-472a-9fe6-6bbb23a0cefc,5355aaba-74a9-4717-a6d2-10bf282998d3,20e028c7-d64b-4045-a7cc-6d48018e7e5c,Racing Alto da Serra,🐺,0,0,0,0,0,0,0,50,2026-04-30 23:00:18.266235+00,1000000,t,57,Brasil
1f5864ef-8bc8-470f-8a8a-55fd62a41465,5355aaba-74a9-4717-a6d2-10bf282998d3,b2e5c539-7440-4e51-adbe-ee5dc72bea7b,Olimpia Morro Alto,🦁,0,0,0,0,0,0,0,50,2026-04-30 23:00:18.266235+00,1000000,t,52,Brasil
cd6d4b3a-6da8-4b09-b545-5c8e30cb36d9,5355aaba-74a9-4717-a6d2-10bf282998d3,1b886c29-9c2d-45c1-9ef8-15de83becd36,Estrela Ponta Grossa,🐂,0,0,0,0,0,0,0,50,2026-04-30 23:00:18.266235+00,1000000,t,48,Brasil
3e2b7539-3cbd-48e0-89fb-8737dee92c2b,7782c6a1-b6cc-4d83-8a48-99ba350e48bf,df6b7c64-3293-4cf8-87de-04f7872bd8a6,União Nova Esperança,⚽,0,0,0,0,0,0,0,50,2026-04-30 23:00:19.114469+00,1000000,t,64,Brasil
ad579992-7506-4491-8e3a-5fc1ce8034aa,7782c6a1-b6cc-4d83-8a48-99ba350e48bf,3cb317dc-8386-47ca-904d-3e60b728e0a9,Real Sol Nascente,🏟️,0,0,0,0,0,0,0,50,2026-04-30 23:00:19.114469+00,1000000,t,70,Brasil
5696f8e8-aad8-4df9-9602-3f490fe0e914,7782c6a1-b6cc-4d83-8a48-99ba350e48bf,b0f1a893-012a-4ca5-9a4c-ec225dac427a,Inter Vila Rica,🦅,0,0,0,0,0,0,0,50,2026-04-30 23:00:19.114469+00,1000000,t,64,Brasil
dd57a5d7-5a5b-42fb-bbf7-56c012ffb390,7782c6a1-b6cc-4d83-8a48-99ba350e48bf,c513449f-185b-4fef-9113-038a930e7aa2,Nacional Monte Azul,🐺,0,0,0,0,0,0,0,50,2026-04-30 23:00:19.114469+00,1000000,t,70,Brasil
fe0781e5-4292-405b-a43d-a837d6205dee,be7f761e-82b8-44d8-9ff0-a392b311325c,06b80ebb-da72-47bc-b3d4-69ca3208265a,Clube Rio Claro,🦁,0,0,0,0,0,0,0,50,2026-04-30 23:00:18.03055+00,1000000,t,78,Brasil
ee917e44-0b90-4b42-b3e9-cda8482b9684,be7f761e-82b8-44d8-9ff0-a392b311325c,094d130b-3010-42f8-bf21-9a2d6fc5fa30,Atlético Campo Grande,🐂,0,0,0,0,0,0,0,50,2026-04-30 23:00:18.03055+00,1000000,t,80,Brasil
6ea75d05-c2f6-4cac-b6b4-2922ba31ecb1,be7f761e-82b8-44d8-9ff0-a392b311325c,ee6056dd-8ccf-4c7a-8f89-4b9e46e4cb02,Esporte Serra Alta,🔴,0,0,0,0,0,0,0,50,2026-04-30 23:00:18.03055+00,1000000,t,82,Brasil
78c3eabb-027e-4807-9e9f-59b7b62d2b63,be7f761e-82b8-44d8-9ff0-a392b311325c,1df0327a-0853-4747-8e23-0c923e60aa86,Sport Vale Verde,🔵,0,0,0,0,0,0,0,50,2026-04-30 23:00:18.03055+00,1000000,t,78,Brasil
40877a1f-bc48-4b62-8fdc-49b62f6f0ed9,be7f761e-82b8-44d8-9ff0-a392b311325c,e6e480b9-c5f2-473c-b5d0-cc40d8f3e7c0,União Pedra Branca,🟢,0,0,0,0,0,0,0,50,2026-04-30 23:00:18.03055+00,1000000,t,81,Brasil
e5a8866b-72bc-48e4-b2c7-be1d8a1db711,be7f761e-82b8-44d8-9ff0-a392b311325c,7d6caddf-c9ee-48b2-a557-65f869690de0,Real Lagoa Santa,🟡,0,0,0,0,0,0,0,50,2026-04-30 23:00:18.03055+00,1000000,t,86,Brasil
b68c8156-fe9d-4fb5-bddb-e07c0134e64f,be7f761e-82b8-44d8-9ff0-a392b311325c,d3960a0e-6140-4d73-a2f9-e7b29b57bd8c,Inter Porto Alegre,⚫,0,0,0,0,0,0,0,50,2026-04-30 23:00:18.03055+00,1000000,t,82,Brasil
5780a266-f416-44a9-b83f-105fa67aabc4,be7f761e-82b8-44d8-9ff0-a392b311325c,ca16257b-5a82-451f-99c0-60d2af9f8c65,Nacional Bela Vista,⚪,0,0,0,0,0,0,0,50,2026-04-30 23:00:18.03055+00,1000000,t,83,Brasil
43ba6014-c381-4a4a-8afb-2d87429bea1f,be7f761e-82b8-44d8-9ff0-a392b311325c,b35cd527-7ace-49a5-87c8-64a032d6eb24,Sporting Cruz Alta,🟣,0,0,0,0,0,0,0,50,2026-04-30 23:00:18.03055+00,1000000,t,84,Brasil
860c0ae8-82b6-4cee-b0f6-1559531525fb,be7f761e-82b8-44d8-9ff0-a392b311325c,b139bd9a-225d-4351-a230-3e21d4d1cef6,Racing Santo Amaro,🟠,0,0,0,0,0,0,0,50,2026-04-30 23:00:18.03055+00,1000000,t,83,Brasil
41899081-567e-464e-9743-a5dc9f751b23,be7f761e-82b8-44d8-9ff0-a392b311325c,2aabf102-dac8-4605-88a9-538cfbfca9b2,Olimpia Jardim,⚽,0,0,0,0,0,0,0,50,2026-04-30 23:00:18.03055+00,1000000,t,85,Brasil
c81c27aa-cbf6-43d0-a02b-8fe08060b954,be7f761e-82b8-44d8-9ff0-a392b311325c,da7b99ef-d3e9-4330-90ef-5970c7c3b4fc,Estrela São Miguel,🏟️,0,0,0,0,0,0,0,50,2026-04-30 23:00:18.03055+00,1000000,t,75,Brasil
efca5e75-25d0-4d7f-b714-b869a40174b5,be7f761e-82b8-44d8-9ff0-a392b311325c,db332650-40c6-4b7b-ab0f-ca9a9c7d9bb3,FC Boa Vista,🦅,0,0,0,0,0,0,0,50,2026-04-30 23:00:18.03055+00,1000000,t,86,Brasil
1c5465a8-cef7-4b87-8164-f553812f7840,be7f761e-82b8-44d8-9ff0-a392b311325c,288e8171-3ba0-4d70-b4b9-ab51d3f0415c,SC Alto da Serra,🐺,0,0,0,0,0,0,0,50,2026-04-30 23:00:18.03055+00,1000000,t,88,Brasil
e9bf0f05-93ea-4008-bee3-8e41d7267b72,be7f761e-82b8-44d8-9ff0-a392b311325c,514c349c-1f09-4e34-8ee1-647df8800fc8,AC Morro Alto,🦁,0,0,0,0,0,0,0,50,2026-04-30 23:00:18.03055+00,1000000,t,81,Brasil
44499872-a94f-4fdf-b8b1-844ca297f15f,be7f761e-82b8-44d8-9ff0-a392b311325c,ea92064d-3a7c-4320-b92a-ddb0cbcfc427,EC Ponta Grossa,🐂,0,0,0,0,0,0,0,50,2026-04-30 23:00:18.03055+00,1000000,t,87,Brasil
b4425618-2b77-463b-8a1f-8d3bec8c9cd7,f7b97f74-9e73-48d0-8dbc-ba42304821f3,03558777-7625-46ab-ac6f-d48c4aa85f7a,FC Nova Esperança,⚽,0,0,0,0,0,0,0,50,2026-04-30 23:00:18.450957+00,1000000,t,87,Brasil
e7d32874-73ca-4640-8ca2-f0fcfd79fb6b,f7b97f74-9e73-48d0-8dbc-ba42304821f3,0c9bfe43-c637-42fb-bca6-c51b9cf02f73,SC Sol Nascente,🏟️,0,0,0,0,0,0,0,50,2026-04-30 23:00:18.450957+00,1000000,t,89,Brasil
3775755b-7c23-487e-98cc-cab12946cf46,f7b97f74-9e73-48d0-8dbc-ba42304821f3,24c2a51a-bdb3-46d4-9ca0-243de86b2849,AC Vila Rica,🦅,0,0,0,0,0,0,0,50,2026-04-30 23:00:18.450957+00,1000000,t,88,Brasil
314be834-6ffc-4a5b-9edb-2dd52fbaeddd,f7b97f74-9e73-48d0-8dbc-ba42304821f3,833e2c7a-dd83-4d12-8573-2e3052b9eb8c,EC Monte Azul,🐺,0,0,0,0,0,0,0,50,2026-04-30 23:00:18.450957+00,1000000,t,85,Brasil
ab9057fc-c2c4-4715-8a93-3a89d5bdff68,f7b97f74-9e73-48d0-8dbc-ba42304821f3,f91bffe7-de6e-40a7-88c7-938c5e6beb10,Clube Rio Claro,🦁,0,0,0,0,0,0,0,50,2026-04-30 23:00:18.450957+00,1000000,t,88,Brasil
26497ce3-c445-4b5d-8374-c9cf39d1190e,f7b97f74-9e73-48d0-8dbc-ba42304821f3,c0d6af51-0087-4ca2-ad94-2ee36d24aa02,Atlético Campo Grande,🐂,0,0,0,0,0,0,0,50,2026-04-30 23:00:18.450957+00,1000000,t,90,Brasil
524516a3-152b-4cf8-857e-044ce9a1fb38,f7b97f74-9e73-48d0-8dbc-ba42304821f3,ef4f4c28-0c79-4800-b699-c983865e0bec,Esporte Serra Alta,🔴,0,0,0,0,0,0,0,50,2026-04-30 23:00:18.450957+00,1000000,t,76,Brasil
10614598-5104-4831-a477-175f88e3d9a7,f7b97f74-9e73-48d0-8dbc-ba42304821f3,e22b8496-7465-4886-b636-1aea0dd27c4d,Sport Vale Verde,🔵,0,0,0,0,0,0,0,50,2026-04-30 23:00:18.450957+00,1000000,t,78,Brasil
afba53c7-0352-4553-bfa6-c985f4e4b70c,f7b97f74-9e73-48d0-8dbc-ba42304821f3,30ad6c89-e317-4bc1-9163-20ae4cf644a7,União Pedra Branca,🟢,0,0,0,0,0,0,0,50,2026-04-30 23:00:18.450957+00,1000000,t,75,Brasil
cb34da8a-fc2d-4d98-ade4-e79721037d46,f7b97f74-9e73-48d0-8dbc-ba42304821f3,746081b7-3023-4f4a-b165-b189e0fb8d39,Real Lagoa Santa,🟡,0,0,0,0,0,0,0,50,2026-04-30 23:00:18.450957+00,1000000,t,88,Brasil
6d7e5c4c-c221-46e5-8921-bcf88402cae8,f7b97f74-9e73-48d0-8dbc-ba42304821f3,2d696804-e73c-46fa-a280-e10b9b466202,Inter Porto Alegre,⚫,0,0,0,0,0,0,0,50,2026-04-30 23:00:18.450957+00,1000000,t,81,Brasil
5267c575-a300-4039-a049-2cd4c93a26b4,f7b97f74-9e73-48d0-8dbc-ba42304821f3,e83ecee8-4310-47d7-b9d1-15efa6f4c3a9,Nacional Bela Vista,⚪,0,0,0,0,0,0,0,50,2026-04-30 23:00:18.450957+00,1000000,t,84,Brasil
569712f1-70da-4403-91e6-8ec7945b71b9,f7b97f74-9e73-48d0-8dbc-ba42304821f3,5d4a3081-3e37-43cc-a7eb-75975ce7185d,Sporting Cruz Alta,🟣,0,0,0,0,0,0,0,50,2026-04-30 23:00:18.450957+00,1000000,t,75,Brasil
05e3eeb8-bb20-450a-ada6-bb2c515b8d96,f7b97f74-9e73-48d0-8dbc-ba42304821f3,9607db8b-46c3-4eb6-bc08-3b28b8a954b1,Racing Santo Amaro,🟠,0,0,0,0,0,0,0,50,2026-04-30 23:00:18.450957+00,1000000,t,78,Brasil
3c918474-d2e0-47d9-b9c8-1d833012ee93,f7b97f74-9e73-48d0-8dbc-ba42304821f3,0dbb4c81-1a5c-4275-a58f-b1222ad27a3e,Olimpia Jardim,⚽,0,0,0,0,0,0,0,50,2026-04-30 23:00:18.450957+00,1000000,t,86,Brasil
02558520-c5a3-42c8-8d49-2c5535e7dc31,f7b97f74-9e73-48d0-8dbc-ba42304821f3,89f4cd45-b5ed-47d5-a59d-d94b42b8bd0b,Estrela São Miguel,🏟️,0,0,0,0,0,0,0,50,2026-04-30 23:00:18.450957+00,1000000,t,76,Brasil
d149a48a-a870-40cd-9bf0-3440c1d12f73,f7b97f74-9e73-48d0-8dbc-ba42304821f3,be23c182-9d8d-49a9-b28b-031f15b80b88,FC Boa Vista,🦅,0,0,0,0,0,0,0,50,2026-04-30 23:00:18.450957+00,1000000,t,82,Brasil
25f53dfc-f255-4ffb-ba07-8ad6c6ac4a02,f7b97f74-9e73-48d0-8dbc-ba42304821f3,eba77db6-ae61-46e7-83ca-1a5a124bb3d6,SC Alto da Serra,🐺,0,0,0,0,0,0,0,50,2026-04-30 23:00:18.450957+00,1000000,t,77,Brasil
80d34520-6320-459d-96e9-5a004b421bd8,f7b97f74-9e73-48d0-8dbc-ba42304821f3,b942703f-a676-4fb4-b756-6e1c92dcfe09,AC Morro Alto,🦁,0,0,0,0,0,0,0,50,2026-04-30 23:00:18.450957+00,1000000,t,88,Brasil
9b31771a-1c34-40bc-8430-345b5e8675eb,f7b97f74-9e73-48d0-8dbc-ba42304821f3,ab404286-af5c-4a5f-9c18-81d56178275e,EC Ponta Grossa,🐂,0,0,0,0,0,0,0,50,2026-04-30 23:00:18.450957+00,1000000,t,84,Brasil
31a5852e-5e37-4692-bf75-0e6d47a64e3a,81670f97-1b0d-4a62-aa7a-5339a8a80334,88ff7ba8-8d0a-4e56-8f09-03ce16dc139b,União Nova Esperança,⚽,0,0,0,0,0,0,0,50,2026-04-30 23:00:18.628789+00,1000000,t,55,Brasil
29a94649-c42a-47d0-b514-55e5db6a8fbd,81670f97-1b0d-4a62-aa7a-5339a8a80334,2a73ee76-6963-45a5-ba1e-d8de04c04098,Real Sol Nascente,🏟️,0,0,0,0,0,0,0,50,2026-04-30 23:00:18.628789+00,1000000,t,57,Brasil
ebc84c89-3312-434f-b502-7b88934e7d5b,81670f97-1b0d-4a62-aa7a-5339a8a80334,b1cf16f0-0dc0-4cdf-8f13-fa0ca2bcec47,Inter Vila Rica,🦅,0,0,0,0,0,0,0,50,2026-04-30 23:00:18.628789+00,1000000,t,58,Brasil
035a5feb-e32e-43d7-9d71-c737b4f40673,81670f97-1b0d-4a62-aa7a-5339a8a80334,8b70e379-5acf-4a5d-8344-ec4eed9efc99,Nacional Monte Azul,🐺,0,0,0,0,0,0,0,50,2026-04-30 23:00:18.628789+00,1000000,t,56,Brasil
225e5dc9-2557-4599-82fd-f8c0b7fa4b0a,81670f97-1b0d-4a62-aa7a-5339a8a80334,59842e6b-6b83-4c74-b07d-97e9b7071fce,Sporting Rio Claro,🦁,0,0,0,0,0,0,0,50,2026-04-30 23:00:18.628789+00,1000000,t,64,Brasil
b9e2dccc-3801-489f-87af-c6eb2da55b7b,81670f97-1b0d-4a62-aa7a-5339a8a80334,d6004b51-fd59-48ab-af8d-05410db14924,Racing Campo Grande,🐂,0,0,0,0,0,0,0,50,2026-04-30 23:00:18.628789+00,1000000,t,59,Brasil
52ae8dd7-f5ec-4e37-b319-3051a9e74aa6,81670f97-1b0d-4a62-aa7a-5339a8a80334,034d9001-3865-4ef5-87d0-d37121cf20b6,Olimpia Serra Alta,🔴,0,0,0,0,0,0,0,50,2026-04-30 23:00:18.628789+00,1000000,t,59,Brasil
353348dd-d8a1-41a8-a4b2-34d339643a47,81670f97-1b0d-4a62-aa7a-5339a8a80334,5ac9d2f6-d01d-4466-a03a-d565b027f675,Estrela Vale Verde,🔵,0,0,0,0,0,0,0,50,2026-04-30 23:00:18.628789+00,1000000,t,66,Brasil
11b532bc-1b6e-42e8-9e2b-9a6763d60f27,81670f97-1b0d-4a62-aa7a-5339a8a80334,0016f960-d70d-4900-ad3d-1a1218307244,FC Pedra Branca,🟢,0,0,0,0,0,0,0,50,2026-04-30 23:00:18.628789+00,1000000,t,66,Brasil
9644c7d2-0c69-4b11-ae63-7891d68b8e03,81670f97-1b0d-4a62-aa7a-5339a8a80334,11b3705d-f97a-4b18-bcbe-24e46f7fcde6,SC Lagoa Santa,🟡,0,0,0,0,0,0,0,50,2026-04-30 23:00:18.628789+00,1000000,t,56,Brasil
64aaf814-3484-466d-a8d8-ad4bc379f3bf,81670f97-1b0d-4a62-aa7a-5339a8a80334,ea47885e-23f2-498a-a7f7-40bc2cf48f31,AC Porto Alegre,⚫,0,0,0,0,0,0,0,50,2026-04-30 23:00:18.628789+00,1000000,t,69,Brasil
23e0d9b8-d703-422e-b973-ee3f08654283,81670f97-1b0d-4a62-aa7a-5339a8a80334,09d24db9-614e-4e92-b97c-465852e5b7cb,EC Bela Vista,⚪,0,0,0,0,0,0,0,50,2026-04-30 23:00:18.628789+00,1000000,t,70,Brasil
37351ca3-b7a2-4ea5-8fc4-4fee2a1c7469,81670f97-1b0d-4a62-aa7a-5339a8a80334,6949d42c-a920-4694-a3b8-2db520c39051,Clube Cruz Alta,🟣,0,0,0,0,0,0,0,50,2026-04-30 23:00:18.628789+00,1000000,t,57,Brasil
717e8a86-29e4-4bce-b887-26bead9b51a4,81670f97-1b0d-4a62-aa7a-5339a8a80334,0e0004bb-9de8-4fe9-b1e9-d86472e51066,Atlético Santo Amaro,🟠,0,0,0,0,0,0,0,50,2026-04-30 23:00:18.628789+00,1000000,t,56,Brasil
312cb073-08aa-48c2-a39c-1d483c2ed0ee,81670f97-1b0d-4a62-aa7a-5339a8a80334,af4ab54f-a1b6-4768-a114-53dd62b5aeb2,Esporte Jardim,⚽,0,0,0,0,0,0,0,50,2026-04-30 23:00:18.628789+00,1000000,t,66,Brasil
bb854a81-5051-488b-b8ef-11bdf00c9d00,06d5111c-17a8-4993-ae56-d2c713a70900,932d3c60-a393-48b9-a4b1-8141b1e14ff0,Sporting Rio Claro,🦁,0,0,0,0,0,0,0,50,2026-04-30 23:00:18.174208+00,1000000,t,66,Brasil
f81c11f1-0810-4fe6-8346-fc86cd1417f8,06d5111c-17a8-4993-ae56-d2c713a70900,edf3a648-b2e8-4f1a-90c5-818453cf1172,Racing Campo Grande,🐂,0,0,0,0,0,0,0,50,2026-04-30 23:00:18.174208+00,1000000,t,57,Brasil
c86a2621-0f99-418e-bfbc-917f69464d78,06d5111c-17a8-4993-ae56-d2c713a70900,415f5245-a563-4cfe-ad6a-34b3ede1dc2f,Olimpia Serra Alta,🔴,0,0,0,0,0,0,0,50,2026-04-30 23:00:18.174208+00,1000000,t,55,Brasil
43c5dedf-3189-4620-9a1c-3bcccb1218fa,06d5111c-17a8-4993-ae56-d2c713a70900,bb5e5a1e-ba6d-431c-af75-a23593e2ffda,Estrela Vale Verde,🔵,0,0,0,0,0,0,0,50,2026-04-30 23:00:18.174208+00,1000000,t,70,Brasil
5bc95032-1a39-40d1-9938-f8c7337f897d,06d5111c-17a8-4993-ae56-d2c713a70900,99016562-2737-4a78-81b2-08f73fe3e5df,FC Pedra Branca,🟢,0,0,0,0,0,0,0,50,2026-04-30 23:00:18.174208+00,1000000,t,62,Brasil
4e6ddf1b-7f9b-44ee-9415-f550e80b3a9e,06d5111c-17a8-4993-ae56-d2c713a70900,d317bd1e-b252-4c47-80bf-2c3bf5db4ca9,SC Lagoa Santa,🟡,0,0,0,0,0,0,0,50,2026-04-30 23:00:18.174208+00,1000000,t,58,Brasil
363641cb-3277-48ff-a045-1486887af6ee,06d5111c-17a8-4993-ae56-d2c713a70900,61e7c63a-bb48-41ca-92c0-28566d7b35aa,AC Porto Alegre,⚫,0,0,0,0,0,0,0,50,2026-04-30 23:00:18.174208+00,1000000,t,65,Brasil
7df825e3-aa50-497b-b260-09ba73650e00,06d5111c-17a8-4993-ae56-d2c713a70900,52cf4601-1e03-4652-8743-6d3383df41de,EC Bela Vista,⚪,0,0,0,0,0,0,0,50,2026-04-30 23:00:18.174208+00,1000000,t,57,Brasil
c088cc97-7cdf-4bf6-bff0-ddb962b5d953,06d5111c-17a8-4993-ae56-d2c713a70900,ab6bafe1-0a85-4596-b73e-bfe807e08cc4,Clube Cruz Alta,🟣,0,0,0,0,0,0,0,50,2026-04-30 23:00:18.174208+00,1000000,t,70,Brasil
12e3cb8b-31ef-4f05-a0e4-ef03a2e6b960,06d5111c-17a8-4993-ae56-d2c713a70900,b23deea1-f3ee-4ba2-b68e-049940867b84,Atlético Santo Amaro,🟠,0,0,0,0,0,0,0,50,2026-04-30 23:00:18.174208+00,1000000,t,57,Brasil
5a7f7f3f-7e0f-4131-b8cc-39fabdaad77b,06d5111c-17a8-4993-ae56-d2c713a70900,b2f53806-a01c-4b90-96ee-952ff418d277,Esporte Jardim,⚽,0,0,0,0,0,0,0,50,2026-04-30 23:00:18.174208+00,1000000,t,67,Brasil
cbb39046-76cb-4c39-8a50-1ad192ca0591,06d5111c-17a8-4993-ae56-d2c713a70900,2f513d50-770e-46d3-b671-46142a25ba79,Sport São Miguel,🏟️,0,0,0,0,0,0,0,50,2026-04-30 23:00:18.174208+00,1000000,t,57,Brasil
dce157ca-6f8d-4c17-aeb9-b4de4af48577,06d5111c-17a8-4993-ae56-d2c713a70900,beb5d73e-fdb3-4c66-87d9-e958f3360958,União Boa Vista,🦅,0,0,0,0,0,0,0,50,2026-04-30 23:00:18.174208+00,1000000,t,58,Brasil
56b973d6-f680-4df3-add6-92f3c38f8efb,06d5111c-17a8-4993-ae56-d2c713a70900,cf868237-a8fb-46a4-8e48-b0ecbb4d05e2,Real Alto da Serra,🐺,0,0,0,0,0,0,0,50,2026-04-30 23:00:18.174208+00,1000000,t,61,Brasil
91b8a85d-4ff1-4a2b-bd47-a35fdc182989,06d5111c-17a8-4993-ae56-d2c713a70900,c6f8885e-0cb4-46ca-8af0-4a685d0ff2b2,Inter Morro Alto,🦁,0,0,0,0,0,0,0,50,2026-04-30 23:00:18.174208+00,1000000,t,59,Brasil
0138ffb8-2403-4c5e-9f12-6e71554acc80,06d5111c-17a8-4993-ae56-d2c713a70900,956c5239-d1bf-476a-bec9-5d0199664cc8,Nacional Ponta Grossa,🐂,0,0,0,0,0,0,0,50,2026-04-30 23:00:18.174208+00,1000000,t,55,Brasil
230a4d20-ec62-45a6-b262-f18b90432df6,23636cbb-c8d5-45df-8f13-4c1be9c40b10,3d99556f-964a-4201-96f2-eef9e8e61e04,Sporting Nova Esperança,⚽,0,0,0,0,0,0,0,50,2026-04-30 23:00:18.706247+00,1000000,t,49,Brasil
843dda87-becc-4b1f-acb7-3314def3ced4,23636cbb-c8d5-45df-8f13-4c1be9c40b10,dda7c4dd-b4ab-46ef-9345-7edf3c853919,Racing Sol Nascente,🏟️,0,0,0,0,0,0,0,50,2026-04-30 23:00:18.706247+00,1000000,t,55,Brasil
1ad6e6eb-499d-4ef9-8443-2a420a82b736,23636cbb-c8d5-45df-8f13-4c1be9c40b10,1a2fe0ec-eeed-4a7c-adc7-273d633a24f1,Olimpia Vila Rica,🦅,0,0,0,0,0,0,0,50,2026-04-30 23:00:18.706247+00,1000000,t,51,Brasil
a6f0efc2-01b8-40f2-a6f9-5558ac7a85ea,23636cbb-c8d5-45df-8f13-4c1be9c40b10,c068528e-dcd4-44c2-be29-fb4fc68a9bf3,Estrela Monte Azul,🐺,0,0,0,0,0,0,0,50,2026-04-30 23:00:18.706247+00,1000000,t,50,Brasil
d5a1e947-be29-4e5c-8336-f80aaf999e5c,23636cbb-c8d5-45df-8f13-4c1be9c40b10,78833067-2246-4afc-91ea-3967ea14a34b,FC Rio Claro,🦁,0,0,0,0,0,0,0,50,2026-04-30 23:00:18.706247+00,1000000,t,47,Brasil
99a09a21-17d9-487b-b555-b0ed4de58439,23636cbb-c8d5-45df-8f13-4c1be9c40b10,9c106b86-4f52-46ef-ba0a-e2f4fd4339f1,SC Campo Grande,🐂,0,0,0,0,0,0,0,50,2026-04-30 23:00:18.706247+00,1000000,t,49,Brasil
da814de1-5c04-4bf6-a095-081b65d692cb,23636cbb-c8d5-45df-8f13-4c1be9c40b10,530dd50f-d296-4246-9cc5-ec852f65720c,AC Serra Alta,🔴,0,0,0,0,0,0,0,50,2026-04-30 23:00:18.706247+00,1000000,t,53,Brasil
9e99f951-1db5-439a-aab1-0761dfd3cf01,23636cbb-c8d5-45df-8f13-4c1be9c40b10,7d46a5aa-0606-4a3c-96d9-f5312d06df98,EC Vale Verde,🔵,0,0,0,0,0,0,0,50,2026-04-30 23:00:18.706247+00,1000000,t,48,Brasil
6558ff66-d68a-441e-895b-12c78389cfa3,23636cbb-c8d5-45df-8f13-4c1be9c40b10,53b74626-e77c-4e86-9ca5-3c8ffbfbf117,Clube Pedra Branca,🟢,0,0,0,0,0,0,0,50,2026-04-30 23:00:18.706247+00,1000000,t,50,Brasil
87863ef7-0bef-4a28-a55c-b6097269f33b,23636cbb-c8d5-45df-8f13-4c1be9c40b10,593704d5-4868-4a85-8a11-427370e8ae7d,Atlético Lagoa Santa,🟡,0,0,0,0,0,0,0,50,2026-04-30 23:00:18.706247+00,1000000,t,58,Brasil
6c9db5eb-bf30-4828-ac05-9f7fe90b25a3,23636cbb-c8d5-45df-8f13-4c1be9c40b10,f6552c77-9a6f-446d-967a-82a4d7a39dac,Esporte Porto Alegre,⚫,0,0,0,0,0,0,0,50,2026-04-30 23:00:18.706247+00,1000000,t,52,Brasil
3bc5c71a-c886-4050-b0df-d26f5c10820b,23636cbb-c8d5-45df-8f13-4c1be9c40b10,7908ffec-c4f7-4a24-afd5-4dd5a8cbab8d,Sport Bela Vista,⚪,0,0,0,0,0,0,0,50,2026-04-30 23:00:18.706247+00,1000000,t,49,Brasil
b0f0530c-8f59-4428-8a16-1d83ff0158c9,23636cbb-c8d5-45df-8f13-4c1be9c40b10,3ed2c8e0-f408-45bf-9cfd-c025520041d5,União Cruz Alta,🟣,0,0,0,0,0,0,0,50,2026-04-30 23:00:18.706247+00,1000000,t,51,Brasil
093df12b-5001-4b12-a2ce-c5a023261213,23636cbb-c8d5-45df-8f13-4c1be9c40b10,3a882f7d-9484-477f-8afa-6386e3d7bdcf,Real Santo Amaro,🟠,0,0,0,0,0,0,0,50,2026-04-30 23:00:18.706247+00,1000000,t,45,Brasil
c19cff94-0dab-40dd-aad4-5233b53b136a,23636cbb-c8d5-45df-8f13-4c1be9c40b10,77b9c59f-617a-46b9-9498-1869dfeb2219,Inter Jardim,⚽,0,0,0,0,0,0,0,50,2026-04-30 23:00:18.706247+00,1000000,t,46,Brasil
b1710d8f-df69-4d15-920c-d6eff911dab8,23636cbb-c8d5-45df-8f13-4c1be9c40b10,c173bb6b-8d16-4f36-b547-1f1ab1b97c3f,Nacional São Miguel,🏟️,0,0,0,0,0,0,0,50,2026-04-30 23:00:18.706247+00,1000000,t,56,Brasil
70bf2b8e-6238-47e9-84a7-8df8f612bc03,23636cbb-c8d5-45df-8f13-4c1be9c40b10,278a6d87-190b-4c56-aab1-9a5afc05d21d,Sporting Boa Vista,🦅,0,0,0,0,0,0,0,50,2026-04-30 23:00:18.706247+00,1000000,t,52,Brasil
9e6e82aa-5e06-4a5a-b0e0-fd46537ffaec,23636cbb-c8d5-45df-8f13-4c1be9c40b10,aa07095b-ac84-4a78-b43c-09b121006f79,Racing Alto da Serra,🐺,0,0,0,0,0,0,0,50,2026-04-30 23:00:18.706247+00,1000000,t,47,Brasil
58e986c0-83e3-46cf-b89d-3676e8be14e9,23636cbb-c8d5-45df-8f13-4c1be9c40b10,5cadd276-d6ab-4ff7-8d53-6184ae67611a,Olimpia Morro Alto,🦁,0,0,0,0,0,0,0,50,2026-04-30 23:00:18.706247+00,1000000,t,55,Brasil
9bd15587-274b-49ac-a67b-522c66608bfc,23636cbb-c8d5-45df-8f13-4c1be9c40b10,2cebf051-e76a-4350-9533-aea3544ee840,Estrela Ponta Grossa,🐂,0,0,0,0,0,0,0,50,2026-04-30 23:00:18.706247+00,1000000,t,51,Brasil
0943c0d9-c98f-4df2-9c34-e7b12e1283e3,e1ea1b28-ff4e-4133-8b72-3c919cbbcf82,245b30cc-d5fe-40dd-baf9-db75e6da35ac,União Nova Esperança,⚽,0,0,0,0,0,0,0,50,2026-04-30 23:00:19.507476+00,1000000,t,58,Brasil
046e0a29-b4c3-487b-aca1-14d9bc12a662,e1ea1b28-ff4e-4133-8b72-3c919cbbcf82,e33d776d-d040-4aa1-b4e5-cbcdf13edfb8,Real Sol Nascente,🏟️,0,0,0,0,0,0,0,50,2026-04-30 23:00:19.507476+00,1000000,t,59,Brasil
5de5cbe8-ded0-47d4-b71d-2220d9caa9b7,e1ea1b28-ff4e-4133-8b72-3c919cbbcf82,435f4510-1564-468b-ab90-3c68e7aa9431,Inter Vila Rica,🦅,0,0,0,0,0,0,0,50,2026-04-30 23:00:19.507476+00,1000000,t,69,Brasil
c540ca04-6657-4c08-b19f-a9c4b2c74761,e1ea1b28-ff4e-4133-8b72-3c919cbbcf82,5fee8bfc-c173-4ac6-aa08-92b5ef4657e3,Nacional Monte Azul,🐺,0,0,0,0,0,0,0,50,2026-04-30 23:00:19.507476+00,1000000,t,56,Brasil
facfae1c-131c-49d9-915f-067057d035c1,e1ea1b28-ff4e-4133-8b72-3c919cbbcf82,5ee8d5da-e8fe-434d-ac15-ac79c27f504a,Sporting Rio Claro,🦁,0,0,0,0,0,0,0,50,2026-04-30 23:00:19.507476+00,1000000,t,65,Brasil
50e51581-b2cc-45f1-9b2c-55480bd71ac9,e1ea1b28-ff4e-4133-8b72-3c919cbbcf82,0761052f-4430-49b1-b000-163125f093f9,Racing Campo Grande,🐂,0,0,0,0,0,0,0,50,2026-04-30 23:00:19.507476+00,1000000,t,63,Brasil
44e04c3c-743c-4a35-a26d-0cf6b2691ad4,e1ea1b28-ff4e-4133-8b72-3c919cbbcf82,5e8e5aee-88a2-40a6-985a-bfa1a9273b37,Olimpia Serra Alta,🔴,0,0,0,0,0,0,0,50,2026-04-30 23:00:19.507476+00,1000000,t,64,Brasil
4e8c3545-b96a-423b-8dcd-468bc8a44b75,e1ea1b28-ff4e-4133-8b72-3c919cbbcf82,3d8c5cc6-f57a-4c78-aa21-389e1ebb486f,Estrela Vale Verde,🔵,0,0,0,0,0,0,0,50,2026-04-30 23:00:19.507476+00,1000000,t,62,Brasil
ae77ce1d-bcdd-455b-ae7a-09675cba07c6,e1ea1b28-ff4e-4133-8b72-3c919cbbcf82,75a64bb0-2d3b-4d28-b6fb-55897753d1e6,FC Pedra Branca,🟢,0,0,0,0,0,0,0,50,2026-04-30 23:00:19.507476+00,1000000,t,55,Brasil
fe89ba83-d56f-4b86-940d-02ddd7a11c6e,e1ea1b28-ff4e-4133-8b72-3c919cbbcf82,4a4196c4-8299-4471-bfd4-33c5d1bcab68,SC Lagoa Santa,🟡,0,0,0,0,0,0,0,50,2026-04-30 23:00:19.507476+00,1000000,t,57,Brasil
d3db4552-0c17-4a02-a0e7-c1750c1256cc,e1ea1b28-ff4e-4133-8b72-3c919cbbcf82,73cf4b00-d6fc-4e11-9b42-fabc93a00693,AC Porto Alegre,⚫,0,0,0,0,0,0,0,50,2026-04-30 23:00:19.507476+00,1000000,t,62,Brasil
2e2621f6-7e02-4f29-b522-9e3f6fce053d,e1ea1b28-ff4e-4133-8b72-3c919cbbcf82,c3f2d314-09e4-4273-8f61-eee27ea2dbdb,EC Bela Vista,⚪,0,0,0,0,0,0,0,50,2026-04-30 23:00:19.507476+00,1000000,t,56,Brasil
2330ff2a-ecd3-4407-a2be-fc7cabc931be,e1ea1b28-ff4e-4133-8b72-3c919cbbcf82,8e3dc49f-cf1c-4f68-a8eb-641d76fe1d18,Clube Cruz Alta,🟣,0,0,0,0,0,0,0,50,2026-04-30 23:00:19.507476+00,1000000,t,65,Brasil
42bf3b1d-5f12-43b2-bd8e-aba4a89fbec0,e1ea1b28-ff4e-4133-8b72-3c919cbbcf82,2b27be35-c106-48ea-9bb8-c6c02176422b,Atlético Santo Amaro,🟠,0,0,0,0,0,0,0,50,2026-04-30 23:00:19.507476+00,1000000,t,55,Brasil
70739f39-747e-4355-b909-19e3b8e30b22,e1ea1b28-ff4e-4133-8b72-3c919cbbcf82,84bb0432-9c35-4b23-a578-01276116ab99,Esporte Jardim,⚽,0,0,0,0,0,0,0,50,2026-04-30 23:00:19.507476+00,1000000,t,63,Brasil
e70b6603-5653-4559-997a-84dbd16f47ec,e2fc4664-2570-4806-82b4-25c4c25c117f,a8f48966-f253-480e-868a-088b276995cb,SC Santo Amaro,🟠,0,0,0,0,0,0,0,50,2026-04-30 23:00:18.55055+00,1000000,t,79,Brasil
04822338-7c28-41e4-a0a7-b3540c382f4a,e2fc4664-2570-4806-82b4-25c4c25c117f,4942493e-0625-4f3f-bc1d-513cf528faac,AC Jardim,⚽,0,0,0,0,0,0,0,50,2026-04-30 23:00:18.55055+00,1000000,t,69,Brasil
40634034-93d8-40af-9ee8-1f87876b5c79,e2fc4664-2570-4806-82b4-25c4c25c117f,00915a82-79b2-4ec1-9ada-977441cfec41,EC São Miguel,🏟️,0,0,0,0,0,0,0,50,2026-04-30 23:00:18.55055+00,1000000,t,76,Brasil
51f4cf4e-a438-4719-aee4-20cb1cc8fdf1,e2fc4664-2570-4806-82b4-25c4c25c117f,c8bf564c-da58-4b37-b7cb-87432638714e,Clube Boa Vista,🦅,0,0,0,0,0,0,0,50,2026-04-30 23:00:18.55055+00,1000000,t,75,Brasil
2cbddb1d-f272-4c7a-a7dd-d5fd2240fd21,e2fc4664-2570-4806-82b4-25c4c25c117f,d955ede9-275b-44a4-b85a-effe2757e7c5,Atlético Alto da Serra,🐺,0,0,0,0,0,0,0,50,2026-04-30 23:00:18.55055+00,1000000,t,68,Brasil
5669c378-68bb-49df-8c3a-bb6b15195a2f,e2fc4664-2570-4806-82b4-25c4c25c117f,3baa3c18-355c-4cab-9835-8a72c56b7c83,Esporte Morro Alto,🦁,0,0,0,0,0,0,0,50,2026-04-30 23:00:18.55055+00,1000000,t,80,Brasil
962162f4-cc85-4ca9-ace2-563d82dbb3a3,e2fc4664-2570-4806-82b4-25c4c25c117f,1c2ea6d3-6378-4052-8168-0b0914f2e5fa,Sport Ponta Grossa,🐂,0,0,0,0,0,0,0,50,2026-04-30 23:00:18.55055+00,1000000,t,71,Brasil
08453e4c-29e2-4661-88c4-c64a1601baa8,3713e713-3332-4b60-a5d7-cfe90beff8f3,25279329-2292-4560-bb90-b6d70073eb64,FC Nova Esperança,⚽,0,0,0,0,0,0,0,50,2026-04-30 23:00:18.884716+00,1000000,t,75,Brasil
88361545-f71a-41e7-9737-401fd2354104,3713e713-3332-4b60-a5d7-cfe90beff8f3,2b74c4c1-30a3-46e0-8f4d-7c8421454ff7,SC Sol Nascente,🏟️,0,0,0,0,0,0,0,50,2026-04-30 23:00:18.884716+00,1000000,t,89,Brasil
fca9a9e5-8462-412e-a36d-b9750d877a93,3713e713-3332-4b60-a5d7-cfe90beff8f3,2221ccda-bbac-4ed4-a8d7-eaa12187310d,AC Vila Rica,🦅,0,0,0,0,0,0,0,50,2026-04-30 23:00:18.884716+00,1000000,t,79,Brasil
1d6be41c-4d9d-49d4-b0ea-4fb958d1118b,3713e713-3332-4b60-a5d7-cfe90beff8f3,cd7bbfa6-d195-4e84-b9c4-1f8f5c00f658,EC Monte Azul,🐺,0,0,0,0,0,0,0,50,2026-04-30 23:00:18.884716+00,1000000,t,84,Brasil
7dc29968-3a54-41dc-801d-822f09977405,3713e713-3332-4b60-a5d7-cfe90beff8f3,5fa33c13-e438-49c9-92b1-1e302964d356,Clube Rio Claro,🦁,0,0,0,0,0,0,0,50,2026-04-30 23:00:18.884716+00,1000000,t,89,Brasil
e25ce7df-90c1-4b19-a0bc-849495dd9511,3713e713-3332-4b60-a5d7-cfe90beff8f3,d14e8404-75c1-4167-b919-0100c58e3cf0,Atlético Campo Grande,🐂,0,0,0,0,0,0,0,50,2026-04-30 23:00:18.884716+00,1000000,t,82,Brasil
fb53431c-ad5b-43f9-b65d-901d6ad70833,3713e713-3332-4b60-a5d7-cfe90beff8f3,9a376cc3-ea64-43e8-9f68-ec8fb57d0dce,Esporte Serra Alta,🔴,0,0,0,0,0,0,0,50,2026-04-30 23:00:18.884716+00,1000000,t,86,Brasil
c0f2c418-c56b-487b-b331-b0de50f72343,3713e713-3332-4b60-a5d7-cfe90beff8f3,3bd170e7-2ce6-49b8-b6c6-2c0c6d7cadea,Sport Vale Verde,🔵,0,0,0,0,0,0,0,50,2026-04-30 23:00:18.884716+00,1000000,t,82,Brasil
50f73a28-ede7-4848-93c2-e94113daf1c0,3713e713-3332-4b60-a5d7-cfe90beff8f3,cd50bc23-d75a-45f4-8b8c-7ab0fbaec4b2,União Pedra Branca,🟢,0,0,0,0,0,0,0,50,2026-04-30 23:00:18.884716+00,1000000,t,79,Brasil
7e49a6ea-4e6e-4ff7-841c-34f1eef95858,3713e713-3332-4b60-a5d7-cfe90beff8f3,cd41654a-e864-487e-b792-de18bd2996db,Real Lagoa Santa,🟡,0,0,0,0,0,0,0,50,2026-04-30 23:00:18.884716+00,1000000,t,80,Brasil
a2b8fc08-5546-4637-a49a-08d4222a2df3,3713e713-3332-4b60-a5d7-cfe90beff8f3,93706609-630e-43e8-a3c2-5f2ea125bb93,Inter Porto Alegre,⚫,0,0,0,0,0,0,0,50,2026-04-30 23:00:18.884716+00,1000000,t,86,Brasil
fd92950e-cd69-42b0-bcf9-4559f52a1f3f,3713e713-3332-4b60-a5d7-cfe90beff8f3,119ecfcc-c3d2-4649-af4f-c8d210b1f45a,Nacional Bela Vista,⚪,0,0,0,0,0,0,0,50,2026-04-30 23:00:18.884716+00,1000000,t,89,Brasil
2b19cb64-5fc6-45c8-b008-be50ff4e2c39,3713e713-3332-4b60-a5d7-cfe90beff8f3,643cabeb-4525-42ad-866b-e433fc8b7896,Sporting Cruz Alta,🟣,0,0,0,0,0,0,0,50,2026-04-30 23:00:18.884716+00,1000000,t,80,Brasil
22c9c46a-deb8-4b1c-8683-51f63bb24220,3713e713-3332-4b60-a5d7-cfe90beff8f3,7b24c7de-775d-4d80-a44f-21ef5ad346e0,Racing Santo Amaro,🟠,0,0,0,0,0,0,0,50,2026-04-30 23:00:18.884716+00,1000000,t,85,Brasil
4421570c-ae4c-4484-af2f-03c5eee67d10,3713e713-3332-4b60-a5d7-cfe90beff8f3,c0b17b37-f59c-4291-8e50-e2297db5ed4a,Olimpia Jardim,⚽,0,0,0,0,0,0,0,50,2026-04-30 23:00:18.884716+00,1000000,t,89,Brasil
9bbf4fa1-fb1e-40f6-9bef-0eeb1530a604,3713e713-3332-4b60-a5d7-cfe90beff8f3,7d9c48b3-12de-4c2b-815b-c839b8c07bd8,Estrela São Miguel,🏟️,0,0,0,0,0,0,0,50,2026-04-30 23:00:18.884716+00,1000000,t,76,Brasil
0a0ae421-f472-4fd8-a583-a749f920f34a,3713e713-3332-4b60-a5d7-cfe90beff8f3,1b88276b-6b9a-4003-b323-2481e4b61810,FC Boa Vista,🦅,0,0,0,0,0,0,0,50,2026-04-30 23:00:18.884716+00,1000000,t,76,Brasil
1577e299-cbb5-4677-a145-08af06e8e1dc,3713e713-3332-4b60-a5d7-cfe90beff8f3,41000693-93c7-4a69-b787-68d08bdf9ffc,SC Alto da Serra,🐺,0,0,0,0,0,0,0,50,2026-04-30 23:00:18.884716+00,1000000,t,90,Brasil
c8af8bb9-cf1b-4aef-b3b8-db19fc52ee9d,3713e713-3332-4b60-a5d7-cfe90beff8f3,c73f5212-7082-42f3-92a1-fdacb72570ae,AC Morro Alto,🦁,0,0,0,0,0,0,0,50,2026-04-30 23:00:18.884716+00,1000000,t,86,Brasil
1526b01c-2bf8-41f7-a985-0fe449554823,3713e713-3332-4b60-a5d7-cfe90beff8f3,f7bbd4b2-6cd3-46b5-9c9f-312e50b48cd7,EC Ponta Grossa,🐂,0,0,0,0,0,0,0,50,2026-04-30 23:00:18.884716+00,1000000,t,75,Brasil
9c19afa4-b387-414d-9911-7a43a5bad88e,68e33c24-61ac-421b-804d-74b0bc1660c0,829d502c-4bec-4f96-83d3-0b894c3997bf,FC Nova Esperança,⚽,0,0,0,0,0,0,0,50,2026-04-30 23:00:19.361024+00,1000000,t,90,Brasil
d3c121f1-9731-4123-bdd1-44bb96656326,68e33c24-61ac-421b-804d-74b0bc1660c0,88d52dc9-f299-4a8a-b8a3-b5266f6d6816,SC Sol Nascente,🏟️,0,0,0,0,0,0,0,50,2026-04-30 23:00:19.361024+00,1000000,t,84,Brasil
bf0015c7-debe-40d7-8270-ccf377257953,68e33c24-61ac-421b-804d-74b0bc1660c0,82aec259-c21f-47f4-9133-b5f91234f9ed,AC Vila Rica,🦅,0,0,0,0,0,0,0,50,2026-04-30 23:00:19.361024+00,1000000,t,85,Brasil
da9736eb-5f1d-4068-8ae0-0b9db393bc31,68e33c24-61ac-421b-804d-74b0bc1660c0,011836e2-8757-4dda-9d92-8932ce8b336e,EC Monte Azul,🐺,0,0,0,0,0,0,0,50,2026-04-30 23:00:19.361024+00,1000000,t,89,Brasil
a0e57e70-8a5a-4faf-b18d-9ded227a0897,68e33c24-61ac-421b-804d-74b0bc1660c0,fcbe9d57-83c7-4f77-afac-f078fef705d3,Clube Rio Claro,🦁,0,0,0,0,0,0,0,50,2026-04-30 23:00:19.361024+00,1000000,t,89,Brasil
632ba62f-e23d-457c-8657-12b969a9e943,68e33c24-61ac-421b-804d-74b0bc1660c0,36844949-76bf-4f22-89ad-c656d944c675,Atlético Campo Grande,🐂,0,0,0,0,0,0,0,50,2026-04-30 23:00:19.361024+00,1000000,t,81,Brasil
dab0e86a-9793-4b17-8f31-63da606bfc92,68e33c24-61ac-421b-804d-74b0bc1660c0,920cbb65-9d42-473c-9a48-c175b8c38f80,Esporte Serra Alta,🔴,0,0,0,0,0,0,0,50,2026-04-30 23:00:19.361024+00,1000000,t,78,Brasil
51889778-1d9e-4fec-9aba-f34a77f7a1de,68e33c24-61ac-421b-804d-74b0bc1660c0,52da21fb-b50c-4a8e-bb9d-4e7681a56c46,Sport Vale Verde,🔵,0,0,0,0,0,0,0,50,2026-04-30 23:00:19.361024+00,1000000,t,85,Brasil
4dc252af-ec03-4a9c-bef6-cc0713dea3a7,68e33c24-61ac-421b-804d-74b0bc1660c0,4ab1d329-9503-4a91-a49b-91fedbf402d6,União Pedra Branca,🟢,0,0,0,0,0,0,0,50,2026-04-30 23:00:19.361024+00,1000000,t,89,Brasil
824173e9-fc6a-4d73-8ea3-1cf927a01b39,68e33c24-61ac-421b-804d-74b0bc1660c0,67da0470-cdb3-4912-ae91-51ccb636f4d2,Real Lagoa Santa,🟡,0,0,0,0,0,0,0,50,2026-04-30 23:00:19.361024+00,1000000,t,77,Brasil
53007395-8400-4a3c-86e1-2627225f4de1,68e33c24-61ac-421b-804d-74b0bc1660c0,4233fbf8-ff2b-4c18-ba03-5e40702fedd0,Inter Porto Alegre,⚫,0,0,0,0,0,0,0,50,2026-04-30 23:00:19.361024+00,1000000,t,81,Brasil
c46bd34d-474e-496d-9d58-ec591d1877c1,68e33c24-61ac-421b-804d-74b0bc1660c0,944b0348-1745-482a-9fa3-9267134c2b82,Nacional Bela Vista,⚪,0,0,0,0,0,0,0,50,2026-04-30 23:00:19.361024+00,1000000,t,82,Brasil
a0e745d2-c0e0-4119-b801-bcd1d0158cfd,68e33c24-61ac-421b-804d-74b0bc1660c0,2b26f893-5c7b-41be-9353-04411eef1d51,Sporting Cruz Alta,🟣,0,0,0,0,0,0,0,50,2026-04-30 23:00:19.361024+00,1000000,t,76,Brasil
6c7e297a-5cf9-43f2-9630-98fb42efc2c2,68e33c24-61ac-421b-804d-74b0bc1660c0,9ecb01e5-8d68-4e93-a4b1-418c7ad74f28,Racing Santo Amaro,🟠,0,0,0,0,0,0,0,50,2026-04-30 23:00:19.361024+00,1000000,t,84,Brasil
53a1a2a3-1592-45f8-9b0d-553dd75dc002,68e33c24-61ac-421b-804d-74b0bc1660c0,427e531d-a6e9-4a93-8345-d2d5e406f0ef,Olimpia Jardim,⚽,0,0,0,0,0,0,0,50,2026-04-30 23:00:19.361024+00,1000000,t,86,Brasil
98e6474c-b1ff-4fed-98a0-51b70c6a9c78,68e33c24-61ac-421b-804d-74b0bc1660c0,8737be3c-96d6-4684-a3e9-bd731c3896b5,Estrela São Miguel,🏟️,0,0,0,0,0,0,0,50,2026-04-30 23:00:19.361024+00,1000000,t,84,Brasil
d6a4067f-aea4-488d-a759-a411f780b663,68e33c24-61ac-421b-804d-74b0bc1660c0,6d7367d4-4fb2-4340-ac01-27efdfb67a3f,FC Boa Vista,🦅,0,0,0,0,0,0,0,50,2026-04-30 23:00:19.361024+00,1000000,t,77,Brasil
1e5eea93-299d-4a71-96b7-c1d4f5e2c48c,68e33c24-61ac-421b-804d-74b0bc1660c0,14f50277-4ada-427d-be7e-791d6863a89c,SC Alto da Serra,🐺,0,0,0,0,0,0,0,50,2026-04-30 23:00:19.361024+00,1000000,t,83,Brasil
c4e0c68e-adc8-49aa-bf2e-dc42d10c4e24,68e33c24-61ac-421b-804d-74b0bc1660c0,ba41e034-8232-4318-947c-2f8e617f8fd4,AC Morro Alto,🦁,0,0,0,0,0,0,0,50,2026-04-30 23:00:19.361024+00,1000000,t,84,Brasil
4ad6691f-1685-4c0d-8f51-b1888d7832e9,68e33c24-61ac-421b-804d-74b0bc1660c0,7542e991-65b6-4ac3-9450-5b3024498b2b,EC Ponta Grossa,🐂,0,0,0,0,0,0,0,50,2026-04-30 23:00:19.361024+00,1000000,t,79,Brasil
7fd023e1-6b97-4375-a1f7-5bffe6107a66,a93e449b-b0e6-4774-8515-9448fae47f4e,a5b9afe8-2e8f-416e-a763-f8ed947c0856,União Nova Esperança,⚽,0,0,0,0,0,0,0,50,2026-04-30 23:00:22.251302+00,1000000,t,61,Brasil
4811595a-9b2a-4397-b1cf-ba71dd90c2b3,a93e449b-b0e6-4774-8515-9448fae47f4e,f8683a73-6c0c-42e4-9701-109a0f05acdd,Real Sol Nascente,🏟️,0,0,0,0,0,0,0,50,2026-04-30 23:00:22.251302+00,1000000,t,59,Brasil
ac1d1278-8563-43f8-8a3d-417c3fded23b,a93e449b-b0e6-4774-8515-9448fae47f4e,9e2268ae-3bcd-4c98-8b98-5df067410a79,Inter Vila Rica,🦅,0,0,0,0,0,0,0,50,2026-04-30 23:00:22.251302+00,1000000,t,63,Brasil
c88fa5f7-13b4-4f44-8ddb-8e6b0984347a,a93e449b-b0e6-4774-8515-9448fae47f4e,cccce512-0dee-44a9-84ba-50bc0b2600e4,Nacional Monte Azul,🐺,0,0,0,0,0,0,0,50,2026-04-30 23:00:22.251302+00,1000000,t,59,Brasil
1b2bcbf3-ff00-42ec-82da-5c27e7e8d18c,81670f97-1b0d-4a62-aa7a-5339a8a80334,8d6597d4-6d5a-4233-851f-b0e06686fdea,Sport São Miguel,🏟️,0,0,0,0,0,0,0,50,2026-04-30 23:00:18.628789+00,1000000,t,67,Brasil
2adb0524-6229-43e3-9ef8-f6dd8307592a,81670f97-1b0d-4a62-aa7a-5339a8a80334,651d8f52-0356-4b29-b543-5e0790169b03,União Boa Vista,🦅,0,0,0,0,0,0,0,50,2026-04-30 23:00:18.628789+00,1000000,t,70,Brasil
4156226f-01d6-472e-a2bb-04999e7d427b,81670f97-1b0d-4a62-aa7a-5339a8a80334,30a052c2-c09b-477d-8f33-cd2d3e9699fe,Real Alto da Serra,🐺,0,0,0,0,0,0,0,50,2026-04-30 23:00:18.628789+00,1000000,t,62,Brasil
0c0543e0-5ada-4db2-8e7d-82ace4d68d0a,81670f97-1b0d-4a62-aa7a-5339a8a80334,f2a6f7ce-3fce-45c7-9fc4-0509a45949eb,Inter Morro Alto,🦁,0,0,0,0,0,0,0,50,2026-04-30 23:00:18.628789+00,1000000,t,61,Brasil
c9234d2b-35dd-4182-97f2-6089a0c536ba,81670f97-1b0d-4a62-aa7a-5339a8a80334,692c12d3-8bb5-400b-8b43-d50959e9a6c0,Nacional Ponta Grossa,🐂,0,0,0,0,0,0,0,50,2026-04-30 23:00:18.628789+00,1000000,t,68,Brasil
6dd32411-b872-4eb7-8732-1eab2c50f671,9ec85fba-3195-4621-967c-3744fb34ed51,c137eae0-914e-4cb8-9226-5ae3f13afbfa,Clube Nova Esperança,⚽,0,0,0,0,0,0,0,50,2026-04-30 23:00:18.951786+00,1000000,t,75,Brasil
baa85b6a-fa26-4be6-a21a-33019cff675f,9ec85fba-3195-4621-967c-3744fb34ed51,4636aaef-67f6-4609-a6c9-d96a0f9013a9,Atlético Sol Nascente,🏟️,0,0,0,0,0,0,0,50,2026-04-30 23:00:18.951786+00,1000000,t,66,Brasil
aa526a61-a1ea-449c-b768-44293b4ce696,9ec85fba-3195-4621-967c-3744fb34ed51,c71fe262-4405-4752-9346-7d87492e2765,Esporte Vila Rica,🦅,0,0,0,0,0,0,0,50,2026-04-30 23:00:18.951786+00,1000000,t,73,Brasil
e940033f-477a-4a9a-ab31-82df1ab1ca0b,9ec85fba-3195-4621-967c-3744fb34ed51,a1662a59-c69d-4c35-b696-858a1d93c699,Sport Monte Azul,🐺,0,0,0,0,0,0,0,50,2026-04-30 23:00:18.951786+00,1000000,t,66,Brasil
554dee8d-513b-44f3-8be6-e8756fc9adba,9ec85fba-3195-4621-967c-3744fb34ed51,9ac5b372-a552-4833-8348-aa52dcad9ac4,União Rio Claro,🦁,0,0,0,0,0,0,0,50,2026-04-30 23:00:18.951786+00,1000000,t,80,Brasil
e3223f1b-77e2-4830-8818-1615c1ac44b7,9ec85fba-3195-4621-967c-3744fb34ed51,76e12428-7d6a-4f30-bd59-e6dc0dc90c21,Real Campo Grande,🐂,0,0,0,0,0,0,0,50,2026-04-30 23:00:18.951786+00,1000000,t,66,Brasil
097b0cee-fcbe-4330-bb8e-85c2202d92cd,9ec85fba-3195-4621-967c-3744fb34ed51,5ed571dc-c5cf-445f-b4d5-46cf0fd8b583,Inter Serra Alta,🔴,0,0,0,0,0,0,0,50,2026-04-30 23:00:18.951786+00,1000000,t,68,Brasil
3e786fb0-ff5a-4a59-a802-14d3dc41cece,9ec85fba-3195-4621-967c-3744fb34ed51,ddc9d269-f889-48f4-b0ea-475e4385eb72,Nacional Vale Verde,🔵,0,0,0,0,0,0,0,50,2026-04-30 23:00:18.951786+00,1000000,t,76,Brasil
58875c39-6500-4b82-8288-5684a887c299,9ec85fba-3195-4621-967c-3744fb34ed51,0aeb4998-7de0-4e98-ad78-982557d550ae,Sporting Pedra Branca,🟢,0,0,0,0,0,0,0,50,2026-04-30 23:00:18.951786+00,1000000,t,79,Brasil
789a03dc-0882-4b78-a018-50d4cd0e4647,9ec85fba-3195-4621-967c-3744fb34ed51,77af9249-a0e6-43be-acda-c3a569f1830d,Racing Lagoa Santa,🟡,0,0,0,0,0,0,0,50,2026-04-30 23:00:18.951786+00,1000000,t,73,Brasil
01718bcd-7f2b-4b47-bdb8-838c9cf05620,9ec85fba-3195-4621-967c-3744fb34ed51,66593cea-733f-4433-b7c8-a65eae042abd,Olimpia Porto Alegre,⚫,0,0,0,0,0,0,0,50,2026-04-30 23:00:18.951786+00,1000000,t,71,Brasil
6e321c5c-ef8e-48e3-9774-73642927166f,9ec85fba-3195-4621-967c-3744fb34ed51,e8c7f175-1402-41fc-9a87-22ef9af0a24b,Estrela Bela Vista,⚪,0,0,0,0,0,0,0,50,2026-04-30 23:00:18.951786+00,1000000,t,75,Brasil
ee30a642-d5c0-4235-980d-653e87e4a644,9ec85fba-3195-4621-967c-3744fb34ed51,75ba089f-fcc6-4598-bfde-01995ddc516b,FC Cruz Alta,🟣,0,0,0,0,0,0,0,50,2026-04-30 23:00:18.951786+00,1000000,t,66,Brasil
a4c56295-eb26-4471-8e55-16f204cec773,9ec85fba-3195-4621-967c-3744fb34ed51,54b5cf03-96a6-4a13-8d89-9ffb8ca21457,SC Santo Amaro,🟠,0,0,0,0,0,0,0,50,2026-04-30 23:00:18.951786+00,1000000,t,79,Brasil
19082045-5d39-44ec-a0a3-720fee77f792,9ec85fba-3195-4621-967c-3744fb34ed51,a06ae119-3324-40da-bf1a-c050cb64a270,AC Jardim,⚽,0,0,0,0,0,0,0,50,2026-04-30 23:00:18.951786+00,1000000,t,71,Brasil
8c37cccd-67ba-436e-9d23-2c375bb22e8b,9ec85fba-3195-4621-967c-3744fb34ed51,52ff982e-c474-4310-82a3-09fbb1e5ec24,EC São Miguel,🏟️,0,0,0,0,0,0,0,50,2026-04-30 23:00:18.951786+00,1000000,t,69,Brasil
df227904-eaa1-49ad-94b5-60066e7624d5,9ec85fba-3195-4621-967c-3744fb34ed51,dd949ab9-5783-411b-807d-fad612f25d5e,Clube Boa Vista,🦅,0,0,0,0,0,0,0,50,2026-04-30 23:00:18.951786+00,1000000,t,77,Brasil
ecdba15a-d6e9-40bf-a4a7-3922bf2a09df,9ec85fba-3195-4621-967c-3744fb34ed51,f58e107b-44a9-4f38-9a7c-406aa4d91812,Atlético Alto da Serra,🐺,0,0,0,0,0,0,0,50,2026-04-30 23:00:18.951786+00,1000000,t,76,Brasil
d6421195-d249-424f-876b-aca7af7fb5fb,9ec85fba-3195-4621-967c-3744fb34ed51,c6ad7034-c397-47cc-aa3b-de3e93956505,Esporte Morro Alto,🦁,0,0,0,0,0,0,0,50,2026-04-30 23:00:18.951786+00,1000000,t,76,Brasil
8ab8ee16-485b-4220-beea-029536772f2b,9ec85fba-3195-4621-967c-3744fb34ed51,b1ee5327-6f15-45fc-acac-13b4e455a432,Sport Ponta Grossa,🐂,0,0,0,0,0,0,0,50,2026-04-30 23:00:18.951786+00,1000000,t,80,Brasil
0a07770e-90e5-4fee-89cf-ee7b0911ce63,72ae696b-f455-48b9-b2df-e8ff6c4ca8d0,d02fbb3e-921d-48ea-8185-b4fac7d0d964,FC Nova Esperança,⚽,0,0,0,0,0,0,0,50,2026-04-30 23:00:19.805564+00,1000000,t,86,Brasil
d6fb8b7d-f435-4d70-b3f4-136ea7d54e14,72ae696b-f455-48b9-b2df-e8ff6c4ca8d0,da0110f4-3ad5-4b85-af7d-9b74971de785,SC Sol Nascente,🏟️,0,0,0,0,0,0,0,50,2026-04-30 23:00:19.805564+00,1000000,t,83,Brasil
3030b098-3c86-4df7-b1f3-df334144c847,72ae696b-f455-48b9-b2df-e8ff6c4ca8d0,d36c04c6-535b-425e-bdb7-c6f30758d9d2,AC Vila Rica,🦅,0,0,0,0,0,0,0,50,2026-04-30 23:00:19.805564+00,1000000,t,82,Brasil
7e8d7901-3fdc-4783-8a38-1ec5b5f08145,72ae696b-f455-48b9-b2df-e8ff6c4ca8d0,e7cdda0f-9ff5-4338-9ec9-8bf3e71bdd48,EC Monte Azul,🐺,0,0,0,0,0,0,0,50,2026-04-30 23:00:19.805564+00,1000000,t,77,Brasil
9c99b577-c0ca-4ea8-a9a1-5fbbab18cfde,72ae696b-f455-48b9-b2df-e8ff6c4ca8d0,e4baaaca-dac7-4bcf-8952-40a0f794d5e8,Clube Rio Claro,🦁,0,0,0,0,0,0,0,50,2026-04-30 23:00:19.805564+00,1000000,t,77,Brasil
da3ebaad-be8d-45da-9797-518fa3ed7cf2,72ae696b-f455-48b9-b2df-e8ff6c4ca8d0,d00074af-eca5-4557-bea2-3e0ef93b34b3,Atlético Campo Grande,🐂,0,0,0,0,0,0,0,50,2026-04-30 23:00:19.805564+00,1000000,t,80,Brasil
8f9cecfa-8b7a-4871-851f-9b50dec71b19,72ae696b-f455-48b9-b2df-e8ff6c4ca8d0,31917a09-6168-40f5-83f3-62b9e37b0e0f,Esporte Serra Alta,🔴,0,0,0,0,0,0,0,50,2026-04-30 23:00:19.805564+00,1000000,t,83,Brasil
27a03cb5-f916-4df5-a411-d06dab5d69cd,72ae696b-f455-48b9-b2df-e8ff6c4ca8d0,3bcaf716-9a38-43a7-9476-8596df8bb06d,Sport Vale Verde,🔵,0,0,0,0,0,0,0,50,2026-04-30 23:00:19.805564+00,1000000,t,76,Brasil
83024b7d-d757-42e1-b291-86894a2e4f4b,72ae696b-f455-48b9-b2df-e8ff6c4ca8d0,38d76a7e-881d-4cba-80b3-7876e733d568,União Pedra Branca,🟢,0,0,0,0,0,0,0,50,2026-04-30 23:00:19.805564+00,1000000,t,84,Brasil
28ff35e7-35f0-4380-94c8-6e4a572d701e,72ae696b-f455-48b9-b2df-e8ff6c4ca8d0,2ebcce32-79a1-4362-80d7-e1f1fc6dff4c,Real Lagoa Santa,🟡,0,0,0,0,0,0,0,50,2026-04-30 23:00:19.805564+00,1000000,t,89,Brasil
d0ff330d-e484-4d59-98ce-3adab7cb862b,72ae696b-f455-48b9-b2df-e8ff6c4ca8d0,2c666d89-b5c8-415e-ab6d-d0474a6429de,Inter Porto Alegre,⚫,0,0,0,0,0,0,0,50,2026-04-30 23:00:19.805564+00,1000000,t,85,Brasil
55e6567d-3df4-43ef-96f4-d5469abc52fd,72ae696b-f455-48b9-b2df-e8ff6c4ca8d0,1874a9ff-52fa-46bb-b59e-d06e045655ac,Nacional Bela Vista,⚪,0,0,0,0,0,0,0,50,2026-04-30 23:00:19.805564+00,1000000,t,78,Brasil
5757fe68-19e8-4264-bcf0-cefcefeedf69,72ae696b-f455-48b9-b2df-e8ff6c4ca8d0,2013063c-4340-4e99-8bf2-eac4686eac9f,Sporting Cruz Alta,🟣,0,0,0,0,0,0,0,50,2026-04-30 23:00:19.805564+00,1000000,t,82,Brasil
8a97e70a-8908-4ef4-aa3f-aba95285f65a,72ae696b-f455-48b9-b2df-e8ff6c4ca8d0,9a5c2095-28ab-4984-a180-e74be84e1346,Racing Santo Amaro,🟠,0,0,0,0,0,0,0,50,2026-04-30 23:00:19.805564+00,1000000,t,80,Brasil
41df3e6b-16a4-4549-a6ce-4a637654ac7a,72ae696b-f455-48b9-b2df-e8ff6c4ca8d0,6596e15c-eac1-4c79-b8f4-46558efab908,Olimpia Jardim,⚽,0,0,0,0,0,0,0,50,2026-04-30 23:00:19.805564+00,1000000,t,79,Brasil
54a75b0e-2b7d-4984-886d-4920f4e39edc,72ae696b-f455-48b9-b2df-e8ff6c4ca8d0,06db79bf-3656-4e3a-a5d0-fc2eb0ba98b0,Estrela São Miguel,🏟️,0,0,0,0,0,0,0,50,2026-04-30 23:00:19.805564+00,1000000,t,88,Brasil
fa97fd61-3695-4671-b107-7cacddd8b3a2,72ae696b-f455-48b9-b2df-e8ff6c4ca8d0,0d30ef48-43b5-4c22-88a8-a23dad5ab64d,FC Boa Vista,🦅,0,0,0,0,0,0,0,50,2026-04-30 23:00:19.805564+00,1000000,t,90,Brasil
b1547855-0a48-4d2e-a3f4-ab00713d0ca4,72ae696b-f455-48b9-b2df-e8ff6c4ca8d0,8261c463-0779-4657-b972-cf32356d304c,SC Alto da Serra,🐺,0,0,0,0,0,0,0,50,2026-04-30 23:00:19.805564+00,1000000,t,79,Brasil
1f4617e1-95e1-4729-bec2-2e7627f5f2bd,72ae696b-f455-48b9-b2df-e8ff6c4ca8d0,49444683-f98d-44e3-a1e4-3f9194d647ed,AC Morro Alto,🦁,0,0,0,0,0,0,0,50,2026-04-30 23:00:19.805564+00,1000000,t,85,Brasil
fa6dbe77-50f9-4603-a31d-755b39650403,72ae696b-f455-48b9-b2df-e8ff6c4ca8d0,084db4d8-b0a6-4f1a-92b6-f1c078a87713,EC Ponta Grossa,🐂,0,0,0,0,0,0,0,50,2026-04-30 23:00:19.805564+00,1000000,t,83,Brasil
3e953543-6706-49f9-ac28-433997813f49,75ffdae5-fcb9-45c0-a699-9c9d52b49a98,1c4c75aa-2561-441e-9c0e-9655aa005e34,Real Zaragola,⚽,0,0,0,0,0,0,0,65,2026-05-01 16:21:05.347896+00,1000000,f,,Brasil
a20c33ee-769d-4dd3-ab1f-7abc1ccc275f,7782c6a1-b6cc-4d83-8a48-99ba350e48bf,d02859cb-6bd9-4911-a0da-7cffc52896d4,Sporting Rio Claro,🦁,0,0,0,0,0,0,0,50,2026-04-30 23:00:19.114469+00,1000000,t,56,Brasil
9e5eb208-3268-4e77-b05e-0ab88d289318,7782c6a1-b6cc-4d83-8a48-99ba350e48bf,ae4b7979-3978-4bec-aa6b-6a862a1d004e,Racing Campo Grande,🐂,0,0,0,0,0,0,0,50,2026-04-30 23:00:19.114469+00,1000000,t,61,Brasil
39de86a6-b106-40ab-85c8-1550c23f42d9,7782c6a1-b6cc-4d83-8a48-99ba350e48bf,5994fe3b-c9f0-4844-88a1-06821e34434d,Olimpia Serra Alta,🔴,0,0,0,0,0,0,0,50,2026-04-30 23:00:19.114469+00,1000000,t,59,Brasil
aa520b0b-e603-4759-8144-ebb10d16c4bf,7782c6a1-b6cc-4d83-8a48-99ba350e48bf,2a39b210-ecaa-4621-bb88-f22877b812a1,Estrela Vale Verde,🔵,0,0,0,0,0,0,0,50,2026-04-30 23:00:19.114469+00,1000000,t,64,Brasil
cbad0e23-085f-4b1f-883e-d3878a0160b6,7782c6a1-b6cc-4d83-8a48-99ba350e48bf,a805a929-60c4-4156-bfac-8eedbf9467c9,FC Pedra Branca,🟢,0,0,0,0,0,0,0,50,2026-04-30 23:00:19.114469+00,1000000,t,57,Brasil
53164100-777d-400b-8903-8620418db22e,7782c6a1-b6cc-4d83-8a48-99ba350e48bf,59f5fab0-44a3-4044-92ac-bb135093d8e9,SC Lagoa Santa,🟡,0,0,0,0,0,0,0,50,2026-04-30 23:00:19.114469+00,1000000,t,61,Brasil
37d405be-abf8-4aa3-940d-3b22fef8a689,7782c6a1-b6cc-4d83-8a48-99ba350e48bf,59124da2-f181-422b-834c-362b652e5a77,AC Porto Alegre,⚫,0,0,0,0,0,0,0,50,2026-04-30 23:00:19.114469+00,1000000,t,61,Brasil
8c520def-dafa-4910-b561-283c2177f8e2,7782c6a1-b6cc-4d83-8a48-99ba350e48bf,0732cc97-934b-419c-8298-2d968219f584,EC Bela Vista,⚪,0,0,0,0,0,0,0,50,2026-04-30 23:00:19.114469+00,1000000,t,68,Brasil
67ea391e-8697-471e-b5f2-91bb27c55858,7782c6a1-b6cc-4d83-8a48-99ba350e48bf,8fd1dfb7-2e33-4d26-92b5-0c6d4a9dbe1a,Clube Cruz Alta,🟣,0,0,0,0,0,0,0,50,2026-04-30 23:00:19.114469+00,1000000,t,70,Brasil
79f1a7ab-6f6d-4c9d-b35b-f5c0402397fe,7782c6a1-b6cc-4d83-8a48-99ba350e48bf,2cbe14d7-a082-4f9d-b796-ff162347225f,Atlético Santo Amaro,🟠,0,0,0,0,0,0,0,50,2026-04-30 23:00:19.114469+00,1000000,t,60,Brasil
ad844684-7340-40ec-8e1e-5ec6d46da925,7782c6a1-b6cc-4d83-8a48-99ba350e48bf,1b8f90bd-5a74-4ea6-af96-3cad190b4dcb,Esporte Jardim,⚽,0,0,0,0,0,0,0,50,2026-04-30 23:00:19.114469+00,1000000,t,63,Brasil
d98058ac-37fe-482f-9954-c2f4717a68d4,7782c6a1-b6cc-4d83-8a48-99ba350e48bf,cc2f346a-72a9-4d38-86ab-5558979b59f4,Sport São Miguel,🏟️,0,0,0,0,0,0,0,50,2026-04-30 23:00:19.114469+00,1000000,t,68,Brasil
71640fe0-991b-4f93-a68a-ca6b95635248,7782c6a1-b6cc-4d83-8a48-99ba350e48bf,082b35c8-b7ff-4b56-9c08-d4e6dec0b3a1,União Boa Vista,🦅,0,0,0,0,0,0,0,50,2026-04-30 23:00:19.114469+00,1000000,t,68,Brasil
2f1dd524-4e0a-49d2-94a5-f0a7b64b6a43,7782c6a1-b6cc-4d83-8a48-99ba350e48bf,68398f45-52da-4168-832f-1693e67342eb,Real Alto da Serra,🐺,0,0,0,0,0,0,0,50,2026-04-30 23:00:19.114469+00,1000000,t,69,Brasil
d745fae4-faca-44e9-a8f8-875551f23dfa,7782c6a1-b6cc-4d83-8a48-99ba350e48bf,c95e07bd-a09a-400c-9353-ae3767fb6c5d,Inter Morro Alto,🦁,0,0,0,0,0,0,0,50,2026-04-30 23:00:19.114469+00,1000000,t,63,Brasil
e29be518-2ff2-40f0-9cde-40653d561080,7782c6a1-b6cc-4d83-8a48-99ba350e48bf,08144158-a1ef-443d-a06d-8bdbc70de59b,Nacional Ponta Grossa,🐂,0,0,0,0,0,0,0,50,2026-04-30 23:00:19.114469+00,1000000,t,62,Brasil
608d71db-4427-4745-9abe-d6ea4145caa8,673047a6-d173-42e3-ae31-6543d6912ab4,74f916aa-d503-4d75-8399-b15d076e5959,Sporting Nova Esperança,⚽,0,0,0,0,0,0,0,50,2026-04-30 23:00:19.614203+00,1000000,t,59,Brasil
44a964c0-0ec5-45d1-a733-7d38a1c3563d,673047a6-d173-42e3-ae31-6543d6912ab4,2d32913d-f473-4868-a06e-098fb087fb91,Racing Sol Nascente,🏟️,0,0,0,0,0,0,0,50,2026-04-30 23:00:19.614203+00,1000000,t,58,Brasil
b98094ca-a795-418b-b1f4-8cfcfe98b76a,673047a6-d173-42e3-ae31-6543d6912ab4,acc3a58d-aab5-429a-8ab8-db07fd44b985,Olimpia Vila Rica,🦅,0,0,0,0,0,0,0,50,2026-04-30 23:00:19.614203+00,1000000,t,45,Brasil
53526b84-e79a-4f3c-b673-d2bc09873c33,673047a6-d173-42e3-ae31-6543d6912ab4,530cdebf-6a84-4144-9192-1973befe4079,Estrela Monte Azul,🐺,0,0,0,0,0,0,0,50,2026-04-30 23:00:19.614203+00,1000000,t,60,Brasil
6f1ef66f-9fe7-4c50-b976-2762927af2af,673047a6-d173-42e3-ae31-6543d6912ab4,4576123c-574b-49ec-a619-36637599ed18,FC Rio Claro,🦁,0,0,0,0,0,0,0,50,2026-04-30 23:00:19.614203+00,1000000,t,49,Brasil
9ebdbc11-977f-4065-a5df-81f0715c8f6e,673047a6-d173-42e3-ae31-6543d6912ab4,fc33dc8c-6024-40da-abc1-aac76447b168,SC Campo Grande,🐂,0,0,0,0,0,0,0,50,2026-04-30 23:00:19.614203+00,1000000,t,45,Brasil
4d6903ef-cd9a-4708-830b-c56f71bcec5f,673047a6-d173-42e3-ae31-6543d6912ab4,44f29a56-5d41-43c8-8946-12cb3952df56,AC Serra Alta,🔴,0,0,0,0,0,0,0,50,2026-04-30 23:00:19.614203+00,1000000,t,52,Brasil
8c73934c-c111-4fc4-8fad-ee6096cd9cc9,673047a6-d173-42e3-ae31-6543d6912ab4,c2450d4b-40db-4402-8b9f-ada977cad9c2,EC Vale Verde,🔵,0,0,0,0,0,0,0,50,2026-04-30 23:00:19.614203+00,1000000,t,48,Brasil
b6ec4a61-336a-46f7-aa71-e0c8e8f902fb,673047a6-d173-42e3-ae31-6543d6912ab4,f37c3f08-d605-48c9-897b-5edb35fead56,Clube Pedra Branca,🟢,0,0,0,0,0,0,0,50,2026-04-30 23:00:19.614203+00,1000000,t,58,Brasil
8a2684fa-2885-4615-9fc1-f9c15f75b5c7,673047a6-d173-42e3-ae31-6543d6912ab4,dde13704-f230-4ce1-828e-4a7f66ac7d51,Atlético Lagoa Santa,🟡,0,0,0,0,0,0,0,50,2026-04-30 23:00:19.614203+00,1000000,t,53,Brasil
1c789011-2566-408d-a6fe-a0ff3cf59164,673047a6-d173-42e3-ae31-6543d6912ab4,3423079c-a35b-44f2-875e-1fdf3198f96f,Esporte Porto Alegre,⚫,0,0,0,0,0,0,0,50,2026-04-30 23:00:19.614203+00,1000000,t,57,Brasil
8d89b8d3-d6ca-436a-9f56-40e769f1472e,673047a6-d173-42e3-ae31-6543d6912ab4,ad148b2c-2579-40cf-9ed1-448c5c2f4330,Sport Bela Vista,⚪,0,0,0,0,0,0,0,50,2026-04-30 23:00:19.614203+00,1000000,t,47,Brasil
a07fd32f-0115-4de4-8d5c-0c022337d4c9,673047a6-d173-42e3-ae31-6543d6912ab4,78399cb8-84e4-4431-91fd-6cd6a49e4505,União Cruz Alta,🟣,0,0,0,0,0,0,0,50,2026-04-30 23:00:19.614203+00,1000000,t,60,Brasil
9dbb3cfe-5404-4664-9549-9a34c5a7972b,673047a6-d173-42e3-ae31-6543d6912ab4,4f042333-8851-4a89-be5e-4a1f97492207,Real Santo Amaro,🟠,0,0,0,0,0,0,0,50,2026-04-30 23:00:19.614203+00,1000000,t,52,Brasil
9687fc86-0ab3-4127-93e5-d8a0c4182472,673047a6-d173-42e3-ae31-6543d6912ab4,2d4bee1c-b160-4ac3-9d5e-f11f024550ff,Inter Jardim,⚽,0,0,0,0,0,0,0,50,2026-04-30 23:00:19.614203+00,1000000,t,48,Brasil
2a1dfa29-2162-4989-9b97-c71dd2eb44e3,673047a6-d173-42e3-ae31-6543d6912ab4,9a4e5932-b82b-41b6-a8ee-759fc3104490,Nacional São Miguel,🏟️,0,0,0,0,0,0,0,50,2026-04-30 23:00:19.614203+00,1000000,t,52,Brasil
7de75a0e-2ee8-4e44-8fd0-e0db852b79a7,673047a6-d173-42e3-ae31-6543d6912ab4,6ac3a244-75e8-4130-a929-06626d88f53a,Sporting Boa Vista,🦅,0,0,0,0,0,0,0,50,2026-04-30 23:00:19.614203+00,1000000,t,55,Brasil
11da030f-bde7-49e5-9995-802a8dd23ede,673047a6-d173-42e3-ae31-6543d6912ab4,f6fe6d40-91b4-4f11-b666-ddb140c77bf3,Racing Alto da Serra,🐺,0,0,0,0,0,0,0,50,2026-04-30 23:00:19.614203+00,1000000,t,60,Brasil
0e907c74-1e01-454b-a1b4-0fc246051c69,673047a6-d173-42e3-ae31-6543d6912ab4,5028ebf2-7250-4c77-b8d6-27d4104a4392,Olimpia Morro Alto,🦁,0,0,0,0,0,0,0,50,2026-04-30 23:00:19.614203+00,1000000,t,55,Brasil
fde01c13-dff4-4d18-a9d3-839ffaf439aa,673047a6-d173-42e3-ae31-6543d6912ab4,df586661-7fc6-4a06-87e0-2619ec2889a4,Estrela Ponta Grossa,🐂,0,0,0,0,0,0,0,50,2026-04-30 23:00:19.614203+00,1000000,t,50,Brasil
2625a898-5d7d-4985-82d2-25117e2d8649,589871d9-295b-46c1-b882-19719e4d5ea2,9b1523ae-7604-4ea6-a531-d5e2aeaa5151,União Nova Esperança,⚽,0,0,0,0,0,0,0,50,2026-04-30 23:00:19.97912+00,1000000,t,58,Brasil
71fcbe4f-b1d9-4360-be63-1903c0db3231,589871d9-295b-46c1-b882-19719e4d5ea2,a4fd0ae7-2ea2-4fe6-acad-f7c7838d5c7c,Real Sol Nascente,🏟️,0,0,0,0,0,0,0,50,2026-04-30 23:00:19.97912+00,1000000,t,64,Brasil
959b4c7e-f390-4930-92ba-5738449085c1,589871d9-295b-46c1-b882-19719e4d5ea2,d4aa9e93-3309-4c43-b91f-6c5fb9a6aea3,Inter Vila Rica,🦅,0,0,0,0,0,0,0,50,2026-04-30 23:00:19.97912+00,1000000,t,62,Brasil
bb79ed95-2770-412d-9f84-5557dcbb81cf,589871d9-295b-46c1-b882-19719e4d5ea2,fb5a33b5-b724-441f-bc42-7d04bb5eb9af,Nacional Monte Azul,🐺,0,0,0,0,0,0,0,50,2026-04-30 23:00:19.97912+00,1000000,t,61,Brasil
1d72430d-f334-4f12-99ee-d43524181783,589871d9-295b-46c1-b882-19719e4d5ea2,300a6c2c-1d2d-4320-bce8-78d9e875f868,Sporting Rio Claro,🦁,0,0,0,0,0,0,0,50,2026-04-30 23:00:19.97912+00,1000000,t,56,Brasil
ac8fc5bb-3646-477b-924d-ad4266ece98e,589871d9-295b-46c1-b882-19719e4d5ea2,a33b623c-055e-4f04-a667-6995f2e1cf20,Racing Campo Grande,🐂,0,0,0,0,0,0,0,50,2026-04-30 23:00:19.97912+00,1000000,t,69,Brasil
cf2b3aa3-b57d-4314-a3dd-394935423cef,589871d9-295b-46c1-b882-19719e4d5ea2,c6a5fac8-94b8-4309-b049-c2d8e562ffc9,Olimpia Serra Alta,🔴,0,0,0,0,0,0,0,50,2026-04-30 23:00:19.97912+00,1000000,t,61,Brasil
c4d634ce-4d51-4655-b1da-c1c3a77cfc6d,589871d9-295b-46c1-b882-19719e4d5ea2,fd61b7ed-66d5-41aa-97c1-c691e4869443,Estrela Vale Verde,🔵,0,0,0,0,0,0,0,50,2026-04-30 23:00:19.97912+00,1000000,t,57,Brasil
59172ff5-e9a2-4a98-8ac7-8a23e2cf375d,589871d9-295b-46c1-b882-19719e4d5ea2,8725952c-ce7a-46af-90ab-90409b921a21,FC Pedra Branca,🟢,0,0,0,0,0,0,0,50,2026-04-30 23:00:19.97912+00,1000000,t,56,Brasil
75ccd2b8-c851-48d3-9a32-7b5cb350bb0b,589871d9-295b-46c1-b882-19719e4d5ea2,82bcfc30-be90-4dc9-ba65-13c1d1dbf599,SC Lagoa Santa,🟡,0,0,0,0,0,0,0,50,2026-04-30 23:00:19.97912+00,1000000,t,60,Brasil
bf20fa7c-e00e-43f6-a228-2fd1c257f04c,589871d9-295b-46c1-b882-19719e4d5ea2,8d667547-6ecb-4ffc-ba82-16f58e6ad432,AC Porto Alegre,⚫,0,0,0,0,0,0,0,50,2026-04-30 23:00:19.97912+00,1000000,t,62,Brasil
408a7ac5-17f0-4af0-83c8-05e75bad18c2,589871d9-295b-46c1-b882-19719e4d5ea2,d6c521dd-5a59-4200-a0d3-c9c9908f931c,EC Bela Vista,⚪,0,0,0,0,0,0,0,50,2026-04-30 23:00:19.97912+00,1000000,t,69,Brasil
4e6ebea0-1040-4ed7-bdfb-64ecceb34100,589871d9-295b-46c1-b882-19719e4d5ea2,43b230e4-ad44-47f6-919f-62276097f838,Clube Cruz Alta,🟣,0,0,0,0,0,0,0,50,2026-04-30 23:00:19.97912+00,1000000,t,65,Brasil
7ffe19ad-de63-40e9-bfbd-2e48d22c0434,589871d9-295b-46c1-b882-19719e4d5ea2,703abdf4-b553-481d-8678-0d8777f77f94,Atlético Santo Amaro,🟠,0,0,0,0,0,0,0,50,2026-04-30 23:00:19.97912+00,1000000,t,65,Brasil
edf22b9d-e262-4ffd-8c98-6e6d39260b50,589871d9-295b-46c1-b882-19719e4d5ea2,2f998670-7d9c-4e66-82eb-1a8b93817e38,Esporte Jardim,⚽,0,0,0,0,0,0,0,50,2026-04-30 23:00:19.97912+00,1000000,t,61,Brasil
5480be26-8ebe-40fa-8c32-0217280c07a5,2f1218f1-daad-4c6f-8c82-731522dba21d,c6e46cdd-b938-4b8a-9fbc-711b4d27363d,AC Serra Alta,🔴,0,0,0,0,0,0,0,50,2026-04-30 23:00:19.185548+00,1000000,t,58,Brasil
1ae3d533-b6e1-4c86-b994-f5937719242c,2f1218f1-daad-4c6f-8c82-731522dba21d,0336a47e-212f-46ae-8bcb-d14e1ef645ea,EC Vale Verde,🔵,0,0,0,0,0,0,0,50,2026-04-30 23:00:19.185548+00,1000000,t,51,Brasil
476e6b95-a5e5-40a3-8bbe-e30403647896,2f1218f1-daad-4c6f-8c82-731522dba21d,94207809-2cca-4bed-852b-87140107e30e,Clube Pedra Branca,🟢,0,0,0,0,0,0,0,50,2026-04-30 23:00:19.185548+00,1000000,t,47,Brasil
a938cc4a-5983-42fa-9936-2cb54a8848e2,2f1218f1-daad-4c6f-8c82-731522dba21d,9ceb90c0-b044-4635-a447-ce1bb55deecc,Atlético Lagoa Santa,🟡,0,0,0,0,0,0,0,50,2026-04-30 23:00:19.185548+00,1000000,t,51,Brasil
dee0f946-d6a2-4e9b-ad10-41f0f7f1b7c7,2f1218f1-daad-4c6f-8c82-731522dba21d,554424e6-c9ee-4de5-b43b-f16d3a5f1610,Esporte Porto Alegre,⚫,0,0,0,0,0,0,0,50,2026-04-30 23:00:19.185548+00,1000000,t,59,Brasil
9804b849-b42f-422f-967e-cd2b4fee12c0,2f1218f1-daad-4c6f-8c82-731522dba21d,b41c8a1c-4ae4-4945-ac61-7b9a828467d7,Sport Bela Vista,⚪,0,0,0,0,0,0,0,50,2026-04-30 23:00:19.185548+00,1000000,t,59,Brasil
4f67bf29-7c5c-4fff-92d0-148a0c5d2ad1,2f1218f1-daad-4c6f-8c82-731522dba21d,d603b64d-1e08-44d1-b928-35e289c30292,União Cruz Alta,🟣,0,0,0,0,0,0,0,50,2026-04-30 23:00:19.185548+00,1000000,t,49,Brasil
aa1c5448-fc9a-4e51-82b9-24752bf9ef77,2f1218f1-daad-4c6f-8c82-731522dba21d,68702f90-5950-4ac8-9dbe-8d10c9e4a7e7,Real Santo Amaro,🟠,0,0,0,0,0,0,0,50,2026-04-30 23:00:19.185548+00,1000000,t,52,Brasil
db47acd0-8bec-40d7-bf76-347ebf1f26ab,2f1218f1-daad-4c6f-8c82-731522dba21d,106a1a7f-5361-46de-b7ac-5b77a1250c53,Inter Jardim,⚽,0,0,0,0,0,0,0,50,2026-04-30 23:00:19.185548+00,1000000,t,58,Brasil
a5959369-0bf8-4f61-bac9-9f74497f9444,2f1218f1-daad-4c6f-8c82-731522dba21d,866a1fd1-be2b-42bc-a931-44ce5f649ffc,Nacional São Miguel,🏟️,0,0,0,0,0,0,0,50,2026-04-30 23:00:19.185548+00,1000000,t,57,Brasil
4ffe07be-924b-4af4-9d30-83d9366110b4,2f1218f1-daad-4c6f-8c82-731522dba21d,fe43e046-76dc-4e5c-b1eb-101efe93d37c,Sporting Boa Vista,🦅,0,0,0,0,0,0,0,50,2026-04-30 23:00:19.185548+00,1000000,t,51,Brasil
eedf3ce0-21b1-44ea-85eb-7abb70009746,2f1218f1-daad-4c6f-8c82-731522dba21d,f6a1406e-ad5e-43a6-aee1-4f6f3b5b357e,Racing Alto da Serra,🐺,0,0,0,0,0,0,0,50,2026-04-30 23:00:19.185548+00,1000000,t,46,Brasil
6e76a337-48ca-4e89-833e-59f2a9f6063d,2f1218f1-daad-4c6f-8c82-731522dba21d,2e76abd1-327e-4e3d-a4cc-dd743cf5aec1,Olimpia Morro Alto,🦁,0,0,0,0,0,0,0,50,2026-04-30 23:00:19.185548+00,1000000,t,56,Brasil
ad14784d-e4dd-4352-b7b6-38a01929c098,2f1218f1-daad-4c6f-8c82-731522dba21d,7c93883b-08ff-4eec-96b9-800c698aa48d,Estrela Ponta Grossa,🐂,0,0,0,0,0,0,0,50,2026-04-30 23:00:19.185548+00,1000000,t,48,Brasil
5727e63b-b693-4a91-bbf1-07925af6348c,e1ea1b28-ff4e-4133-8b72-3c919cbbcf82,e6b20280-8185-44ef-88dc-7ba8152d4886,Sport São Miguel,🏟️,0,0,0,0,0,0,0,50,2026-04-30 23:00:19.507476+00,1000000,t,64,Brasil
cb2b67c3-486d-4c4f-834c-335053837917,e1ea1b28-ff4e-4133-8b72-3c919cbbcf82,7c0ae638-204e-4d8a-bb99-bbab62158e17,União Boa Vista,🦅,0,0,0,0,0,0,0,50,2026-04-30 23:00:19.507476+00,1000000,t,55,Brasil
c6f6b50f-3326-4bfa-8d00-e5873cb8a508,e1ea1b28-ff4e-4133-8b72-3c919cbbcf82,5e605fe0-a353-4e18-b10e-edaa8ecfa5ec,Real Alto da Serra,🐺,0,0,0,0,0,0,0,50,2026-04-30 23:00:19.507476+00,1000000,t,55,Brasil
74ad96f7-9f35-4bf2-ba08-6268724a0b8c,e1ea1b28-ff4e-4133-8b72-3c919cbbcf82,c76c1115-e244-4f92-b384-05249010cfc6,Inter Morro Alto,🦁,0,0,0,0,0,0,0,50,2026-04-30 23:00:19.507476+00,1000000,t,67,Brasil
3223e2be-7a9a-4673-b8cc-7c4dde12076a,e1ea1b28-ff4e-4133-8b72-3c919cbbcf82,46545387-d942-419f-b3c1-f895d0ee756f,Nacional Ponta Grossa,🐂,0,0,0,0,0,0,0,50,2026-04-30 23:00:19.507476+00,1000000,t,67,Brasil
381a0bf7-64b8-4766-b5d5-5de47e57433a,4b002b5d-45ee-4fdf-8944-407ca4ca65b3,a134bc51-6db5-4529-804d-363e7291895d,Clube Nova Esperança,⚽,0,0,0,0,0,0,0,50,2026-04-30 23:00:19.895381+00,1000000,t,76,Brasil
c406b7ae-da2a-455b-a9a0-58975b0f772e,4b002b5d-45ee-4fdf-8944-407ca4ca65b3,5b20fc04-66d8-4b88-a5e7-111c87c9c5d4,Atlético Sol Nascente,🏟️,0,0,0,0,0,0,0,50,2026-04-30 23:00:19.895381+00,1000000,t,80,Brasil
a27a355e-33d5-48cb-b12e-ee4fab0f86a7,4b002b5d-45ee-4fdf-8944-407ca4ca65b3,fac1e34c-059e-47cf-8c7d-cb76ca203b45,Esporte Vila Rica,🦅,0,0,0,0,0,0,0,50,2026-04-30 23:00:19.895381+00,1000000,t,74,Brasil
df41a34d-4540-404f-8454-d321143be9f7,4b002b5d-45ee-4fdf-8944-407ca4ca65b3,6a60820f-609f-4f02-94cc-63516b79803a,Sport Monte Azul,🐺,0,0,0,0,0,0,0,50,2026-04-30 23:00:19.895381+00,1000000,t,65,Brasil
1ea2da21-339a-4eb9-92c3-832684cd4af8,4b002b5d-45ee-4fdf-8944-407ca4ca65b3,93059e22-6acf-4491-8412-e2811607d438,União Rio Claro,🦁,0,0,0,0,0,0,0,50,2026-04-30 23:00:19.895381+00,1000000,t,74,Brasil
fcba90ac-4d11-4c83-a407-b7c1be73b4d0,4b002b5d-45ee-4fdf-8944-407ca4ca65b3,ea80251b-04ed-4b61-9560-325bf4e28a4e,Real Campo Grande,🐂,0,0,0,0,0,0,0,50,2026-04-30 23:00:19.895381+00,1000000,t,70,Brasil
13d0cb29-1122-49ef-8f17-66a60b9585c6,4b002b5d-45ee-4fdf-8944-407ca4ca65b3,44cd8572-e6b8-494b-8ece-78a29ccdd2d9,Inter Serra Alta,🔴,0,0,0,0,0,0,0,50,2026-04-30 23:00:19.895381+00,1000000,t,80,Brasil
8787cd43-ea04-452e-8ade-31c8b2a7d624,4b002b5d-45ee-4fdf-8944-407ca4ca65b3,638e03e8-0310-4cf1-807b-42fcd3f7e274,Nacional Vale Verde,🔵,0,0,0,0,0,0,0,50,2026-04-30 23:00:19.895381+00,1000000,t,76,Brasil
6068a0d2-9836-42d3-89fc-66f6b19d0b09,4b002b5d-45ee-4fdf-8944-407ca4ca65b3,afbb8502-5b4a-493e-aaca-731a7902ca03,Sporting Pedra Branca,🟢,0,0,0,0,0,0,0,50,2026-04-30 23:00:19.895381+00,1000000,t,80,Brasil
bebf0882-1c7f-4d5b-97c0-1a57bd363e7d,4b002b5d-45ee-4fdf-8944-407ca4ca65b3,0db7a64c-35b6-4596-8b91-1fd0387f1e2f,Racing Lagoa Santa,🟡,0,0,0,0,0,0,0,50,2026-04-30 23:00:19.895381+00,1000000,t,80,Brasil
9cce2ed5-179b-44f3-81e1-00be0b896086,4b002b5d-45ee-4fdf-8944-407ca4ca65b3,734e4643-001b-490c-986a-8bef46640933,Olimpia Porto Alegre,⚫,0,0,0,0,0,0,0,50,2026-04-30 23:00:19.895381+00,1000000,t,66,Brasil
ad8421aa-6952-4c3d-b839-17d7e2f03f5d,4b002b5d-45ee-4fdf-8944-407ca4ca65b3,e298dbc7-8069-4335-b274-48d21d4c21aa,Estrela Bela Vista,⚪,0,0,0,0,0,0,0,50,2026-04-30 23:00:19.895381+00,1000000,t,70,Brasil
17b3ef82-c70a-479c-9803-e60cdcb391df,4b002b5d-45ee-4fdf-8944-407ca4ca65b3,5084bb96-d34b-4b76-808c-a5831ce80cd2,FC Cruz Alta,🟣,0,0,0,0,0,0,0,50,2026-04-30 23:00:19.895381+00,1000000,t,71,Brasil
2af49e43-3e7b-43ec-8a89-18e2f723e752,4b002b5d-45ee-4fdf-8944-407ca4ca65b3,6798a771-b616-493f-833c-bab3f2d32d1f,SC Santo Amaro,🟠,0,0,0,0,0,0,0,50,2026-04-30 23:00:19.895381+00,1000000,t,79,Brasil
f534ec1e-40b0-4e30-ba8a-c73c15557517,4b002b5d-45ee-4fdf-8944-407ca4ca65b3,c962a110-3f08-4482-bd6e-771bdb24c7d8,AC Jardim,⚽,0,0,0,0,0,0,0,50,2026-04-30 23:00:19.895381+00,1000000,t,75,Brasil
6af75ac3-7f39-4231-b281-b7c1ff85226f,4b002b5d-45ee-4fdf-8944-407ca4ca65b3,a97c0f67-6ebd-4352-8368-a601a9da5d2c,EC São Miguel,🏟️,0,0,0,0,0,0,0,50,2026-04-30 23:00:19.895381+00,1000000,t,65,Brasil
a01973af-2ab7-41b4-b9d1-f35ff299abcd,4b002b5d-45ee-4fdf-8944-407ca4ca65b3,f5a1334c-6e63-4d80-83dd-dcc5fd18e22b,Clube Boa Vista,🦅,0,0,0,0,0,0,0,50,2026-04-30 23:00:19.895381+00,1000000,t,79,Brasil
f7233ec7-231f-48a9-bf60-5b11baa7b49c,4b002b5d-45ee-4fdf-8944-407ca4ca65b3,990f4533-5050-47f2-b091-feb1b0d3c652,Atlético Alto da Serra,🐺,0,0,0,0,0,0,0,50,2026-04-30 23:00:19.895381+00,1000000,t,80,Brasil
16809b82-78a6-4576-8441-572d481af00e,4b002b5d-45ee-4fdf-8944-407ca4ca65b3,3653fbe7-f2f0-4ff1-9e77-989c096bcd2d,Esporte Morro Alto,🦁,0,0,0,0,0,0,0,50,2026-04-30 23:00:19.895381+00,1000000,t,65,Brasil
05c84bab-1073-4f60-b654-ef599888f372,4b002b5d-45ee-4fdf-8944-407ca4ca65b3,85b299bd-4e77-449a-af87-912f6d0036e1,Sport Ponta Grossa,🐂,0,0,0,0,0,0,0,50,2026-04-30 23:00:19.895381+00,1000000,t,70,Brasil
3b7f7b9f-81d5-4973-96c0-1b77f425b7d0,b1d595fb-9e6b-445e-be48-5056fff26125,f7295ec6-d6bf-4d56-9ce3-5a4aaef7c959,Sporting Nova Esperança,⚽,0,0,0,0,0,0,0,50,2026-04-30 23:00:20.054164+00,1000000,t,55,Brasil
944832bd-ef8f-4f40-bf7b-080428c26490,b1d595fb-9e6b-445e-be48-5056fff26125,f2969471-6248-4607-958d-bbc191557aeb,Racing Sol Nascente,🏟️,0,0,0,0,0,0,0,50,2026-04-30 23:00:20.054164+00,1000000,t,53,Brasil
cd95ff6a-a741-44f8-8e4b-72b79e6f9d61,b1d595fb-9e6b-445e-be48-5056fff26125,f71ff685-5666-483b-90d9-98cba024ada6,Olimpia Vila Rica,🦅,0,0,0,0,0,0,0,50,2026-04-30 23:00:20.054164+00,1000000,t,51,Brasil
4db47c98-97ac-4f7b-9392-8eed8619d917,b1d595fb-9e6b-445e-be48-5056fff26125,65a45dde-a41f-4dc2-af69-99187ecf81d7,Estrela Monte Azul,🐺,0,0,0,0,0,0,0,50,2026-04-30 23:00:20.054164+00,1000000,t,49,Brasil
0ba801cd-0381-4300-ac66-4b685d5fc0e4,b1d595fb-9e6b-445e-be48-5056fff26125,463035ce-662c-4c0e-ad37-8980970be265,FC Rio Claro,🦁,0,0,0,0,0,0,0,50,2026-04-30 23:00:20.054164+00,1000000,t,57,Brasil
59a1eaf6-d7cd-4c4a-bff0-2a5d84088f87,b1d595fb-9e6b-445e-be48-5056fff26125,4f743dac-ec9f-43c7-9c84-7502fc925a32,SC Campo Grande,🐂,0,0,0,0,0,0,0,50,2026-04-30 23:00:20.054164+00,1000000,t,47,Brasil
66279109-3ba5-4722-acd1-316955b77bcc,b1d595fb-9e6b-445e-be48-5056fff26125,8ad4d837-27e3-47c5-901c-9bc8b06783cf,AC Serra Alta,🔴,0,0,0,0,0,0,0,50,2026-04-30 23:00:20.054164+00,1000000,t,51,Brasil
05c2f6aa-4118-41cc-894f-87f67fdf4381,b1d595fb-9e6b-445e-be48-5056fff26125,32db2e4a-726f-4301-8685-c755f4da7f4e,EC Vale Verde,🔵,0,0,0,0,0,0,0,50,2026-04-30 23:00:20.054164+00,1000000,t,45,Brasil
24069d6d-29c0-4048-beb5-b8f31537cc4b,b1d595fb-9e6b-445e-be48-5056fff26125,f59236a2-2da2-4a7f-919a-2d97a78ef691,Clube Pedra Branca,🟢,0,0,0,0,0,0,0,50,2026-04-30 23:00:20.054164+00,1000000,t,45,Brasil
54a124ff-8848-4a91-a587-92075350bdfd,b1d595fb-9e6b-445e-be48-5056fff26125,9b76c7d1-3038-4665-a77e-6f394893f2bc,Atlético Lagoa Santa,🟡,0,0,0,0,0,0,0,50,2026-04-30 23:00:20.054164+00,1000000,t,47,Brasil
dbb01e3f-be35-4f8b-816f-0c1c188dd416,b1d595fb-9e6b-445e-be48-5056fff26125,761e361d-3e24-4453-ae9f-7f3732a809af,Esporte Porto Alegre,⚫,0,0,0,0,0,0,0,50,2026-04-30 23:00:20.054164+00,1000000,t,51,Brasil
2fa9d74d-2a1e-4657-8f99-bdfd11fa3dc8,b1d595fb-9e6b-445e-be48-5056fff26125,01efa6e2-cd80-49d5-9ed4-4f1c40d5ae01,Sport Bela Vista,⚪,0,0,0,0,0,0,0,50,2026-04-30 23:00:20.054164+00,1000000,t,45,Brasil
5111aaf2-1050-4d77-bb85-3f0495ec4ac0,b1d595fb-9e6b-445e-be48-5056fff26125,f2c5fbf9-8adb-40b6-9e3d-44187f9b3e5e,União Cruz Alta,🟣,0,0,0,0,0,0,0,50,2026-04-30 23:00:20.054164+00,1000000,t,56,Brasil
79da0bfc-4a1a-4b6a-9a2f-c6eba9fd9233,b1d595fb-9e6b-445e-be48-5056fff26125,7bd64b31-7f07-4dae-8340-624a989615d3,Real Santo Amaro,🟠,0,0,0,0,0,0,0,50,2026-04-30 23:00:20.054164+00,1000000,t,45,Brasil
e173d66c-f592-42c5-8c30-44fcf3564500,b1d595fb-9e6b-445e-be48-5056fff26125,fb871bac-aa37-46a3-b16e-9baa8deda60b,Inter Jardim,⚽,0,0,0,0,0,0,0,50,2026-04-30 23:00:20.054164+00,1000000,t,46,Brasil
990ef1ec-86f2-4251-9e1f-efb8ac95b80a,b1d595fb-9e6b-445e-be48-5056fff26125,48d60c35-2d9f-4293-8eba-2eec5ff57cfd,Nacional São Miguel,🏟️,0,0,0,0,0,0,0,50,2026-04-30 23:00:20.054164+00,1000000,t,59,Brasil
5c7dd2f1-fe20-4534-b8fa-66aff468b39e,b1d595fb-9e6b-445e-be48-5056fff26125,8d292047-ec16-483c-a3b6-a1a44e0fb440,Sporting Boa Vista,🦅,0,0,0,0,0,0,0,50,2026-04-30 23:00:20.054164+00,1000000,t,48,Brasil
21f90851-82da-4b73-8a10-185f7f129822,b1d595fb-9e6b-445e-be48-5056fff26125,675b9d42-8d2d-4fe1-b54e-1734e1386f17,Racing Alto da Serra,🐺,0,0,0,0,0,0,0,50,2026-04-30 23:00:20.054164+00,1000000,t,56,Brasil
9c0f7d41-eb18-4b1d-9c09-dc0bb7b99a16,b1d595fb-9e6b-445e-be48-5056fff26125,e2a2a018-900d-475a-96d0-98a6d36b211f,Olimpia Morro Alto,🦁,0,0,0,0,0,0,0,50,2026-04-30 23:00:20.054164+00,1000000,t,51,Brasil
4f532758-0c1a-4e11-9bd5-29d8767d4449,b1d595fb-9e6b-445e-be48-5056fff26125,73b6b112-bc2c-454c-9b48-518050e75973,Estrela Ponta Grossa,🐂,0,0,0,0,0,0,0,50,2026-04-30 23:00:20.054164+00,1000000,t,51,Brasil
2776a5df-1fe0-4d13-b4a1-997d24046ce4,bff27342-f370-4f09-919e-e6101eefdf7c,9b05551b-688b-40ba-82d9-32c054b258b0,União Nova Esperança,⚽,0,0,0,0,0,0,0,50,2026-04-30 23:00:21.370313+00,1000000,t,69,Brasil
1d37d0e9-8e83-4b0f-84a0-bb63cb5295b8,bff27342-f370-4f09-919e-e6101eefdf7c,25d22b58-31dc-423e-8cc6-bcbe6d9ef3ce,Real Sol Nascente,🏟️,0,0,0,0,0,0,0,50,2026-04-30 23:00:21.370313+00,1000000,t,63,Brasil
dfc65099-cfc8-460f-82b4-34c6bf0116c0,bff27342-f370-4f09-919e-e6101eefdf7c,8ebd64f0-a30f-4c21-ad29-3e79c0bb94b6,Inter Vila Rica,🦅,0,0,0,0,0,0,0,50,2026-04-30 23:00:21.370313+00,1000000,t,69,Brasil
012482c1-9812-4426-8593-37edb4e54fd9,bff27342-f370-4f09-919e-e6101eefdf7c,a0e4ea16-baee-4b86-9e92-4272f8f330ac,Nacional Monte Azul,🐺,0,0,0,0,0,0,0,50,2026-04-30 23:00:21.370313+00,1000000,t,65,Brasil
4a9b03b8-144d-4343-b091-5d66546fc1ba,bff27342-f370-4f09-919e-e6101eefdf7c,077dc1b8-c030-48c2-b5a5-6930f3c33380,Sporting Rio Claro,🦁,0,0,0,0,0,0,0,50,2026-04-30 23:00:21.370313+00,1000000,t,68,Brasil
0a3bc2f6-8eb2-4b89-809f-3aa24a9b57a7,bff27342-f370-4f09-919e-e6101eefdf7c,8188d4ec-4a16-4a64-b42a-e692fc560da6,Racing Campo Grande,🐂,0,0,0,0,0,0,0,50,2026-04-30 23:00:21.370313+00,1000000,t,64,Brasil
1ccaed15-9ad0-4511-a059-745c83631aa4,589871d9-295b-46c1-b882-19719e4d5ea2,0fe9751b-1790-4f82-bd4e-e4513cb5aafb,Sport São Miguel,🏟️,0,0,0,0,0,0,0,50,2026-04-30 23:00:19.97912+00,1000000,t,61,Brasil
9d87339e-ad89-4e67-b40a-ff39d03ae91f,589871d9-295b-46c1-b882-19719e4d5ea2,3c618999-61ac-4a93-bab7-74bba7498cab,União Boa Vista,🦅,0,0,0,0,0,0,0,50,2026-04-30 23:00:19.97912+00,1000000,t,61,Brasil
0c51342c-8d71-4684-9e75-3e0a8c20d6f9,589871d9-295b-46c1-b882-19719e4d5ea2,2d7a6a11-ceb1-41c3-ae66-5e9a8f2ca1f9,Real Alto da Serra,🐺,0,0,0,0,0,0,0,50,2026-04-30 23:00:19.97912+00,1000000,t,68,Brasil
eae4b39f-a4b5-4212-a9e2-1c8da16dbbfa,589871d9-295b-46c1-b882-19719e4d5ea2,fbc6a18f-2d84-4c1a-9d95-b6ca7c6b5cf6,Inter Morro Alto,🦁,0,0,0,0,0,0,0,50,2026-04-30 23:00:19.97912+00,1000000,t,65,Brasil
60e2898c-6814-4a34-b51e-58552b0588a7,589871d9-295b-46c1-b882-19719e4d5ea2,5cadff8b-d59a-4b9c-9b1a-c0677b0a848f,Nacional Ponta Grossa,🐂,0,0,0,0,0,0,0,50,2026-04-30 23:00:19.97912+00,1000000,t,67,Brasil
47dd1b77-b95e-4c72-ac4d-3fa2124df83f,c2f2a0af-db98-44d8-bb75-ad0e4c3777bb,3455b4ac-435c-4ee9-ac05-fc61c6d1e57c,Clube Nova Esperança,⚽,0,0,0,0,0,0,0,50,2026-04-30 23:00:21.288429+00,1000000,t,78,Brasil
0ce63f03-bd9c-43fa-8d2c-70b0d59ab8ea,c2f2a0af-db98-44d8-bb75-ad0e4c3777bb,569dfef8-2851-4b81-a444-cae271364f4e,Atlético Sol Nascente,🏟️,0,0,0,0,0,0,0,50,2026-04-30 23:00:21.288429+00,1000000,t,65,Brasil
2c4ca9b0-eb3f-4d6b-99a1-b4a7298010d1,c2f2a0af-db98-44d8-bb75-ad0e4c3777bb,64c1d073-736c-4b90-a090-9e753469ffab,Esporte Vila Rica,🦅,0,0,0,0,0,0,0,50,2026-04-30 23:00:21.288429+00,1000000,t,78,Brasil
7097a92e-2365-48ff-9efa-0b560f3c0316,c2f2a0af-db98-44d8-bb75-ad0e4c3777bb,e03abdc5-98f7-4ab3-9ded-a3fff4c026b4,Sport Monte Azul,🐺,0,0,0,0,0,0,0,50,2026-04-30 23:00:21.288429+00,1000000,t,67,Brasil
f10c3028-d95e-492c-91e9-2512accca372,c2f2a0af-db98-44d8-bb75-ad0e4c3777bb,4449eed5-f3df-4878-ba66-15eb8019d3bd,União Rio Claro,🦁,0,0,0,0,0,0,0,50,2026-04-30 23:00:21.288429+00,1000000,t,80,Brasil
99b455e2-467b-4e3d-9747-30d21edc3ec3,c2f2a0af-db98-44d8-bb75-ad0e4c3777bb,3b151a6c-d8b7-4773-83b5-64df8529d45c,Real Campo Grande,🐂,0,0,0,0,0,0,0,50,2026-04-30 23:00:21.288429+00,1000000,t,71,Brasil
5d5e25f5-1115-4a0b-ada9-c3a6c54f73f1,c2f2a0af-db98-44d8-bb75-ad0e4c3777bb,89b9ecd3-585d-4180-9aad-c4bedf092c4c,Inter Serra Alta,🔴,0,0,0,0,0,0,0,50,2026-04-30 23:00:21.288429+00,1000000,t,69,Brasil
ef54ba5a-f7f8-44a4-8cd4-f8dc51725f38,c2f2a0af-db98-44d8-bb75-ad0e4c3777bb,609cfcd4-decf-4368-a4bc-864e81cfd821,Nacional Vale Verde,🔵,0,0,0,0,0,0,0,50,2026-04-30 23:00:21.288429+00,1000000,t,66,Brasil
5ffe738d-f773-450d-aef6-82abec4ca382,c2f2a0af-db98-44d8-bb75-ad0e4c3777bb,2bf88927-1be0-4d5d-8278-612a74911018,Sporting Pedra Branca,🟢,0,0,0,0,0,0,0,50,2026-04-30 23:00:21.288429+00,1000000,t,70,Brasil
a0862903-8523-44cc-a476-5912812abd0f,c2f2a0af-db98-44d8-bb75-ad0e4c3777bb,047c6e4c-6694-4512-9846-053f4a7088bc,Racing Lagoa Santa,🟡,0,0,0,0,0,0,0,50,2026-04-30 23:00:21.288429+00,1000000,t,76,Brasil
ac8a43ca-3dfd-490a-9322-978d16eca880,c2f2a0af-db98-44d8-bb75-ad0e4c3777bb,610f37b8-cf0b-49c4-849f-fd01020781e3,Olimpia Porto Alegre,⚫,0,0,0,0,0,0,0,50,2026-04-30 23:00:21.288429+00,1000000,t,72,Brasil
d0e3c8df-fe4d-4221-958b-c842a6a4b5ad,c2f2a0af-db98-44d8-bb75-ad0e4c3777bb,3768a7e8-f8f6-47cb-9a34-eb7f14cf15a0,Estrela Bela Vista,⚪,0,0,0,0,0,0,0,50,2026-04-30 23:00:21.288429+00,1000000,t,76,Brasil
307f6b11-d16a-414f-a593-a60f2a9cb59b,c2f2a0af-db98-44d8-bb75-ad0e4c3777bb,c6bee003-bd68-4c69-8913-a99bec482936,FC Cruz Alta,🟣,0,0,0,0,0,0,0,50,2026-04-30 23:00:21.288429+00,1000000,t,67,Brasil
63669b73-071c-4c16-ae60-ccc6187806ed,c2f2a0af-db98-44d8-bb75-ad0e4c3777bb,a1cb44a5-0291-48f1-bf48-01c9d0e1dd1a,SC Santo Amaro,🟠,0,0,0,0,0,0,0,50,2026-04-30 23:00:21.288429+00,1000000,t,67,Brasil
888d4c6e-c8ee-4adc-b3ac-b11686fc9c97,c2f2a0af-db98-44d8-bb75-ad0e4c3777bb,a0153c82-09f3-4437-9609-de0d5d5de4c5,AC Jardim,⚽,0,0,0,0,0,0,0,50,2026-04-30 23:00:21.288429+00,1000000,t,77,Brasil
ba53f61f-4594-46ba-83e0-473409332e45,c2f2a0af-db98-44d8-bb75-ad0e4c3777bb,0aa151d5-12a6-4973-8d4c-322af140743e,EC São Miguel,🏟️,0,0,0,0,0,0,0,50,2026-04-30 23:00:21.288429+00,1000000,t,69,Brasil
8f07697b-b969-4e58-b6ba-2eb3d155957f,c2f2a0af-db98-44d8-bb75-ad0e4c3777bb,28a4188f-b9f4-4f60-98dd-745849ba5303,Clube Boa Vista,🦅,0,0,0,0,0,0,0,50,2026-04-30 23:00:21.288429+00,1000000,t,74,Brasil
d19f5a6a-f95e-4a73-b1ac-c1a3b8f7e786,c2f2a0af-db98-44d8-bb75-ad0e4c3777bb,84d1546f-eb3a-459a-a88e-e5fa80da472b,Atlético Alto da Serra,🐺,0,0,0,0,0,0,0,50,2026-04-30 23:00:21.288429+00,1000000,t,71,Brasil
58e7bf80-d421-44b0-87ad-cb776da0d214,c2f2a0af-db98-44d8-bb75-ad0e4c3777bb,350108bf-1bb2-4436-8c56-3d67ad9348bc,Esporte Morro Alto,🦁,0,0,0,0,0,0,0,50,2026-04-30 23:00:21.288429+00,1000000,t,74,Brasil
7637d28c-2eb4-4ce4-9857-693f5ff15132,c2f2a0af-db98-44d8-bb75-ad0e4c3777bb,1089659c-3fca-4dcb-8495-aca69ae17fd7,Sport Ponta Grossa,🐂,0,0,0,0,0,0,0,50,2026-04-30 23:00:21.288429+00,1000000,t,75,Brasil
4ec1b8a5-f69e-4c1f-a403-290589072d12,c0252957-466c-41bb-ae66-5a3dab1f914c,60f01c9d-f7fa-4b9e-a6d5-ffe45c69dc98,União Nova Esperança,⚽,0,0,0,0,0,0,0,50,2026-04-30 23:00:21.804445+00,1000000,t,65,Brasil
4a53a436-0e29-4480-a389-fdfc7ec01367,c0252957-466c-41bb-ae66-5a3dab1f914c,b3dc6994-9949-4abf-9058-5b03231232e5,Real Sol Nascente,🏟️,0,0,0,0,0,0,0,50,2026-04-30 23:00:21.804445+00,1000000,t,69,Brasil
c809602b-931b-4274-ba3b-6543780e4ec8,c0252957-466c-41bb-ae66-5a3dab1f914c,d7ca3c33-32c1-4bd5-8ed6-7bdfac7b1a2d,Inter Vila Rica,🦅,0,0,0,0,0,0,0,50,2026-04-30 23:00:21.804445+00,1000000,t,70,Brasil
19978e02-cb2a-4891-8d07-50d3c3340d9b,c0252957-466c-41bb-ae66-5a3dab1f914c,e9d569b1-09f0-410f-8772-c6a720c980e0,Nacional Monte Azul,🐺,0,0,0,0,0,0,0,50,2026-04-30 23:00:21.804445+00,1000000,t,56,Brasil
639c71c6-93a6-4266-b9a4-2be95eced08c,c0252957-466c-41bb-ae66-5a3dab1f914c,33ce2e67-bbcb-4db8-af6f-a6730effa9e2,Sporting Rio Claro,🦁,0,0,0,0,0,0,0,50,2026-04-30 23:00:21.804445+00,1000000,t,65,Brasil
1d0ad2eb-2f45-4294-a2bf-a9bde10ef4a0,c0252957-466c-41bb-ae66-5a3dab1f914c,c9b0e1e9-e4a8-442f-93c6-477c20b0c45a,Racing Campo Grande,🐂,0,0,0,0,0,0,0,50,2026-04-30 23:00:21.804445+00,1000000,t,63,Brasil
cd20b21c-227e-462f-ba9b-07ebcd4d1efd,c0252957-466c-41bb-ae66-5a3dab1f914c,d7206b28-0fa5-4c05-87bc-75b5334a49e3,Olimpia Serra Alta,🔴,0,0,0,0,0,0,0,50,2026-04-30 23:00:21.804445+00,1000000,t,59,Brasil
d021960f-3e2a-4ba7-8b5e-5c8f3664e192,c0252957-466c-41bb-ae66-5a3dab1f914c,87fd4caa-f5a6-440d-8ce4-185f8a301990,Estrela Vale Verde,🔵,0,0,0,0,0,0,0,50,2026-04-30 23:00:21.804445+00,1000000,t,62,Brasil
b6598079-09c2-413a-9f08-7fa1ce641ec5,c0252957-466c-41bb-ae66-5a3dab1f914c,c5740329-1d66-405e-9301-6f10e2967afb,FC Pedra Branca,🟢,0,0,0,0,0,0,0,50,2026-04-30 23:00:21.804445+00,1000000,t,56,Brasil
8808ab4d-b6e3-4321-aa61-7285a5b5b667,c0252957-466c-41bb-ae66-5a3dab1f914c,c6c818e0-cbc4-4b06-bc3a-d1d7057bb5e9,SC Lagoa Santa,🟡,0,0,0,0,0,0,0,50,2026-04-30 23:00:21.804445+00,1000000,t,59,Brasil
322bc3be-e37d-4957-90b2-1afb414d1628,c0252957-466c-41bb-ae66-5a3dab1f914c,8c659aa4-acda-4a30-9920-c4d50a2e5b04,AC Porto Alegre,⚫,0,0,0,0,0,0,0,50,2026-04-30 23:00:21.804445+00,1000000,t,59,Brasil
bd3d726f-95c9-4486-882a-0f9e9e41c3d4,c0252957-466c-41bb-ae66-5a3dab1f914c,a9f1ff79-e783-42b6-af9b-970b01bccda7,EC Bela Vista,⚪,0,0,0,0,0,0,0,50,2026-04-30 23:00:21.804445+00,1000000,t,57,Brasil
ff73e161-ada5-47a7-a611-ec595669beea,c0252957-466c-41bb-ae66-5a3dab1f914c,b229f409-3d34-415a-8ce8-831338aa9e27,Clube Cruz Alta,🟣,0,0,0,0,0,0,0,50,2026-04-30 23:00:21.804445+00,1000000,t,66,Brasil
03558e83-371a-4323-ab91-f7eede1f20f2,c0252957-466c-41bb-ae66-5a3dab1f914c,7a1c6b92-51cc-4d4b-9080-594bac200314,Atlético Santo Amaro,🟠,0,0,0,0,0,0,0,50,2026-04-30 23:00:21.804445+00,1000000,t,67,Brasil
deffa8aa-d97f-4b9c-be59-393998ceced6,c0252957-466c-41bb-ae66-5a3dab1f914c,df4d53d2-fc49-4f07-af86-ef2a38559927,Esporte Jardim,⚽,0,0,0,0,0,0,0,50,2026-04-30 23:00:21.804445+00,1000000,t,69,Brasil
29733781-2991-459a-86a4-3a2a209a0e0e,c0252957-466c-41bb-ae66-5a3dab1f914c,78b73313-3f1b-4d09-aa2a-608f0a0b19b8,Sport São Miguel,🏟️,0,0,0,0,0,0,0,50,2026-04-30 23:00:21.804445+00,1000000,t,66,Brasil
4ddccbde-71c5-4d5c-960a-a722684701b7,c0252957-466c-41bb-ae66-5a3dab1f914c,f6291d33-9e5e-4ad4-bdd5-67db19ae8005,União Boa Vista,🦅,0,0,0,0,0,0,0,50,2026-04-30 23:00:21.804445+00,1000000,t,69,Brasil
4e5eba43-0137-4911-9d0a-aae7390462c9,c0252957-466c-41bb-ae66-5a3dab1f914c,7b006d42-327f-4cc2-8c7c-2bf1a8f05449,Real Alto da Serra,🐺,0,0,0,0,0,0,0,50,2026-04-30 23:00:21.804445+00,1000000,t,68,Brasil
d7b1b8ea-80b0-417c-bfd7-e925e2f9b37e,c0252957-466c-41bb-ae66-5a3dab1f914c,ecc615f2-9c32-4cfb-8eca-cfc99069541d,Inter Morro Alto,🦁,0,0,0,0,0,0,0,50,2026-04-30 23:00:21.804445+00,1000000,t,59,Brasil
74c5de83-0e81-4ddf-a627-53bc9f41f516,c0252957-466c-41bb-ae66-5a3dab1f914c,1a4e900d-0415-492b-9618-365305e510e1,Nacional Ponta Grossa,🐂,0,0,0,0,0,0,0,50,2026-04-30 23:00:21.804445+00,1000000,t,66,Brasil
e64d3d5c-0cb2-430c-ae2f-fec57e96d1fd,ced7102b-0955-4517-98a6-b6496048981f,61041584-90f3-4919-992e-704b7f046f7a,Sporting Nova Esperança,⚽,0,0,0,0,0,0,0,50,2026-04-30 23:00:22.333543+00,1000000,t,51,Brasil
845fb009-0059-4495-ab28-6465d40e5799,ced7102b-0955-4517-98a6-b6496048981f,97b3b269-10ac-480e-bca9-1c470e579734,Racing Sol Nascente,🏟️,0,0,0,0,0,0,0,50,2026-04-30 23:00:22.333543+00,1000000,t,49,Brasil
827cacc8-7ba4-460e-b760-a90c60b793e1,ced7102b-0955-4517-98a6-b6496048981f,a7a7f679-1ffc-4ab4-8c56-eded8f4640b7,Olimpia Vila Rica,🦅,0,0,0,0,0,0,0,50,2026-04-30 23:00:22.333543+00,1000000,t,52,Brasil
543ea2b5-bc0a-400b-b544-705de4d92c38,ced7102b-0955-4517-98a6-b6496048981f,2aa8d7c7-b0dc-4aeb-909b-ca5e01bd25de,Estrela Monte Azul,🐺,0,0,0,0,0,0,0,50,2026-04-30 23:00:22.333543+00,1000000,t,49,Brasil
4a8f403f-eac7-4599-9154-1e339349bb2d,ced7102b-0955-4517-98a6-b6496048981f,f6d9035f-adbe-4fee-83d5-00394fd38e24,FC Rio Claro,🦁,0,0,0,0,0,0,0,50,2026-04-30 23:00:22.333543+00,1000000,t,58,Brasil
38e7679e-e795-476c-a4ae-0f206f0d8660,ced7102b-0955-4517-98a6-b6496048981f,9e4b1864-f5db-460d-a802-ad4651dfc846,SC Campo Grande,🐂,0,0,0,0,0,0,0,50,2026-04-30 23:00:22.333543+00,1000000,t,59,Brasil
6193531f-3bbe-4369-8cc3-21a174fbd44d,f619c600-747f-49e1-939c-00ba06d05019,bbccd071-ab70-467f-8744-d5bcdf9ad98d,EC São Miguel,🏟️,0,0,0,0,0,0,0,50,2026-04-30 23:00:20.438976+00,1000000,t,75,Brasil
d8d0dd53-c691-4c91-a823-14b62d665fc2,f619c600-747f-49e1-939c-00ba06d05019,33df7370-e5f6-4e4f-a87d-ef5ffc74d927,Clube Boa Vista,🦅,0,0,0,0,0,0,0,50,2026-04-30 23:00:20.438976+00,1000000,t,77,Brasil
1a05a805-aafb-4730-88ce-b65d99edac2f,f619c600-747f-49e1-939c-00ba06d05019,10ba6860-973a-46f6-94fc-8bdeaa6bd76f,Atlético Alto da Serra,🐺,0,0,0,0,0,0,0,50,2026-04-30 23:00:20.438976+00,1000000,t,74,Brasil
a595c60e-2f03-454a-b9f1-34ac6a182b96,f619c600-747f-49e1-939c-00ba06d05019,dfc9b2cc-9a4c-4630-9794-758d30014ee6,Esporte Morro Alto,🦁,0,0,0,0,0,0,0,50,2026-04-30 23:00:20.438976+00,1000000,t,67,Brasil
1592f757-7c78-4a68-a87d-d31962d898fb,f619c600-747f-49e1-939c-00ba06d05019,ec2b8332-453e-4f3b-9c3e-a23c9febdea1,Sport Ponta Grossa,🐂,0,0,0,0,0,0,0,50,2026-04-30 23:00:20.438976+00,1000000,t,73,Brasil
6ee7d2dd-0057-45d1-865b-b3d897ccfd1c,805d704e-601a-4738-96dc-12c7a83ec9bb,1e53921b-e767-4479-b525-da751d6d46fb,FC Nova Esperança,⚽,0,0,0,0,0,0,0,50,2026-04-30 23:00:21.6536+00,1000000,t,77,Brasil
d58a3315-4dcd-46c0-9d29-950108ba4a8a,805d704e-601a-4738-96dc-12c7a83ec9bb,bc4bcfd7-24ec-47bf-a035-a11e19477ca5,SC Sol Nascente,🏟️,0,0,0,0,0,0,0,50,2026-04-30 23:00:21.6536+00,1000000,t,80,Brasil
5b4002ef-db71-4d45-a2ed-20d2a416a319,805d704e-601a-4738-96dc-12c7a83ec9bb,410f82fd-c735-4d56-bf9e-a8d68c0599e0,AC Vila Rica,🦅,0,0,0,0,0,0,0,50,2026-04-30 23:00:21.6536+00,1000000,t,90,Brasil
8db7d9b6-bf22-4584-afc9-60663020b196,805d704e-601a-4738-96dc-12c7a83ec9bb,0660045b-c95c-4252-b1f9-476b8e82dd90,EC Monte Azul,🐺,0,0,0,0,0,0,0,50,2026-04-30 23:00:21.6536+00,1000000,t,88,Brasil
408d90b8-b7b3-408a-9873-e9167d730c49,805d704e-601a-4738-96dc-12c7a83ec9bb,767c7cdf-6771-4304-b98c-dfde46b74604,Clube Rio Claro,🦁,0,0,0,0,0,0,0,50,2026-04-30 23:00:21.6536+00,1000000,t,76,Brasil
bac5e033-389f-4040-9bab-4cc0adf9e65e,805d704e-601a-4738-96dc-12c7a83ec9bb,46775491-9903-4b51-85df-346fa3cd1ceb,Atlético Campo Grande,🐂,0,0,0,0,0,0,0,50,2026-04-30 23:00:21.6536+00,1000000,t,90,Brasil
4875a4a1-5e13-4d5e-9180-72ac3a0eb685,805d704e-601a-4738-96dc-12c7a83ec9bb,a91edc77-72a0-4d6f-af26-517e51c9585a,Esporte Serra Alta,🔴,0,0,0,0,0,0,0,50,2026-04-30 23:00:21.6536+00,1000000,t,75,Brasil
17aeaa45-970b-41b4-b857-cbc9448925fd,805d704e-601a-4738-96dc-12c7a83ec9bb,3f41fca7-9c4c-4f86-868d-b4c77cdeb9ea,Sport Vale Verde,🔵,0,0,0,0,0,0,0,50,2026-04-30 23:00:21.6536+00,1000000,t,80,Brasil
3fb91787-ce26-4000-87ae-236dd3dd8d30,805d704e-601a-4738-96dc-12c7a83ec9bb,fb9a5101-9e58-4bb5-8fe6-9fba20cfb5c7,União Pedra Branca,🟢,0,0,0,0,0,0,0,50,2026-04-30 23:00:21.6536+00,1000000,t,84,Brasil
ab662e2f-babb-43eb-93db-1dd3af8ae97c,805d704e-601a-4738-96dc-12c7a83ec9bb,4fe1c090-ff4e-4b92-ba27-55d39d17021b,Real Lagoa Santa,🟡,0,0,0,0,0,0,0,50,2026-04-30 23:00:21.6536+00,1000000,t,78,Brasil
dc737bb2-8d15-46c5-a9e8-d7368f7ba52a,805d704e-601a-4738-96dc-12c7a83ec9bb,57d90054-04b4-468b-ae50-0e91d49e5a94,Inter Porto Alegre,⚫,0,0,0,0,0,0,0,50,2026-04-30 23:00:21.6536+00,1000000,t,86,Brasil
2a34afe2-dbd9-45d7-a940-c599dca6617d,805d704e-601a-4738-96dc-12c7a83ec9bb,23ef47f3-75ff-4cc6-a852-4348b3ae8aeb,Nacional Bela Vista,⚪,0,0,0,0,0,0,0,50,2026-04-30 23:00:21.6536+00,1000000,t,80,Brasil
84ed698e-27dd-4bb8-93a8-81a4a8fe0a82,805d704e-601a-4738-96dc-12c7a83ec9bb,ba614b52-3e5b-4620-8fd3-0b4b419dffb4,Sporting Cruz Alta,🟣,0,0,0,0,0,0,0,50,2026-04-30 23:00:21.6536+00,1000000,t,85,Brasil
c7da0f4f-8359-42d3-8a53-8d877e8b90da,805d704e-601a-4738-96dc-12c7a83ec9bb,12080596-430f-45a6-971a-a5ade9148538,Racing Santo Amaro,🟠,0,0,0,0,0,0,0,50,2026-04-30 23:00:21.6536+00,1000000,t,90,Brasil
5f75287d-b605-4c5c-9eef-1518efae639d,805d704e-601a-4738-96dc-12c7a83ec9bb,7ac34d99-6047-4e9d-b96c-9692702c0531,Olimpia Jardim,⚽,0,0,0,0,0,0,0,50,2026-04-30 23:00:21.6536+00,1000000,t,86,Brasil
9c84cbcb-9a8a-4656-b572-dbb901806ed6,805d704e-601a-4738-96dc-12c7a83ec9bb,2624e97d-f5cd-4488-8596-7d52fe27c131,Estrela São Miguel,🏟️,0,0,0,0,0,0,0,50,2026-04-30 23:00:21.6536+00,1000000,t,83,Brasil
2547957f-6f9d-4c54-ac49-ae150183afa2,805d704e-601a-4738-96dc-12c7a83ec9bb,df256d3f-f4aa-46c6-984a-73ddfec397ef,FC Boa Vista,🦅,0,0,0,0,0,0,0,50,2026-04-30 23:00:21.6536+00,1000000,t,76,Brasil
4f839c08-c4fb-4518-ba69-2f7888551ad3,805d704e-601a-4738-96dc-12c7a83ec9bb,6be2494a-138c-467c-ae17-6b352a5daa14,SC Alto da Serra,🐺,0,0,0,0,0,0,0,50,2026-04-30 23:00:21.6536+00,1000000,t,76,Brasil
a0269371-88b3-475d-838b-c359b1b63347,805d704e-601a-4738-96dc-12c7a83ec9bb,9f662a0d-001f-4283-abc5-3d9dd5396471,AC Morro Alto,🦁,0,0,0,0,0,0,0,50,2026-04-30 23:00:21.6536+00,1000000,t,86,Brasil
c5d2709d-9f8d-45ac-8278-5645bace1160,805d704e-601a-4738-96dc-12c7a83ec9bb,98d1b742-323d-49bc-b267-2b8233896846,EC Ponta Grossa,🐂,0,0,0,0,0,0,0,50,2026-04-30 23:00:21.6536+00,1000000,t,78,Brasil
92f46f18-955e-4cf2-8ab6-c851f3e8f55a,79806482-3e3e-4394-9477-4a1566b42eb6,0b67a2c8-b6f7-4b09-b703-22a74afc3bb8,Clube Nova Esperança,⚽,0,0,0,0,0,0,0,50,2026-04-30 23:00:22.177981+00,1000000,t,73,Brasil
99c84c90-e612-46ce-aab0-4fc860d0ea85,79806482-3e3e-4394-9477-4a1566b42eb6,9d9bbc8a-7e4b-4764-8dab-22fca9917f85,Atlético Sol Nascente,🏟️,0,0,0,0,0,0,0,50,2026-04-30 23:00:22.177981+00,1000000,t,76,Brasil
f9e37c75-15b6-4017-9f60-b2f25c53a6ba,79806482-3e3e-4394-9477-4a1566b42eb6,ff9b9d51-9329-48ab-9014-9b460d06c422,Esporte Vila Rica,🦅,0,0,0,0,0,0,0,50,2026-04-30 23:00:22.177981+00,1000000,t,68,Brasil
f69515b7-79da-4696-8be6-60734bc03b2a,79806482-3e3e-4394-9477-4a1566b42eb6,0ef69876-1d5c-4ef9-85db-787037c306c1,Sport Monte Azul,🐺,0,0,0,0,0,0,0,50,2026-04-30 23:00:22.177981+00,1000000,t,74,Brasil
18bfdf27-b74a-402d-81d9-bf13503baf35,79806482-3e3e-4394-9477-4a1566b42eb6,6e8206e0-919b-4db0-a3e2-fcabd0677792,União Rio Claro,🦁,0,0,0,0,0,0,0,50,2026-04-30 23:00:22.177981+00,1000000,t,65,Brasil
314ddaf5-6704-49d2-b1ba-33442425c306,79806482-3e3e-4394-9477-4a1566b42eb6,505c6eb0-60c2-4453-926c-26b6bb636042,Real Campo Grande,🐂,0,0,0,0,0,0,0,50,2026-04-30 23:00:22.177981+00,1000000,t,78,Brasil
3372448e-d987-44b9-82f9-fd2b121a8c59,79806482-3e3e-4394-9477-4a1566b42eb6,f6bdf9ba-0ee5-4524-b234-9b2f6fa15f42,Inter Serra Alta,🔴,0,0,0,0,0,0,0,50,2026-04-30 23:00:22.177981+00,1000000,t,75,Brasil
f72e149b-2d3d-4ef1-8501-50b6faaf6d0b,79806482-3e3e-4394-9477-4a1566b42eb6,5686cf59-a47f-4572-8c42-a4dbd2d4ec7b,Nacional Vale Verde,🔵,0,0,0,0,0,0,0,50,2026-04-30 23:00:22.177981+00,1000000,t,70,Brasil
e9ca9a57-cdce-4bf8-9e94-67f0e443130a,79806482-3e3e-4394-9477-4a1566b42eb6,a757b790-acba-4041-a3c6-d7cb51351ead,Sporting Pedra Branca,🟢,0,0,0,0,0,0,0,50,2026-04-30 23:00:22.177981+00,1000000,t,73,Brasil
4fcb1010-601a-4076-9a03-4e592b3cc0a8,79806482-3e3e-4394-9477-4a1566b42eb6,ebf48132-d405-412d-8949-e3360cc30d49,Racing Lagoa Santa,🟡,0,0,0,0,0,0,0,50,2026-04-30 23:00:22.177981+00,1000000,t,77,Brasil
f1637482-ce68-4e8d-8a28-fdfdc554141b,79806482-3e3e-4394-9477-4a1566b42eb6,3a519a25-1cf9-48c3-99df-962b028463fe,Olimpia Porto Alegre,⚫,0,0,0,0,0,0,0,50,2026-04-30 23:00:22.177981+00,1000000,t,70,Brasil
e019e410-c91d-4079-badf-6302543c5451,79806482-3e3e-4394-9477-4a1566b42eb6,8bc50d08-ed26-4cb9-9604-6ffeb82bb1fe,Estrela Bela Vista,⚪,0,0,0,0,0,0,0,50,2026-04-30 23:00:22.177981+00,1000000,t,76,Brasil
efce4844-8095-40de-9209-f668ff5bb5b7,79806482-3e3e-4394-9477-4a1566b42eb6,bdd071cf-9a0f-4fc8-a2bd-d03d4a6c53be,FC Cruz Alta,🟣,0,0,0,0,0,0,0,50,2026-04-30 23:00:22.177981+00,1000000,t,65,Brasil
0ac007f9-da66-435f-a505-aef2b0b2faf0,79806482-3e3e-4394-9477-4a1566b42eb6,8398e5ab-b757-4913-9f33-7e100c0e2f84,SC Santo Amaro,🟠,0,0,0,0,0,0,0,50,2026-04-30 23:00:22.177981+00,1000000,t,77,Brasil
ce90b142-905a-4514-beba-4eac2b7e9c76,79806482-3e3e-4394-9477-4a1566b42eb6,6517166e-b0d5-4248-8fce-3ba16cc35a09,AC Jardim,⚽,0,0,0,0,0,0,0,50,2026-04-30 23:00:22.177981+00,1000000,t,65,Brasil
deae644f-8cb9-4220-87c0-1654a50279d8,79806482-3e3e-4394-9477-4a1566b42eb6,0fad8326-6ab6-44a9-977f-10d558023fd2,EC São Miguel,🏟️,0,0,0,0,0,0,0,50,2026-04-30 23:00:22.177981+00,1000000,t,69,Brasil
608f880e-66f7-4949-98f3-dca93d6c1b2e,79806482-3e3e-4394-9477-4a1566b42eb6,25de65d4-dca8-4e30-bb15-016bf7107130,Clube Boa Vista,🦅,0,0,0,0,0,0,0,50,2026-04-30 23:00:22.177981+00,1000000,t,68,Brasil
4d08c993-21ba-496a-9775-6f903404abbf,79806482-3e3e-4394-9477-4a1566b42eb6,6c0f33b8-d40d-4a18-b15f-720070a8dae2,Atlético Alto da Serra,🐺,0,0,0,0,0,0,0,50,2026-04-30 23:00:22.177981+00,1000000,t,79,Brasil
06acd7d0-83ab-4be6-af8e-83db639e315f,79806482-3e3e-4394-9477-4a1566b42eb6,57e882e8-026b-425f-9066-270a3a1ad86f,Esporte Morro Alto,🦁,0,0,0,0,0,0,0,50,2026-04-30 23:00:22.177981+00,1000000,t,69,Brasil
e8fecdc4-092f-441b-89b2-7b0770b74ab3,79806482-3e3e-4394-9477-4a1566b42eb6,8cdc3d08-32a8-47d2-85af-5b1d59a98df1,Sport Ponta Grossa,🐂,0,0,0,0,0,0,0,50,2026-04-30 23:00:22.177981+00,1000000,t,71,Brasil
86e16758-25c3-4ead-913d-1d97beaffa00,09edf5cd-1f09-4ef3-a654-dc121badf000,500112ab-da52-4b75-a3c8-08f42349a12d,Sporting Rio Claro,🦁,0,0,0,0,0,0,0,50,2026-04-30 23:00:20.740326+00,1000000,t,58,Brasil
5e0a7f3c-1c84-4f4a-bb5e-cbba3db6104a,09edf5cd-1f09-4ef3-a654-dc121badf000,9d528c52-c9a9-4ba5-813f-8386ebaab19f,Racing Campo Grande,🐂,0,0,0,0,0,0,0,50,2026-04-30 23:00:20.740326+00,1000000,t,70,Brasil
dfdf9389-7fb8-4e45-af4b-9b7767a6ae65,09edf5cd-1f09-4ef3-a654-dc121badf000,29774ff9-f91a-48f3-b3b7-0f5f03af1f7c,Olimpia Serra Alta,🔴,0,0,0,0,0,0,0,50,2026-04-30 23:00:20.740326+00,1000000,t,68,Brasil
15cf86f0-ea8f-4608-bf72-7b719563e7b2,09edf5cd-1f09-4ef3-a654-dc121badf000,29b904fc-8ec1-4dfe-b4ac-c4507c9267ed,Estrela Vale Verde,🔵,0,0,0,0,0,0,0,50,2026-04-30 23:00:20.740326+00,1000000,t,61,Brasil
50daed89-5c5e-40d9-93f5-1c0a04a435e5,09edf5cd-1f09-4ef3-a654-dc121badf000,29cd2f6c-38a1-4683-b2bf-923d50f8ed93,FC Pedra Branca,🟢,0,0,0,0,0,0,0,50,2026-04-30 23:00:20.740326+00,1000000,t,58,Brasil
a04237b0-6119-4a82-b5f2-8796bab5eadd,09edf5cd-1f09-4ef3-a654-dc121badf000,44544449-4d7c-46a0-9ff4-9fef1f7c1ca6,SC Lagoa Santa,🟡,0,0,0,0,0,0,0,50,2026-04-30 23:00:20.740326+00,1000000,t,58,Brasil
50850f9a-f128-45eb-97d5-16990c800d25,09edf5cd-1f09-4ef3-a654-dc121badf000,fdbcedb7-7c42-408d-801a-985c6d1a7b6e,AC Porto Alegre,⚫,0,0,0,0,0,0,0,50,2026-04-30 23:00:20.740326+00,1000000,t,65,Brasil
01d2fd4d-9393-4ad0-846f-16272a60f29e,09edf5cd-1f09-4ef3-a654-dc121badf000,41b0b38d-6cb1-4555-9d6c-b17944d62b85,EC Bela Vista,⚪,0,0,0,0,0,0,0,50,2026-04-30 23:00:20.740326+00,1000000,t,68,Brasil
470fbe4d-2c0e-4be9-8d6b-e22c74bccf75,09edf5cd-1f09-4ef3-a654-dc121badf000,64ee29e5-c0b9-432d-bb0d-fd8eb5a8f9df,Clube Cruz Alta,🟣,0,0,0,0,0,0,0,50,2026-04-30 23:00:20.740326+00,1000000,t,62,Brasil
43bba8ca-3101-4608-892c-727efee4641e,09edf5cd-1f09-4ef3-a654-dc121badf000,99877330-b50e-48bd-af74-88758742934b,Atlético Santo Amaro,🟠,0,0,0,0,0,0,0,50,2026-04-30 23:00:20.740326+00,1000000,t,64,Brasil
460e5b52-64d3-44bb-a812-91d8860706f9,09edf5cd-1f09-4ef3-a654-dc121badf000,86c12b53-4216-4252-b2df-9e51f2d1e5bd,Esporte Jardim,⚽,0,0,0,0,0,0,0,50,2026-04-30 23:00:20.740326+00,1000000,t,66,Brasil
04694d57-6f5d-4f50-8d79-822ec159a93d,09edf5cd-1f09-4ef3-a654-dc121badf000,0495133e-23a8-46fc-864e-f75ce193d142,Sport São Miguel,🏟️,0,0,0,0,0,0,0,50,2026-04-30 23:00:20.740326+00,1000000,t,68,Brasil
448d7c38-883e-47e9-a065-80001d55ce5f,09edf5cd-1f09-4ef3-a654-dc121badf000,e2648277-6d51-47e0-8523-b40b36f61c39,União Boa Vista,🦅,0,0,0,0,0,0,0,50,2026-04-30 23:00:20.740326+00,1000000,t,66,Brasil
ddf4371d-b378-4c9c-b172-b54fb8106306,09edf5cd-1f09-4ef3-a654-dc121badf000,b948b1da-6207-49eb-b234-a4e3b96563fe,Real Alto da Serra,🐺,0,0,0,0,0,0,0,50,2026-04-30 23:00:20.740326+00,1000000,t,55,Brasil
45218246-e5db-4cc3-aaf2-bcbea40482dd,09edf5cd-1f09-4ef3-a654-dc121badf000,1fb0525c-97f4-4d08-9f61-180a6fd78899,Inter Morro Alto,🦁,0,0,0,0,0,0,0,50,2026-04-30 23:00:20.740326+00,1000000,t,67,Brasil
d82a9a0f-b3bf-4f6f-a6ca-e4ace10acb9d,09edf5cd-1f09-4ef3-a654-dc121badf000,2c3107b4-b364-4407-901d-4a36954379f4,Nacional Ponta Grossa,🐂,0,0,0,0,0,0,0,50,2026-04-30 23:00:20.740326+00,1000000,t,59,Brasil
e6ea5c08-2e0d-4c68-98f5-c1ea94efbf64,b9c20fb9-cfe6-4835-98ce-e9056e407d06,5be8a3dd-9733-452c-85d8-88a46b342d97,Real Santo Amaro,🟠,0,0,0,0,0,0,0,50,2026-04-30 23:00:20.965062+00,1000000,t,47,Brasil
44cbcec6-b486-4468-979c-2a6a4be7fa60,b9c20fb9-cfe6-4835-98ce-e9056e407d06,41f15026-0bb7-4c18-a8e4-dea9d928e5ac,Inter Jardim,⚽,0,0,0,0,0,0,0,50,2026-04-30 23:00:20.965062+00,1000000,t,47,Brasil
677925ed-999e-4a13-98b9-fe4a8064515e,b9c20fb9-cfe6-4835-98ce-e9056e407d06,65bd9659-276a-42ec-a366-84ac7b920180,Nacional São Miguel,🏟️,0,0,0,0,0,0,0,50,2026-04-30 23:00:20.965062+00,1000000,t,56,Brasil
d68355ae-07f1-4e38-9549-e87808a04981,b9c20fb9-cfe6-4835-98ce-e9056e407d06,a572b469-1976-42ad-ba4b-1be465fc7b43,Sporting Boa Vista,🦅,0,0,0,0,0,0,0,50,2026-04-30 23:00:20.965062+00,1000000,t,49,Brasil
b33d4d2e-3be0-4f63-abea-d85afe637260,b9c20fb9-cfe6-4835-98ce-e9056e407d06,50340d28-c462-47bf-a571-5c84c091d2ed,Racing Alto da Serra,🐺,0,0,0,0,0,0,0,50,2026-04-30 23:00:20.965062+00,1000000,t,51,Brasil
aebb5e4b-cd61-41df-8610-c84f1477638c,b9c20fb9-cfe6-4835-98ce-e9056e407d06,a6f66a32-89ab-4f00-bd9a-59f4df4868f0,Olimpia Morro Alto,🦁,0,0,0,0,0,0,0,50,2026-04-30 23:00:20.965062+00,1000000,t,57,Brasil
b89899be-d56b-4ece-a9f7-5313554c4d40,b9c20fb9-cfe6-4835-98ce-e9056e407d06,4e56007c-67a4-4306-b59a-da17a75fcecc,Estrela Ponta Grossa,🐂,0,0,0,0,0,0,0,50,2026-04-30 23:00:20.965062+00,1000000,t,54,Brasil
feb67740-25b7-4602-9545-512df32d57d5,f8647aa6-f8ff-4f58-b55f-943c98812254,59858d63-f909-4d9e-a0d0-aa22d30d2f07,AC Vila Rica,🦅,0,0,0,0,0,0,0,50,2026-04-30 23:00:21.184771+00,1000000,t,87,Brasil
d8b09464-f29b-4dfd-9b64-a9effacb7f91,f8647aa6-f8ff-4f58-b55f-943c98812254,3e2e9da3-9d7c-485c-84a1-6cc4a2fe7856,EC Monte Azul,🐺,0,0,0,0,0,0,0,50,2026-04-30 23:00:21.184771+00,1000000,t,83,Brasil
083ce3bf-77a8-4849-a530-9002f2161ffa,f8647aa6-f8ff-4f58-b55f-943c98812254,170e1b50-132f-46c3-955f-3c3f45bdd950,Clube Rio Claro,🦁,0,0,0,0,0,0,0,50,2026-04-30 23:00:21.184771+00,1000000,t,86,Brasil
bb96e206-ffe1-4d08-978e-fb7efa79a6b3,f8647aa6-f8ff-4f58-b55f-943c98812254,6acb7de9-fa56-4678-80e1-1a74d10ce172,Atlético Campo Grande,🐂,0,0,0,0,0,0,0,50,2026-04-30 23:00:21.184771+00,1000000,t,87,Brasil
4f984d28-cbd3-45a7-b6a8-35468647f252,f8647aa6-f8ff-4f58-b55f-943c98812254,bbc1de64-ccd4-4c01-9349-fabd899c94f5,Esporte Serra Alta,🔴,0,0,0,0,0,0,0,50,2026-04-30 23:00:21.184771+00,1000000,t,84,Brasil
ba1662e3-2163-4a13-94ba-3302d4597ef5,f8647aa6-f8ff-4f58-b55f-943c98812254,a2e8c16c-49c7-4e7c-9157-35f6aa90a61c,Sport Vale Verde,🔵,0,0,0,0,0,0,0,50,2026-04-30 23:00:21.184771+00,1000000,t,83,Brasil
655b81e4-60b7-442b-a153-ffd1ac33d558,f8647aa6-f8ff-4f58-b55f-943c98812254,1b10f739-6d83-4e4a-8e50-4dedfc38615b,União Pedra Branca,🟢,0,0,0,0,0,0,0,50,2026-04-30 23:00:21.184771+00,1000000,t,83,Brasil
471cc57d-6af3-48c7-8802-1fc3125749c4,f8647aa6-f8ff-4f58-b55f-943c98812254,08b334ed-550a-47a2-9a6c-7da092a9f645,Real Lagoa Santa,🟡,0,0,0,0,0,0,0,50,2026-04-30 23:00:21.184771+00,1000000,t,80,Brasil
d962b22e-119f-4adf-a98d-a46023bdfec9,f8647aa6-f8ff-4f58-b55f-943c98812254,448c0d80-39a6-4af7-81ac-257ea546fde3,Inter Porto Alegre,⚫,0,0,0,0,0,0,0,50,2026-04-30 23:00:21.184771+00,1000000,t,80,Brasil
1c267774-1b17-42df-a13a-a067a9266fe4,f8647aa6-f8ff-4f58-b55f-943c98812254,ce479b50-07a3-4b60-ada5-e8e5ee6a0953,Nacional Bela Vista,⚪,0,0,0,0,0,0,0,50,2026-04-30 23:00:21.184771+00,1000000,t,84,Brasil
aad99065-d84b-4bb3-bc90-24deb201e308,f8647aa6-f8ff-4f58-b55f-943c98812254,1e65ae60-67ac-4dea-b749-3abe240c057d,Sporting Cruz Alta,🟣,0,0,0,0,0,0,0,50,2026-04-30 23:00:21.184771+00,1000000,t,78,Brasil
c2e24d04-7026-462e-9ee6-4e1d428475ee,f8647aa6-f8ff-4f58-b55f-943c98812254,bbe41c3c-c5b6-4ad6-be20-f4ce5b06c7a7,Racing Santo Amaro,🟠,0,0,0,0,0,0,0,50,2026-04-30 23:00:21.184771+00,1000000,t,81,Brasil
3dffe18f-6096-46b0-ab75-396dbe01a48e,f8647aa6-f8ff-4f58-b55f-943c98812254,8233c1f5-a310-48b9-96ae-1b8b58c595a4,Olimpia Jardim,⚽,0,0,0,0,0,0,0,50,2026-04-30 23:00:21.184771+00,1000000,t,84,Brasil
8c384ad5-661e-4831-a27b-5eb4188232b9,f8647aa6-f8ff-4f58-b55f-943c98812254,dbab91d5-858c-4ea7-8441-63911baac425,Estrela São Miguel,🏟️,0,0,0,0,0,0,0,50,2026-04-30 23:00:21.184771+00,1000000,t,90,Brasil
349ef52a-e614-468c-8b9e-4a8707fc2098,f8647aa6-f8ff-4f58-b55f-943c98812254,ba8879b9-1add-410e-a769-44c2fb9bdd96,FC Boa Vista,🦅,0,0,0,0,0,0,0,50,2026-04-30 23:00:21.184771+00,1000000,t,79,Brasil
7297a75f-ecd8-4609-a26b-b9815fe0051c,f8647aa6-f8ff-4f58-b55f-943c98812254,6a5e015e-a884-4011-a622-b4282cb658e5,SC Alto da Serra,🐺,0,0,0,0,0,0,0,50,2026-04-30 23:00:21.184771+00,1000000,t,84,Brasil
ee3e0bcc-f814-417d-9c58-31484b26fe84,f8647aa6-f8ff-4f58-b55f-943c98812254,a7d05e8f-9a6c-4768-a403-f13fc75f7c25,AC Morro Alto,🦁,0,0,0,0,0,0,0,50,2026-04-30 23:00:21.184771+00,1000000,t,76,Brasil
4256e6d4-32ba-4767-9cbb-ecc0d22af08f,f8647aa6-f8ff-4f58-b55f-943c98812254,f8c5fb4f-5473-43bf-896c-f4da4eb65e8a,EC Ponta Grossa,🐂,0,0,0,0,0,0,0,50,2026-04-30 23:00:21.184771+00,1000000,t,87,Brasil
7646d3a4-79e4-4942-829f-e86fd7e1b084,122e6508-8bb8-4de0-b480-6bd13377b069,5ccf11f7-1e90-47ac-9aa7-8360016e1535,Clube Nova Esperança,⚽,0,0,0,0,0,0,0,50,2026-04-30 23:00:21.729735+00,1000000,t,71,Brasil
5462f6cb-ec62-4105-8cad-e782de612199,122e6508-8bb8-4de0-b480-6bd13377b069,b2b956da-3627-4e5c-b9a9-5752943cda7a,Atlético Sol Nascente,🏟️,0,0,0,0,0,0,0,50,2026-04-30 23:00:21.729735+00,1000000,t,68,Brasil
ff99e410-c602-4a89-955c-9afaf35b3539,122e6508-8bb8-4de0-b480-6bd13377b069,45a1fd23-b94d-4434-81d0-95c4e03b8ba2,Esporte Vila Rica,🦅,0,0,0,0,0,0,0,50,2026-04-30 23:00:21.729735+00,1000000,t,79,Brasil
273d1265-9981-4b3d-a956-18f5f8b6ac41,122e6508-8bb8-4de0-b480-6bd13377b069,6cfacc3f-2966-470f-9373-ed91031915ed,Sport Monte Azul,🐺,0,0,0,0,0,0,0,50,2026-04-30 23:00:21.729735+00,1000000,t,75,Brasil
0bf84b7a-c049-472c-94fe-10ada5f95077,122e6508-8bb8-4de0-b480-6bd13377b069,8c37aaaf-5403-4e5f-9641-935446b4f53c,União Rio Claro,🦁,0,0,0,0,0,0,0,50,2026-04-30 23:00:21.729735+00,1000000,t,75,Brasil
324e87af-ba4e-4ddd-8530-36abf5aea0dc,122e6508-8bb8-4de0-b480-6bd13377b069,e89b1dcb-575e-4d8b-b54d-ced42f5bcf85,Real Campo Grande,🐂,0,0,0,0,0,0,0,50,2026-04-30 23:00:21.729735+00,1000000,t,77,Brasil
3c0e97d6-52a4-478b-9a38-a05989d0dcd6,122e6508-8bb8-4de0-b480-6bd13377b069,b8d95f89-29e7-47a4-a7c2-6e2cdab59766,Inter Serra Alta,🔴,0,0,0,0,0,0,0,50,2026-04-30 23:00:21.729735+00,1000000,t,80,Brasil
61ca2f62-fe38-48b9-b6b0-a0c857fe6228,122e6508-8bb8-4de0-b480-6bd13377b069,940185b9-31aa-40be-9bf7-b7deb91180cf,Nacional Vale Verde,🔵,0,0,0,0,0,0,0,50,2026-04-30 23:00:21.729735+00,1000000,t,77,Brasil
8a4eb49e-ae61-4e4e-ac68-bcecfbeeafa1,122e6508-8bb8-4de0-b480-6bd13377b069,d5e6a9f8-1b4a-4ea0-b660-db26aa155e47,Sporting Pedra Branca,🟢,0,0,0,0,0,0,0,50,2026-04-30 23:00:21.729735+00,1000000,t,75,Brasil
45184be9-2bf4-40ae-9be4-5e69805a5ae9,122e6508-8bb8-4de0-b480-6bd13377b069,300c5b40-21da-4023-aadf-6b1bd64f6c47,Racing Lagoa Santa,🟡,0,0,0,0,0,0,0,50,2026-04-30 23:00:21.729735+00,1000000,t,70,Brasil
2ed3ba0a-c4ac-4c47-9980-8bbed9338561,122e6508-8bb8-4de0-b480-6bd13377b069,f5ba25e4-6f23-41bb-ac09-e035da732563,Olimpia Porto Alegre,⚫,0,0,0,0,0,0,0,50,2026-04-30 23:00:21.729735+00,1000000,t,70,Brasil
8840fed9-89b0-4e0f-98f5-897ff8c1793a,122e6508-8bb8-4de0-b480-6bd13377b069,6e909d25-e84f-4773-b228-4b053eb094fe,Estrela Bela Vista,⚪,0,0,0,0,0,0,0,50,2026-04-30 23:00:21.729735+00,1000000,t,65,Brasil
c55a651b-1a5c-49ca-b328-cb2677ff53a1,122e6508-8bb8-4de0-b480-6bd13377b069,9b3733e3-7686-41a8-b3b1-4da3b4cc9a7d,FC Cruz Alta,🟣,0,0,0,0,0,0,0,50,2026-04-30 23:00:21.729735+00,1000000,t,69,Brasil
ba9ba0c0-746c-4e3f-aec3-7f294f590a4c,122e6508-8bb8-4de0-b480-6bd13377b069,bd6a94d2-29ee-4b1d-9d06-9cbad6e4bcc7,SC Santo Amaro,🟠,0,0,0,0,0,0,0,50,2026-04-30 23:00:21.729735+00,1000000,t,74,Brasil
78788fea-9b89-4ce5-b5cf-b35aae6f4886,122e6508-8bb8-4de0-b480-6bd13377b069,20a4db93-4696-4b6f-a5ca-c95e5bb38adf,AC Jardim,⚽,0,0,0,0,0,0,0,50,2026-04-30 23:00:21.729735+00,1000000,t,68,Brasil
a4246710-797c-4eb1-a47a-930999624371,122e6508-8bb8-4de0-b480-6bd13377b069,ccb35237-fa6f-4c03-bb64-553b8d258ff9,EC São Miguel,🏟️,0,0,0,0,0,0,0,50,2026-04-30 23:00:21.729735+00,1000000,t,76,Brasil
2821d1e5-2365-482f-9dd8-13f31d4f4e02,122e6508-8bb8-4de0-b480-6bd13377b069,9e1f9c31-f514-4f52-9fb3-1b53f681008f,Clube Boa Vista,🦅,0,0,0,0,0,0,0,50,2026-04-30 23:00:21.729735+00,1000000,t,71,Brasil
c8ec5839-1c1c-4b32-b20b-d16c0a5720fe,122e6508-8bb8-4de0-b480-6bd13377b069,2d5ff7ea-b8de-4124-9b72-9af11a8d52cb,Atlético Alto da Serra,🐺,0,0,0,0,0,0,0,50,2026-04-30 23:00:21.729735+00,1000000,t,78,Brasil
537090dc-2e34-40d8-8fab-7b96d9594529,122e6508-8bb8-4de0-b480-6bd13377b069,990d0fbe-48d9-4db9-970a-92478da854bc,Esporte Morro Alto,🦁,0,0,0,0,0,0,0,50,2026-04-30 23:00:21.729735+00,1000000,t,72,Brasil
3eca0a65-b6c4-4297-8faa-619003efebdb,122e6508-8bb8-4de0-b480-6bd13377b069,688666d4-dca5-433f-bab0-8681e718c63c,Sport Ponta Grossa,🐂,0,0,0,0,0,0,0,50,2026-04-30 23:00:21.729735+00,1000000,t,65,Brasil
cda18d2a-d20f-4a69-a616-a212060753a1,0f17cbe1-847a-4cfe-aeb1-333c036ba348,b4ffb55f-4c98-4328-baf8-138609ee45e0,Sporting Nova Esperança,⚽,0,0,0,0,0,0,0,50,2026-04-30 23:00:21.876866+00,1000000,t,48,Brasil
27638e6f-fed4-4bdf-8e34-f689437dc2c3,0f17cbe1-847a-4cfe-aeb1-333c036ba348,e0ef5ca5-c04e-4a17-894d-5d38eff281e2,Racing Sol Nascente,🏟️,0,0,0,0,0,0,0,50,2026-04-30 23:00:21.876866+00,1000000,t,56,Brasil
e28498c3-9f84-4d93-96f5-56ae0f9d9aec,0f17cbe1-847a-4cfe-aeb1-333c036ba348,50af12e1-9eca-4e89-ba14-23287be76418,Olimpia Vila Rica,🦅,0,0,0,0,0,0,0,50,2026-04-30 23:00:21.876866+00,1000000,t,56,Brasil
81e02530-df70-415a-81a9-402227b77e84,0f17cbe1-847a-4cfe-aeb1-333c036ba348,e40f5fc6-97f2-47e9-8020-e496fdd35636,Estrela Monte Azul,🐺,0,0,0,0,0,0,0,50,2026-04-30 23:00:21.876866+00,1000000,t,56,Brasil
74931dcb-d942-4ba0-9875-f21eb29611d0,0f17cbe1-847a-4cfe-aeb1-333c036ba348,f446197d-9aab-43f0-b2b3-de8c2626a27b,FC Rio Claro,🦁,0,0,0,0,0,0,0,50,2026-04-30 23:00:21.876866+00,1000000,t,54,Brasil
7cf93289-0040-4e35-a41b-401925e38470,0f17cbe1-847a-4cfe-aeb1-333c036ba348,41517b63-2311-489b-b443-3fceae17294b,SC Campo Grande,🐂,0,0,0,0,0,0,0,50,2026-04-30 23:00:21.876866+00,1000000,t,49,Brasil
465cdf97-a7d1-4a9d-b245-22de6c1a22e5,0f17cbe1-847a-4cfe-aeb1-333c036ba348,84fc4160-fe7f-4fe0-aa27-bc2273c39306,AC Serra Alta,🔴,0,0,0,0,0,0,0,50,2026-04-30 23:00:21.876866+00,1000000,t,51,Brasil
09edb219-6f96-43fc-a8ab-0237c1c9cdf6,0f17cbe1-847a-4cfe-aeb1-333c036ba348,96b8bfd8-c822-4d3a-a5ef-bdc910fdb95f,EC Vale Verde,🔵,0,0,0,0,0,0,0,50,2026-04-30 23:00:21.876866+00,1000000,t,46,Brasil
3cde2b5f-3b2a-45d1-8a8f-199ca4f1217c,0f17cbe1-847a-4cfe-aeb1-333c036ba348,12f0f35c-2b24-4449-b46d-9d93360f6314,Clube Pedra Branca,🟢,0,0,0,0,0,0,0,50,2026-04-30 23:00:21.876866+00,1000000,t,47,Brasil
b69774ca-f4c8-4960-88d6-96f4c60c41d6,0f17cbe1-847a-4cfe-aeb1-333c036ba348,0832963c-2352-4620-8013-b7047274e0b0,Atlético Lagoa Santa,🟡,0,0,0,0,0,0,0,50,2026-04-30 23:00:21.876866+00,1000000,t,48,Brasil
847dbe84-0500-4cee-a472-80e384872226,0f17cbe1-847a-4cfe-aeb1-333c036ba348,47a51c3f-de70-4bbc-a7ad-3b977c467633,Esporte Porto Alegre,⚫,0,0,0,0,0,0,0,50,2026-04-30 23:00:21.876866+00,1000000,t,45,Brasil
6119d268-72b0-4fd8-9d8a-e3d1ed7f4090,0f17cbe1-847a-4cfe-aeb1-333c036ba348,f4ff7086-ce5c-4e11-a778-ddf49a925585,Sport Bela Vista,⚪,0,0,0,0,0,0,0,50,2026-04-30 23:00:21.876866+00,1000000,t,57,Brasil
c1732929-bdcb-4e5a-b08b-04f4214d7bd4,0f17cbe1-847a-4cfe-aeb1-333c036ba348,b1137453-bb09-40f5-8735-14b26bdb0c21,União Cruz Alta,🟣,0,0,0,0,0,0,0,50,2026-04-30 23:00:21.876866+00,1000000,t,55,Brasil
8e52e0ac-dc59-4c04-96da-a5c30fef5228,bff27342-f370-4f09-919e-e6101eefdf7c,97c9ba41-bdb2-48d1-9fbf-ec0a98571a9c,Olimpia Serra Alta,🔴,0,0,0,0,0,0,0,50,2026-04-30 23:00:21.370313+00,1000000,t,70,Brasil
21aa7922-9a14-4a38-a65b-382faa77be06,bff27342-f370-4f09-919e-e6101eefdf7c,73df0f43-3ff6-42ad-b4f9-15bb66665237,Estrela Vale Verde,🔵,0,0,0,0,0,0,0,50,2026-04-30 23:00:21.370313+00,1000000,t,68,Brasil
dd95de32-150b-488a-bc48-9e708db232d8,bff27342-f370-4f09-919e-e6101eefdf7c,1bd714e7-a06d-470c-957b-e428c4cca948,FC Pedra Branca,🟢,0,0,0,0,0,0,0,50,2026-04-30 23:00:21.370313+00,1000000,t,64,Brasil
a4ae7a90-e02f-44f9-8f52-b4144985d511,bff27342-f370-4f09-919e-e6101eefdf7c,82fb2aa0-52f2-44d9-b4cb-16583946f541,SC Lagoa Santa,🟡,0,0,0,0,0,0,0,50,2026-04-30 23:00:21.370313+00,1000000,t,60,Brasil
34c95d5d-048d-4849-b7c7-57010e4acc0f,bff27342-f370-4f09-919e-e6101eefdf7c,02720c3d-1988-4a61-8a2d-6f88ba92f7c2,AC Porto Alegre,⚫,0,0,0,0,0,0,0,50,2026-04-30 23:00:21.370313+00,1000000,t,68,Brasil
ad4199c9-1f7a-4fdd-b174-cc19a9c8af58,bff27342-f370-4f09-919e-e6101eefdf7c,e5e9cb04-c3f5-43fe-b17d-1baafbe86c7e,EC Bela Vista,⚪,0,0,0,0,0,0,0,50,2026-04-30 23:00:21.370313+00,1000000,t,63,Brasil
efbb1206-e36b-4949-8bf8-7900e760de59,bff27342-f370-4f09-919e-e6101eefdf7c,e3c9f054-5150-4457-a857-9b75fa10eaba,Clube Cruz Alta,🟣,0,0,0,0,0,0,0,50,2026-04-30 23:00:21.370313+00,1000000,t,57,Brasil
daa6397c-6a15-42d0-b282-b25155c6c6d1,bff27342-f370-4f09-919e-e6101eefdf7c,3af5bbe7-92fd-4fac-b084-f61eaccad605,Atlético Santo Amaro,🟠,0,0,0,0,0,0,0,50,2026-04-30 23:00:21.370313+00,1000000,t,55,Brasil
67e0d19a-165b-487c-a3f4-f599d4e2a1c6,bff27342-f370-4f09-919e-e6101eefdf7c,82275849-e4fd-457a-8e53-fc74cdd813a2,Esporte Jardim,⚽,0,0,0,0,0,0,0,50,2026-04-30 23:00:21.370313+00,1000000,t,64,Brasil
4bd6b312-312a-4afa-b3b4-cb7c6f92f32e,bff27342-f370-4f09-919e-e6101eefdf7c,85f0887f-9bf5-419b-8ee3-97873c08c979,Sport São Miguel,🏟️,0,0,0,0,0,0,0,50,2026-04-30 23:00:21.370313+00,1000000,t,68,Brasil
6e0bc2e4-7b45-4d9c-be8d-2507374f7642,bff27342-f370-4f09-919e-e6101eefdf7c,171f85a5-a1fe-4a46-b09d-ee9dd8046202,União Boa Vista,🦅,0,0,0,0,0,0,0,50,2026-04-30 23:00:21.370313+00,1000000,t,60,Brasil
23169174-d21e-4085-81a0-cc4329df0c27,bff27342-f370-4f09-919e-e6101eefdf7c,05fccaa7-936a-4d85-af7f-c8f3ab16aff7,Real Alto da Serra,🐺,0,0,0,0,0,0,0,50,2026-04-30 23:00:21.370313+00,1000000,t,63,Brasil
ef60df95-87e3-4c32-9a4a-bc87e65bc207,bff27342-f370-4f09-919e-e6101eefdf7c,fc7d60f0-929d-473c-8b26-21ff38bd692a,Inter Morro Alto,🦁,0,0,0,0,0,0,0,50,2026-04-30 23:00:21.370313+00,1000000,t,66,Brasil
87af6c60-a218-46c8-bf4f-12c1b2bf7a1b,bff27342-f370-4f09-919e-e6101eefdf7c,eae1e03f-cdc4-455d-8dd6-3661fb79f0c7,Nacional Ponta Grossa,🐂,0,0,0,0,0,0,0,50,2026-04-30 23:00:21.370313+00,1000000,t,65,Brasil
454e1f11-a7d5-42a2-888e-1032508b2c53,17dc87f4-d6f8-4f97-a815-59e468a0257d,d5286ca9-dc4e-4338-961a-25b7eeba65f2,FC Nova Esperança,⚽,0,0,0,0,0,0,0,50,2026-04-30 23:00:22.065189+00,1000000,t,88,Brasil
403e9791-27f7-46c1-b8ec-5cee09cf9d41,17dc87f4-d6f8-4f97-a815-59e468a0257d,17f10d65-a885-4f83-972c-f747a21dd834,SC Sol Nascente,🏟️,0,0,0,0,0,0,0,50,2026-04-30 23:00:22.065189+00,1000000,t,88,Brasil
4d886178-59c4-4ae9-81ad-7ecfb6fffd59,17dc87f4-d6f8-4f97-a815-59e468a0257d,8e631eb8-cf0b-4054-99d0-c3a92717cfcb,AC Vila Rica,🦅,0,0,0,0,0,0,0,50,2026-04-30 23:00:22.065189+00,1000000,t,82,Brasil
2792d964-4e5b-42e1-ba4e-4414d0900524,17dc87f4-d6f8-4f97-a815-59e468a0257d,d8f5b685-a2db-46ee-a591-f1adc668a718,EC Monte Azul,🐺,0,0,0,0,0,0,0,50,2026-04-30 23:00:22.065189+00,1000000,t,81,Brasil
928f801e-37c4-40c7-b818-bd37b49c72f7,17dc87f4-d6f8-4f97-a815-59e468a0257d,f5be543a-dc40-4d4e-8d84-c7e877846e2e,Clube Rio Claro,🦁,0,0,0,0,0,0,0,50,2026-04-30 23:00:22.065189+00,1000000,t,87,Brasil
0fc846e6-9be7-449f-a066-b81f56787408,17dc87f4-d6f8-4f97-a815-59e468a0257d,4188a8bb-d32e-47ee-a5c4-070754d29259,Atlético Campo Grande,🐂,0,0,0,0,0,0,0,50,2026-04-30 23:00:22.065189+00,1000000,t,83,Brasil
1998a40e-a1e6-442a-8b14-138125cfdb30,17dc87f4-d6f8-4f97-a815-59e468a0257d,f575f31d-0589-457b-a6bf-22f23ee8c38d,Esporte Serra Alta,🔴,0,0,0,0,0,0,0,50,2026-04-30 23:00:22.065189+00,1000000,t,79,Brasil
f0d22360-f214-4b0d-9193-50d2eec794e5,17dc87f4-d6f8-4f97-a815-59e468a0257d,1ca8bdfb-b8b2-4d68-bec5-9b85c34d687d,Sport Vale Verde,🔵,0,0,0,0,0,0,0,50,2026-04-30 23:00:22.065189+00,1000000,t,78,Brasil
8cf769c0-5742-49de-9eeb-a14cae22c111,17dc87f4-d6f8-4f97-a815-59e468a0257d,2fcb43ff-957a-4e32-8948-2e2ad6782621,União Pedra Branca,🟢,0,0,0,0,0,0,0,50,2026-04-30 23:00:22.065189+00,1000000,t,86,Brasil
a287d5c4-5a42-4fd8-b0e9-25864c064fa4,17dc87f4-d6f8-4f97-a815-59e468a0257d,4942da3d-01fd-4243-836a-74b6a6911427,Real Lagoa Santa,🟡,0,0,0,0,0,0,0,50,2026-04-30 23:00:22.065189+00,1000000,t,76,Brasil
460102e9-4b31-4571-8aaa-6de721d9cbe9,17dc87f4-d6f8-4f97-a815-59e468a0257d,d6d44c6e-7d2e-44a0-a92a-09af0554c49f,Inter Porto Alegre,⚫,0,0,0,0,0,0,0,50,2026-04-30 23:00:22.065189+00,1000000,t,83,Brasil
1e4fd5b1-a37e-413e-864f-a4e782965f21,17dc87f4-d6f8-4f97-a815-59e468a0257d,bb3736bf-ffa8-4bb8-b0e3-8a76948e6083,Nacional Bela Vista,⚪,0,0,0,0,0,0,0,50,2026-04-30 23:00:22.065189+00,1000000,t,77,Brasil
e12c09f2-a8b8-423e-857f-bda622a3333a,17dc87f4-d6f8-4f97-a815-59e468a0257d,5857514d-69e0-448c-b619-b52ad51ef9d8,Sporting Cruz Alta,🟣,0,0,0,0,0,0,0,50,2026-04-30 23:00:22.065189+00,1000000,t,81,Brasil
1848a6b0-b8d2-4fe3-8af3-a4db90872f29,17dc87f4-d6f8-4f97-a815-59e468a0257d,216682bf-e736-48d5-8c84-62d141fe0f90,Racing Santo Amaro,🟠,0,0,0,0,0,0,0,50,2026-04-30 23:00:22.065189+00,1000000,t,86,Brasil
ce27dfdf-c044-4c73-9148-f2c8d97e3553,17dc87f4-d6f8-4f97-a815-59e468a0257d,d0758368-0f9b-4f9e-84da-128186273406,Olimpia Jardim,⚽,0,0,0,0,0,0,0,50,2026-04-30 23:00:22.065189+00,1000000,t,80,Brasil
58018fac-abaa-4cdb-b1c1-3c4f0f87276b,17dc87f4-d6f8-4f97-a815-59e468a0257d,0f2bbe20-6e00-4d29-9578-e0b702c12a62,Estrela São Miguel,🏟️,0,0,0,0,0,0,0,50,2026-04-30 23:00:22.065189+00,1000000,t,87,Brasil
8393abca-bce7-432d-ae5a-18fc9f730c30,17dc87f4-d6f8-4f97-a815-59e468a0257d,016cddbe-2a25-40a2-9c57-92f455c2bcb9,FC Boa Vista,🦅,0,0,0,0,0,0,0,50,2026-04-30 23:00:22.065189+00,1000000,t,87,Brasil
e399d579-5c7f-454f-8c91-20a48c277777,17dc87f4-d6f8-4f97-a815-59e468a0257d,49ec657c-cb82-495f-b0df-1079530efb0d,SC Alto da Serra,🐺,0,0,0,0,0,0,0,50,2026-04-30 23:00:22.065189+00,1000000,t,81,Brasil
81076bbc-34eb-4353-a002-1ab3e71d4c4d,17dc87f4-d6f8-4f97-a815-59e468a0257d,6b382258-4a64-446c-b767-bb2ebf0b0685,AC Morro Alto,🦁,0,0,0,0,0,0,0,50,2026-04-30 23:00:22.065189+00,1000000,t,83,Brasil
837cf740-d874-401c-a98c-da2fd16caca7,17dc87f4-d6f8-4f97-a815-59e468a0257d,a6ab6ed8-f1ca-432f-991a-5d1280500bee,EC Ponta Grossa,🐂,0,0,0,0,0,0,0,50,2026-04-30 23:00:22.065189+00,1000000,t,79,Brasil
b5449be0-ae09-495d-b30c-87475e4f3ebe,c7e45fcc-69b5-4d29-b545-3d603fa60c13,27bf66e1-b0dc-4266-a0cc-9e7dcd441a8a,Real Santo Amaro,🟠,0,0,0,0,0,0,0,50,2026-04-30 23:00:21.444763+00,1000000,t,45,Brasil
051b5e35-0a24-4161-b1bc-8339386b8e5e,c7e45fcc-69b5-4d29-b545-3d603fa60c13,01d0d478-24d0-46bd-968d-6d149933c06d,Inter Jardim,⚽,0,0,0,0,0,0,0,50,2026-04-30 23:00:21.444763+00,1000000,t,49,Brasil
baf27230-fc98-458b-a7c3-a691e9ba9aa8,c7e45fcc-69b5-4d29-b545-3d603fa60c13,4dc5b985-a3d5-43c7-8c0b-2d74d13df09c,Nacional São Miguel,🏟️,0,0,0,0,0,0,0,50,2026-04-30 23:00:21.444763+00,1000000,t,49,Brasil
b7262af8-3cb7-4e74-bab6-9a7c4ead13c5,c7e45fcc-69b5-4d29-b545-3d603fa60c13,a8fe3dfe-2748-434b-bab6-2976db0681b9,Sporting Boa Vista,🦅,0,0,0,0,0,0,0,50,2026-04-30 23:00:21.444763+00,1000000,t,48,Brasil
60599e22-5ba6-48db-b5da-20cd7b4e1bfb,c7e45fcc-69b5-4d29-b545-3d603fa60c13,c3827099-877e-4bcd-92b2-8dac8e8887df,Racing Alto da Serra,🐺,0,0,0,0,0,0,0,50,2026-04-30 23:00:21.444763+00,1000000,t,47,Brasil
e4684115-522b-40fb-a663-24f9380ab09f,c7e45fcc-69b5-4d29-b545-3d603fa60c13,21b47303-1e3f-4d9c-8f1f-49293d1ac694,Olimpia Morro Alto,🦁,0,0,0,0,0,0,0,50,2026-04-30 23:00:21.444763+00,1000000,t,50,Brasil
05516799-5935-4e68-a8fa-406d75a851ab,c7e45fcc-69b5-4d29-b545-3d603fa60c13,da3447c9-6b6e-4d7e-8da7-033d0068cb3b,Estrela Ponta Grossa,🐂,0,0,0,0,0,0,0,50,2026-04-30 23:00:21.444763+00,1000000,t,59,Brasil
cd83d1bd-c51d-4b03-aaed-4349019dc9f1,0f17cbe1-847a-4cfe-aeb1-333c036ba348,ca0247d0-a55d-46cc-a3cb-cfa0cc90e61c,Real Santo Amaro,🟠,0,0,0,0,0,0,0,50,2026-04-30 23:00:21.876866+00,1000000,t,54,Brasil
f871a35f-db34-4da4-8120-f58d58d1f5ef,0f17cbe1-847a-4cfe-aeb1-333c036ba348,dd14ef4b-1195-482d-be54-c976c1a703f8,Inter Jardim,⚽,0,0,0,0,0,0,0,50,2026-04-30 23:00:21.876866+00,1000000,t,48,Brasil
42f90b7a-b2bf-46ac-91fb-0807d1969ee1,0f17cbe1-847a-4cfe-aeb1-333c036ba348,3397566c-71e7-4765-b3ef-f8454ceed2ec,Nacional São Miguel,🏟️,0,0,0,0,0,0,0,50,2026-04-30 23:00:21.876866+00,1000000,t,52,Brasil
4bc62d14-bbdb-4fba-b095-dfe7f1f0cabe,0f17cbe1-847a-4cfe-aeb1-333c036ba348,7effb068-d701-4172-bb96-552d8f9c9575,Sporting Boa Vista,🦅,0,0,0,0,0,0,0,50,2026-04-30 23:00:21.876866+00,1000000,t,50,Brasil
6f7ab837-57a5-4184-a54e-6549f484a541,0f17cbe1-847a-4cfe-aeb1-333c036ba348,0b6d0a0d-0c56-48d1-b80e-267966543e40,Racing Alto da Serra,🐺,0,0,0,0,0,0,0,50,2026-04-30 23:00:21.876866+00,1000000,t,47,Brasil
cefded30-699a-408d-adb9-b1c735d8db36,0f17cbe1-847a-4cfe-aeb1-333c036ba348,ca1fd8f8-8ca7-4c8f-8da7-3c7bf0844d4c,Olimpia Morro Alto,🦁,0,0,0,0,0,0,0,50,2026-04-30 23:00:21.876866+00,1000000,t,51,Brasil
793d38eb-f1a3-4506-9396-25f1940d7507,0f17cbe1-847a-4cfe-aeb1-333c036ba348,5dcbb44c-14db-4952-a019-edb7f8c070c6,Estrela Ponta Grossa,🐂,0,0,0,0,0,0,0,50,2026-04-30 23:00:21.876866+00,1000000,t,45,Brasil
18d03d75-1486-4e1c-bea3-0680ffe9391b,a93e449b-b0e6-4774-8515-9448fae47f4e,7988e86a-196a-4e49-9bf0-8cba7d4b8bd6,Sporting Rio Claro,🦁,0,0,0,0,0,0,0,50,2026-04-30 23:00:22.251302+00,1000000,t,65,Brasil
29468b6e-3885-4764-a0db-17752ade470a,a93e449b-b0e6-4774-8515-9448fae47f4e,9d963b2f-ee10-4da7-b062-b8bf23494146,Racing Campo Grande,🐂,0,0,0,0,0,0,0,50,2026-04-30 23:00:22.251302+00,1000000,t,63,Brasil
e0e29bb6-8376-4d9a-addf-22d28fd11f00,a93e449b-b0e6-4774-8515-9448fae47f4e,1d71c974-8ee1-418d-817c-16603f56bb89,Olimpia Serra Alta,🔴,0,0,0,0,0,0,0,50,2026-04-30 23:00:22.251302+00,1000000,t,67,Brasil
74fa3b7b-b53a-4d7f-8331-b5e6252901b2,a93e449b-b0e6-4774-8515-9448fae47f4e,5a4bd061-aaa9-440e-9aac-35f8442d6f3c,Estrela Vale Verde,🔵,0,0,0,0,0,0,0,50,2026-04-30 23:00:22.251302+00,1000000,t,70,Brasil
8e220491-0436-4788-8a4a-3761c41b9275,a93e449b-b0e6-4774-8515-9448fae47f4e,9dc5e776-5c39-4d3a-abc7-456def77a7bd,FC Pedra Branca,🟢,0,0,0,0,0,0,0,50,2026-04-30 23:00:22.251302+00,1000000,t,69,Brasil
0ceccea2-5510-4b07-a56f-5493f3e4d1d3,a93e449b-b0e6-4774-8515-9448fae47f4e,a9150aa7-556f-457d-a6e4-6a3ce147c007,SC Lagoa Santa,🟡,0,0,0,0,0,0,0,50,2026-04-30 23:00:22.251302+00,1000000,t,68,Brasil
41b05dd6-044d-45dd-8562-52782572d8e6,a93e449b-b0e6-4774-8515-9448fae47f4e,730d1f47-b294-40ab-bd10-09e427ab7672,AC Porto Alegre,⚫,0,0,0,0,0,0,0,50,2026-04-30 23:00:22.251302+00,1000000,t,61,Brasil
03a9c3c8-0f46-4f43-aed5-00dc21a8ce7a,a93e449b-b0e6-4774-8515-9448fae47f4e,df8ebaed-5822-4370-b538-d9867476d325,EC Bela Vista,⚪,0,0,0,0,0,0,0,50,2026-04-30 23:00:22.251302+00,1000000,t,65,Brasil
9e019870-26df-4d5c-98f5-8e2cf690efda,a93e449b-b0e6-4774-8515-9448fae47f4e,fc7655f2-95b2-4d6f-a7dc-b09a6371f983,Clube Cruz Alta,🟣,0,0,0,0,0,0,0,50,2026-04-30 23:00:22.251302+00,1000000,t,56,Brasil
62bdb176-7d1d-4add-ae1c-db78b48ba342,a93e449b-b0e6-4774-8515-9448fae47f4e,9ae23ea0-bdf1-4f09-957e-2b4c59b20de8,Atlético Santo Amaro,🟠,0,0,0,0,0,0,0,50,2026-04-30 23:00:22.251302+00,1000000,t,58,Brasil
1f42481c-b124-4b68-9566-18d7aa027f26,a93e449b-b0e6-4774-8515-9448fae47f4e,675e9bbc-3c01-45f6-be9b-498cc2f2b6a5,Esporte Jardim,⚽,0,0,0,0,0,0,0,50,2026-04-30 23:00:22.251302+00,1000000,t,66,Brasil
75fa0700-5709-4497-ad0c-243dcbd4662c,a93e449b-b0e6-4774-8515-9448fae47f4e,f61d928f-ba0f-484c-a7a0-d3775231e870,Sport São Miguel,🏟️,0,0,0,0,0,0,0,50,2026-04-30 23:00:22.251302+00,1000000,t,62,Brasil
75d59ed1-8a84-462e-8c03-d48f92901c8c,a93e449b-b0e6-4774-8515-9448fae47f4e,8c1cfaf2-a6b8-43b8-822b-4a14f9091f70,União Boa Vista,🦅,0,0,0,0,0,0,0,50,2026-04-30 23:00:22.251302+00,1000000,t,63,Brasil
5636472b-6e41-4e9a-883d-ce41cd02dc58,a93e449b-b0e6-4774-8515-9448fae47f4e,6c35f2ff-e031-428c-8a3d-a0212d068af5,Real Alto da Serra,🐺,0,0,0,0,0,0,0,50,2026-04-30 23:00:22.251302+00,1000000,t,55,Brasil
6bdb53b9-59ac-41d6-9b1e-5875d45064d5,a93e449b-b0e6-4774-8515-9448fae47f4e,c64cf729-7ece-4c48-9f10-41a64665405f,Inter Morro Alto,🦁,0,0,0,0,0,0,0,50,2026-04-30 23:00:22.251302+00,1000000,t,57,Brasil
9d011aeb-f56d-4ba4-9100-2a562d0828ee,a93e449b-b0e6-4774-8515-9448fae47f4e,2be5bf83-0cfe-4fce-b5fc-1d582f3ff228,Nacional Ponta Grossa,🐂,0,0,0,0,0,0,0,50,2026-04-30 23:00:22.251302+00,1000000,t,58,Brasil
11bbe5a3-6413-481a-ba8c-e57a8de22601,ced7102b-0955-4517-98a6-b6496048981f,27c52780-5278-452d-b769-9a2db55bf1d6,AC Serra Alta,🔴,0,0,0,0,0,0,0,50,2026-04-30 23:00:22.333543+00,1000000,t,56,Brasil
6f2e62f3-74c9-43f3-91ac-b765a9bdf665,ced7102b-0955-4517-98a6-b6496048981f,4672f0e7-4923-424a-a2d7-649281b5d7da,EC Vale Verde,🔵,0,0,0,0,0,0,0,50,2026-04-30 23:00:22.333543+00,1000000,t,49,Brasil
19fd40d8-ca5a-42e5-842d-48ef24a10041,ced7102b-0955-4517-98a6-b6496048981f,f06d0be9-c78c-4108-bdd2-2edbab78ee81,Clube Pedra Branca,🟢,0,0,0,0,0,0,0,50,2026-04-30 23:00:22.333543+00,1000000,t,55,Brasil
b3762809-5af3-4b04-823b-e11ed1b505d1,ced7102b-0955-4517-98a6-b6496048981f,61650ac5-8d73-45a4-a170-a1a70c0aa684,Atlético Lagoa Santa,🟡,0,0,0,0,0,0,0,50,2026-04-30 23:00:22.333543+00,1000000,t,57,Brasil
77397515-dc4a-4594-8342-f817e4358172,ced7102b-0955-4517-98a6-b6496048981f,fd46e392-c7eb-4e6d-96ee-e2e8a9c71773,Esporte Porto Alegre,⚫,0,0,0,0,0,0,0,50,2026-04-30 23:00:22.333543+00,1000000,t,57,Brasil
042673f2-ced7-422c-b3dd-216661326d8f,ced7102b-0955-4517-98a6-b6496048981f,9044465f-0a17-4f2d-ad65-748c9db5a27e,Sport Bela Vista,⚪,0,0,0,0,0,0,0,50,2026-04-30 23:00:22.333543+00,1000000,t,50,Brasil
c18a9ead-f6d2-408c-9bde-bd040c8059d6,ced7102b-0955-4517-98a6-b6496048981f,ae1ac05d-06b9-4e62-99bc-b98e59153a5c,União Cruz Alta,🟣,0,0,0,0,0,0,0,50,2026-04-30 23:00:22.333543+00,1000000,t,53,Brasil
e30bbcfd-87ca-4346-825c-fc98e4dccea6,ced7102b-0955-4517-98a6-b6496048981f,cb065e0f-180f-476d-8f1d-de44836b19e7,Real Santo Amaro,🟠,0,0,0,0,0,0,0,50,2026-04-30 23:00:22.333543+00,1000000,t,47,Brasil
e22bacbe-4d56-41ee-98f2-a153766c8eb7,ced7102b-0955-4517-98a6-b6496048981f,fb6a705f-716b-435d-97e9-ea2d75fca3f3,Inter Jardim,⚽,0,0,0,0,0,0,0,50,2026-04-30 23:00:22.333543+00,1000000,t,48,Brasil
c2c61ae6-49ef-49f1-8ae1-442a1cb42618,ced7102b-0955-4517-98a6-b6496048981f,50a804c5-b045-4996-a4e7-da4de4f0751d,Nacional São Miguel,🏟️,0,0,0,0,0,0,0,50,2026-04-30 23:00:22.333543+00,1000000,t,57,Brasil
e53f8357-0c0f-4966-a854-8edd16333d4c,ced7102b-0955-4517-98a6-b6496048981f,48f2c68e-30b4-4926-9a52-531b65876b9b,Sporting Boa Vista,🦅,0,0,0,0,0,0,0,50,2026-04-30 23:00:22.333543+00,1000000,t,50,Brasil
b6a7fcbb-bea0-4d0a-ad55-979c404c9ad0,ced7102b-0955-4517-98a6-b6496048981f,2772c381-1cdb-4684-90d0-db8616754ce6,Racing Alto da Serra,🐺,0,0,0,0,0,0,0,50,2026-04-30 23:00:22.333543+00,1000000,t,53,Brasil
c767f0e8-bf89-465c-9ddb-b9c44edc68a1,ced7102b-0955-4517-98a6-b6496048981f,1c84fb31-4e23-47d5-ba2a-28a8cafb7516,Olimpia Morro Alto,🦁,0,0,0,0,0,0,0,50,2026-04-30 23:00:22.333543+00,1000000,t,53,Brasil
c3813308-366c-456f-bd47-2b97d7422ca2,ced7102b-0955-4517-98a6-b6496048981f,1a6b1e10-e12c-4d90-84a7-882d74d49805,Estrela Ponta Grossa,🐂,0,0,0,0,0,0,0,50,2026-04-30 23:00:22.333543+00,1000000,t,56,Brasil
