id,match_id,match_type,step,details,created_at
abac4357-4b4e-40f7-940f-55eac826951f,90662ad3-fdb9-4d5c-9423-e9542ffa8c9d,world,start,"{""status"": ""scheduled"", ""scheduled_at"": ""2026-05-18T21:39:56.103965+00:00""}",2026-05-18 21:46:59.517851+00
fa054caa-4397-459d-af64-6ebff7e4d872,90662ad3-fdb9-4d5c-9423-e9542ffa8c9d,world,start,"{""status"": ""scheduled"", ""scheduled_at"": ""2026-05-18T21:39:56.103965+00:00""}",2026-05-18 21:47:01.567247+00
993e6f09-92af-40f6-b433-b6a6394c1fd2,90662ad3-fdb9-4d5c-9423-e9542ffa8c9d,world,start,"{""status"": ""scheduled"", ""scheduled_at"": ""2026-05-18T21:39:56.103965+00:00""}",2026-05-18 21:47:28.176103+00
48902646-4f8b-49c7-8a1f-67e8ac794e1b,90662ad3-fdb9-4d5c-9423-e9542ffa8c9d,world,start,"{""status"": ""scheduled"", ""scheduled_at"": ""2026-05-18T21:39:56.103965+00:00""}",2026-05-18 21:48:00.790924+00
9bb004db-f74e-4581-ae41-0070cbafc039,90662ad3-fdb9-4d5c-9423-e9542ffa8c9d,world,start,"{""status"": ""scheduled"", ""scheduled_at"": ""2026-05-18T21:39:56.103965+00:00""}",2026-05-18 21:48:31.804264+00
b2ed04f1-8493-4e84-8978-e3c7b53e7634,90662ad3-fdb9-4d5c-9423-e9542ffa8c9d,world,start,"{""status"": ""scheduled"", ""scheduled_at"": ""2026-05-18T21:39:56.103965+00:00""}",2026-05-18 21:48:47.582111+00
8bda5567-56bf-405a-88f9-efb231690912,90662ad3-fdb9-4d5c-9423-e9542ffa8c9d,world,start,"{""status"": ""scheduled"", ""scheduled_at"": ""2026-05-18T21:39:56.103965+00:00""}",2026-05-18 21:49:00.83984+00
7cd7d084-30e0-439e-9e9c-a505feb683f0,90662ad3-fdb9-4d5c-9423-e9542ffa8c9d,world,start,"{""status"": ""scheduled"", ""scheduled_at"": ""2026-05-18T21:39:56.103965+00:00""}",2026-05-18 21:49:17.457566+00
cbc458c8-bf69-4bb1-aa4e-366f584d4a9f,90662ad3-fdb9-4d5c-9423-e9542ffa8c9d,world,start,"{""status"": ""scheduled"", ""scheduled_at"": ""2026-05-18T21:39:56.103965+00:00""}",2026-05-18 21:49:47.539478+00
fa665d70-9647-4472-ba7e-82d995c3e693,90662ad3-fdb9-4d5c-9423-e9542ffa8c9d,world,start,"{""status"": ""scheduled"", ""scheduled_at"": ""2026-05-18T21:39:56.103965+00:00""}",2026-05-18 21:50:01.444478+00
956278dd-79ce-45f3-8c52-93687962808e,90662ad3-fdb9-4d5c-9423-e9542ffa8c9d,world,start,"{""status"": ""scheduled"", ""scheduled_at"": ""2026-05-18T21:39:56.103965+00:00""}",2026-05-18 21:50:17.649814+00
471c0dc8-8f47-42ae-851c-d3abdeb43c4f,90662ad3-fdb9-4d5c-9423-e9542ffa8c9d,world,start,"{""status"": ""scheduled"", ""scheduled_at"": ""2026-05-18T21:39:56.103965+00:00""}",2026-05-18 21:50:47.426239+00
67ac3bdb-e8e1-423e-bbee-894dd486b444,90662ad3-fdb9-4d5c-9423-e9542ffa8c9d,world,start,"{""status"": ""scheduled"", ""scheduled_at"": ""2026-05-18T21:39:56.103965+00:00""}",2026-05-18 21:51:01.13603+00
c7139e34-a575-44eb-8fdd-a5a752af3132,90662ad3-fdb9-4d5c-9423-e9542ffa8c9d,world,start,"{""status"": ""scheduled"", ""scheduled_at"": ""2026-05-18T21:39:56.103965+00:00""}",2026-05-18 21:51:17.270544+00
9de99bd4-c0cd-4fa8-a1d0-87092dbb70a4,90662ad3-fdb9-4d5c-9423-e9542ffa8c9d,world,start,"{""status"": ""scheduled"", ""scheduled_at"": ""2026-05-18T21:39:56.103965+00:00""}",2026-05-18 21:51:47.271174+00
f8051077-9e18-4f73-b8cc-df1145bd59f4,90662ad3-fdb9-4d5c-9423-e9542ffa8c9d,world,start,"{""status"": ""scheduled"", ""scheduled_at"": ""2026-05-18T21:39:56.103965+00:00""}",2026-05-18 21:52:00.772095+00
ee09263c-5ba8-4803-bfa1-d4bc961fe1f7,90662ad3-fdb9-4d5c-9423-e9542ffa8c9d,world,start,"{""status"": ""scheduled"", ""scheduled_at"": ""2026-05-18T21:39:56.103965+00:00""}",2026-05-18 21:52:17.275664+00
7e35a564-2355-4c90-9211-a9e854d5d9d4,90662ad3-fdb9-4d5c-9423-e9542ffa8c9d,world,start,"{""status"": ""scheduled"", ""scheduled_at"": ""2026-05-18T21:39:56.103965+00:00""}",2026-05-18 21:52:47.39748+00
e9923656-c040-4b17-95ce-f2aa3e979129,90662ad3-fdb9-4d5c-9423-e9542ffa8c9d,world,start,"{""status"": ""scheduled"", ""scheduled_at"": ""2026-05-18T21:39:56.103965+00:00""}",2026-05-18 21:53:01.073385+00
d90e38e3-ec13-4947-89ee-e3a352c6a456,90662ad3-fdb9-4d5c-9423-e9542ffa8c9d,world,start,"{""status"": ""scheduled"", ""scheduled_at"": ""2026-05-18T21:39:56.103965+00:00""}",2026-05-18 21:53:18.355126+00
28e6359f-e164-4fd2-b7e8-b1a7411240da,90662ad3-fdb9-4d5c-9423-e9542ffa8c9d,world,start,"{""status"": ""scheduled"", ""scheduled_at"": ""2026-05-18T21:39:56.103965+00:00""}",2026-05-18 21:53:48.030991+00
a3ac971e-7325-4607-84c5-97315e27620f,90662ad3-fdb9-4d5c-9423-e9542ffa8c9d,world,start,"{""status"": ""scheduled"", ""scheduled_at"": ""2026-05-18T21:39:56.103965+00:00""}",2026-05-18 21:54:00.87578+00
5375a94a-e344-4926-a096-95a1c35320ea,90662ad3-fdb9-4d5c-9423-e9542ffa8c9d,world,start,"{""status"": ""scheduled"", ""scheduled_at"": ""2026-05-18T21:39:56.103965+00:00""}",2026-05-18 21:54:31.256866+00
8665a5ca-c082-4d0e-88d1-8bd937d3f563,90662ad3-fdb9-4d5c-9423-e9542ffa8c9d,world,start,"{""status"": ""scheduled"", ""scheduled_at"": ""2026-05-18T21:39:56.103965+00:00""}",2026-05-18 21:55:01.965361+00
f6a34f48-cf1c-4f4d-83c0-fe6950ec3588,90662ad3-fdb9-4d5c-9423-e9542ffa8c9d,world,start,"{""status"": ""scheduled"", ""scheduled_at"": ""2026-05-18T21:39:56.103965+00:00""}",2026-05-18 21:55:36.41706+00
85c9061e-0f6e-4635-a5c4-2c9fca968e8d,90662ad3-fdb9-4d5c-9423-e9542ffa8c9d,world,start,"{""status"": ""scheduled"", ""scheduled_at"": ""2026-05-18T21:39:56.103965+00:00""}",2026-05-18 21:56:01.129718+00
14098744-b0a3-42e4-a28b-1e0192ea09a1,90662ad3-fdb9-4d5c-9423-e9542ffa8c9d,world,start,"{""status"": ""scheduled"", ""scheduled_at"": ""2026-05-18T21:39:56.103965+00:00""}",2026-05-18 21:56:03.347935+00
c5f7de68-c22c-4897-b97e-aa7eb967cd84,90662ad3-fdb9-4d5c-9423-e9542ffa8c9d,world,start,"{""status"": ""scheduled"", ""scheduled_at"": ""2026-05-18T21:39:56.103965+00:00""}",2026-05-18 21:56:33.359047+00
2b4612bd-9736-4a6f-9739-90697299395d,90662ad3-fdb9-4d5c-9423-e9542ffa8c9d,world,start,"{""status"": ""scheduled"", ""scheduled_at"": ""2026-05-18T21:39:56.103965+00:00""}",2026-05-18 21:57:00.879038+00
d88eee4a-a102-4822-9db8-760557150d2c,90662ad3-fdb9-4d5c-9423-e9542ffa8c9d,world,start,"{""status"": ""scheduled"", ""scheduled_at"": ""2026-05-18T21:39:56.103965+00:00""}",2026-05-18 21:57:03.071153+00
a6e2c510-aaed-42de-923e-28538d303cd3,90662ad3-fdb9-4d5c-9423-e9542ffa8c9d,world,start,"{""status"": ""scheduled"", ""scheduled_at"": ""2026-05-18T21:39:56.103965+00:00""}",2026-05-18 21:57:33.04904+00
1e05c10b-4aba-467a-bdad-b8507452e209,90662ad3-fdb9-4d5c-9423-e9542ffa8c9d,world,start,"{""status"": ""scheduled"", ""scheduled_at"": ""2026-05-18T21:39:56.103965+00:00""}",2026-05-18 21:58:01.086658+00
9efea999-f6e2-4a74-986e-c6b1e80238fc,90662ad3-fdb9-4d5c-9423-e9542ffa8c9d,world,start,"{""status"": ""scheduled"", ""scheduled_at"": ""2026-05-18T21:39:56.103965+00:00""}",2026-05-18 21:58:03.170672+00
f75f0c0c-9e55-455a-9c7d-b0b6c8526808,90662ad3-fdb9-4d5c-9423-e9542ffa8c9d,world,start,"{""status"": ""scheduled"", ""scheduled_at"": ""2026-05-18T21:39:56.103965+00:00""}",2026-05-18 21:58:33.169539+00
e66341b4-9898-4af7-b9f7-8893b73ff4da,90662ad3-fdb9-4d5c-9423-e9542ffa8c9d,world,start,"{""status"": ""scheduled"", ""scheduled_at"": ""2026-05-18T21:39:56.103965+00:00""}",2026-05-18 21:59:01.021235+00
21a598e9-1e0b-4213-8439-c64c6941eba1,90662ad3-fdb9-4d5c-9423-e9542ffa8c9d,world,start,"{""status"": ""scheduled"", ""scheduled_at"": ""2026-05-18T21:39:56.103965+00:00""}",2026-05-18 21:59:27.528137+00
975fcc6b-bcd8-475a-b1d0-828dd8d5f8b4,90662ad3-fdb9-4d5c-9423-e9542ffa8c9d,world,start,"{""status"": ""scheduled"", ""scheduled_at"": ""2026-05-18T21:39:56.103965+00:00""}",2026-05-18 21:59:33.042169+00
a75167e8-7cd2-4a03-b843-b0473f93b49a,90662ad3-fdb9-4d5c-9423-e9542ffa8c9d,world,start,"{""status"": ""scheduled"", ""scheduled_at"": ""2026-05-18T21:39:56.103965+00:00""}",2026-05-18 22:00:03.073236+00
9a33e419-ffa7-4039-a53d-6e16e949124e,90662ad3-fdb9-4d5c-9423-e9542ffa8c9d,world,start,"{""status"": ""scheduled"", ""scheduled_at"": ""2026-05-18T21:39:56.103965+00:00""}",2026-05-18 22:00:04.113628+00
4ac7ed2f-2ebf-4380-9879-ad580a02a585,90662ad3-fdb9-4d5c-9423-e9542ffa8c9d,world,start,"{""status"": ""scheduled"", ""scheduled_at"": ""2026-05-18T21:39:56.103965+00:00""}",2026-05-18 22:01:00.831003+00
46b2a1a3-73d6-4f30-a6e0-f72c783688b8,90662ad3-fdb9-4d5c-9423-e9542ffa8c9d,world,start,"{""status"": ""scheduled"", ""scheduled_at"": ""2026-05-18T21:39:56.103965+00:00""}",2026-05-18 22:01:29.126737+00
e752f2ed-c018-41dd-9ca4-d2c390d2f550,90662ad3-fdb9-4d5c-9423-e9542ffa8c9d,world,start,"{""status"": ""scheduled"", ""scheduled_at"": ""2026-05-18T21:39:56.103965+00:00""}",2026-05-18 22:02:00.834352+00
57de644f-2022-4ce3-8b10-cbf684312905,90662ad3-fdb9-4d5c-9423-e9542ffa8c9d,world,start,"{""status"": ""scheduled"", ""scheduled_at"": ""2026-05-18T21:39:56.103965+00:00""}",2026-05-18 22:02:30.015695+00
4c5d1835-e970-4e47-975d-6846f274fd7d,90662ad3-fdb9-4d5c-9423-e9542ffa8c9d,world,start,"{""status"": ""scheduled"", ""scheduled_at"": ""2026-05-18T21:39:56.103965+00:00""}",2026-05-18 22:03:01.605062+00
2d89649a-25ac-4d1a-b087-58a4c9b5cba5,90662ad3-fdb9-4d5c-9423-e9542ffa8c9d,world,start,"{""status"": ""scheduled"", ""scheduled_at"": ""2026-05-18T21:39:56.103965+00:00""}",2026-05-18 22:03:05.638971+00
74bece01-4fe9-4861-81a6-9544111f58a5,90662ad3-fdb9-4d5c-9423-e9542ffa8c9d,world,start,"{""status"": ""scheduled"", ""scheduled_at"": ""2026-05-18T21:39:56.103965+00:00""}",2026-05-18 22:03:10.361256+00
7fe5e1c7-c3ee-4cdd-906a-c324d9b405c9,90662ad3-fdb9-4d5c-9423-e9542ffa8c9d,world,start,"{""status"": ""scheduled"", ""scheduled_at"": ""2026-05-18T21:39:56.103965+00:00""}",2026-05-18 22:03:21.173201+00
76f25790-6008-4216-9005-f0b7ce39f843,90662ad3-fdb9-4d5c-9423-e9542ffa8c9d,world,start,"{""status"": ""scheduled"", ""scheduled_at"": ""2026-05-18T21:39:56.103965+00:00""}",2026-05-18 22:03:25.362299+00
ffa1efd3-7c7e-4d38-a2e4-9c9015f45d5a,90662ad3-fdb9-4d5c-9423-e9542ffa8c9d,world,start,"{""status"": ""scheduled"", ""scheduled_at"": ""2026-05-18T21:39:56.103965+00:00""}",2026-05-18 22:03:55.24415+00
3cd433d7-e03a-4ffe-8ba8-c77aeb2b5e7f,90662ad3-fdb9-4d5c-9423-e9542ffa8c9d,world,start,"{""status"": ""scheduled"", ""scheduled_at"": ""2026-05-18T21:39:56.103965+00:00""}",2026-05-18 22:04:00.955145+00
32fa264b-e03e-4cef-a40f-ac96eb245ef9,90662ad3-fdb9-4d5c-9423-e9542ffa8c9d,world,start,"{""status"": ""scheduled"", ""scheduled_at"": ""2026-05-18T21:39:56.103965+00:00""}",2026-05-18 22:04:25.243792+00
7098ef54-d44f-4569-9af3-9996c249df18,90662ad3-fdb9-4d5c-9423-e9542ffa8c9d,world,start,"{""status"": ""scheduled"", ""scheduled_at"": ""2026-05-18T21:39:56.103965+00:00""}",2026-05-18 22:04:55.406954+00
00cf086b-13bc-4fdc-a39e-02cc7ad9e544,90662ad3-fdb9-4d5c-9423-e9542ffa8c9d,world,start,"{""status"": ""scheduled"", ""scheduled_at"": ""2026-05-18T21:39:56.103965+00:00""}",2026-05-18 22:05:01.726324+00
3022bed9-365c-414f-9526-2f708da6f9e1,90662ad3-fdb9-4d5c-9423-e9542ffa8c9d,world,start,"{""status"": ""scheduled"", ""scheduled_at"": ""2026-05-18T21:39:56.103965+00:00""}",2026-05-18 22:05:31.199249+00
48f81ff3-c71f-49c0-a797-e14fb2a91453,90662ad3-fdb9-4d5c-9423-e9542ffa8c9d,world,start,"{""status"": ""scheduled"", ""scheduled_at"": ""2026-05-18T21:39:56.103965+00:00""}",2026-05-18 22:05:52.392089+00
ca089fd0-eb01-44e7-ac51-8e9528815129,90662ad3-fdb9-4d5c-9423-e9542ffa8c9d,world,start,"{""status"": ""scheduled"", ""scheduled_at"": ""2026-05-18T21:39:56.103965+00:00""}",2026-05-18 22:06:01.107787+00
61d5993d-0314-49c9-9218-01345e67bafe,90662ad3-fdb9-4d5c-9423-e9542ffa8c9d,world,start,"{""status"": ""scheduled"", ""scheduled_at"": ""2026-05-18T21:39:56.103965+00:00""}",2026-05-18 22:06:23.077116+00
65909d7b-ebbf-49ce-82b4-46abc2ff18bb,90662ad3-fdb9-4d5c-9423-e9542ffa8c9d,world,start,"{""status"": ""scheduled"", ""scheduled_at"": ""2026-05-18T21:39:56.103965+00:00""}",2026-05-18 22:06:52.241155+00
18cd6b49-647f-4d60-b9ba-4fc7733634b6,90662ad3-fdb9-4d5c-9423-e9542ffa8c9d,world,start,"{""status"": ""scheduled"", ""scheduled_at"": ""2026-05-18T21:39:56.103965+00:00""}",2026-05-18 22:07:00.837229+00
e95ce030-3c75-49fd-b5e4-e166b715ba9c,90662ad3-fdb9-4d5c-9423-e9542ffa8c9d,world,start,"{""status"": ""scheduled"", ""scheduled_at"": ""2026-05-18T21:39:56.103965+00:00""}",2026-05-18 22:07:22.997374+00
bb177eeb-da48-443a-bb8f-ce3c890b9222,90662ad3-fdb9-4d5c-9423-e9542ffa8c9d,world,start,"{""status"": ""scheduled"", ""scheduled_at"": ""2026-05-18T21:39:56.103965+00:00""}",2026-05-18 22:07:53.06762+00
53eaba67-ac5c-4541-9eb3-50f0860ec012,90662ad3-fdb9-4d5c-9423-e9542ffa8c9d,world,start,"{""status"": ""scheduled"", ""scheduled_at"": ""2026-05-18T21:39:56.103965+00:00""}",2026-05-18 22:08:01.426714+00
ce3a2b1b-b004-4743-8456-89ae886876d0,90662ad3-fdb9-4d5c-9423-e9542ffa8c9d,world,start,"{""status"": ""scheduled"", ""scheduled_at"": ""2026-05-18T21:39:56.103965+00:00""}",2026-05-18 22:08:23.054956+00
92b009af-7202-4268-a9e4-36b96a0aef27,90662ad3-fdb9-4d5c-9423-e9542ffa8c9d,world,start,"{""status"": ""scheduled"", ""scheduled_at"": ""2026-05-18T21:39:56.103965+00:00""}",2026-05-18 22:08:54.696308+00
77723776-b466-4d17-9801-6b242b200afe,90662ad3-fdb9-4d5c-9423-e9542ffa8c9d,world,start,"{""status"": ""scheduled"", ""scheduled_at"": ""2026-05-18T21:39:56.103965+00:00""}",2026-05-18 22:09:02.450427+00
2285bbdd-100f-4ca8-96fa-8a70509896b7,90662ad3-fdb9-4d5c-9423-e9542ffa8c9d,world,start,"{""status"": ""scheduled"", ""scheduled_at"": ""2026-05-18T21:39:56.103965+00:00""}",2026-05-18 22:09:31.452874+00
7fdc452b-a19e-47a2-96d8-1144ee8c25e0,90662ad3-fdb9-4d5c-9423-e9542ffa8c9d,world,start,"{""status"": ""scheduled"", ""scheduled_at"": ""2026-05-18T21:39:56.103965+00:00""}",2026-05-18 22:10:01.748971+00
52dfee2d-81e8-48a7-8288-3a8af6d66d58,90662ad3-fdb9-4d5c-9423-e9542ffa8c9d,world,start,"{""status"": ""scheduled"", ""scheduled_at"": ""2026-05-18T21:39:56.103965+00:00""}",2026-05-18 22:10:11.414417+00
bbd2cf94-f5fc-41b5-959d-a1c7ac76e3f0,90662ad3-fdb9-4d5c-9423-e9542ffa8c9d,world,start,"{""status"": ""scheduled"", ""scheduled_at"": ""2026-05-18T21:39:56.103965+00:00""}",2026-05-18 22:10:23.23626+00
f37b21ac-ee6d-42fb-9eff-58d77675b353,90662ad3-fdb9-4d5c-9423-e9542ffa8c9d,world,start,"{""status"": ""scheduled"", ""scheduled_at"": ""2026-05-18T21:39:56.103965+00:00""}",2026-05-18 22:10:26.208388+00
ea99aebc-4f33-4a13-9f78-7a79a4ad1a0a,90662ad3-fdb9-4d5c-9423-e9542ffa8c9d,world,start,"{""status"": ""scheduled"", ""scheduled_at"": ""2026-05-18T21:39:56.103965+00:00""}",2026-05-18 22:10:38.209367+00
b9b0c59e-4c19-4bfd-8529-46660166c544,90662ad3-fdb9-4d5c-9423-e9542ffa8c9d,world,start,"{""status"": ""scheduled"", ""scheduled_at"": ""2026-05-18T21:39:56.103965+00:00""}",2026-05-18 22:11:01.005049+00
071853f2-5fad-406c-ab22-4258f166b228,90662ad3-fdb9-4d5c-9423-e9542ffa8c9d,world,start,"{""status"": ""scheduled"", ""scheduled_at"": ""2026-05-18T21:39:56.103965+00:00""}",2026-05-18 22:11:07.266532+00
64115aa4-ddac-45fe-a89a-1b82c24cb4eb,90662ad3-fdb9-4d5c-9423-e9542ffa8c9d,world,start,"{""status"": ""scheduled"", ""scheduled_at"": ""2026-05-18T21:39:56.103965+00:00""}",2026-05-18 22:11:37.283204+00
7cc8a03e-32d4-4bdb-abdd-b2babc7832a9,90662ad3-fdb9-4d5c-9423-e9542ffa8c9d,world,start,"{""status"": ""scheduled"", ""scheduled_at"": ""2026-05-18T21:39:56.103965+00:00""}",2026-05-18 22:12:01.22206+00
4a691d0d-a80a-464e-9b05-4b389b6833e6,90662ad3-fdb9-4d5c-9423-e9542ffa8c9d,world,start,"{""status"": ""scheduled"", ""scheduled_at"": ""2026-05-18T21:39:56.103965+00:00""}",2026-05-18 22:12:07.394397+00
1aacb6d4-3460-4468-89e1-bf63aa6b6612,90662ad3-fdb9-4d5c-9423-e9542ffa8c9d,world,start,"{""status"": ""scheduled"", ""scheduled_at"": ""2026-05-18T21:39:56.103965+00:00""}",2026-05-18 22:12:37.360672+00
a983b069-70c5-4211-a880-9e02dd67918e,90662ad3-fdb9-4d5c-9423-e9542ffa8c9d,world,start,"{""status"": ""scheduled"", ""scheduled_at"": ""2026-05-18T21:39:56.103965+00:00""}",2026-05-18 22:13:01.528947+00
39411307-c54f-49eb-a800-bc3d48dae6b7,90662ad3-fdb9-4d5c-9423-e9542ffa8c9d,world,start,"{""status"": ""scheduled"", ""scheduled_at"": ""2026-05-18T21:39:56.103965+00:00""}",2026-05-18 22:13:07.233995+00
3bfb701a-821f-452a-936e-a87fe0d6442d,90662ad3-fdb9-4d5c-9423-e9542ffa8c9d,world,start,"{""status"": ""scheduled"", ""scheduled_at"": ""2026-05-18T21:39:56.103965+00:00""}",2026-05-18 22:13:37.866009+00
67eae230-b3cc-4e7e-907c-19ee642bb11b,90662ad3-fdb9-4d5c-9423-e9542ffa8c9d,world,start,"{""status"": ""scheduled"", ""scheduled_at"": ""2026-05-18T21:39:56.103965+00:00""}",2026-05-18 22:13:56.82856+00
66aaca5c-1d3f-4035-a8be-d16614427b52,90662ad3-fdb9-4d5c-9423-e9542ffa8c9d,world,start,"{""status"": ""scheduled"", ""scheduled_at"": ""2026-05-18T21:39:56.103965+00:00""}",2026-05-18 22:14:00.970351+00
bff14f68-b31c-4314-a4c3-323f62e67c7d,90662ad3-fdb9-4d5c-9423-e9542ffa8c9d,world,start,"{""status"": ""scheduled"", ""scheduled_at"": ""2026-05-18T21:39:56.103965+00:00""}",2026-05-18 22:14:26.376691+00
a7e998c2-ab6f-48b5-ac8b-58ca7407f185,90662ad3-fdb9-4d5c-9423-e9542ffa8c9d,world,start,"{""status"": ""scheduled"", ""scheduled_at"": ""2026-05-18T21:39:56.103965+00:00""}",2026-05-18 22:14:57.620167+00
a7f317b8-e831-4bcf-9f37-e289480e078a,90662ad3-fdb9-4d5c-9423-e9542ffa8c9d,world,start,"{""status"": ""scheduled"", ""scheduled_at"": ""2026-05-18T21:39:56.103965+00:00""}",2026-05-18 22:15:01.766203+00
d0f83a83-3b44-4a52-b2ef-f87cd4155405,90662ad3-fdb9-4d5c-9423-e9542ffa8c9d,world,start,"{""status"": ""scheduled"", ""scheduled_at"": ""2026-05-18T21:39:56.103965+00:00""}",2026-05-18 22:15:27.231469+00
ed3d06c6-fed4-4579-a74a-055ef13eb290,90662ad3-fdb9-4d5c-9423-e9542ffa8c9d,world,start,"{""status"": ""scheduled"", ""scheduled_at"": ""2026-05-18T21:39:56.103965+00:00""}",2026-05-18 22:16:01.045464+00
2bcf46b9-2e0e-415a-ab37-69ac527ec95b,90662ad3-fdb9-4d5c-9423-e9542ffa8c9d,world,start,"{""status"": ""scheduled"", ""scheduled_at"": ""2026-05-18T21:39:56.103965+00:00""}",2026-05-18 22:17:01.126573+00
22026fd9-20d1-4ea5-b76c-22efdc2fcbd5,90662ad3-fdb9-4d5c-9423-e9542ffa8c9d,world,start,"{""status"": ""scheduled"", ""scheduled_at"": ""2026-05-18T21:39:56.103965+00:00""}",2026-05-18 22:18:00.754376+00
961761ac-73cc-4e0b-8a81-95e820c52b73,90662ad3-fdb9-4d5c-9423-e9542ffa8c9d,world,start,"{""status"": ""scheduled"", ""scheduled_at"": ""2026-05-18T21:39:56.103965+00:00""}",2026-05-18 22:19:00.601435+00
ea1e372b-e05a-4981-92fc-2b051a4660c8,90662ad3-fdb9-4d5c-9423-e9542ffa8c9d,world,start,"{""status"": ""scheduled"", ""scheduled_at"": ""2026-05-18T21:39:56.103965+00:00""}",2026-05-18 22:20:00.884723+00
5222f028-566b-4f39-b292-37d5bd2ec091,90662ad3-fdb9-4d5c-9423-e9542ffa8c9d,world,start,"{""status"": ""scheduled"", ""scheduled_at"": ""2026-05-18T21:39:56.103965+00:00""}",2026-05-18 22:21:02.24879+00
7dde506d-40b6-4c0f-a838-100264a8d43c,90662ad3-fdb9-4d5c-9423-e9542ffa8c9d,world,start,"{""status"": ""scheduled"", ""scheduled_at"": ""2026-05-18T21:39:56.103965+00:00""}",2026-05-18 22:22:01.922431+00
80b31d3c-ad94-4399-8644-e73bb534251d,90662ad3-fdb9-4d5c-9423-e9542ffa8c9d,world,start,"{""status"": ""scheduled"", ""scheduled_at"": ""2026-05-18T21:39:56.103965+00:00""}",2026-05-18 22:23:01.45913+00
9524d924-ccf5-419f-8641-1776e92ef392,90662ad3-fdb9-4d5c-9423-e9542ffa8c9d,world,start,"{""status"": ""scheduled"", ""scheduled_at"": ""2026-05-18T21:39:56.103965+00:00""}",2026-05-18 22:24:00.894519+00
a9252e7d-231d-4f48-9a10-50c3ba11bb1d,90662ad3-fdb9-4d5c-9423-e9542ffa8c9d,world,start,"{""status"": ""scheduled"", ""scheduled_at"": ""2026-05-18T21:39:56.103965+00:00""}",2026-05-18 22:25:01.018473+00
09ef09ad-3176-4058-92e7-130f4a5f843d,90662ad3-fdb9-4d5c-9423-e9542ffa8c9d,world,start,"{""status"": ""scheduled"", ""scheduled_at"": ""2026-05-18T21:39:56.103965+00:00""}",2026-05-18 22:26:01.145459+00
5b99ea09-7673-4575-ad37-450ccfc8c7ed,90662ad3-fdb9-4d5c-9423-e9542ffa8c9d,world,start,"{""status"": ""scheduled"", ""scheduled_at"": ""2026-05-18T21:39:56.103965+00:00""}",2026-05-18 22:26:17.708657+00
460c7697-715e-4615-adc2-8130a5c4005e,90662ad3-fdb9-4d5c-9423-e9542ffa8c9d,world,start,"{""status"": ""scheduled"", ""scheduled_at"": ""2026-05-18T21:39:56.103965+00:00""}",2026-05-18 22:26:26.295542+00
8c271cab-5685-4ac3-a0f2-0eb6f53a1eb0,90662ad3-fdb9-4d5c-9423-e9542ffa8c9d,world,start,"{""status"": ""scheduled"", ""scheduled_at"": ""2026-05-18T21:39:56.103965+00:00""}",2026-05-18 22:26:56.413794+00
c7bbb771-5f17-4e39-bab9-35325b62c55b,90662ad3-fdb9-4d5c-9423-e9542ffa8c9d,world,start,"{""status"": ""scheduled"", ""scheduled_at"": ""2026-05-18T21:39:56.103965+00:00""}",2026-05-18 22:27:01.087161+00
884a586d-808a-47c1-903b-a9bca6477823,90662ad3-fdb9-4d5c-9423-e9542ffa8c9d,world,start,"{""status"": ""scheduled"", ""scheduled_at"": ""2026-05-18T21:39:56.103965+00:00""}",2026-05-18 22:27:26.459907+00
cbe0e278-5023-4039-93eb-b735b2b8d185,90662ad3-fdb9-4d5c-9423-e9542ffa8c9d,world,start,"{""status"": ""scheduled"", ""scheduled_at"": ""2026-05-18T21:39:56.103965+00:00""}",2026-05-18 22:27:36.857316+00
48eae110-1cbe-4bf7-98a3-bcfc2c38114f,90662ad3-fdb9-4d5c-9423-e9542ffa8c9d,world,start,"{""status"": ""scheduled"", ""scheduled_at"": ""2026-05-18T21:39:56.103965+00:00""}",2026-05-18 22:28:37.311701+00
f3477d9e-3412-4acd-b7df-efd58644531d,90662ad3-fdb9-4d5c-9423-e9542ffa8c9d,world,start,"{""status"": ""scheduled"", ""scheduled_at"": ""2026-05-18T21:39:56.103965+00:00""}",2026-05-18 22:27:56.144712+00
1ad67a5b-90cb-4f41-aee5-c421e70af42b,90662ad3-fdb9-4d5c-9423-e9542ffa8c9d,world,start,"{""status"": ""scheduled"", ""scheduled_at"": ""2026-05-18T21:39:56.103965+00:00""}",2026-05-18 22:28:06.996909+00
946f4726-4db8-4c1d-8942-6aad051d0d9e,90662ad3-fdb9-4d5c-9423-e9542ffa8c9d,world,start,"{""status"": ""scheduled"", ""scheduled_at"": ""2026-05-18T21:39:56.103965+00:00""}",2026-05-18 22:28:00.916602+00
618689ef-0135-41d5-98b9-2e324f9a6b59,90662ad3-fdb9-4d5c-9423-e9542ffa8c9d,world,start,"{""status"": ""scheduled"", ""scheduled_at"": ""2026-05-18T21:39:56.103965+00:00""}",2026-05-18 22:28:26.492883+00
8a95c2c9-cf33-42f3-aeb5-f2dbee439afe,90662ad3-fdb9-4d5c-9423-e9542ffa8c9d,world,start,"{""status"": ""scheduled"", ""scheduled_at"": ""2026-05-18T21:39:56.103965+00:00""}",2026-05-18 22:28:56.413139+00
63c66227-2a0c-4d3e-bf64-7be2b5bebd0c,90662ad3-fdb9-4d5c-9423-e9542ffa8c9d,world,start,"{""status"": ""scheduled"", ""scheduled_at"": ""2026-05-18T21:39:56.103965+00:00""}",2026-05-18 22:29:01.159348+00
91325e15-d418-42c8-83df-ef3b6d7b68f1,90662ad3-fdb9-4d5c-9423-e9542ffa8c9d,world,start,"{""status"": ""scheduled"", ""scheduled_at"": ""2026-05-18T21:39:56.103965+00:00""}",2026-05-18 22:29:07.240611+00
0178561b-c339-4cbe-81bd-dbab7a6a7eff,90662ad3-fdb9-4d5c-9423-e9542ffa8c9d,world,start,"{""status"": ""scheduled"", ""scheduled_at"": ""2026-05-18T21:39:56.103965+00:00""}",2026-05-18 22:29:26.472508+00
d031dea7-f8c3-4255-9c70-065f0b16a6c2,90662ad3-fdb9-4d5c-9423-e9542ffa8c9d,world,start,"{""status"": ""scheduled"", ""scheduled_at"": ""2026-05-18T21:39:56.103965+00:00""}",2026-05-18 22:29:37.132654+00
203f0a64-bcdc-4756-af60-f28b6d199913,90662ad3-fdb9-4d5c-9423-e9542ffa8c9d,world,start,"{""status"": ""scheduled"", ""scheduled_at"": ""2026-05-18T21:39:56.103965+00:00""}",2026-05-18 22:30:02.217785+00
5d37e815-d034-4e25-b6b4-038a04c836fb,10e32fb0-98f0-4bea-9548-e905ca9bdf42,world,start,"{""status"": ""scheduled"", ""scheduled_at"": ""2026-05-18T22:30:00+00:00""}",2026-05-18 22:30:02.293691+00
cffc97ae-6a53-4e10-be3a-8441a2b0de26,8aff93dc-673f-44bd-84ec-97e4faa090f7,world,start,"{""status"": ""scheduled"", ""scheduled_at"": ""2026-05-18T22:30:00+00:00""}",2026-05-18 22:30:02.340533+00
b1585e63-e31d-4089-b21d-86b364626fd3,81b49a06-d994-4f38-a581-c733937a85a7,world,start,"{""status"": ""scheduled"", ""scheduled_at"": ""2026-05-18T22:30:00+00:00""}",2026-05-18 22:30:02.388612+00
dca3a93f-4b8f-4827-bd3a-bdc98c0c900a,78f74291-8a84-4a3d-8c9a-eb81cff01cc7,world,start,"{""status"": ""scheduled"", ""scheduled_at"": ""2026-05-18T22:30:00+00:00""}",2026-05-18 22:30:02.460179+00
10a47d43-9216-43a4-a122-d6da5d5d84dc,2fa45e09-832b-4288-9d24-085de7808d12,world,start,"{""status"": ""scheduled"", ""scheduled_at"": ""2026-05-18T22:30:00+00:00""}",2026-05-18 22:30:02.506789+00
77551356-2de7-41f4-b4ee-1e7253120b28,7e4b60eb-7674-4d27-8fe3-b93c83a6b116,world,start,"{""status"": ""scheduled"", ""scheduled_at"": ""2026-05-18T22:30:00+00:00""}",2026-05-18 22:30:02.556456+00
0cdaa71b-d2c3-4f44-9696-9381db6bc07e,078e6657-4ac6-4d20-aa33-8edd162e0468,world,start,"{""status"": ""scheduled"", ""scheduled_at"": ""2026-05-18T22:30:00+00:00""}",2026-05-18 22:30:02.604389+00
b19fe7eb-0c1a-4b25-8628-d55057146416,02a771bf-11ed-402e-b1c9-137ff7597dc1,world,start,"{""status"": ""scheduled"", ""scheduled_at"": ""2026-05-18T22:30:00+00:00""}",2026-05-18 22:30:02.649438+00
cb84fdd5-d346-4b19-b930-d809ddb99363,4a492b08-8f27-4268-b53e-38c6498bb3bf,world,start,"{""status"": ""scheduled"", ""scheduled_at"": ""2026-05-18T22:30:00+00:00""}",2026-05-18 22:30:02.699025+00
9f0b44d9-1a06-4df0-967e-eeb1a113285e,467e5a42-e207-411c-8dec-d711468dea66,world,start,"{""status"": ""scheduled"", ""scheduled_at"": ""2026-05-18T22:30:00+00:00""}",2026-05-18 22:30:02.748453+00
ea467a88-4fd1-41fa-a9b5-cf0bacc3aec1,b248e20e-70b0-4af6-9101-14eb886e2dc2,world,start,"{""status"": ""scheduled"", ""scheduled_at"": ""2026-05-18T22:30:00+00:00""}",2026-05-18 22:30:02.798122+00
52595727-509a-4a67-b3b9-a10ceef2c171,e24e517c-bcf9-4f3e-ac62-1b32a8f8f119,world,start,"{""status"": ""scheduled"", ""scheduled_at"": ""2026-05-18T22:30:00+00:00""}",2026-05-18 22:30:02.842824+00
a033bef8-8851-4936-b6e8-f70f973b2b49,5f24376f-934e-4be3-8aaa-415b95bb392b,world,start,"{""status"": ""scheduled"", ""scheduled_at"": ""2026-05-18T22:30:00+00:00""}",2026-05-18 22:30:02.887297+00
b775fc67-0489-4fff-9db5-0054f24bdefa,4d92e2ca-09bc-4132-9c0e-8b8b27d460cb,world,start,"{""status"": ""scheduled"", ""scheduled_at"": ""2026-05-18T22:30:00+00:00""}",2026-05-18 22:30:02.931504+00
345adfe3-761c-4ee3-8523-e6ffe614be23,658bcd2e-6385-4149-ba5d-09770f285826,world,start,"{""status"": ""scheduled"", ""scheduled_at"": ""2026-05-18T22:30:00+00:00""}",2026-05-18 22:30:02.98633+00
c7f4e035-a52a-4922-a2cc-ba37d0029926,2fc87363-2dff-469a-9d0a-90a5f2ba4106,world,start,"{""status"": ""scheduled"", ""scheduled_at"": ""2026-05-18T22:30:00+00:00""}",2026-05-18 22:30:03.033585+00
90c890e1-7da1-45b0-aeae-6ce4f8527e59,90662ad3-fdb9-4d5c-9423-e9542ffa8c9d,world,start,"{""status"": ""scheduled"", ""scheduled_at"": ""2026-05-18T21:39:56.103965+00:00""}",2026-05-18 22:30:06.816165+00
0731d306-3ec4-46da-9831-5ebbb5ea1ea6,10e32fb0-98f0-4bea-9548-e905ca9bdf42,world,start,"{""status"": ""scheduled"", ""scheduled_at"": ""2026-05-18T22:30:00+00:00""}",2026-05-18 22:30:07.191518+00
9dd2082d-d980-4c17-bfd4-067bd0d2157a,8aff93dc-673f-44bd-84ec-97e4faa090f7,world,start,"{""status"": ""scheduled"", ""scheduled_at"": ""2026-05-18T22:30:00+00:00""}",2026-05-18 22:30:07.61452+00
548ca739-9d10-4672-823a-8ae691c7b41a,81b49a06-d994-4f38-a581-c733937a85a7,world,start,"{""status"": ""scheduled"", ""scheduled_at"": ""2026-05-18T22:30:00+00:00""}",2026-05-18 22:30:08.003513+00
3e590bc4-e57a-4470-a575-67e6d97fec19,78f74291-8a84-4a3d-8c9a-eb81cff01cc7,world,start,"{""status"": ""scheduled"", ""scheduled_at"": ""2026-05-18T22:30:00+00:00""}",2026-05-18 22:30:08.387339+00
bf2ccbee-1523-45ad-9702-8feda601d224,2fa45e09-832b-4288-9d24-085de7808d12,world,start,"{""status"": ""scheduled"", ""scheduled_at"": ""2026-05-18T22:30:00+00:00""}",2026-05-18 22:30:08.757782+00
76fefacb-91e0-4594-9dc4-f5b08860ae9e,90662ad3-fdb9-4d5c-9423-e9542ffa8c9d,world,start,"{""status"": ""scheduled"", ""scheduled_at"": ""2026-05-18T21:39:56.103965+00:00""}",2026-05-18 22:30:08.875194+00
395e9f24-b069-41f1-b435-23615b42f553,7e4b60eb-7674-4d27-8fe3-b93c83a6b116,world,start,"{""status"": ""scheduled"", ""scheduled_at"": ""2026-05-18T22:30:00+00:00""}",2026-05-18 22:30:09.140701+00
cb5ff714-9023-4030-b215-19cc4b2a540d,10e32fb0-98f0-4bea-9548-e905ca9bdf42,world,start,"{""status"": ""scheduled"", ""scheduled_at"": ""2026-05-18T22:30:00+00:00""}",2026-05-18 22:30:09.284447+00
2e1d6e02-949f-46de-be85-567b549bb55c,078e6657-4ac6-4d20-aa33-8edd162e0468,world,start,"{""status"": ""scheduled"", ""scheduled_at"": ""2026-05-18T22:30:00+00:00""}",2026-05-18 22:30:09.635522+00
8ba1ee78-f870-4f26-90a9-df64c53c9817,8aff93dc-673f-44bd-84ec-97e4faa090f7,world,start,"{""status"": ""scheduled"", ""scheduled_at"": ""2026-05-18T22:30:00+00:00""}",2026-05-18 22:30:09.84645+00
1c335033-4c41-44e3-b7ee-0ea7efc4e6de,02a771bf-11ed-402e-b1c9-137ff7597dc1,world,start,"{""status"": ""scheduled"", ""scheduled_at"": ""2026-05-18T22:30:00+00:00""}",2026-05-18 22:30:10.038394+00
349f94ad-cb13-49c7-9e03-e0a446bc3ead,81b49a06-d994-4f38-a581-c733937a85a7,world,start,"{""status"": ""scheduled"", ""scheduled_at"": ""2026-05-18T22:30:00+00:00""}",2026-05-18 22:30:10.230273+00
8c930efa-0b74-43e8-af6a-b0494e41a3fd,78f74291-8a84-4a3d-8c9a-eb81cff01cc7,world,start,"{""status"": ""scheduled"", ""scheduled_at"": ""2026-05-18T22:30:00+00:00""}",2026-05-18 22:30:10.637216+00
87cd76ba-2acd-4d7f-8f16-0aa1d29d1795,4a492b08-8f27-4268-b53e-38c6498bb3bf,world,start,"{""status"": ""scheduled"", ""scheduled_at"": ""2026-05-18T22:30:00+00:00""}",2026-05-18 22:30:10.775393+00
95d7af5f-267d-488e-b90a-c9f05d0b40e2,467e5a42-e207-411c-8dec-d711468dea66,world,start,"{""status"": ""scheduled"", ""scheduled_at"": ""2026-05-18T22:30:00+00:00""}",2026-05-18 22:30:11.6047+00
c1502189-a87d-4501-af6a-e3012de3cdce,2fa45e09-832b-4288-9d24-085de7808d12,world,start,"{""status"": ""scheduled"", ""scheduled_at"": ""2026-05-18T22:30:00+00:00""}",2026-05-18 22:30:11.788812+00
b4572a30-743e-4c73-a8f5-2da162da20c5,b248e20e-70b0-4af6-9101-14eb886e2dc2,world,start,"{""status"": ""scheduled"", ""scheduled_at"": ""2026-05-18T22:30:00+00:00""}",2026-05-18 22:30:12.03914+00
7e18beaf-23b6-444b-a264-494c388f3767,e24e517c-bcf9-4f3e-ac62-1b32a8f8f119,world,start,"{""status"": ""scheduled"", ""scheduled_at"": ""2026-05-18T22:30:00+00:00""}",2026-05-18 22:30:12.427697+00
ff722b0b-3a90-436b-9059-e88f5dfb9aab,7e4b60eb-7674-4d27-8fe3-b93c83a6b116,world,start,"{""status"": ""scheduled"", ""scheduled_at"": ""2026-05-18T22:30:00+00:00""}",2026-05-18 22:30:12.530995+00
1cc067da-dcff-4db4-9445-b4bee187d54c,5f24376f-934e-4be3-8aaa-415b95bb392b,world,start,"{""status"": ""scheduled"", ""scheduled_at"": ""2026-05-18T22:30:00+00:00""}",2026-05-18 22:30:12.804399+00
2079dd71-f164-4073-8bd3-495f1ba56174,078e6657-4ac6-4d20-aa33-8edd162e0468,world,start,"{""status"": ""scheduled"", ""scheduled_at"": ""2026-05-18T22:30:00+00:00""}",2026-05-18 22:30:12.953299+00
bf1230d5-7800-4105-9ecc-cbe59b3c5f64,4d92e2ca-09bc-4132-9c0e-8b8b27d460cb,world,start,"{""status"": ""scheduled"", ""scheduled_at"": ""2026-05-18T22:30:00+00:00""}",2026-05-18 22:30:13.183934+00
57bd6f52-e77f-4723-9b50-053cb976b1b3,02a771bf-11ed-402e-b1c9-137ff7597dc1,world,start,"{""status"": ""scheduled"", ""scheduled_at"": ""2026-05-18T22:30:00+00:00""}",2026-05-18 22:30:13.344509+00
ca76f039-33ec-4d9f-a7e0-95d0a1ddd4d0,658bcd2e-6385-4149-ba5d-09770f285826,world,start,"{""status"": ""scheduled"", ""scheduled_at"": ""2026-05-18T22:30:00+00:00""}",2026-05-18 22:30:13.572166+00
589713d1-a3da-4216-9eb3-e6aec6020f1a,4a492b08-8f27-4268-b53e-38c6498bb3bf,world,start,"{""status"": ""scheduled"", ""scheduled_at"": ""2026-05-18T22:30:00+00:00""}",2026-05-18 22:30:13.72921+00
f5a3d06a-bf74-4bc9-bbb5-f052b78c26e4,2fc87363-2dff-469a-9d0a-90a5f2ba4106,world,start,"{""status"": ""scheduled"", ""scheduled_at"": ""2026-05-18T22:30:00+00:00""}",2026-05-18 22:30:13.982341+00
b8a4e570-d5f7-4a6a-90b7-1a46bd247ee8,467e5a42-e207-411c-8dec-d711468dea66,world,start,"{""status"": ""scheduled"", ""scheduled_at"": ""2026-05-18T22:30:00+00:00""}",2026-05-18 22:30:14.123158+00
c9bea774-cba9-4243-9c85-698562b0fc74,b248e20e-70b0-4af6-9101-14eb886e2dc2,world,start,"{""status"": ""scheduled"", ""scheduled_at"": ""2026-05-18T22:30:00+00:00""}",2026-05-18 22:30:14.593785+00
246186ba-1bcf-4303-8f3c-cb58d1c2bf37,2fc87363-2dff-469a-9d0a-90a5f2ba4106,world,start,"{""status"": ""scheduled"", ""scheduled_at"": ""2026-05-18T22:30:00+00:00""}",2026-05-18 22:30:16.535898+00
a8415338-e24c-4224-8787-13a3a8c271f1,2fa45e09-832b-4288-9d24-085de7808d12,world,start,"{""status"": ""scheduled"", ""scheduled_at"": ""2026-05-18T22:30:00+00:00""}",2026-05-18 22:30:39.330504+00
8358e202-6da5-4d5e-be5f-248c9f27a488,7e4b60eb-7674-4d27-8fe3-b93c83a6b116,world,start,"{""status"": ""scheduled"", ""scheduled_at"": ""2026-05-18T22:30:00+00:00""}",2026-05-18 22:30:39.723633+00
304891a5-9ad5-46e1-9501-77737bed9a8a,b248e20e-70b0-4af6-9101-14eb886e2dc2,world,start,"{""status"": ""scheduled"", ""scheduled_at"": ""2026-05-18T22:30:00+00:00""}",2026-05-18 22:30:41.715378+00
7ffddd60-ccec-4dc7-9671-f233388cc082,e24e517c-bcf9-4f3e-ac62-1b32a8f8f119,world,start,"{""status"": ""scheduled"", ""scheduled_at"": ""2026-05-18T22:30:00+00:00""}",2026-05-18 22:30:14.973654+00
c10e505a-26ff-40c6-84cb-32f2a2d5b971,5f24376f-934e-4be3-8aaa-415b95bb392b,world,start,"{""status"": ""scheduled"", ""scheduled_at"": ""2026-05-18T22:30:00+00:00""}",2026-05-18 22:30:15.354957+00
7a4234bb-6560-45a2-a497-40f4dd787684,658bcd2e-6385-4149-ba5d-09770f285826,world,start,"{""status"": ""scheduled"", ""scheduled_at"": ""2026-05-18T22:30:00+00:00""}",2026-05-18 22:30:43.376703+00
7cc7a0eb-4dbb-4271-8101-1bb1202644ab,4d92e2ca-09bc-4132-9c0e-8b8b27d460cb,world,start,"{""status"": ""scheduled"", ""scheduled_at"": ""2026-05-18T22:30:00+00:00""}",2026-05-18 22:30:15.752893+00
2e500914-09e5-4a62-8f17-7506d9bef11d,10e32fb0-98f0-4bea-9548-e905ca9bdf42,world,start,"{""status"": ""scheduled"", ""scheduled_at"": ""2026-05-18T22:30:00+00:00""}",2026-05-18 22:30:38.075521+00
cba92ee4-325e-4e7d-a4da-e2473e6f17ab,078e6657-4ac6-4d20-aa33-8edd162e0468,world,start,"{""status"": ""scheduled"", ""scheduled_at"": ""2026-05-18T22:30:00+00:00""}",2026-05-18 22:30:40.123886+00
4e11c6b0-013e-4969-8860-cadae153da36,4d92e2ca-09bc-4132-9c0e-8b8b27d460cb,world,start,"{""status"": ""scheduled"", ""scheduled_at"": ""2026-05-18T22:30:00+00:00""}",2026-05-18 22:30:42.962831+00
4aa33114-d828-4cdb-b152-144feb877d80,658bcd2e-6385-4149-ba5d-09770f285826,world,start,"{""status"": ""scheduled"", ""scheduled_at"": ""2026-05-18T22:30:00+00:00""}",2026-05-18 22:30:16.158949+00
9b93a6da-ba5b-45fa-86fb-1b20f0c38073,81b49a06-d994-4f38-a581-c733937a85a7,world,start,"{""status"": ""scheduled"", ""scheduled_at"": ""2026-05-18T22:30:00+00:00""}",2026-05-18 22:30:38.507077+00
fd252c20-737f-4e57-92d8-95c1c2dfff32,2fc87363-2dff-469a-9d0a-90a5f2ba4106,world,start,"{""status"": ""scheduled"", ""scheduled_at"": ""2026-05-18T22:30:00+00:00""}",2026-05-18 22:30:43.78993+00
ddcf0266-a7b2-4653-a09f-774870f7338a,90662ad3-fdb9-4d5c-9423-e9542ffa8c9d,world,start,"{""status"": ""scheduled"", ""scheduled_at"": ""2026-05-18T21:39:56.103965+00:00""}",2026-05-18 22:30:37.674408+00
9b18c9b0-2cfb-41e9-9d38-81c7e12a3519,4a492b08-8f27-4268-b53e-38c6498bb3bf,world,start,"{""status"": ""scheduled"", ""scheduled_at"": ""2026-05-18T22:30:00+00:00""}",2026-05-18 22:30:40.918474+00
8ceeebba-f254-43b1-a0ef-506cb47c3e77,5f24376f-934e-4be3-8aaa-415b95bb392b,world,start,"{""status"": ""scheduled"", ""scheduled_at"": ""2026-05-18T22:30:00+00:00""}",2026-05-18 22:30:42.547375+00
bf4078cc-8c3b-4732-80a1-87c92e5e7458,78f74291-8a84-4a3d-8c9a-eb81cff01cc7,world,start,"{""status"": ""scheduled"", ""scheduled_at"": ""2026-05-18T22:30:00+00:00""}",2026-05-18 22:30:38.913716+00
3012600b-58ea-4673-b3bf-9c2851e60f4c,02a771bf-11ed-402e-b1c9-137ff7597dc1,world,start,"{""status"": ""scheduled"", ""scheduled_at"": ""2026-05-18T22:30:00+00:00""}",2026-05-18 22:30:40.528041+00
3b91940c-bb42-4920-aacf-2f125a24d20d,467e5a42-e207-411c-8dec-d711468dea66,world,start,"{""status"": ""scheduled"", ""scheduled_at"": ""2026-05-18T22:30:00+00:00""}",2026-05-18 22:30:41.312374+00
6f1daecf-7c08-4867-85b8-521f945b6a96,e24e517c-bcf9-4f3e-ac62-1b32a8f8f119,world,start,"{""status"": ""scheduled"", ""scheduled_at"": ""2026-05-18T22:30:00+00:00""}",2026-05-18 22:30:42.136983+00
907d8b7a-9156-4419-9d3e-753ccd702f2b,90662ad3-fdb9-4d5c-9423-e9542ffa8c9d,world,start,"{""status"": ""scheduled"", ""scheduled_at"": ""2026-05-18T21:39:56.103965+00:00""}",2026-05-18 22:31:01.882284+00
97a51934-04a0-4060-8e47-c9c8b22c3ad6,10e32fb0-98f0-4bea-9548-e905ca9bdf42,world,start,"{""status"": ""scheduled"", ""scheduled_at"": ""2026-05-18T22:30:00+00:00""}",2026-05-18 22:31:01.964144+00
09da7c0f-f12d-4475-99b9-505f4bee97b4,81b49a06-d994-4f38-a581-c733937a85a7,world,start,"{""status"": ""scheduled"", ""scheduled_at"": ""2026-05-18T22:30:00+00:00""}",2026-05-18 22:31:02.010257+00
04777f2a-a212-40dc-8a27-799a1f1f6548,78f74291-8a84-4a3d-8c9a-eb81cff01cc7,world,start,"{""status"": ""scheduled"", ""scheduled_at"": ""2026-05-18T22:30:00+00:00""}",2026-05-18 22:31:02.086157+00
48ef1607-9c1e-4eeb-a496-a967ce5b698d,2fa45e09-832b-4288-9d24-085de7808d12,world,start,"{""status"": ""scheduled"", ""scheduled_at"": ""2026-05-18T22:30:00+00:00""}",2026-05-18 22:31:02.132381+00
a2bb5141-9c52-4d94-a1dd-6618521527dd,7e4b60eb-7674-4d27-8fe3-b93c83a6b116,world,start,"{""status"": ""scheduled"", ""scheduled_at"": ""2026-05-18T22:30:00+00:00""}",2026-05-18 22:31:02.173245+00
5630af8e-b111-49d3-bc07-f535e062d1ad,078e6657-4ac6-4d20-aa33-8edd162e0468,world,start,"{""status"": ""scheduled"", ""scheduled_at"": ""2026-05-18T22:30:00+00:00""}",2026-05-18 22:31:02.241397+00
df9470ed-875b-4501-b20f-e4e0c6fc1088,02a771bf-11ed-402e-b1c9-137ff7597dc1,world,start,"{""status"": ""scheduled"", ""scheduled_at"": ""2026-05-18T22:30:00+00:00""}",2026-05-18 22:31:02.311691+00
bbe9fa95-a629-4e8e-9919-02c7b32734a9,4a492b08-8f27-4268-b53e-38c6498bb3bf,world,start,"{""status"": ""scheduled"", ""scheduled_at"": ""2026-05-18T22:30:00+00:00""}",2026-05-18 22:31:02.407386+00
5d2d65bd-ce0b-46ef-ade8-3033c09e0f8d,467e5a42-e207-411c-8dec-d711468dea66,world,start,"{""status"": ""scheduled"", ""scheduled_at"": ""2026-05-18T22:30:00+00:00""}",2026-05-18 22:31:02.490107+00
19c8c17a-39d4-4adc-8d21-95db517722bc,b248e20e-70b0-4af6-9101-14eb886e2dc2,world,start,"{""status"": ""scheduled"", ""scheduled_at"": ""2026-05-18T22:30:00+00:00""}",2026-05-18 22:31:02.53667+00
daac2be8-c981-4ca6-bb8b-cfd882edd664,e24e517c-bcf9-4f3e-ac62-1b32a8f8f119,world,start,"{""status"": ""scheduled"", ""scheduled_at"": ""2026-05-18T22:30:00+00:00""}",2026-05-18 22:31:02.606696+00
9800fb03-1eaf-4a24-aabd-f284d6d4209e,5f24376f-934e-4be3-8aaa-415b95bb392b,world,start,"{""status"": ""scheduled"", ""scheduled_at"": ""2026-05-18T22:30:00+00:00""}",2026-05-18 22:31:02.67936+00
576c55b8-346e-4600-b2ce-e06cad7692f9,4d92e2ca-09bc-4132-9c0e-8b8b27d460cb,world,start,"{""status"": ""scheduled"", ""scheduled_at"": ""2026-05-18T22:30:00+00:00""}",2026-05-18 22:31:02.73029+00
1214a2f8-3af4-4566-9792-49b346f0961c,658bcd2e-6385-4149-ba5d-09770f285826,world,start,"{""status"": ""scheduled"", ""scheduled_at"": ""2026-05-18T22:30:00+00:00""}",2026-05-18 22:31:02.779834+00
12d3fe08-0b67-4c48-a5b2-6eafd7cb2b90,2fc87363-2dff-469a-9d0a-90a5f2ba4106,world,start,"{""status"": ""scheduled"", ""scheduled_at"": ""2026-05-18T22:30:00+00:00""}",2026-05-18 22:31:02.822755+00
67ee31a3-e261-4be7-8cf6-b2ad5be27947,90662ad3-fdb9-4d5c-9423-e9542ffa8c9d,world,start,"{""status"": ""scheduled"", ""scheduled_at"": ""2026-05-18T21:39:56.103965+00:00""}",2026-05-18 22:31:07.588055+00
c557bde2-f29d-4b13-8cd9-44810a0c0a58,10e32fb0-98f0-4bea-9548-e905ca9bdf42,world,start,"{""status"": ""scheduled"", ""scheduled_at"": ""2026-05-18T22:30:00+00:00""}",2026-05-18 22:31:08.370843+00
2fc92538-b1a7-4026-a85a-2a980d80eba7,81b49a06-d994-4f38-a581-c733937a85a7,world,start,"{""status"": ""scheduled"", ""scheduled_at"": ""2026-05-18T22:30:00+00:00""}",2026-05-18 22:31:08.782419+00
a7d790ac-0714-4669-a2ae-58d09e7bff9c,78f74291-8a84-4a3d-8c9a-eb81cff01cc7,world,start,"{""status"": ""scheduled"", ""scheduled_at"": ""2026-05-18T22:30:00+00:00""}",2026-05-18 22:31:09.166354+00
5d4305ec-7438-48c1-a747-05dce2d79264,2fa45e09-832b-4288-9d24-085de7808d12,world,start,"{""status"": ""scheduled"", ""scheduled_at"": ""2026-05-18T22:30:00+00:00""}",2026-05-18 22:31:09.547574+00
24952475-c5b6-4d4e-9347-151d957d8368,7e4b60eb-7674-4d27-8fe3-b93c83a6b116,world,start,"{""status"": ""scheduled"", ""scheduled_at"": ""2026-05-18T22:30:00+00:00""}",2026-05-18 22:31:09.985812+00
d5aac872-9d5b-4ed4-9d69-52aa14a0c8df,078e6657-4ac6-4d20-aa33-8edd162e0468,world,start,"{""status"": ""scheduled"", ""scheduled_at"": ""2026-05-18T22:30:00+00:00""}",2026-05-18 22:31:10.364361+00
8c56fdc9-27e2-4268-8dba-3277181cfa04,02a771bf-11ed-402e-b1c9-137ff7597dc1,world,start,"{""status"": ""scheduled"", ""scheduled_at"": ""2026-05-18T22:30:00+00:00""}",2026-05-18 22:31:10.765034+00
62470de2-a0bd-41fb-a20e-e48c89cf8a28,4a492b08-8f27-4268-b53e-38c6498bb3bf,world,start,"{""status"": ""scheduled"", ""scheduled_at"": ""2026-05-18T22:30:00+00:00""}",2026-05-18 22:31:11.169667+00
dabc052c-e74b-4a0d-aad5-802a06882615,467e5a42-e207-411c-8dec-d711468dea66,world,start,"{""status"": ""scheduled"", ""scheduled_at"": ""2026-05-18T22:30:00+00:00""}",2026-05-18 22:31:11.555068+00
1a41030b-a386-4c31-8979-0ceb3cc782f0,b248e20e-70b0-4af6-9101-14eb886e2dc2,world,start,"{""status"": ""scheduled"", ""scheduled_at"": ""2026-05-18T22:30:00+00:00""}",2026-05-18 22:31:11.962032+00
cad33606-0a33-4cb8-8406-fd95c9d45455,e24e517c-bcf9-4f3e-ac62-1b32a8f8f119,world,start,"{""status"": ""scheduled"", ""scheduled_at"": ""2026-05-18T22:30:00+00:00""}",2026-05-18 22:31:12.353643+00
74e917ff-6a18-436c-975f-9e20a8f3b56b,5f24376f-934e-4be3-8aaa-415b95bb392b,world,start,"{""status"": ""scheduled"", ""scheduled_at"": ""2026-05-18T22:30:00+00:00""}",2026-05-18 22:31:12.732865+00
53c3907b-0980-4808-b227-6973e4281d7f,4d92e2ca-09bc-4132-9c0e-8b8b27d460cb,world,start,"{""status"": ""scheduled"", ""scheduled_at"": ""2026-05-18T22:30:00+00:00""}",2026-05-18 22:31:13.119538+00
42ca086c-7a94-4f30-b1ad-cceff2975b24,658bcd2e-6385-4149-ba5d-09770f285826,world,start,"{""status"": ""scheduled"", ""scheduled_at"": ""2026-05-18T22:30:00+00:00""}",2026-05-18 22:31:13.554792+00
127df1a9-e5e0-4e92-be2f-a70d70cdc774,2fc87363-2dff-469a-9d0a-90a5f2ba4106,world,start,"{""status"": ""scheduled"", ""scheduled_at"": ""2026-05-18T22:30:00+00:00""}",2026-05-18 22:31:13.959522+00
34c6169d-0438-4423-9a22-73dbfbb088b4,90662ad3-fdb9-4d5c-9423-e9542ffa8c9d,world,start,"{""status"": ""scheduled"", ""scheduled_at"": ""2026-05-18T21:39:56.103965+00:00""}",2026-05-18 22:32:01.373913+00
9ee6f285-4eb1-4cd1-b4ed-8a97c2c462ca,10e32fb0-98f0-4bea-9548-e905ca9bdf42,world,start,"{""status"": ""scheduled"", ""scheduled_at"": ""2026-05-18T22:30:00+00:00""}",2026-05-18 22:32:01.422805+00
dfb28816-4fbf-4aed-880e-3a5fa5e7c37d,81b49a06-d994-4f38-a581-c733937a85a7,world,start,"{""status"": ""scheduled"", ""scheduled_at"": ""2026-05-18T22:30:00+00:00""}",2026-05-18 22:32:01.465507+00
bce6e517-f44a-46d7-8549-d0fd304581f6,78f74291-8a84-4a3d-8c9a-eb81cff01cc7,world,start,"{""status"": ""scheduled"", ""scheduled_at"": ""2026-05-18T22:30:00+00:00""}",2026-05-18 22:32:01.50677+00
ae48e8e4-f2df-42d7-99af-4c7135630725,2fa45e09-832b-4288-9d24-085de7808d12,world,start,"{""status"": ""scheduled"", ""scheduled_at"": ""2026-05-18T22:30:00+00:00""}",2026-05-18 22:32:01.548597+00
290555b7-af0a-4064-bf2f-708b61b0eecf,7e4b60eb-7674-4d27-8fe3-b93c83a6b116,world,start,"{""status"": ""scheduled"", ""scheduled_at"": ""2026-05-18T22:30:00+00:00""}",2026-05-18 22:32:01.591464+00
f2830d45-b878-4020-9296-c456ed0c79ef,078e6657-4ac6-4d20-aa33-8edd162e0468,world,start,"{""status"": ""scheduled"", ""scheduled_at"": ""2026-05-18T22:30:00+00:00""}",2026-05-18 22:32:01.638985+00
c075b335-2e41-4d29-9258-5f1e08b08f4d,02a771bf-11ed-402e-b1c9-137ff7597dc1,world,start,"{""status"": ""scheduled"", ""scheduled_at"": ""2026-05-18T22:30:00+00:00""}",2026-05-18 22:32:01.681382+00
082f6fb2-5824-4c31-8300-57f15be521f6,4a492b08-8f27-4268-b53e-38c6498bb3bf,world,start,"{""status"": ""scheduled"", ""scheduled_at"": ""2026-05-18T22:30:00+00:00""}",2026-05-18 22:32:01.721633+00
450ed00e-7e48-4add-a2e3-e885bb6e4cee,467e5a42-e207-411c-8dec-d711468dea66,world,start,"{""status"": ""scheduled"", ""scheduled_at"": ""2026-05-18T22:30:00+00:00""}",2026-05-18 22:32:01.766+00
f1a54940-0b19-42fb-8ae5-3cafc957da25,b248e20e-70b0-4af6-9101-14eb886e2dc2,world,start,"{""status"": ""scheduled"", ""scheduled_at"": ""2026-05-18T22:30:00+00:00""}",2026-05-18 22:32:01.809625+00
07011b34-b90c-4d39-b367-7f4a2b3f45be,e24e517c-bcf9-4f3e-ac62-1b32a8f8f119,world,start,"{""status"": ""scheduled"", ""scheduled_at"": ""2026-05-18T22:30:00+00:00""}",2026-05-18 22:32:01.852094+00
30eb34a0-86ec-4897-aff9-f6a29a3c9544,5f24376f-934e-4be3-8aaa-415b95bb392b,world,start,"{""status"": ""scheduled"", ""scheduled_at"": ""2026-05-18T22:30:00+00:00""}",2026-05-18 22:32:01.894548+00
e00437ad-222a-4205-be3f-32b8c9b2e831,4d92e2ca-09bc-4132-9c0e-8b8b27d460cb,world,start,"{""status"": ""scheduled"", ""scheduled_at"": ""2026-05-18T22:30:00+00:00""}",2026-05-18 22:32:01.937369+00
d9f20a71-2f47-41cc-bea2-5448d379c4da,658bcd2e-6385-4149-ba5d-09770f285826,world,start,"{""status"": ""scheduled"", ""scheduled_at"": ""2026-05-18T22:30:00+00:00""}",2026-05-18 22:32:01.984071+00
594a03f1-b6e3-40ef-9e38-564f9e339065,2fc87363-2dff-469a-9d0a-90a5f2ba4106,world,start,"{""status"": ""scheduled"", ""scheduled_at"": ""2026-05-18T22:30:00+00:00""}",2026-05-18 22:32:02.039468+00
5bf65446-0a8c-42b5-822a-91bb7f601f68,90662ad3-fdb9-4d5c-9423-e9542ffa8c9d,world,start,"{""status"": ""scheduled"", ""scheduled_at"": ""2026-05-18T21:39:56.103965+00:00""}",2026-05-18 22:32:31.420688+00
1c159888-b7c0-40cb-bb4a-6fe67414525b,10e32fb0-98f0-4bea-9548-e905ca9bdf42,world,start,"{""status"": ""scheduled"", ""scheduled_at"": ""2026-05-18T22:30:00+00:00""}",2026-05-18 22:32:31.820525+00
89e333e6-b67b-4872-8ad2-b2d07a2133c2,4a492b08-8f27-4268-b53e-38c6498bb3bf,world,start,"{""status"": ""scheduled"", ""scheduled_at"": ""2026-05-18T22:30:00+00:00""}",2026-05-18 22:32:34.62127+00
ec0ea850-97ad-4074-be39-c6e526635561,b248e20e-70b0-4af6-9101-14eb886e2dc2,world,start,"{""status"": ""scheduled"", ""scheduled_at"": ""2026-05-18T22:30:00+00:00""}",2026-05-18 22:32:35.407515+00
8820cc73-3b1e-42f5-a394-87b743d99f5e,e24e517c-bcf9-4f3e-ac62-1b32a8f8f119,world,start,"{""status"": ""scheduled"", ""scheduled_at"": ""2026-05-18T22:30:00+00:00""}",2026-05-18 22:32:35.782132+00
7bfd6cf3-bfd7-4602-b4a7-ca14a018434d,10e32fb0-98f0-4bea-9548-e905ca9bdf42,world,start,"{""status"": ""scheduled"", ""scheduled_at"": ""2026-05-18T22:30:00+00:00""}",2026-05-18 22:33:01.105607+00
f6dbe3bf-cdb5-464e-a15f-534020577cc8,78f74291-8a84-4a3d-8c9a-eb81cff01cc7,world,start,"{""status"": ""scheduled"", ""scheduled_at"": ""2026-05-18T22:30:00+00:00""}",2026-05-18 22:33:01.189607+00
2cef3d66-a203-4f9a-9b11-042c41b08db4,7e4b60eb-7674-4d27-8fe3-b93c83a6b116,world,start,"{""status"": ""scheduled"", ""scheduled_at"": ""2026-05-18T22:30:00+00:00""}",2026-05-18 22:33:01.263405+00
c0d30226-c20b-4097-8608-5f2d20b389df,02a771bf-11ed-402e-b1c9-137ff7597dc1,world,start,"{""status"": ""scheduled"", ""scheduled_at"": ""2026-05-18T22:30:00+00:00""}",2026-05-18 22:33:01.335089+00
18f68bde-3d90-45b3-a6bb-749b3f586923,467e5a42-e207-411c-8dec-d711468dea66,world,start,"{""status"": ""scheduled"", ""scheduled_at"": ""2026-05-18T22:30:00+00:00""}",2026-05-18 22:33:01.405659+00
e491de52-3973-445b-a5be-fb06707d8b40,e24e517c-bcf9-4f3e-ac62-1b32a8f8f119,world,start,"{""status"": ""scheduled"", ""scheduled_at"": ""2026-05-18T22:30:00+00:00""}",2026-05-18 22:33:01.478266+00
80d9128e-dea2-4a4d-89f9-a8383a8f955f,4d92e2ca-09bc-4132-9c0e-8b8b27d460cb,world,start,"{""status"": ""scheduled"", ""scheduled_at"": ""2026-05-18T22:30:00+00:00""}",2026-05-18 22:33:01.548718+00
1f794b56-4d42-4741-a299-d81ad1322cc3,2fc87363-2dff-469a-9d0a-90a5f2ba4106,world,start,"{""status"": ""scheduled"", ""scheduled_at"": ""2026-05-18T22:30:00+00:00""}",2026-05-18 22:33:01.649865+00
0be978c9-4e81-476c-816e-47052c60ad9d,81b49a06-d994-4f38-a581-c733937a85a7,world,start,"{""status"": ""scheduled"", ""scheduled_at"": ""2026-05-18T22:30:00+00:00""}",2026-05-18 22:33:32.302272+00
31a84149-eab3-4882-9a9c-4644b6a08e13,78f74291-8a84-4a3d-8c9a-eb81cff01cc7,world,start,"{""status"": ""scheduled"", ""scheduled_at"": ""2026-05-18T22:30:00+00:00""}",2026-05-18 22:33:32.692028+00
df0d1762-95b7-4b85-a54f-534ffa2e02e1,2fa45e09-832b-4288-9d24-085de7808d12,world,start,"{""status"": ""scheduled"", ""scheduled_at"": ""2026-05-18T22:30:00+00:00""}",2026-05-18 22:33:33.082251+00
d316cb33-b352-4875-9a83-39a122e99cd5,7e4b60eb-7674-4d27-8fe3-b93c83a6b116,world,start,"{""status"": ""scheduled"", ""scheduled_at"": ""2026-05-18T22:30:00+00:00""}",2026-05-18 22:33:33.456989+00
e87ed322-69ab-48e1-9ad7-2747ff43d7a7,078e6657-4ac6-4d20-aa33-8edd162e0468,world,start,"{""status"": ""scheduled"", ""scheduled_at"": ""2026-05-18T22:30:00+00:00""}",2026-05-18 22:33:33.832462+00
90f9e2ef-0fcb-4c74-9b0b-a52c0af7dec2,02a771bf-11ed-402e-b1c9-137ff7597dc1,world,start,"{""status"": ""scheduled"", ""scheduled_at"": ""2026-05-18T22:30:00+00:00""}",2026-05-18 22:33:34.215378+00
9bf7d71d-0c60-4969-9f32-1c2234591cf5,467e5a42-e207-411c-8dec-d711468dea66,world,start,"{""status"": ""scheduled"", ""scheduled_at"": ""2026-05-18T22:30:00+00:00""}",2026-05-18 22:33:34.986334+00
77ffbe71-04c2-4188-8163-ed9742b92b8c,2fc87363-2dff-469a-9d0a-90a5f2ba4106,world,start,"{""status"": ""scheduled"", ""scheduled_at"": ""2026-05-18T22:30:00+00:00""}",2026-05-18 22:33:37.298907+00
175fa0a0-df2a-4a1a-9735-bdd21ca7309b,81b49a06-d994-4f38-a581-c733937a85a7,world,start,"{""status"": ""scheduled"", ""scheduled_at"": ""2026-05-18T22:30:00+00:00""}",2026-05-18 22:32:32.295019+00
6905b6dd-b0a1-40fa-9b81-e886bfa95079,078e6657-4ac6-4d20-aa33-8edd162e0468,world,start,"{""status"": ""scheduled"", ""scheduled_at"": ""2026-05-18T22:30:00+00:00""}",2026-05-18 22:32:33.873634+00
b5723dcc-e196-4508-91b2-d83b15d529d7,467e5a42-e207-411c-8dec-d711468dea66,world,start,"{""status"": ""scheduled"", ""scheduled_at"": ""2026-05-18T22:30:00+00:00""}",2026-05-18 22:32:35.025197+00
0a9b11fe-6a23-4569-a6b4-11531f2a1125,4d92e2ca-09bc-4132-9c0e-8b8b27d460cb,world,start,"{""status"": ""scheduled"", ""scheduled_at"": ""2026-05-18T22:30:00+00:00""}",2026-05-18 22:32:36.572592+00
549dc72d-143e-46bf-a52b-f242351eb078,90662ad3-fdb9-4d5c-9423-e9542ffa8c9d,world,start,"{""status"": ""scheduled"", ""scheduled_at"": ""2026-05-18T21:39:56.103965+00:00""}",2026-05-18 22:33:01.041155+00
97bf7a54-22c7-4bdc-b0c2-46fbb7d35199,4d92e2ca-09bc-4132-9c0e-8b8b27d460cb,world,start,"{""status"": ""scheduled"", ""scheduled_at"": ""2026-05-18T22:30:00+00:00""}",2026-05-18 22:33:36.5272+00
e18fa4fc-37a6-442a-a4c0-02791a8ab397,78f74291-8a84-4a3d-8c9a-eb81cff01cc7,world,start,"{""status"": ""scheduled"", ""scheduled_at"": ""2026-05-18T22:30:00+00:00""}",2026-05-18 22:32:32.673288+00
cf1c4fa4-2094-446b-9a08-06486a7424f1,2fa45e09-832b-4288-9d24-085de7808d12,world,start,"{""status"": ""scheduled"", ""scheduled_at"": ""2026-05-18T22:30:00+00:00""}",2026-05-18 22:32:33.069537+00
7146deff-3d00-4aae-8c2c-45544e14701c,7e4b60eb-7674-4d27-8fe3-b93c83a6b116,world,start,"{""status"": ""scheduled"", ""scheduled_at"": ""2026-05-18T22:30:00+00:00""}",2026-05-18 22:32:33.455658+00
dbdc507d-6887-48a9-81f2-fdbfb82cdf3a,02a771bf-11ed-402e-b1c9-137ff7597dc1,world,start,"{""status"": ""scheduled"", ""scheduled_at"": ""2026-05-18T22:30:00+00:00""}",2026-05-18 22:32:34.245949+00
553c6adc-0ad7-4f66-9246-612de1a399f9,5f24376f-934e-4be3-8aaa-415b95bb392b,world,start,"{""status"": ""scheduled"", ""scheduled_at"": ""2026-05-18T22:30:00+00:00""}",2026-05-18 22:32:36.175054+00
42f93d84-2e43-43e6-88eb-94bd4a974737,658bcd2e-6385-4149-ba5d-09770f285826,world,start,"{""status"": ""scheduled"", ""scheduled_at"": ""2026-05-18T22:30:00+00:00""}",2026-05-18 22:32:36.947613+00
b1353568-ba7a-4362-8053-58dc33c0b425,81b49a06-d994-4f38-a581-c733937a85a7,world,start,"{""status"": ""scheduled"", ""scheduled_at"": ""2026-05-18T22:30:00+00:00""}",2026-05-18 22:33:01.146454+00
e453b86f-2d01-43d6-93ce-88fd39eeae52,2fa45e09-832b-4288-9d24-085de7808d12,world,start,"{""status"": ""scheduled"", ""scheduled_at"": ""2026-05-18T22:30:00+00:00""}",2026-05-18 22:33:01.226208+00
042e86e2-1ac7-48eb-a640-edcd4891d0d2,078e6657-4ac6-4d20-aa33-8edd162e0468,world,start,"{""status"": ""scheduled"", ""scheduled_at"": ""2026-05-18T22:30:00+00:00""}",2026-05-18 22:33:01.298355+00
9bd79da3-7d6d-48fc-8834-05c09450678c,4a492b08-8f27-4268-b53e-38c6498bb3bf,world,start,"{""status"": ""scheduled"", ""scheduled_at"": ""2026-05-18T22:30:00+00:00""}",2026-05-18 22:33:01.368331+00
08829413-b862-4cba-8626-b2ee3fb815ef,b248e20e-70b0-4af6-9101-14eb886e2dc2,world,start,"{""status"": ""scheduled"", ""scheduled_at"": ""2026-05-18T22:30:00+00:00""}",2026-05-18 22:33:01.439923+00
21f8b701-342e-4ed6-bbfd-d7dee3f568ca,5f24376f-934e-4be3-8aaa-415b95bb392b,world,start,"{""status"": ""scheduled"", ""scheduled_at"": ""2026-05-18T22:30:00+00:00""}",2026-05-18 22:33:01.514337+00
84f0bf9f-fd10-48ac-85a7-6d2bae5db04f,658bcd2e-6385-4149-ba5d-09770f285826,world,start,"{""status"": ""scheduled"", ""scheduled_at"": ""2026-05-18T22:30:00+00:00""}",2026-05-18 22:33:01.585922+00
1311e634-fe3e-4ea3-a08a-443249442207,10e32fb0-98f0-4bea-9548-e905ca9bdf42,world,start,"{""status"": ""scheduled"", ""scheduled_at"": ""2026-05-18T22:30:00+00:00""}",2026-05-18 22:33:31.908501+00
d24aa821-0289-42be-97b3-3ad336c3f544,4a492b08-8f27-4268-b53e-38c6498bb3bf,world,start,"{""status"": ""scheduled"", ""scheduled_at"": ""2026-05-18T22:30:00+00:00""}",2026-05-18 22:33:34.605737+00
c3606c33-8bdc-401b-a497-175460212089,b248e20e-70b0-4af6-9101-14eb886e2dc2,world,start,"{""status"": ""scheduled"", ""scheduled_at"": ""2026-05-18T22:30:00+00:00""}",2026-05-18 22:33:35.367205+00
47a7b6cc-3011-4b20-8d93-734b6607a0b9,e24e517c-bcf9-4f3e-ac62-1b32a8f8f119,world,start,"{""status"": ""scheduled"", ""scheduled_at"": ""2026-05-18T22:30:00+00:00""}",2026-05-18 22:33:35.772334+00
fdc2d5ca-9151-4aba-8565-53d4059e8f0f,5f24376f-934e-4be3-8aaa-415b95bb392b,world,start,"{""status"": ""scheduled"", ""scheduled_at"": ""2026-05-18T22:30:00+00:00""}",2026-05-18 22:33:36.146588+00
afca9383-c985-4178-8f7f-c36957ec1936,658bcd2e-6385-4149-ba5d-09770f285826,world,start,"{""status"": ""scheduled"", ""scheduled_at"": ""2026-05-18T22:30:00+00:00""}",2026-05-18 22:33:36.896509+00
77cd58db-6c00-433a-ace7-2d97163fdfd2,2fc87363-2dff-469a-9d0a-90a5f2ba4106,world,start,"{""status"": ""scheduled"", ""scheduled_at"": ""2026-05-18T22:30:00+00:00""}",2026-05-18 22:32:37.347757+00
48c792a4-7867-4d17-9b01-3355fdf7a1ba,90662ad3-fdb9-4d5c-9423-e9542ffa8c9d,world,start,"{""status"": ""scheduled"", ""scheduled_at"": ""2026-05-18T21:39:56.103965+00:00""}",2026-05-18 22:33:31.504022+00
7d48a0d5-a098-4cb3-a891-c891f0aa318a,90662ad3-fdb9-4d5c-9423-e9542ffa8c9d,world,start,"{""status"": ""scheduled"", ""scheduled_at"": ""2026-05-18T21:39:56.103965+00:00""}",2026-05-18 22:34:00.852179+00
c4180cfd-c110-48d0-b6a5-d773a54a97da,10e32fb0-98f0-4bea-9548-e905ca9bdf42,world,start,"{""status"": ""scheduled"", ""scheduled_at"": ""2026-05-18T22:30:00+00:00""}",2026-05-18 22:34:00.895809+00
06754190-cb6d-46a2-9224-1f66c973543f,81b49a06-d994-4f38-a581-c733937a85a7,world,start,"{""status"": ""scheduled"", ""scheduled_at"": ""2026-05-18T22:30:00+00:00""}",2026-05-18 22:34:00.937791+00
ae8fa1e3-4330-49f8-a47f-0276fcdef2a5,78f74291-8a84-4a3d-8c9a-eb81cff01cc7,world,start,"{""status"": ""scheduled"", ""scheduled_at"": ""2026-05-18T22:30:00+00:00""}",2026-05-18 22:34:00.972841+00
f38178c2-a71e-4877-84cf-0bbf094d51bc,2fa45e09-832b-4288-9d24-085de7808d12,world,start,"{""status"": ""scheduled"", ""scheduled_at"": ""2026-05-18T22:30:00+00:00""}",2026-05-18 22:34:01.022786+00
6314fdd8-cfd5-4d66-9164-357ef0a98cc6,7e4b60eb-7674-4d27-8fe3-b93c83a6b116,world,start,"{""status"": ""scheduled"", ""scheduled_at"": ""2026-05-18T22:30:00+00:00""}",2026-05-18 22:34:01.068274+00
64e77bb5-2dd3-43e7-a235-b417b0cac2cb,078e6657-4ac6-4d20-aa33-8edd162e0468,world,start,"{""status"": ""scheduled"", ""scheduled_at"": ""2026-05-18T22:30:00+00:00""}",2026-05-18 22:34:01.167822+00
4ce3cd06-c614-4fd4-a7de-7abcec3dcb75,02a771bf-11ed-402e-b1c9-137ff7597dc1,world,start,"{""status"": ""scheduled"", ""scheduled_at"": ""2026-05-18T22:30:00+00:00""}",2026-05-18 22:34:01.21473+00
af292404-a539-4bed-9551-d183e4dbfe4c,4a492b08-8f27-4268-b53e-38c6498bb3bf,world,start,"{""status"": ""scheduled"", ""scheduled_at"": ""2026-05-18T22:30:00+00:00""}",2026-05-18 22:34:01.251753+00
cfd336b0-9071-489d-bfa8-2791364bba97,467e5a42-e207-411c-8dec-d711468dea66,world,start,"{""status"": ""scheduled"", ""scheduled_at"": ""2026-05-18T22:30:00+00:00""}",2026-05-18 22:34:01.291101+00
168aaeca-aa40-42ac-b13e-c3dc59100600,90662ad3-fdb9-4d5c-9423-e9542ffa8c9d,world,start,"{""status"": ""scheduled"", ""scheduled_at"": ""2026-05-18T21:39:56.103965+00:00""}",2026-05-18 22:34:01.323077+00
f1000177-8c6d-4f8a-9d19-46b3b919f934,b248e20e-70b0-4af6-9101-14eb886e2dc2,world,start,"{""status"": ""scheduled"", ""scheduled_at"": ""2026-05-18T22:30:00+00:00""}",2026-05-18 22:34:01.325845+00
3c9f10f5-64df-4eb9-8a79-9af194ff3809,e24e517c-bcf9-4f3e-ac62-1b32a8f8f119,world,start,"{""status"": ""scheduled"", ""scheduled_at"": ""2026-05-18T22:30:00+00:00""}",2026-05-18 22:34:01.362012+00
e57707d3-1c8d-4fd2-86bf-6b7b82df73d8,5f24376f-934e-4be3-8aaa-415b95bb392b,world,start,"{""status"": ""scheduled"", ""scheduled_at"": ""2026-05-18T22:30:00+00:00""}",2026-05-18 22:34:01.406167+00
a10b72bc-476f-41cf-acd1-8ba3d5d07077,4d92e2ca-09bc-4132-9c0e-8b8b27d460cb,world,start,"{""status"": ""scheduled"", ""scheduled_at"": ""2026-05-18T22:30:00+00:00""}",2026-05-18 22:34:01.452356+00
fbdb4724-d488-48d6-8af0-af9305def7af,658bcd2e-6385-4149-ba5d-09770f285826,world,start,"{""status"": ""scheduled"", ""scheduled_at"": ""2026-05-18T22:30:00+00:00""}",2026-05-18 22:34:01.487748+00
cb9df1b5-7f46-407a-bccf-027324a653c9,2fc87363-2dff-469a-9d0a-90a5f2ba4106,world,start,"{""status"": ""scheduled"", ""scheduled_at"": ""2026-05-18T22:30:00+00:00""}",2026-05-18 22:34:01.537619+00
a4ac99c6-8be4-4175-b3e8-a2185017cf40,10e32fb0-98f0-4bea-9548-e905ca9bdf42,world,start,"{""status"": ""scheduled"", ""scheduled_at"": ""2026-05-18T22:30:00+00:00""}",2026-05-18 22:34:01.71613+00
1aaeeed4-b5a2-4ad3-87cf-1a7b9a6d7488,81b49a06-d994-4f38-a581-c733937a85a7,world,start,"{""status"": ""scheduled"", ""scheduled_at"": ""2026-05-18T22:30:00+00:00""}",2026-05-18 22:34:02.909064+00
acb83192-bd11-4f17-9d60-7de3978c33dc,78f74291-8a84-4a3d-8c9a-eb81cff01cc7,world,start,"{""status"": ""scheduled"", ""scheduled_at"": ""2026-05-18T22:30:00+00:00""}",2026-05-18 22:34:03.317478+00
39ba2dbb-6ba2-4e51-9a87-6c1f79adf684,2fa45e09-832b-4288-9d24-085de7808d12,world,start,"{""status"": ""scheduled"", ""scheduled_at"": ""2026-05-18T22:30:00+00:00""}",2026-05-18 22:34:03.701578+00
96591a58-1142-47c2-a249-86b4e4a56cc6,7e4b60eb-7674-4d27-8fe3-b93c83a6b116,world,start,"{""status"": ""scheduled"", ""scheduled_at"": ""2026-05-18T22:30:00+00:00""}",2026-05-18 22:34:04.083771+00
a7c8a3f0-4b83-475e-8e28-a95125e08a1b,078e6657-4ac6-4d20-aa33-8edd162e0468,world,start,"{""status"": ""scheduled"", ""scheduled_at"": ""2026-05-18T22:30:00+00:00""}",2026-05-18 22:34:04.478409+00
c9f304ab-a23d-4689-95ac-a2c47890a687,02a771bf-11ed-402e-b1c9-137ff7597dc1,world,start,"{""status"": ""scheduled"", ""scheduled_at"": ""2026-05-18T22:30:00+00:00""}",2026-05-18 22:34:04.863614+00
0228123f-24c2-4d43-ae38-730414a0ebb4,4a492b08-8f27-4268-b53e-38c6498bb3bf,world,start,"{""status"": ""scheduled"", ""scheduled_at"": ""2026-05-18T22:30:00+00:00""}",2026-05-18 22:34:05.242523+00
e1620f3b-ef1a-45c8-addf-992ebff477d2,467e5a42-e207-411c-8dec-d711468dea66,world,start,"{""status"": ""scheduled"", ""scheduled_at"": ""2026-05-18T22:30:00+00:00""}",2026-05-18 22:34:05.617454+00
31a33d6c-89ec-45db-9837-ec392b501c09,b248e20e-70b0-4af6-9101-14eb886e2dc2,world,start,"{""status"": ""scheduled"", ""scheduled_at"": ""2026-05-18T22:30:00+00:00""}",2026-05-18 22:34:06.016349+00
b260318b-010f-4ea1-b364-03c40c85852f,e24e517c-bcf9-4f3e-ac62-1b32a8f8f119,world,start,"{""status"": ""scheduled"", ""scheduled_at"": ""2026-05-18T22:30:00+00:00""}",2026-05-18 22:34:06.415815+00
1e5abfe3-b7e7-4fd4-b162-0c08e390c545,5f24376f-934e-4be3-8aaa-415b95bb392b,world,start,"{""status"": ""scheduled"", ""scheduled_at"": ""2026-05-18T22:30:00+00:00""}",2026-05-18 22:34:06.813899+00
2c866501-96d3-4cf7-bbb6-19f7b74b0747,4d92e2ca-09bc-4132-9c0e-8b8b27d460cb,world,start,"{""status"": ""scheduled"", ""scheduled_at"": ""2026-05-18T22:30:00+00:00""}",2026-05-18 22:34:07.20073+00
59260de9-056b-4a2d-b444-1f18a1b83fea,658bcd2e-6385-4149-ba5d-09770f285826,world,start,"{""status"": ""scheduled"", ""scheduled_at"": ""2026-05-18T22:30:00+00:00""}",2026-05-18 22:34:07.592871+00
fb41a431-55f8-4715-809b-ef60fda612ca,2fc87363-2dff-469a-9d0a-90a5f2ba4106,world,start,"{""status"": ""scheduled"", ""scheduled_at"": ""2026-05-18T22:30:00+00:00""}",2026-05-18 22:34:07.976791+00
86c0d778-4a10-4741-9000-c5b93708e9d9,90662ad3-fdb9-4d5c-9423-e9542ffa8c9d,world,start,"{""status"": ""scheduled"", ""scheduled_at"": ""2026-05-18T21:39:56.103965+00:00""}",2026-05-18 22:34:31.522715+00
9c925daf-3dac-463c-a49d-757dd2500117,10e32fb0-98f0-4bea-9548-e905ca9bdf42,world,start,"{""status"": ""scheduled"", ""scheduled_at"": ""2026-05-18T22:30:00+00:00""}",2026-05-18 22:34:31.933794+00
16d187b8-fa47-466e-8433-a0e6d88ee25d,81b49a06-d994-4f38-a581-c733937a85a7,world,start,"{""status"": ""scheduled"", ""scheduled_at"": ""2026-05-18T22:30:00+00:00""}",2026-05-18 22:34:32.362613+00
451ec971-250d-48a2-ab23-4e2b00c5f948,78f74291-8a84-4a3d-8c9a-eb81cff01cc7,world,start,"{""status"": ""scheduled"", ""scheduled_at"": ""2026-05-18T22:30:00+00:00""}",2026-05-18 22:34:32.783713+00
ab7d3be5-41aa-468d-b095-3eb2b0ea3c79,2fa45e09-832b-4288-9d24-085de7808d12,world,start,"{""status"": ""scheduled"", ""scheduled_at"": ""2026-05-18T22:30:00+00:00""}",2026-05-18 22:34:33.178526+00
4f789131-1572-46f9-abb4-1bc24a36b2c8,7e4b60eb-7674-4d27-8fe3-b93c83a6b116,world,start,"{""status"": ""scheduled"", ""scheduled_at"": ""2026-05-18T22:30:00+00:00""}",2026-05-18 22:34:33.612218+00
30ec518b-d49b-48aa-9a75-d34a783ad6d5,078e6657-4ac6-4d20-aa33-8edd162e0468,world,start,"{""status"": ""scheduled"", ""scheduled_at"": ""2026-05-18T22:30:00+00:00""}",2026-05-18 22:34:34.014895+00
187e3e2b-2b47-42fd-b0d0-10c87cccf705,02a771bf-11ed-402e-b1c9-137ff7597dc1,world,start,"{""status"": ""scheduled"", ""scheduled_at"": ""2026-05-18T22:30:00+00:00""}",2026-05-18 22:34:34.4217+00
82b75cff-b320-41c6-be2c-721f7ae4d8c4,4a492b08-8f27-4268-b53e-38c6498bb3bf,world,start,"{""status"": ""scheduled"", ""scheduled_at"": ""2026-05-18T22:30:00+00:00""}",2026-05-18 22:34:34.822267+00
89bccf43-5d87-4616-ac11-2babfdde795c,467e5a42-e207-411c-8dec-d711468dea66,world,start,"{""status"": ""scheduled"", ""scheduled_at"": ""2026-05-18T22:30:00+00:00""}",2026-05-18 22:34:35.237151+00
57edaaa0-eb71-4f4e-99c9-6cf9fc17bfca,b248e20e-70b0-4af6-9101-14eb886e2dc2,world,start,"{""status"": ""scheduled"", ""scheduled_at"": ""2026-05-18T22:30:00+00:00""}",2026-05-18 22:34:35.63143+00
3491ec88-8922-4845-a622-81a123a6f8b4,e24e517c-bcf9-4f3e-ac62-1b32a8f8f119,world,start,"{""status"": ""scheduled"", ""scheduled_at"": ""2026-05-18T22:30:00+00:00""}",2026-05-18 22:34:36.039099+00
6a664bd0-e97f-4348-88d8-4c0a249679ad,5f24376f-934e-4be3-8aaa-415b95bb392b,world,start,"{""status"": ""scheduled"", ""scheduled_at"": ""2026-05-18T22:30:00+00:00""}",2026-05-18 22:34:36.444517+00
0c68cb2f-a4aa-4395-9cc1-df43f18c4855,4d92e2ca-09bc-4132-9c0e-8b8b27d460cb,world,start,"{""status"": ""scheduled"", ""scheduled_at"": ""2026-05-18T22:30:00+00:00""}",2026-05-18 22:34:36.836473+00
90851287-d8ed-40be-9671-e086914b8811,658bcd2e-6385-4149-ba5d-09770f285826,world,start,"{""status"": ""scheduled"", ""scheduled_at"": ""2026-05-18T22:30:00+00:00""}",2026-05-18 22:34:37.229056+00
1f0d6803-77b8-44f0-a582-4bec3b3630aa,2fc87363-2dff-469a-9d0a-90a5f2ba4106,world,start,"{""status"": ""scheduled"", ""scheduled_at"": ""2026-05-18T22:30:00+00:00""}",2026-05-18 22:34:37.635841+00
5ba66499-6026-44df-b04a-0be7c6e5d70f,90662ad3-fdb9-4d5c-9423-e9542ffa8c9d,world,start,"{""status"": ""scheduled"", ""scheduled_at"": ""2026-05-18T21:39:56.103965+00:00""}",2026-05-18 22:34:48.390066+00
920216d5-3059-457d-8953-c5ea2f0c0a45,10e32fb0-98f0-4bea-9548-e905ca9bdf42,world,start,"{""status"": ""scheduled"", ""scheduled_at"": ""2026-05-18T22:30:00+00:00""}",2026-05-18 22:34:48.773513+00
8527c87c-77d7-4eb8-a133-7386c4543f8a,81b49a06-d994-4f38-a581-c733937a85a7,world,start,"{""status"": ""scheduled"", ""scheduled_at"": ""2026-05-18T22:30:00+00:00""}",2026-05-18 22:34:49.166271+00
a8d73fcb-05d6-468d-a5c5-0e9ec4c2c33d,2fc87363-2dff-469a-9d0a-90a5f2ba4106,world,start,"{""status"": ""scheduled"", ""scheduled_at"": ""2026-05-18T22:30:00+00:00""}",2026-05-18 22:34:54.101554+00
2ed4a07a-37a4-4534-b609-a341e49328b6,7e4b60eb-7674-4d27-8fe3-b93c83a6b116,world,start,"{""status"": ""scheduled"", ""scheduled_at"": ""2026-05-18T22:30:00+00:00""}",2026-05-18 22:35:02.028622+00
ad081317-c7f5-4cdc-9199-70ed0b9f4de5,658bcd2e-6385-4149-ba5d-09770f285826,world,start,"{""status"": ""scheduled"", ""scheduled_at"": ""2026-05-18T22:30:00+00:00""}",2026-05-18 22:35:02.584359+00
784e058f-0448-4897-82a7-250170112228,78f74291-8a84-4a3d-8c9a-eb81cff01cc7,world,start,"{""status"": ""scheduled"", ""scheduled_at"": ""2026-05-18T22:30:00+00:00""}",2026-05-18 22:35:08.663226+00
9d0f52de-3c3e-4554-983d-ce415a0eb7dc,78f74291-8a84-4a3d-8c9a-eb81cff01cc7,world,start,"{""status"": ""scheduled"", ""scheduled_at"": ""2026-05-18T22:30:00+00:00""}",2026-05-18 22:35:38.319717+00
c4190d00-943e-41dd-8b8e-8483eb92a4c1,078e6657-4ac6-4d20-aa33-8edd162e0468,world,start,"{""status"": ""scheduled"", ""scheduled_at"": ""2026-05-18T22:30:00+00:00""}",2026-05-18 22:35:39.437124+00
5cc1370b-f122-4a1e-90dc-93db662108c0,78f74291-8a84-4a3d-8c9a-eb81cff01cc7,world,start,"{""status"": ""scheduled"", ""scheduled_at"": ""2026-05-18T22:30:00+00:00""}",2026-05-18 22:34:49.541732+00
00d1926b-7398-446f-b0c8-7b2356c7356d,81b49a06-d994-4f38-a581-c733937a85a7,world,start,"{""status"": ""scheduled"", ""scheduled_at"": ""2026-05-18T22:30:00+00:00""}",2026-05-18 22:35:01.852725+00
eae29e9a-a6c0-4d26-8dbb-4198845ba4ec,2fc87363-2dff-469a-9d0a-90a5f2ba4106,world,start,"{""status"": ""scheduled"", ""scheduled_at"": ""2026-05-18T22:30:00+00:00""}",2026-05-18 22:35:02.64767+00
e0ff58cf-9492-4611-af4f-c7d4cbd80bf8,b248e20e-70b0-4af6-9101-14eb886e2dc2,world,start,"{""status"": ""scheduled"", ""scheduled_at"": ""2026-05-18T22:30:00+00:00""}",2026-05-18 22:35:11.476302+00
aaa152a2-5eb2-479b-a2c6-c35f3d8ac967,467e5a42-e207-411c-8dec-d711468dea66,world,start,"{""status"": ""scheduled"", ""scheduled_at"": ""2026-05-18T22:30:00+00:00""}",2026-05-18 22:35:40.568062+00
7c028994-e7d6-4604-b34b-ec0829b31d22,e24e517c-bcf9-4f3e-ac62-1b32a8f8f119,world,start,"{""status"": ""scheduled"", ""scheduled_at"": ""2026-05-18T22:30:00+00:00""}",2026-05-18 22:35:42.173792+00
117961f3-8796-44a6-919c-42d87e89322b,2fa45e09-832b-4288-9d24-085de7808d12,world,start,"{""status"": ""scheduled"", ""scheduled_at"": ""2026-05-18T22:30:00+00:00""}",2026-05-18 22:34:49.953719+00
565af9fa-e8dd-4b25-aabd-e2b96c356cde,78f74291-8a84-4a3d-8c9a-eb81cff01cc7,world,start,"{""status"": ""scheduled"", ""scheduled_at"": ""2026-05-18T22:30:00+00:00""}",2026-05-18 22:35:01.916821+00
e2bd5725-8272-4f10-a0bb-4b0ca2dd18df,4a492b08-8f27-4268-b53e-38c6498bb3bf,world,start,"{""status"": ""scheduled"", ""scheduled_at"": ""2026-05-18T22:30:00+00:00""}",2026-05-18 22:35:02.20967+00
4503d533-5170-421e-a3c2-5054e7a95e8b,5f24376f-934e-4be3-8aaa-415b95bb392b,world,start,"{""status"": ""scheduled"", ""scheduled_at"": ""2026-05-18T22:30:00+00:00""}",2026-05-18 22:35:02.469553+00
bd9c5874-f0e9-436d-b834-8529a9204ab1,2fa45e09-832b-4288-9d24-085de7808d12,world,start,"{""status"": ""scheduled"", ""scheduled_at"": ""2026-05-18T22:30:00+00:00""}",2026-05-18 22:35:09.071077+00
af047a01-807f-415b-9d78-308bd2ace96e,5f24376f-934e-4be3-8aaa-415b95bb392b,world,start,"{""status"": ""scheduled"", ""scheduled_at"": ""2026-05-18T22:30:00+00:00""}",2026-05-18 22:35:12.262606+00
72da726b-ebd7-452b-bf4c-256b93e06f94,4a492b08-8f27-4268-b53e-38c6498bb3bf,world,start,"{""status"": ""scheduled"", ""scheduled_at"": ""2026-05-18T22:30:00+00:00""}",2026-05-18 22:35:40.191881+00
2f631b21-f109-4da3-a2ae-34131dbcff09,7e4b60eb-7674-4d27-8fe3-b93c83a6b116,world,start,"{""status"": ""scheduled"", ""scheduled_at"": ""2026-05-18T22:30:00+00:00""}",2026-05-18 22:34:50.327753+00
53c85b2f-756f-4ad3-84c4-b4110c7d1bcf,467e5a42-e207-411c-8dec-d711468dea66,world,start,"{""status"": ""scheduled"", ""scheduled_at"": ""2026-05-18T22:30:00+00:00""}",2026-05-18 22:34:51.845994+00
2ca8bf2c-5b6b-406c-8e31-9553f6265ddc,e24e517c-bcf9-4f3e-ac62-1b32a8f8f119,world,start,"{""status"": ""scheduled"", ""scheduled_at"": ""2026-05-18T22:30:00+00:00""}",2026-05-18 22:34:52.59886+00
31b5b65b-0469-44fe-817f-a9cb51851d3f,10e32fb0-98f0-4bea-9548-e905ca9bdf42,world,start,"{""status"": ""scheduled"", ""scheduled_at"": ""2026-05-18T22:30:00+00:00""}",2026-05-18 22:35:01.792918+00
579dfa42-6d5c-4d8c-80ac-db56dbe1d1e6,078e6657-4ac6-4d20-aa33-8edd162e0468,world,start,"{""status"": ""scheduled"", ""scheduled_at"": ""2026-05-18T22:30:00+00:00""}",2026-05-18 22:34:50.708717+00
0bf3cdae-212f-41b5-9ce6-757af2597b0c,5f24376f-934e-4be3-8aaa-415b95bb392b,world,start,"{""status"": ""scheduled"", ""scheduled_at"": ""2026-05-18T22:30:00+00:00""}",2026-05-18 22:34:52.978385+00
055cb96b-51a5-4e44-90ab-2d4a77e5da2e,02a771bf-11ed-402e-b1c9-137ff7597dc1,world,start,"{""status"": ""scheduled"", ""scheduled_at"": ""2026-05-18T22:30:00+00:00""}",2026-05-18 22:35:02.140294+00
55c8ecfb-4f02-46a6-91f2-9f628e6f1ad2,e24e517c-bcf9-4f3e-ac62-1b32a8f8f119,world,start,"{""status"": ""scheduled"", ""scheduled_at"": ""2026-05-18T22:30:00+00:00""}",2026-05-18 22:35:02.411213+00
c854aff6-0a53-4e10-bbb3-d042c10afcce,7e4b60eb-7674-4d27-8fe3-b93c83a6b116,world,start,"{""status"": ""scheduled"", ""scheduled_at"": ""2026-05-18T22:30:00+00:00""}",2026-05-18 22:35:09.480365+00
56d63dfa-57f2-48f1-b0ac-83f34b8e12f9,467e5a42-e207-411c-8dec-d711468dea66,world,start,"{""status"": ""scheduled"", ""scheduled_at"": ""2026-05-18T22:30:00+00:00""}",2026-05-18 22:35:11.075114+00
f5bbd53e-f11e-4f34-9d84-c594812ff8d4,2fc87363-2dff-469a-9d0a-90a5f2ba4106,world,start,"{""status"": ""scheduled"", ""scheduled_at"": ""2026-05-18T22:30:00+00:00""}",2026-05-18 22:35:13.460098+00
887e9ccc-7290-4c42-aced-a8b3e5c124f5,10e32fb0-98f0-4bea-9548-e905ca9bdf42,world,start,"{""status"": ""scheduled"", ""scheduled_at"": ""2026-05-18T22:30:00+00:00""}",2026-05-18 22:35:37.572095+00
b9133e56-d0bc-4ff3-bd6b-d16726494f4a,5f24376f-934e-4be3-8aaa-415b95bb392b,world,start,"{""status"": ""scheduled"", ""scheduled_at"": ""2026-05-18T22:30:00+00:00""}",2026-05-18 22:35:42.592228+00
8b6e2a46-879a-41c8-a8c6-ad6e02424fde,658bcd2e-6385-4149-ba5d-09770f285826,world,start,"{""status"": ""scheduled"", ""scheduled_at"": ""2026-05-18T22:30:00+00:00""}",2026-05-18 22:35:43.337564+00
5cc30966-796b-4f04-a00c-9f9dd0f6aed8,02a771bf-11ed-402e-b1c9-137ff7597dc1,world,start,"{""status"": ""scheduled"", ""scheduled_at"": ""2026-05-18T22:30:00+00:00""}",2026-05-18 22:34:51.083398+00
d8061dad-b31c-4e2d-948b-ac50a163a601,4d92e2ca-09bc-4132-9c0e-8b8b27d460cb,world,start,"{""status"": ""scheduled"", ""scheduled_at"": ""2026-05-18T22:30:00+00:00""}",2026-05-18 22:34:53.352751+00
1ed5f401-5ebf-4e4d-b532-c98f17b1916a,2fa45e09-832b-4288-9d24-085de7808d12,world,start,"{""status"": ""scheduled"", ""scheduled_at"": ""2026-05-18T22:30:00+00:00""}",2026-05-18 22:35:01.972593+00
99b0a357-1224-4d39-9002-2027dec52ba9,467e5a42-e207-411c-8dec-d711468dea66,world,start,"{""status"": ""scheduled"", ""scheduled_at"": ""2026-05-18T22:30:00+00:00""}",2026-05-18 22:35:02.269893+00
aa0914b6-1f41-48f2-b3c5-7635aa6c5bb1,4d92e2ca-09bc-4132-9c0e-8b8b27d460cb,world,start,"{""status"": ""scheduled"", ""scheduled_at"": ""2026-05-18T22:30:00+00:00""}",2026-05-18 22:35:02.525672+00
92613ee7-5d7f-4ed1-aace-6a31a84ebedd,10e32fb0-98f0-4bea-9548-e905ca9bdf42,world,start,"{""status"": ""scheduled"", ""scheduled_at"": ""2026-05-18T22:30:00+00:00""}",2026-05-18 22:35:07.793844+00
568a2c11-9d94-4614-a304-2d2f1863237b,078e6657-4ac6-4d20-aa33-8edd162e0468,world,start,"{""status"": ""scheduled"", ""scheduled_at"": ""2026-05-18T22:30:00+00:00""}",2026-05-18 22:35:09.893187+00
99920da0-26b8-451c-9104-9c5e1f552748,4a492b08-8f27-4268-b53e-38c6498bb3bf,world,start,"{""status"": ""scheduled"", ""scheduled_at"": ""2026-05-18T22:30:00+00:00""}",2026-05-18 22:35:10.682995+00
2f3a992c-3e38-4dc9-88a4-9e0af0710d6c,b248e20e-70b0-4af6-9101-14eb886e2dc2,world,start,"{""status"": ""scheduled"", ""scheduled_at"": ""2026-05-18T22:30:00+00:00""}",2026-05-18 22:35:40.941211+00
4c64a132-b58f-4adf-a1ec-002148a18cc2,4d92e2ca-09bc-4132-9c0e-8b8b27d460cb,world,start,"{""status"": ""scheduled"", ""scheduled_at"": ""2026-05-18T22:30:00+00:00""}",2026-05-18 22:35:42.962321+00
a1466562-5a7d-4e1a-96a5-a6cc9560fd7c,4a492b08-8f27-4268-b53e-38c6498bb3bf,world,start,"{""status"": ""scheduled"", ""scheduled_at"": ""2026-05-18T22:30:00+00:00""}",2026-05-18 22:34:51.471103+00
8a5b20e4-3ee1-4168-81ce-d9edd2722bd1,658bcd2e-6385-4149-ba5d-09770f285826,world,start,"{""status"": ""scheduled"", ""scheduled_at"": ""2026-05-18T22:30:00+00:00""}",2026-05-18 22:34:53.729217+00
2e942c73-de87-47ed-89a1-7e7de51fcbff,e24e517c-bcf9-4f3e-ac62-1b32a8f8f119,world,start,"{""status"": ""scheduled"", ""scheduled_at"": ""2026-05-18T22:30:00+00:00""}",2026-05-18 22:35:11.861136+00
6779bde6-fa39-48d6-845f-75566997f054,7e4b60eb-7674-4d27-8fe3-b93c83a6b116,world,start,"{""status"": ""scheduled"", ""scheduled_at"": ""2026-05-18T22:30:00+00:00""}",2026-05-18 22:35:39.061126+00
0f5224c4-4bf1-4249-82ac-d1f3249074bb,b248e20e-70b0-4af6-9101-14eb886e2dc2,world,start,"{""status"": ""scheduled"", ""scheduled_at"": ""2026-05-18T22:30:00+00:00""}",2026-05-18 22:34:52.221118+00
9df094fe-2e6c-4a12-8ae8-efcf4a48bd46,90662ad3-fdb9-4d5c-9423-e9542ffa8c9d,world,start,"{""status"": ""scheduled"", ""scheduled_at"": ""2026-05-18T21:39:56.103965+00:00""}",2026-05-18 22:35:37.194544+00
2db9460a-7052-4fc9-a80f-b2f5622c067c,81b49a06-d994-4f38-a581-c733937a85a7,world,start,"{""status"": ""scheduled"", ""scheduled_at"": ""2026-05-18T22:30:00+00:00""}",2026-05-18 22:35:37.943214+00
72591e27-2813-49d9-b8a5-ba531a25d64c,2fa45e09-832b-4288-9d24-085de7808d12,world,start,"{""status"": ""scheduled"", ""scheduled_at"": ""2026-05-18T22:30:00+00:00""}",2026-05-18 22:35:38.691911+00
bc07a416-3d45-46fe-9e81-09bdb2386dd8,02a771bf-11ed-402e-b1c9-137ff7597dc1,world,start,"{""status"": ""scheduled"", ""scheduled_at"": ""2026-05-18T22:30:00+00:00""}",2026-05-18 22:35:39.816334+00
151e8898-e82d-4a7c-941b-1997e9fcebfd,2fc87363-2dff-469a-9d0a-90a5f2ba4106,world,start,"{""status"": ""scheduled"", ""scheduled_at"": ""2026-05-18T22:30:00+00:00""}",2026-05-18 22:35:43.708788+00
2d2771cd-088a-4e02-8312-af3e2800a77d,90662ad3-fdb9-4d5c-9423-e9542ffa8c9d,world,start,"{""status"": ""scheduled"", ""scheduled_at"": ""2026-05-18T21:39:56.103965+00:00""}",2026-05-18 22:35:01.633638+00
635534a0-2d25-4028-854b-6d5e3f3341f9,658bcd2e-6385-4149-ba5d-09770f285826,world,start,"{""status"": ""scheduled"", ""scheduled_at"": ""2026-05-18T22:30:00+00:00""}",2026-05-18 22:35:13.063281+00
f93a3697-94dd-427f-9f82-c4a231a03575,078e6657-4ac6-4d20-aa33-8edd162e0468,world,start,"{""status"": ""scheduled"", ""scheduled_at"": ""2026-05-18T22:30:00+00:00""}",2026-05-18 22:35:02.084261+00
02fa5b17-217d-4de8-86f1-dec08ba382a6,b248e20e-70b0-4af6-9101-14eb886e2dc2,world,start,"{""status"": ""scheduled"", ""scheduled_at"": ""2026-05-18T22:30:00+00:00""}",2026-05-18 22:35:02.33754+00
0aad4b5f-6e37-4540-81df-b8c25dd2cf5e,90662ad3-fdb9-4d5c-9423-e9542ffa8c9d,world,start,"{""status"": ""scheduled"", ""scheduled_at"": ""2026-05-18T21:39:56.103965+00:00""}",2026-05-18 22:35:07.398689+00
c2ee46ed-6dc5-44ae-89c4-3e5d8402372e,81b49a06-d994-4f38-a581-c733937a85a7,world,start,"{""status"": ""scheduled"", ""scheduled_at"": ""2026-05-18T22:30:00+00:00""}",2026-05-18 22:35:08.21276+00
c55fc22b-f21c-4741-99d4-1ce7bf255bea,02a771bf-11ed-402e-b1c9-137ff7597dc1,world,start,"{""status"": ""scheduled"", ""scheduled_at"": ""2026-05-18T22:30:00+00:00""}",2026-05-18 22:35:10.283204+00
00431915-37b8-4d3e-b22c-a9efb9722973,4d92e2ca-09bc-4132-9c0e-8b8b27d460cb,world,start,"{""status"": ""scheduled"", ""scheduled_at"": ""2026-05-18T22:30:00+00:00""}",2026-05-18 22:35:12.651575+00
ddf6c134-a730-4bbb-aeef-727b8c6a137f,90662ad3-fdb9-4d5c-9423-e9542ffa8c9d,world,start,"{""status"": ""scheduled"", ""scheduled_at"": ""2026-05-18T21:39:56.103965+00:00""}",2026-05-18 22:36:01.26953+00
6b6a6aa7-8d4a-4b93-832e-98d9786c56eb,10e32fb0-98f0-4bea-9548-e905ca9bdf42,world,start,"{""status"": ""scheduled"", ""scheduled_at"": ""2026-05-18T22:30:00+00:00""}",2026-05-18 22:36:01.399737+00
dca1f62f-16da-4252-921c-a6ff8ed5613f,81b49a06-d994-4f38-a581-c733937a85a7,world,start,"{""status"": ""scheduled"", ""scheduled_at"": ""2026-05-18T22:30:00+00:00""}",2026-05-18 22:36:01.538417+00
c6e8ef9e-24ea-4181-bf0f-23d6b715db05,78f74291-8a84-4a3d-8c9a-eb81cff01cc7,world,start,"{""status"": ""scheduled"", ""scheduled_at"": ""2026-05-18T22:30:00+00:00""}",2026-05-18 22:36:01.595673+00
66174a6f-8343-4b09-9342-689f1490a86f,2fa45e09-832b-4288-9d24-085de7808d12,world,start,"{""status"": ""scheduled"", ""scheduled_at"": ""2026-05-18T22:30:00+00:00""}",2026-05-18 22:36:01.64788+00
75cf5eaf-524f-4cd4-9ed5-73405a20e1e8,7e4b60eb-7674-4d27-8fe3-b93c83a6b116,world,start,"{""status"": ""scheduled"", ""scheduled_at"": ""2026-05-18T22:30:00+00:00""}",2026-05-18 22:36:01.727837+00
5d6cfaec-b5bc-44f5-8e76-5b15c3c5b733,078e6657-4ac6-4d20-aa33-8edd162e0468,world,start,"{""status"": ""scheduled"", ""scheduled_at"": ""2026-05-18T22:30:00+00:00""}",2026-05-18 22:36:01.839317+00
0960d941-a008-4e34-98e3-bf3844104995,02a771bf-11ed-402e-b1c9-137ff7597dc1,world,start,"{""status"": ""scheduled"", ""scheduled_at"": ""2026-05-18T22:30:00+00:00""}",2026-05-18 22:36:01.91721+00
e91c0944-5fa2-4a7d-95b1-c2191b5967ec,4a492b08-8f27-4268-b53e-38c6498bb3bf,world,start,"{""status"": ""scheduled"", ""scheduled_at"": ""2026-05-18T22:30:00+00:00""}",2026-05-18 22:36:01.988788+00
366527b5-90a6-49cf-a814-d6a3fdcfbc50,467e5a42-e207-411c-8dec-d711468dea66,world,start,"{""status"": ""scheduled"", ""scheduled_at"": ""2026-05-18T22:30:00+00:00""}",2026-05-18 22:36:02.043887+00
2e9978f4-b0c2-4995-9e7d-41e3d8152e6d,b248e20e-70b0-4af6-9101-14eb886e2dc2,world,start,"{""status"": ""scheduled"", ""scheduled_at"": ""2026-05-18T22:30:00+00:00""}",2026-05-18 22:36:02.093168+00
4920bc23-f61f-4b69-bd5f-4814648cf27a,e24e517c-bcf9-4f3e-ac62-1b32a8f8f119,world,start,"{""status"": ""scheduled"", ""scheduled_at"": ""2026-05-18T22:30:00+00:00""}",2026-05-18 22:36:02.144652+00
9e01f6b0-aa14-44ad-87b9-f51bc64247c4,5f24376f-934e-4be3-8aaa-415b95bb392b,world,start,"{""status"": ""scheduled"", ""scheduled_at"": ""2026-05-18T22:30:00+00:00""}",2026-05-18 22:36:02.190539+00
ae9866be-ae5a-4eb0-8b04-2f951a105670,4d92e2ca-09bc-4132-9c0e-8b8b27d460cb,world,start,"{""status"": ""scheduled"", ""scheduled_at"": ""2026-05-18T22:30:00+00:00""}",2026-05-18 22:36:02.24104+00
088be4b5-d63a-4296-9d6f-0f44643da06b,658bcd2e-6385-4149-ba5d-09770f285826,world,start,"{""status"": ""scheduled"", ""scheduled_at"": ""2026-05-18T22:30:00+00:00""}",2026-05-18 22:36:02.291165+00
4dd904dd-5d02-43cd-b79d-0d355f3455fc,2fc87363-2dff-469a-9d0a-90a5f2ba4106,world,start,"{""status"": ""scheduled"", ""scheduled_at"": ""2026-05-18T22:30:00+00:00""}",2026-05-18 22:36:02.346676+00
ba3f98a8-af3e-4d09-b5b8-bff891b5f639,90662ad3-fdb9-4d5c-9423-e9542ffa8c9d,world,start,"{""status"": ""scheduled"", ""scheduled_at"": ""2026-05-18T21:39:56.103965+00:00""}",2026-05-18 22:36:07.22048+00
31dabc1b-0d08-4ded-85f9-7e9eaf9b1e7e,10e32fb0-98f0-4bea-9548-e905ca9bdf42,world,start,"{""status"": ""scheduled"", ""scheduled_at"": ""2026-05-18T22:30:00+00:00""}",2026-05-18 22:36:07.60814+00
b07873db-258c-4e10-9523-fc212edde466,81b49a06-d994-4f38-a581-c733937a85a7,world,start,"{""status"": ""scheduled"", ""scheduled_at"": ""2026-05-18T22:30:00+00:00""}",2026-05-18 22:36:07.990575+00
5c3e4a7b-8b76-4e03-8ac8-02dbbe2718f1,78f74291-8a84-4a3d-8c9a-eb81cff01cc7,world,start,"{""status"": ""scheduled"", ""scheduled_at"": ""2026-05-18T22:30:00+00:00""}",2026-05-18 22:36:08.361052+00
8e9cb039-77a8-49e2-a31f-be5ada2b970d,2fa45e09-832b-4288-9d24-085de7808d12,world,start,"{""status"": ""scheduled"", ""scheduled_at"": ""2026-05-18T22:30:00+00:00""}",2026-05-18 22:36:08.752511+00
07a8bb6d-835f-4356-8caa-d3ac56f46c2a,7e4b60eb-7674-4d27-8fe3-b93c83a6b116,world,start,"{""status"": ""scheduled"", ""scheduled_at"": ""2026-05-18T22:30:00+00:00""}",2026-05-18 22:36:09.131206+00
ea8836f6-fe2b-46ad-8aab-0bfa5fcd049a,078e6657-4ac6-4d20-aa33-8edd162e0468,world,start,"{""status"": ""scheduled"", ""scheduled_at"": ""2026-05-18T22:30:00+00:00""}",2026-05-18 22:36:09.544382+00
5c258aaa-968a-4701-858f-09b0c9c7082e,02a771bf-11ed-402e-b1c9-137ff7597dc1,world,start,"{""status"": ""scheduled"", ""scheduled_at"": ""2026-05-18T22:30:00+00:00""}",2026-05-18 22:36:09.915522+00
28640268-83e6-44b7-b4cd-2872cd293801,4a492b08-8f27-4268-b53e-38c6498bb3bf,world,start,"{""status"": ""scheduled"", ""scheduled_at"": ""2026-05-18T22:30:00+00:00""}",2026-05-18 22:36:10.290427+00
aac096b5-7027-4ebf-b046-b828254fc6e9,467e5a42-e207-411c-8dec-d711468dea66,world,start,"{""status"": ""scheduled"", ""scheduled_at"": ""2026-05-18T22:30:00+00:00""}",2026-05-18 22:36:10.662456+00
d49aa6f9-4c6b-4fa9-8fa4-3fa3ba3d4f5d,b248e20e-70b0-4af6-9101-14eb886e2dc2,world,start,"{""status"": ""scheduled"", ""scheduled_at"": ""2026-05-18T22:30:00+00:00""}",2026-05-18 22:36:11.038109+00
d575d5f0-b8d4-4fcb-ac3b-2629e81359d1,e24e517c-bcf9-4f3e-ac62-1b32a8f8f119,world,start,"{""status"": ""scheduled"", ""scheduled_at"": ""2026-05-18T22:30:00+00:00""}",2026-05-18 22:36:11.436937+00
d34cc973-e806-4147-b75b-ca76c3a7f750,5f24376f-934e-4be3-8aaa-415b95bb392b,world,start,"{""status"": ""scheduled"", ""scheduled_at"": ""2026-05-18T22:30:00+00:00""}",2026-05-18 22:36:11.810715+00
ae574914-762b-4f7c-9fef-f6b4aa164544,4d92e2ca-09bc-4132-9c0e-8b8b27d460cb,world,start,"{""status"": ""scheduled"", ""scheduled_at"": ""2026-05-18T22:30:00+00:00""}",2026-05-18 22:36:12.198039+00
a33a8aeb-5aee-4a1f-903c-0497d9bec09e,658bcd2e-6385-4149-ba5d-09770f285826,world,start,"{""status"": ""scheduled"", ""scheduled_at"": ""2026-05-18T22:30:00+00:00""}",2026-05-18 22:36:12.571577+00
d89e255f-5caa-41e5-a4d5-67423de2103e,2fc87363-2dff-469a-9d0a-90a5f2ba4106,world,start,"{""status"": ""scheduled"", ""scheduled_at"": ""2026-05-18T22:30:00+00:00""}",2026-05-18 22:36:12.953107+00
194b709f-e258-4be7-b5f9-8b08249462c3,90662ad3-fdb9-4d5c-9423-e9542ffa8c9d,world,start,"{""status"": ""scheduled"", ""scheduled_at"": ""2026-05-18T21:39:56.103965+00:00""}",2026-05-18 22:36:47.25923+00
4426fb25-b180-4d4b-a9b1-e09badf44a1e,10e32fb0-98f0-4bea-9548-e905ca9bdf42,world,start,"{""status"": ""scheduled"", ""scheduled_at"": ""2026-05-18T22:30:00+00:00""}",2026-05-18 22:36:47.642212+00
e45f624e-a1bb-48ac-b57b-94bd7757046c,81b49a06-d994-4f38-a581-c733937a85a7,world,start,"{""status"": ""scheduled"", ""scheduled_at"": ""2026-05-18T22:30:00+00:00""}",2026-05-18 22:36:48.021577+00
34bcddc9-d2fd-4f1f-b294-30a0254ddada,78f74291-8a84-4a3d-8c9a-eb81cff01cc7,world,start,"{""status"": ""scheduled"", ""scheduled_at"": ""2026-05-18T22:30:00+00:00""}",2026-05-18 22:36:48.400409+00
e8f43f10-30e1-40af-b055-20c19564fe87,2fa45e09-832b-4288-9d24-085de7808d12,world,start,"{""status"": ""scheduled"", ""scheduled_at"": ""2026-05-18T22:30:00+00:00""}",2026-05-18 22:36:48.77694+00
c29c29d2-ad7b-4503-9238-9397a4a25117,7e4b60eb-7674-4d27-8fe3-b93c83a6b116,world,start,"{""status"": ""scheduled"", ""scheduled_at"": ""2026-05-18T22:30:00+00:00""}",2026-05-18 22:36:49.156371+00
9bccfb05-0247-46a5-a718-06e439885f9f,078e6657-4ac6-4d20-aa33-8edd162e0468,world,start,"{""status"": ""scheduled"", ""scheduled_at"": ""2026-05-18T22:30:00+00:00""}",2026-05-18 22:36:49.531789+00
1e67a67a-7096-485f-bc70-1fe3d93db2a0,02a771bf-11ed-402e-b1c9-137ff7597dc1,world,start,"{""status"": ""scheduled"", ""scheduled_at"": ""2026-05-18T22:30:00+00:00""}",2026-05-18 22:36:49.906917+00
567db3c3-5c26-4166-93c2-ee31674e78d4,4a492b08-8f27-4268-b53e-38c6498bb3bf,world,start,"{""status"": ""scheduled"", ""scheduled_at"": ""2026-05-18T22:30:00+00:00""}",2026-05-18 22:36:50.276236+00
e6b4e307-8a66-4e38-986f-e7b634f46446,467e5a42-e207-411c-8dec-d711468dea66,world,start,"{""status"": ""scheduled"", ""scheduled_at"": ""2026-05-18T22:30:00+00:00""}",2026-05-18 22:36:50.645708+00
03c37cb4-2217-48d3-a379-7a2364d38e8b,b248e20e-70b0-4af6-9101-14eb886e2dc2,world,start,"{""status"": ""scheduled"", ""scheduled_at"": ""2026-05-18T22:30:00+00:00""}",2026-05-18 22:36:51.016842+00
333597a0-4fcd-4d4e-8a2b-52357a75a34e,e24e517c-bcf9-4f3e-ac62-1b32a8f8f119,world,start,"{""status"": ""scheduled"", ""scheduled_at"": ""2026-05-18T22:30:00+00:00""}",2026-05-18 22:36:51.393933+00
4a683729-3208-43a9-a677-bdd10616cc55,5f24376f-934e-4be3-8aaa-415b95bb392b,world,start,"{""status"": ""scheduled"", ""scheduled_at"": ""2026-05-18T22:30:00+00:00""}",2026-05-18 22:36:51.787462+00
eb4ff0b6-3b73-4cc5-acfd-47056c21267f,4d92e2ca-09bc-4132-9c0e-8b8b27d460cb,world,start,"{""status"": ""scheduled"", ""scheduled_at"": ""2026-05-18T22:30:00+00:00""}",2026-05-18 22:36:52.160406+00
706028b9-5eae-48d3-b03c-cc52b76f7e25,658bcd2e-6385-4149-ba5d-09770f285826,world,start,"{""status"": ""scheduled"", ""scheduled_at"": ""2026-05-18T22:30:00+00:00""}",2026-05-18 22:36:52.531029+00
bee4895a-be89-4ec6-8164-56f987d7725d,e24e517c-bcf9-4f3e-ac62-1b32a8f8f119,world,start,"{""status"": ""scheduled"", ""scheduled_at"": ""2026-05-18T22:30:00+00:00""}",2026-05-18 22:36:58.427631+00
eaf6ecb3-6ee2-4653-971c-20f9328be50f,78f74291-8a84-4a3d-8c9a-eb81cff01cc7,world,start,"{""status"": ""scheduled"", ""scheduled_at"": ""2026-05-18T22:30:00+00:00""}",2026-05-18 22:37:01.246652+00
2362d35c-0b80-4179-9681-3be63cb33371,4a492b08-8f27-4268-b53e-38c6498bb3bf,world,start,"{""status"": ""scheduled"", ""scheduled_at"": ""2026-05-18T22:30:00+00:00""}",2026-05-18 22:37:01.652965+00
87d390fe-772a-41e9-9c1f-4c5f2185e82c,4d92e2ca-09bc-4132-9c0e-8b8b27d460cb,world,start,"{""status"": ""scheduled"", ""scheduled_at"": ""2026-05-18T22:30:00+00:00""}",2026-05-18 22:37:01.897043+00
d3731408-eb34-400e-b97c-a091eb75fbd5,2fa45e09-832b-4288-9d24-085de7808d12,world,start,"{""status"": ""scheduled"", ""scheduled_at"": ""2026-05-18T22:30:00+00:00""}",2026-05-18 22:37:26.000138+00
85195fa9-162f-4fff-bbbf-54ec20c5d60c,7e4b60eb-7674-4d27-8fe3-b93c83a6b116,world,start,"{""status"": ""scheduled"", ""scheduled_at"": ""2026-05-18T22:30:00+00:00""}",2026-05-18 22:37:26.376615+00
333fb13d-77b2-414b-b179-29490ea080e0,4a492b08-8f27-4268-b53e-38c6498bb3bf,world,start,"{""status"": ""scheduled"", ""scheduled_at"": ""2026-05-18T22:30:00+00:00""}",2026-05-18 22:37:27.534677+00
02284122-7c23-4af1-a64e-4b79c923b51a,2fc87363-2dff-469a-9d0a-90a5f2ba4106,world,start,"{""status"": ""scheduled"", ""scheduled_at"": ""2026-05-18T22:30:00+00:00""}",2026-05-18 22:36:52.902666+00
bc950c16-b265-4c82-bc7c-2b7975eb4fac,7e4b60eb-7674-4d27-8fe3-b93c83a6b116,world,start,"{""status"": ""scheduled"", ""scheduled_at"": ""2026-05-18T22:30:00+00:00""}",2026-05-18 22:37:01.413098+00
140b4561-fca9-4d9f-85ed-025d33d74b84,b248e20e-70b0-4af6-9101-14eb886e2dc2,world,start,"{""status"": ""scheduled"", ""scheduled_at"": ""2026-05-18T22:30:00+00:00""}",2026-05-18 22:37:01.751668+00
9a51974b-ebae-4662-8cbd-b6a5772e15d9,2fc87363-2dff-469a-9d0a-90a5f2ba4106,world,start,"{""status"": ""scheduled"", ""scheduled_at"": ""2026-05-18T22:30:00+00:00""}",2026-05-18 22:37:02.000363+00
bd33697f-ff63-45d9-a00b-b420d84905aa,467e5a42-e207-411c-8dec-d711468dea66,world,start,"{""status"": ""scheduled"", ""scheduled_at"": ""2026-05-18T22:30:00+00:00""}",2026-05-18 22:37:27.918954+00
1242cca2-9774-428b-8e4f-0215be98c70c,81b49a06-d994-4f38-a581-c733937a85a7,world,start,"{""status"": ""scheduled"", ""scheduled_at"": ""2026-05-18T22:30:00+00:00""}",2026-05-18 22:37:55.276375+00
c6e7c734-5203-4bbf-9f8b-13faaf099634,02a771bf-11ed-402e-b1c9-137ff7597dc1,world,start,"{""status"": ""scheduled"", ""scheduled_at"": ""2026-05-18T22:30:00+00:00""}",2026-05-18 22:37:57.148304+00
64a7b108-d232-4b4e-87d2-14763c44b69b,90662ad3-fdb9-4d5c-9423-e9542ffa8c9d,world,start,"{""status"": ""scheduled"", ""scheduled_at"": ""2026-05-18T21:39:56.103965+00:00""}",2026-05-18 22:36:54.242156+00
b8cfe687-ccdf-4c45-bb71-71de0bd1552e,10e32fb0-98f0-4bea-9548-e905ca9bdf42,world,start,"{""status"": ""scheduled"", ""scheduled_at"": ""2026-05-18T22:30:00+00:00""}",2026-05-18 22:36:54.627294+00
b16335af-ffc2-4c5b-8fc7-375a96d0fd85,81b49a06-d994-4f38-a581-c733937a85a7,world,start,"{""status"": ""scheduled"", ""scheduled_at"": ""2026-05-18T22:30:00+00:00""}",2026-05-18 22:36:55.034471+00
10eb3366-46f9-4505-bcbf-c9620daf6837,2fa45e09-832b-4288-9d24-085de7808d12,world,start,"{""status"": ""scheduled"", ""scheduled_at"": ""2026-05-18T22:30:00+00:00""}",2026-05-18 22:36:55.789121+00
c16624c9-6b4b-4d31-81ce-6ce3795f2c3b,078e6657-4ac6-4d20-aa33-8edd162e0468,world,start,"{""status"": ""scheduled"", ""scheduled_at"": ""2026-05-18T22:30:00+00:00""}",2026-05-18 22:36:56.543373+00
a8bac767-c711-4d44-b996-88f209bd5bd0,2fc87363-2dff-469a-9d0a-90a5f2ba4106,world,start,"{""status"": ""scheduled"", ""scheduled_at"": ""2026-05-18T22:30:00+00:00""}",2026-05-18 22:36:59.943704+00
f5f339f3-d9ea-43e8-85e7-7134cd1eadf7,078e6657-4ac6-4d20-aa33-8edd162e0468,world,start,"{""status"": ""scheduled"", ""scheduled_at"": ""2026-05-18T22:30:00+00:00""}",2026-05-18 22:37:01.488266+00
410311f4-c5bb-4a8b-a689-19fd52ab8a03,e24e517c-bcf9-4f3e-ac62-1b32a8f8f119,world,start,"{""status"": ""scheduled"", ""scheduled_at"": ""2026-05-18T22:30:00+00:00""}",2026-05-18 22:37:01.798132+00
07b1598d-9db8-4213-a9fb-1aad07647a50,78f74291-8a84-4a3d-8c9a-eb81cff01cc7,world,start,"{""status"": ""scheduled"", ""scheduled_at"": ""2026-05-18T22:30:00+00:00""}",2026-05-18 22:36:55.41131+00
72a29cc8-b6b0-4f85-88c3-f077061d97c9,02a771bf-11ed-402e-b1c9-137ff7597dc1,world,start,"{""status"": ""scheduled"", ""scheduled_at"": ""2026-05-18T22:30:00+00:00""}",2026-05-18 22:37:01.574837+00
9af9ecfe-8d43-48f3-bcf7-5d79d509e4aa,5f24376f-934e-4be3-8aaa-415b95bb392b,world,start,"{""status"": ""scheduled"", ""scheduled_at"": ""2026-05-18T22:30:00+00:00""}",2026-05-18 22:37:01.848614+00
e5c25812-0377-46ba-83bb-ae4880821046,658bcd2e-6385-4149-ba5d-09770f285826,world,start,"{""status"": ""scheduled"", ""scheduled_at"": ""2026-05-18T22:30:00+00:00""}",2026-05-18 22:37:29.829546+00
8631be64-df42-4445-a19c-30f4a5f50288,10e32fb0-98f0-4bea-9548-e905ca9bdf42,world,start,"{""status"": ""scheduled"", ""scheduled_at"": ""2026-05-18T22:30:00+00:00""}",2026-05-18 22:37:54.881258+00
d35dda7f-7c48-4089-98b6-30ecf4a968ef,78f74291-8a84-4a3d-8c9a-eb81cff01cc7,world,start,"{""status"": ""scheduled"", ""scheduled_at"": ""2026-05-18T22:30:00+00:00""}",2026-05-18 22:37:55.65008+00
dab914f1-f602-4857-a128-a909f66f771e,4a492b08-8f27-4268-b53e-38c6498bb3bf,world,start,"{""status"": ""scheduled"", ""scheduled_at"": ""2026-05-18T22:30:00+00:00""}",2026-05-18 22:37:57.5202+00
62899fb6-db5d-4a60-9cf4-3d177f037598,7e4b60eb-7674-4d27-8fe3-b93c83a6b116,world,start,"{""status"": ""scheduled"", ""scheduled_at"": ""2026-05-18T22:30:00+00:00""}",2026-05-18 22:36:56.167196+00
65380654-6374-4c42-9844-de8445a15caf,658bcd2e-6385-4149-ba5d-09770f285826,world,start,"{""status"": ""scheduled"", ""scheduled_at"": ""2026-05-18T22:30:00+00:00""}",2026-05-18 22:36:59.560728+00
3d923939-b89a-446f-8afa-800bb8acae4e,e24e517c-bcf9-4f3e-ac62-1b32a8f8f119,world,start,"{""status"": ""scheduled"", ""scheduled_at"": ""2026-05-18T22:30:00+00:00""}",2026-05-18 22:37:28.678119+00
003bf665-3edb-43c9-bb29-27c01cbd8b06,2fa45e09-832b-4288-9d24-085de7808d12,world,start,"{""status"": ""scheduled"", ""scheduled_at"": ""2026-05-18T22:30:00+00:00""}",2026-05-18 22:37:56.025652+00
252d668d-0414-4b2d-874b-ea78641aea7a,078e6657-4ac6-4d20-aa33-8edd162e0468,world,start,"{""status"": ""scheduled"", ""scheduled_at"": ""2026-05-18T22:30:00+00:00""}",2026-05-18 22:37:56.776206+00
a5a21c08-184f-4bbb-b438-2852c7ba1887,467e5a42-e207-411c-8dec-d711468dea66,world,start,"{""status"": ""scheduled"", ""scheduled_at"": ""2026-05-18T22:30:00+00:00""}",2026-05-18 22:37:57.893582+00
8670d204-b52a-4520-9b59-10f39fa24c08,02a771bf-11ed-402e-b1c9-137ff7597dc1,world,start,"{""status"": ""scheduled"", ""scheduled_at"": ""2026-05-18T22:30:00+00:00""}",2026-05-18 22:36:56.925415+00
66361d4e-109f-41dc-bea6-d83f37de89a4,90662ad3-fdb9-4d5c-9423-e9542ffa8c9d,world,start,"{""status"": ""scheduled"", ""scheduled_at"": ""2026-05-18T21:39:56.103965+00:00""}",2026-05-18 22:37:24.452688+00
b2e024d7-2867-4599-90cd-81e59dcee59e,078e6657-4ac6-4d20-aa33-8edd162e0468,world,start,"{""status"": ""scheduled"", ""scheduled_at"": ""2026-05-18T22:30:00+00:00""}",2026-05-18 22:37:26.767284+00
ecacc439-e0dc-455f-8120-f0fe6d3859a8,4d92e2ca-09bc-4132-9c0e-8b8b27d460cb,world,start,"{""status"": ""scheduled"", ""scheduled_at"": ""2026-05-18T22:30:00+00:00""}",2026-05-18 22:37:29.453572+00
f6802ba5-c5c9-42d3-b756-59c5bc78f2a6,90662ad3-fdb9-4d5c-9423-e9542ffa8c9d,world,start,"{""status"": ""scheduled"", ""scheduled_at"": ""2026-05-18T21:39:56.103965+00:00""}",2026-05-18 22:37:54.501265+00
307a79eb-bba2-43c7-a73f-3b95491acbbb,4a492b08-8f27-4268-b53e-38c6498bb3bf,world,start,"{""status"": ""scheduled"", ""scheduled_at"": ""2026-05-18T22:30:00+00:00""}",2026-05-18 22:36:57.299907+00
2cb48bd9-bf4c-41d8-b9e6-be3ec8df4914,b248e20e-70b0-4af6-9101-14eb886e2dc2,world,start,"{""status"": ""scheduled"", ""scheduled_at"": ""2026-05-18T22:30:00+00:00""}",2026-05-18 22:36:58.054185+00
54f36872-56e3-4b9b-b84d-087dbfe17ebe,10e32fb0-98f0-4bea-9548-e905ca9bdf42,world,start,"{""status"": ""scheduled"", ""scheduled_at"": ""2026-05-18T22:30:00+00:00""}",2026-05-18 22:37:01.120767+00
e8d4be62-ab24-4cbc-8067-3958a14a8583,78f74291-8a84-4a3d-8c9a-eb81cff01cc7,world,start,"{""status"": ""scheduled"", ""scheduled_at"": ""2026-05-18T22:30:00+00:00""}",2026-05-18 22:37:25.612989+00
ecc972a6-e22e-4a01-a453-472ac14d0fa1,02a771bf-11ed-402e-b1c9-137ff7597dc1,world,start,"{""status"": ""scheduled"", ""scheduled_at"": ""2026-05-18T22:30:00+00:00""}",2026-05-18 22:37:27.145746+00
35fb6cea-d087-4ec0-b76d-3861281ab837,e24e517c-bcf9-4f3e-ac62-1b32a8f8f119,world,start,"{""status"": ""scheduled"", ""scheduled_at"": ""2026-05-18T22:30:00+00:00""}",2026-05-18 22:37:58.651331+00
46b98d3d-897e-4aff-b484-0588d16decca,467e5a42-e207-411c-8dec-d711468dea66,world,start,"{""status"": ""scheduled"", ""scheduled_at"": ""2026-05-18T22:30:00+00:00""}",2026-05-18 22:36:57.679212+00
dbc90f12-8268-464d-a6c3-12657c513515,90662ad3-fdb9-4d5c-9423-e9542ffa8c9d,world,start,"{""status"": ""scheduled"", ""scheduled_at"": ""2026-05-18T21:39:56.103965+00:00""}",2026-05-18 22:37:01.069563+00
42028b53-a84f-4b33-87a2-8a4bee34ddb4,10e32fb0-98f0-4bea-9548-e905ca9bdf42,world,start,"{""status"": ""scheduled"", ""scheduled_at"": ""2026-05-18T22:30:00+00:00""}",2026-05-18 22:37:24.834899+00
23d0c961-4c76-4858-81fa-9bb074984d25,5f24376f-934e-4be3-8aaa-415b95bb392b,world,start,"{""status"": ""scheduled"", ""scheduled_at"": ""2026-05-18T22:30:00+00:00""}",2026-05-18 22:37:29.079008+00
b7b2f908-13aa-44d0-9128-fb510c3269b4,5f24376f-934e-4be3-8aaa-415b95bb392b,world,start,"{""status"": ""scheduled"", ""scheduled_at"": ""2026-05-18T22:30:00+00:00""}",2026-05-18 22:37:59.039197+00
28b22341-5f81-4498-bdd2-26c78c920f1a,5f24376f-934e-4be3-8aaa-415b95bb392b,world,start,"{""status"": ""scheduled"", ""scheduled_at"": ""2026-05-18T22:30:00+00:00""}",2026-05-18 22:36:58.801024+00
3553e219-c6cb-4f52-84bb-bd00f7705de7,2fa45e09-832b-4288-9d24-085de7808d12,world,start,"{""status"": ""scheduled"", ""scheduled_at"": ""2026-05-18T22:30:00+00:00""}",2026-05-18 22:37:01.336648+00
92978ebe-50dd-4f57-bcac-8249ae474dd6,467e5a42-e207-411c-8dec-d711468dea66,world,start,"{""status"": ""scheduled"", ""scheduled_at"": ""2026-05-18T22:30:00+00:00""}",2026-05-18 22:37:01.698891+00
479f9753-332a-4ab0-92c4-1f02d0bcbcd0,658bcd2e-6385-4149-ba5d-09770f285826,world,start,"{""status"": ""scheduled"", ""scheduled_at"": ""2026-05-18T22:30:00+00:00""}",2026-05-18 22:37:01.950899+00
13bdf32e-3854-4173-91b8-f28132ab57dd,2fc87363-2dff-469a-9d0a-90a5f2ba4106,world,start,"{""status"": ""scheduled"", ""scheduled_at"": ""2026-05-18T22:30:00+00:00""}",2026-05-18 22:37:30.214964+00
dea034f3-0693-4114-a21d-6b45e88fc08c,4d92e2ca-09bc-4132-9c0e-8b8b27d460cb,world,start,"{""status"": ""scheduled"", ""scheduled_at"": ""2026-05-18T22:30:00+00:00""}",2026-05-18 22:36:59.181693+00
db9bf9be-ae61-41d6-b869-5f16ded2e22a,81b49a06-d994-4f38-a581-c733937a85a7,world,start,"{""status"": ""scheduled"", ""scheduled_at"": ""2026-05-18T22:30:00+00:00""}",2026-05-18 22:37:01.181853+00
f392f0ad-fc5d-4110-9457-6f7f6323b6be,81b49a06-d994-4f38-a581-c733937a85a7,world,start,"{""status"": ""scheduled"", ""scheduled_at"": ""2026-05-18T22:30:00+00:00""}",2026-05-18 22:37:25.223772+00
322368b2-6b2c-47ef-9799-963a7e3f161f,b248e20e-70b0-4af6-9101-14eb886e2dc2,world,start,"{""status"": ""scheduled"", ""scheduled_at"": ""2026-05-18T22:30:00+00:00""}",2026-05-18 22:37:28.298168+00
4d56efc6-18bd-4448-9a5f-7e340be810bc,7e4b60eb-7674-4d27-8fe3-b93c83a6b116,world,start,"{""status"": ""scheduled"", ""scheduled_at"": ""2026-05-18T22:30:00+00:00""}",2026-05-18 22:37:56.401512+00
e6aecea7-e113-46a5-8813-e8146d0831b9,b248e20e-70b0-4af6-9101-14eb886e2dc2,world,start,"{""status"": ""scheduled"", ""scheduled_at"": ""2026-05-18T22:30:00+00:00""}",2026-05-18 22:37:58.270552+00
c3b14875-f914-4949-9637-e9a71a21d74f,4d92e2ca-09bc-4132-9c0e-8b8b27d460cb,world,start,"{""status"": ""scheduled"", ""scheduled_at"": ""2026-05-18T22:30:00+00:00""}",2026-05-18 22:37:59.633512+00
f1377e54-8b18-4a48-a1ba-57b58e0956ae,658bcd2e-6385-4149-ba5d-09770f285826,world,start,"{""status"": ""scheduled"", ""scheduled_at"": ""2026-05-18T22:30:00+00:00""}",2026-05-18 22:38:00.150822+00
8b67e25d-ec35-46cd-b37c-810efcc9084e,2fc87363-2dff-469a-9d0a-90a5f2ba4106,world,start,"{""status"": ""scheduled"", ""scheduled_at"": ""2026-05-18T22:30:00+00:00""}",2026-05-18 22:38:00.708155+00
9814a2bc-55bc-43ac-9e22-018d92f3f350,90662ad3-fdb9-4d5c-9423-e9542ffa8c9d,world,start,"{""status"": ""scheduled"", ""scheduled_at"": ""2026-05-18T21:39:56.103965+00:00""}",2026-05-18 22:38:00.967402+00
a39367a7-000c-45cc-b449-48220ed570c6,10e32fb0-98f0-4bea-9548-e905ca9bdf42,world,start,"{""status"": ""scheduled"", ""scheduled_at"": ""2026-05-18T22:30:00+00:00""}",2026-05-18 22:38:01.021587+00
4a67cb47-37ea-4607-9a14-33921ed4c59b,81b49a06-d994-4f38-a581-c733937a85a7,world,start,"{""status"": ""scheduled"", ""scheduled_at"": ""2026-05-18T22:30:00+00:00""}",2026-05-18 22:38:01.064972+00
6ae9c7a0-ae4c-4d60-93f5-bb5d22bf6205,78f74291-8a84-4a3d-8c9a-eb81cff01cc7,world,start,"{""status"": ""scheduled"", ""scheduled_at"": ""2026-05-18T22:30:00+00:00""}",2026-05-18 22:38:01.115777+00
97059048-8c3b-4756-903f-51ddbd35435b,2fa45e09-832b-4288-9d24-085de7808d12,world,start,"{""status"": ""scheduled"", ""scheduled_at"": ""2026-05-18T22:30:00+00:00""}",2026-05-18 22:38:01.157904+00
3473219b-d163-4e57-ae3a-71aa172d657b,7e4b60eb-7674-4d27-8fe3-b93c83a6b116,world,start,"{""status"": ""scheduled"", ""scheduled_at"": ""2026-05-18T22:30:00+00:00""}",2026-05-18 22:38:01.205538+00
fc08fd69-cd53-4656-a464-d0f5e949593d,078e6657-4ac6-4d20-aa33-8edd162e0468,world,start,"{""status"": ""scheduled"", ""scheduled_at"": ""2026-05-18T22:30:00+00:00""}",2026-05-18 22:38:01.263544+00
b46287e8-5e1a-47af-82ed-abf7c995fc05,02a771bf-11ed-402e-b1c9-137ff7597dc1,world,start,"{""status"": ""scheduled"", ""scheduled_at"": ""2026-05-18T22:30:00+00:00""}",2026-05-18 22:38:01.339707+00
ac14aff5-85b0-4578-842f-4e05931261a0,4a492b08-8f27-4268-b53e-38c6498bb3bf,world,start,"{""status"": ""scheduled"", ""scheduled_at"": ""2026-05-18T22:30:00+00:00""}",2026-05-18 22:38:01.402527+00
92ab4786-bd3c-4176-81cd-1901fec7a989,467e5a42-e207-411c-8dec-d711468dea66,world,start,"{""status"": ""scheduled"", ""scheduled_at"": ""2026-05-18T22:30:00+00:00""}",2026-05-18 22:38:01.469922+00
d4e1828f-4f46-47ea-9efe-c1f66d795133,b248e20e-70b0-4af6-9101-14eb886e2dc2,world,start,"{""status"": ""scheduled"", ""scheduled_at"": ""2026-05-18T22:30:00+00:00""}",2026-05-18 22:38:01.525177+00
faf52568-46c1-4ea8-af4a-838d7b3ec79e,e24e517c-bcf9-4f3e-ac62-1b32a8f8f119,world,start,"{""status"": ""scheduled"", ""scheduled_at"": ""2026-05-18T22:30:00+00:00""}",2026-05-18 22:38:01.588536+00
c2670c32-90fb-4c15-b96f-e5cac1befdc7,5f24376f-934e-4be3-8aaa-415b95bb392b,world,start,"{""status"": ""scheduled"", ""scheduled_at"": ""2026-05-18T22:30:00+00:00""}",2026-05-18 22:38:01.633406+00
03be2eb2-c769-4f63-8c5e-0c8596c8e0e0,4d92e2ca-09bc-4132-9c0e-8b8b27d460cb,world,start,"{""status"": ""scheduled"", ""scheduled_at"": ""2026-05-18T22:30:00+00:00""}",2026-05-18 22:38:01.693226+00
869799b0-9d39-4700-abdb-0eefbff140e9,658bcd2e-6385-4149-ba5d-09770f285826,world,start,"{""status"": ""scheduled"", ""scheduled_at"": ""2026-05-18T22:30:00+00:00""}",2026-05-18 22:38:01.739909+00
67cd7697-d035-4b19-8e6d-cceca2089702,2fc87363-2dff-469a-9d0a-90a5f2ba4106,world,start,"{""status"": ""scheduled"", ""scheduled_at"": ""2026-05-18T22:30:00+00:00""}",2026-05-18 22:38:01.792366+00
fb131e38-833c-42f1-9359-8d8b0a609b84,90662ad3-fdb9-4d5c-9423-e9542ffa8c9d,world,start,"{""status"": ""scheduled"", ""scheduled_at"": ""2026-05-18T21:39:56.103965+00:00""}",2026-05-18 22:38:24.189009+00
edc8a303-10bf-45c2-bca2-4c1afca57191,10e32fb0-98f0-4bea-9548-e905ca9bdf42,world,start,"{""status"": ""scheduled"", ""scheduled_at"": ""2026-05-18T22:30:00+00:00""}",2026-05-18 22:38:24.576659+00
273bc28b-e2a8-48b8-9a40-01b77b0a17e9,81b49a06-d994-4f38-a581-c733937a85a7,world,start,"{""status"": ""scheduled"", ""scheduled_at"": ""2026-05-18T22:30:00+00:00""}",2026-05-18 22:38:24.953592+00
1f8e2239-edde-4805-9401-8d349d608c9a,78f74291-8a84-4a3d-8c9a-eb81cff01cc7,world,start,"{""status"": ""scheduled"", ""scheduled_at"": ""2026-05-18T22:30:00+00:00""}",2026-05-18 22:38:25.332671+00
50c88c2c-8ce3-4796-9bba-cdb5d384eccc,2fa45e09-832b-4288-9d24-085de7808d12,world,start,"{""status"": ""scheduled"", ""scheduled_at"": ""2026-05-18T22:30:00+00:00""}",2026-05-18 22:38:25.721543+00
384ac312-2255-409b-861c-41124bd5764f,7e4b60eb-7674-4d27-8fe3-b93c83a6b116,world,start,"{""status"": ""scheduled"", ""scheduled_at"": ""2026-05-18T22:30:00+00:00""}",2026-05-18 22:38:26.099882+00
e3a9100c-b18b-42a2-96b8-4a9935716e81,078e6657-4ac6-4d20-aa33-8edd162e0468,world,start,"{""status"": ""scheduled"", ""scheduled_at"": ""2026-05-18T22:30:00+00:00""}",2026-05-18 22:38:26.478816+00
9afbbecb-0a45-4e84-8a13-4f3fbf3f6101,02a771bf-11ed-402e-b1c9-137ff7597dc1,world,start,"{""status"": ""scheduled"", ""scheduled_at"": ""2026-05-18T22:30:00+00:00""}",2026-05-18 22:38:26.859985+00
507bc863-f7f8-451f-8e19-cf1da49593c4,4a492b08-8f27-4268-b53e-38c6498bb3bf,world,start,"{""status"": ""scheduled"", ""scheduled_at"": ""2026-05-18T22:30:00+00:00""}",2026-05-18 22:38:27.233211+00
428afd01-5d98-475f-8585-2877459ecc8f,467e5a42-e207-411c-8dec-d711468dea66,world,start,"{""status"": ""scheduled"", ""scheduled_at"": ""2026-05-18T22:30:00+00:00""}",2026-05-18 22:38:27.603282+00
ebe44e90-ef26-4f06-80e4-e9750ded3d93,b248e20e-70b0-4af6-9101-14eb886e2dc2,world,start,"{""status"": ""scheduled"", ""scheduled_at"": ""2026-05-18T22:30:00+00:00""}",2026-05-18 22:38:27.980943+00
c71e31e0-5ff9-4f68-9a39-e999abf0cfc0,e24e517c-bcf9-4f3e-ac62-1b32a8f8f119,world,start,"{""status"": ""scheduled"", ""scheduled_at"": ""2026-05-18T22:30:00+00:00""}",2026-05-18 22:38:28.356941+00
edffd6ca-274b-4170-9b88-5f9a49b4e66d,5f24376f-934e-4be3-8aaa-415b95bb392b,world,start,"{""status"": ""scheduled"", ""scheduled_at"": ""2026-05-18T22:30:00+00:00""}",2026-05-18 22:38:28.755207+00
5a11b568-2fd4-4fde-ba7d-d98954d5ae30,4d92e2ca-09bc-4132-9c0e-8b8b27d460cb,world,start,"{""status"": ""scheduled"", ""scheduled_at"": ""2026-05-18T22:30:00+00:00""}",2026-05-18 22:38:29.13512+00
f89a4e27-b424-4fa1-bceb-d7d7f2d4cd2f,658bcd2e-6385-4149-ba5d-09770f285826,world,start,"{""status"": ""scheduled"", ""scheduled_at"": ""2026-05-18T22:30:00+00:00""}",2026-05-18 22:38:29.526638+00
44bf146f-a22f-4950-a4f9-c8615dd5508e,2fc87363-2dff-469a-9d0a-90a5f2ba4106,world,start,"{""status"": ""scheduled"", ""scheduled_at"": ""2026-05-18T22:30:00+00:00""}",2026-05-18 22:38:29.896974+00
013bd1b5-e315-41b9-a4b8-b2e98cbb867b,90662ad3-fdb9-4d5c-9423-e9542ffa8c9d,world,start,"{""status"": ""scheduled"", ""scheduled_at"": ""2026-05-18T21:39:56.103965+00:00""}",2026-05-18 22:38:54.304126+00
fea6d925-4367-4702-927f-0b25d591fba3,10e32fb0-98f0-4bea-9548-e905ca9bdf42,world,start,"{""status"": ""scheduled"", ""scheduled_at"": ""2026-05-18T22:30:00+00:00""}",2026-05-18 22:38:54.685527+00
86a21c0e-cbad-4b7b-adc2-1d752d0de338,81b49a06-d994-4f38-a581-c733937a85a7,world,start,"{""status"": ""scheduled"", ""scheduled_at"": ""2026-05-18T22:30:00+00:00""}",2026-05-18 22:38:55.07209+00
8177602b-526c-44f3-a7d0-bc091b8cd49e,78f74291-8a84-4a3d-8c9a-eb81cff01cc7,world,start,"{""status"": ""scheduled"", ""scheduled_at"": ""2026-05-18T22:30:00+00:00""}",2026-05-18 22:38:55.45684+00
063c1773-8ba3-4c3f-9573-2ec98620ffbf,2fa45e09-832b-4288-9d24-085de7808d12,world,start,"{""status"": ""scheduled"", ""scheduled_at"": ""2026-05-18T22:30:00+00:00""}",2026-05-18 22:38:55.845708+00
968036f7-7acd-42fc-b217-077bc87c847b,7e4b60eb-7674-4d27-8fe3-b93c83a6b116,world,start,"{""status"": ""scheduled"", ""scheduled_at"": ""2026-05-18T22:30:00+00:00""}",2026-05-18 22:38:56.233877+00
d682c6df-afe8-4730-aa68-695a6bb2b6e1,078e6657-4ac6-4d20-aa33-8edd162e0468,world,start,"{""status"": ""scheduled"", ""scheduled_at"": ""2026-05-18T22:30:00+00:00""}",2026-05-18 22:38:56.629547+00
660240dd-821c-40fe-b417-13b2e667895c,02a771bf-11ed-402e-b1c9-137ff7597dc1,world,start,"{""status"": ""scheduled"", ""scheduled_at"": ""2026-05-18T22:30:00+00:00""}",2026-05-18 22:38:57.014264+00
9c84bcab-3f64-46a4-bcaf-dab48e007b06,4a492b08-8f27-4268-b53e-38c6498bb3bf,world,start,"{""status"": ""scheduled"", ""scheduled_at"": ""2026-05-18T22:30:00+00:00""}",2026-05-18 22:38:57.40376+00
cd4a7477-5524-465d-a0cc-9daa83618068,467e5a42-e207-411c-8dec-d711468dea66,world,start,"{""status"": ""scheduled"", ""scheduled_at"": ""2026-05-18T22:30:00+00:00""}",2026-05-18 22:38:57.783954+00
8e37fa92-210e-48cd-94f7-8306a05b1c48,b248e20e-70b0-4af6-9101-14eb886e2dc2,world,start,"{""status"": ""scheduled"", ""scheduled_at"": ""2026-05-18T22:30:00+00:00""}",2026-05-18 22:38:58.161285+00
6639891c-9391-475f-92cd-216ba738d8d3,e24e517c-bcf9-4f3e-ac62-1b32a8f8f119,world,start,"{""status"": ""scheduled"", ""scheduled_at"": ""2026-05-18T22:30:00+00:00""}",2026-05-18 22:38:58.576807+00
b7aac425-f9ad-4839-a3c8-2aee7d1d285a,b248e20e-70b0-4af6-9101-14eb886e2dc2,world,start,"{""status"": ""scheduled"", ""scheduled_at"": ""2026-05-18T22:30:00+00:00""}",2026-05-18 22:39:28.102333+00
8884bc22-1fd5-4d02-bf11-ff037ab1dd62,5f24376f-934e-4be3-8aaa-415b95bb392b,world,start,"{""status"": ""scheduled"", ""scheduled_at"": ""2026-05-18T22:30:00+00:00""}",2026-05-18 22:38:59.614289+00
bd80421f-0d98-4332-aedc-70ce4d444a08,10e32fb0-98f0-4bea-9548-e905ca9bdf42,world,start,"{""status"": ""scheduled"", ""scheduled_at"": ""2026-05-18T22:30:00+00:00""}",2026-05-18 22:39:24.637855+00
5775d94d-59e8-4e1f-8c93-3fb0b989a2e5,4d92e2ca-09bc-4132-9c0e-8b8b27d460cb,world,start,"{""status"": ""scheduled"", ""scheduled_at"": ""2026-05-18T22:30:00+00:00""}",2026-05-18 22:39:00.012291+00
713dd0fc-4d43-4cb2-b65f-df4c0ffad406,2fc87363-2dff-469a-9d0a-90a5f2ba4106,world,start,"{""status"": ""scheduled"", ""scheduled_at"": ""2026-05-18T22:30:00+00:00""}",2026-05-18 22:39:00.812352+00
fbd45a50-6134-462a-8853-aa1e952c5608,078e6657-4ac6-4d20-aa33-8edd162e0468,world,start,"{""status"": ""scheduled"", ""scheduled_at"": ""2026-05-18T22:30:00+00:00""}",2026-05-18 22:39:01.450094+00
b3c53256-de07-4733-a19e-ca32465a98b8,e24e517c-bcf9-4f3e-ac62-1b32a8f8f119,world,start,"{""status"": ""scheduled"", ""scheduled_at"": ""2026-05-18T22:30:00+00:00""}",2026-05-18 22:39:02.102213+00
785bd5d6-eae9-4194-8034-395c1574afbf,90662ad3-fdb9-4d5c-9423-e9542ffa8c9d,world,start,"{""status"": ""scheduled"", ""scheduled_at"": ""2026-05-18T21:39:56.103965+00:00""}",2026-05-18 22:39:24.251206+00
051592e3-87fb-4503-afa2-3a3694629353,7e4b60eb-7674-4d27-8fe3-b93c83a6b116,world,start,"{""status"": ""scheduled"", ""scheduled_at"": ""2026-05-18T22:30:00+00:00""}",2026-05-18 22:39:26.184251+00
1b9117cc-78c9-4d23-91c3-dd1f53e9a76d,467e5a42-e207-411c-8dec-d711468dea66,world,start,"{""status"": ""scheduled"", ""scheduled_at"": ""2026-05-18T22:30:00+00:00""}",2026-05-18 22:39:27.727684+00
4b36ec6a-401e-42d5-8b08-0ac0cc8cb355,658bcd2e-6385-4149-ba5d-09770f285826,world,start,"{""status"": ""scheduled"", ""scheduled_at"": ""2026-05-18T22:30:00+00:00""}",2026-05-18 22:39:00.433551+00
ad9cdc85-6e64-4be5-82f6-b4b1aa741906,2fa45e09-832b-4288-9d24-085de7808d12,world,start,"{""status"": ""scheduled"", ""scheduled_at"": ""2026-05-18T22:30:00+00:00""}",2026-05-18 22:39:01.322773+00
7859ebc2-f37c-47f3-a7b7-c72dd4756614,467e5a42-e207-411c-8dec-d711468dea66,world,start,"{""status"": ""scheduled"", ""scheduled_at"": ""2026-05-18T22:30:00+00:00""}",2026-05-18 22:39:01.860446+00
fe97e0d9-ac9f-46c2-9975-622c9739ca23,658bcd2e-6385-4149-ba5d-09770f285826,world,start,"{""status"": ""scheduled"", ""scheduled_at"": ""2026-05-18T22:30:00+00:00""}",2026-05-18 22:39:02.238778+00
c4521ce7-351f-477a-974c-88ec474c82c4,2fa45e09-832b-4288-9d24-085de7808d12,world,start,"{""status"": ""scheduled"", ""scheduled_at"": ""2026-05-18T22:30:00+00:00""}",2026-05-18 22:39:25.797781+00
4805e10c-3348-4839-9ecf-5d671a361b82,078e6657-4ac6-4d20-aa33-8edd162e0468,world,start,"{""status"": ""scheduled"", ""scheduled_at"": ""2026-05-18T22:30:00+00:00""}",2026-05-18 22:39:26.600504+00
bf140a39-ad64-4474-8805-996e850f949e,90662ad3-fdb9-4d5c-9423-e9542ffa8c9d,world,start,"{""status"": ""scheduled"", ""scheduled_at"": ""2026-05-18T21:39:56.103965+00:00""}",2026-05-18 22:39:01.09779+00
26a60834-5d74-4564-8c16-01dd8d879567,658bcd2e-6385-4149-ba5d-09770f285826,world,start,"{""status"": ""scheduled"", ""scheduled_at"": ""2026-05-18T22:30:00+00:00""}",2026-05-18 22:39:29.652133+00
218d9a40-0998-4529-b780-08be9eed5f04,2fc87363-2dff-469a-9d0a-90a5f2ba4106,world,start,"{""status"": ""scheduled"", ""scheduled_at"": ""2026-05-18T22:30:00+00:00""}",2026-05-18 22:39:30.075454+00
c657ec3d-791f-4fda-9794-5e2e808dbd17,10e32fb0-98f0-4bea-9548-e905ca9bdf42,world,start,"{""status"": ""scheduled"", ""scheduled_at"": ""2026-05-18T22:30:00+00:00""}",2026-05-18 22:39:01.145231+00
d2b653ef-ea88-4c52-83a8-c54f2238cf6d,81b49a06-d994-4f38-a581-c733937a85a7,world,start,"{""status"": ""scheduled"", ""scheduled_at"": ""2026-05-18T22:30:00+00:00""}",2026-05-18 22:39:25.02079+00
6c23d5c4-bdc0-491b-bae3-3f4f6fea1d95,e24e517c-bcf9-4f3e-ac62-1b32a8f8f119,world,start,"{""status"": ""scheduled"", ""scheduled_at"": ""2026-05-18T22:30:00+00:00""}",2026-05-18 22:39:28.476186+00
954ab206-0f50-415d-9696-63fe10e5a87f,90662ad3-fdb9-4d5c-9423-e9542ffa8c9d,world,start,"{""status"": ""scheduled"", ""scheduled_at"": ""2026-05-18T21:39:56.103965+00:00""}",2026-05-18 22:39:54.401258+00
f334297f-afdf-4049-9e27-8c2ee3eb38a2,81b49a06-d994-4f38-a581-c733937a85a7,world,start,"{""status"": ""scheduled"", ""scheduled_at"": ""2026-05-18T22:30:00+00:00""}",2026-05-18 22:39:01.203531+00
3bc9e389-b4d3-4eea-a98d-faa9004cdeb6,02a771bf-11ed-402e-b1c9-137ff7597dc1,world,start,"{""status"": ""scheduled"", ""scheduled_at"": ""2026-05-18T22:30:00+00:00""}",2026-05-18 22:39:01.585903+00
09c41d1d-1717-488f-a5f0-56030f5dec56,5f24376f-934e-4be3-8aaa-415b95bb392b,world,start,"{""status"": ""scheduled"", ""scheduled_at"": ""2026-05-18T22:30:00+00:00""}",2026-05-18 22:39:02.14646+00
7f304346-e2d1-45ea-a0e3-b935060f18b1,78f74291-8a84-4a3d-8c9a-eb81cff01cc7,world,start,"{""status"": ""scheduled"", ""scheduled_at"": ""2026-05-18T22:30:00+00:00""}",2026-05-18 22:39:25.403038+00
d65522be-ec71-41de-98a3-cb945b3b5432,78f74291-8a84-4a3d-8c9a-eb81cff01cc7,world,start,"{""status"": ""scheduled"", ""scheduled_at"": ""2026-05-18T22:30:00+00:00""}",2026-05-18 22:39:01.247758+00
629688d1-0d23-4423-b542-58c1ea2f0f00,4a492b08-8f27-4268-b53e-38c6498bb3bf,world,start,"{""status"": ""scheduled"", ""scheduled_at"": ""2026-05-18T22:30:00+00:00""}",2026-05-18 22:39:01.736115+00
dce647d6-dbc7-4e9a-bd73-2aa103738f46,4d92e2ca-09bc-4132-9c0e-8b8b27d460cb,world,start,"{""status"": ""scheduled"", ""scheduled_at"": ""2026-05-18T22:30:00+00:00""}",2026-05-18 22:39:02.191951+00
d6893708-69e0-4764-86ef-9bde9a4e41dc,02a771bf-11ed-402e-b1c9-137ff7597dc1,world,start,"{""status"": ""scheduled"", ""scheduled_at"": ""2026-05-18T22:30:00+00:00""}",2026-05-18 22:39:26.978256+00
d043c6ea-0ada-4685-8e20-a5889216850d,4d92e2ca-09bc-4132-9c0e-8b8b27d460cb,world,start,"{""status"": ""scheduled"", ""scheduled_at"": ""2026-05-18T22:30:00+00:00""}",2026-05-18 22:39:29.243092+00
065ea5ff-6e2d-4b94-bc94-035fe3e2c9e3,10e32fb0-98f0-4bea-9548-e905ca9bdf42,world,start,"{""status"": ""scheduled"", ""scheduled_at"": ""2026-05-18T22:30:00+00:00""}",2026-05-18 22:39:54.773162+00
6df0b666-ee5d-4c91-b82e-d9acf3cb1599,7e4b60eb-7674-4d27-8fe3-b93c83a6b116,world,start,"{""status"": ""scheduled"", ""scheduled_at"": ""2026-05-18T22:30:00+00:00""}",2026-05-18 22:39:01.36785+00
935ee128-22f5-466f-a61a-2447182d5586,b248e20e-70b0-4af6-9101-14eb886e2dc2,world,start,"{""status"": ""scheduled"", ""scheduled_at"": ""2026-05-18T22:30:00+00:00""}",2026-05-18 22:39:02.033335+00
a40fb683-87fd-4b90-afb6-461a93491d73,2fc87363-2dff-469a-9d0a-90a5f2ba4106,world,start,"{""status"": ""scheduled"", ""scheduled_at"": ""2026-05-18T22:30:00+00:00""}",2026-05-18 22:39:02.281807+00
450bdd38-cae9-46ee-8aca-ce17d58df5f5,4a492b08-8f27-4268-b53e-38c6498bb3bf,world,start,"{""status"": ""scheduled"", ""scheduled_at"": ""2026-05-18T22:30:00+00:00""}",2026-05-18 22:39:27.353084+00
deeacd0c-33d8-44d8-b373-d4ef3f3f312d,5f24376f-934e-4be3-8aaa-415b95bb392b,world,start,"{""status"": ""scheduled"", ""scheduled_at"": ""2026-05-18T22:30:00+00:00""}",2026-05-18 22:39:28.864171+00
34139ef3-eeee-4d61-948c-84ad893fdfbf,78f74291-8a84-4a3d-8c9a-eb81cff01cc7,world,start,"{""status"": ""scheduled"", ""scheduled_at"": ""2026-05-18T22:30:00+00:00""}",2026-05-18 22:39:55.526215+00
999fd6db-b639-4677-8cac-f8523ea6272c,81b49a06-d994-4f38-a581-c733937a85a7,world,start,"{""status"": ""scheduled"", ""scheduled_at"": ""2026-05-18T22:30:00+00:00""}",2026-05-18 22:39:55.143957+00
57af2c7a-f512-421c-b612-a8423f70b4ca,2fa45e09-832b-4288-9d24-085de7808d12,world,start,"{""status"": ""scheduled"", ""scheduled_at"": ""2026-05-18T22:30:00+00:00""}",2026-05-18 22:39:55.909479+00
399a1a84-ecc8-4588-bf29-e896c5438973,7e4b60eb-7674-4d27-8fe3-b93c83a6b116,world,start,"{""status"": ""scheduled"", ""scheduled_at"": ""2026-05-18T22:30:00+00:00""}",2026-05-18 22:39:56.341022+00
e21eceb5-7d7a-42e0-a8b8-613fe961348e,078e6657-4ac6-4d20-aa33-8edd162e0468,world,start,"{""status"": ""scheduled"", ""scheduled_at"": ""2026-05-18T22:30:00+00:00""}",2026-05-18 22:39:57.58161+00
6257d284-9cac-4a06-a42a-75d03b193d77,02a771bf-11ed-402e-b1c9-137ff7597dc1,world,start,"{""status"": ""scheduled"", ""scheduled_at"": ""2026-05-18T22:30:00+00:00""}",2026-05-18 22:39:58.00506+00
853a8380-a98d-4416-8f59-ddf8d1c60199,4a492b08-8f27-4268-b53e-38c6498bb3bf,world,start,"{""status"": ""scheduled"", ""scheduled_at"": ""2026-05-18T22:30:00+00:00""}",2026-05-18 22:39:58.381414+00
bb31a6f3-a32d-401c-bbc0-a3cdc6f1ea89,467e5a42-e207-411c-8dec-d711468dea66,world,start,"{""status"": ""scheduled"", ""scheduled_at"": ""2026-05-18T22:30:00+00:00""}",2026-05-18 22:39:58.800708+00
e45c63fc-a357-4a92-91a1-4acbb06039ed,b248e20e-70b0-4af6-9101-14eb886e2dc2,world,start,"{""status"": ""scheduled"", ""scheduled_at"": ""2026-05-18T22:30:00+00:00""}",2026-05-18 22:39:59.187072+00
14ef943e-6c72-4b1b-b5aa-036c715f6c41,e24e517c-bcf9-4f3e-ac62-1b32a8f8f119,world,start,"{""status"": ""scheduled"", ""scheduled_at"": ""2026-05-18T22:30:00+00:00""}",2026-05-18 22:39:59.571005+00
34a29409-a4da-47f5-97f6-073fcd93ed6c,5f24376f-934e-4be3-8aaa-415b95bb392b,world,start,"{""status"": ""scheduled"", ""scheduled_at"": ""2026-05-18T22:30:00+00:00""}",2026-05-18 22:39:59.943945+00
b9615f43-4bb4-4409-8d53-d80d44348859,4d92e2ca-09bc-4132-9c0e-8b8b27d460cb,world,start,"{""status"": ""scheduled"", ""scheduled_at"": ""2026-05-18T22:30:00+00:00""}",2026-05-18 22:40:00.325071+00
233f8611-b808-40f6-a76c-b596815b71e4,658bcd2e-6385-4149-ba5d-09770f285826,world,start,"{""status"": ""scheduled"", ""scheduled_at"": ""2026-05-18T22:30:00+00:00""}",2026-05-18 22:40:00.797187+00
8a6970d4-8138-4ec9-820d-6153cfe088b1,2fc87363-2dff-469a-9d0a-90a5f2ba4106,world,start,"{""status"": ""scheduled"", ""scheduled_at"": ""2026-05-18T22:30:00+00:00""}",2026-05-18 22:40:01.183317+00
8418f92a-a0cd-4382-a718-a538e851cc9d,90662ad3-fdb9-4d5c-9423-e9542ffa8c9d,world,start,"{""status"": ""scheduled"", ""scheduled_at"": ""2026-05-18T21:39:56.103965+00:00""}",2026-05-18 22:40:01.330567+00
24652a2e-eca6-4bcd-9a5f-2134442bf5d7,10e32fb0-98f0-4bea-9548-e905ca9bdf42,world,start,"{""status"": ""scheduled"", ""scheduled_at"": ""2026-05-18T22:30:00+00:00""}",2026-05-18 22:40:01.396587+00
9f6b671e-3896-4790-b3dd-f4063271f798,81b49a06-d994-4f38-a581-c733937a85a7,world,start,"{""status"": ""scheduled"", ""scheduled_at"": ""2026-05-18T22:30:00+00:00""}",2026-05-18 22:40:01.480125+00
2ce69a0d-4b7a-40f5-a681-482735930633,78f74291-8a84-4a3d-8c9a-eb81cff01cc7,world,start,"{""status"": ""scheduled"", ""scheduled_at"": ""2026-05-18T22:30:00+00:00""}",2026-05-18 22:40:01.543264+00
d6bda296-d699-4a77-98ca-594f6f03afce,2fa45e09-832b-4288-9d24-085de7808d12,world,start,"{""status"": ""scheduled"", ""scheduled_at"": ""2026-05-18T22:30:00+00:00""}",2026-05-18 22:40:01.61935+00
9c2dc13d-5d57-4b84-a2ac-9364dc077c57,7e4b60eb-7674-4d27-8fe3-b93c83a6b116,world,start,"{""status"": ""scheduled"", ""scheduled_at"": ""2026-05-18T22:30:00+00:00""}",2026-05-18 22:40:01.705345+00
c90f6eb7-aab8-4d1b-a909-a04aad0d88c4,078e6657-4ac6-4d20-aa33-8edd162e0468,world,start,"{""status"": ""scheduled"", ""scheduled_at"": ""2026-05-18T22:30:00+00:00""}",2026-05-18 22:40:01.80394+00
5f5037c2-b019-40ef-8609-499d3ec7e1d6,02a771bf-11ed-402e-b1c9-137ff7597dc1,world,start,"{""status"": ""scheduled"", ""scheduled_at"": ""2026-05-18T22:30:00+00:00""}",2026-05-18 22:40:01.912756+00
e113ad3d-ddf4-4a56-a640-b80aeeb7a24a,4a492b08-8f27-4268-b53e-38c6498bb3bf,world,start,"{""status"": ""scheduled"", ""scheduled_at"": ""2026-05-18T22:30:00+00:00""}",2026-05-18 22:40:01.981389+00
59521780-9eec-4307-8719-ce925171251f,467e5a42-e207-411c-8dec-d711468dea66,world,start,"{""status"": ""scheduled"", ""scheduled_at"": ""2026-05-18T22:30:00+00:00""}",2026-05-18 22:40:02.044184+00
f05946cd-8c7e-48a7-9b28-2b068b1a81a1,b248e20e-70b0-4af6-9101-14eb886e2dc2,world,start,"{""status"": ""scheduled"", ""scheduled_at"": ""2026-05-18T22:30:00+00:00""}",2026-05-18 22:40:02.105358+00
5d56bdf2-1f7e-4ce2-80ee-f2be23fc0d04,e24e517c-bcf9-4f3e-ac62-1b32a8f8f119,world,start,"{""status"": ""scheduled"", ""scheduled_at"": ""2026-05-18T22:30:00+00:00""}",2026-05-18 22:40:02.158412+00
c37c4170-1656-43e9-ac58-90356e5d67e7,5f24376f-934e-4be3-8aaa-415b95bb392b,world,start,"{""status"": ""scheduled"", ""scheduled_at"": ""2026-05-18T22:30:00+00:00""}",2026-05-18 22:40:02.222012+00
66a5bae1-c1b0-4038-abb2-9ca62ddb5b89,4d92e2ca-09bc-4132-9c0e-8b8b27d460cb,world,start,"{""status"": ""scheduled"", ""scheduled_at"": ""2026-05-18T22:30:00+00:00""}",2026-05-18 22:40:02.284017+00
23b24b7a-399e-4fb7-90aa-3e43ba33566d,658bcd2e-6385-4149-ba5d-09770f285826,world,start,"{""status"": ""scheduled"", ""scheduled_at"": ""2026-05-18T22:30:00+00:00""}",2026-05-18 22:40:02.364858+00
df2c72c3-6db3-4848-82f9-ba7f863df6ae,2fc87363-2dff-469a-9d0a-90a5f2ba4106,world,start,"{""status"": ""scheduled"", ""scheduled_at"": ""2026-05-18T22:30:00+00:00""}",2026-05-18 22:40:02.425066+00
b4d787b4-a2b0-409f-912a-121a4e902947,90662ad3-fdb9-4d5c-9423-e9542ffa8c9d,world,start,"{""status"": ""scheduled"", ""scheduled_at"": ""2026-05-18T21:39:56.103965+00:00""}",2026-05-18 22:40:24.427445+00
5ff6651c-6d8e-4ed4-bc48-21246850403b,10e32fb0-98f0-4bea-9548-e905ca9bdf42,world,start,"{""status"": ""scheduled"", ""scheduled_at"": ""2026-05-18T22:30:00+00:00""}",2026-05-18 22:40:24.813339+00
665d1ded-a502-4d0c-8741-99720b0544b8,81b49a06-d994-4f38-a581-c733937a85a7,world,start,"{""status"": ""scheduled"", ""scheduled_at"": ""2026-05-18T22:30:00+00:00""}",2026-05-18 22:40:25.188686+00
550b83b3-e8d2-4384-b5ca-3e3282f87e61,78f74291-8a84-4a3d-8c9a-eb81cff01cc7,world,start,"{""status"": ""scheduled"", ""scheduled_at"": ""2026-05-18T22:30:00+00:00""}",2026-05-18 22:40:25.562535+00
8763c164-e72f-4548-9033-bf0e5838d87b,2fa45e09-832b-4288-9d24-085de7808d12,world,start,"{""status"": ""scheduled"", ""scheduled_at"": ""2026-05-18T22:30:00+00:00""}",2026-05-18 22:40:25.929362+00
e1316c3a-2e86-4af6-888a-01703a2fffbf,7e4b60eb-7674-4d27-8fe3-b93c83a6b116,world,start,"{""status"": ""scheduled"", ""scheduled_at"": ""2026-05-18T22:30:00+00:00""}",2026-05-18 22:40:26.297706+00
7d1a0bb8-6131-4d4c-93d2-0a10fcc7015a,078e6657-4ac6-4d20-aa33-8edd162e0468,world,start,"{""status"": ""scheduled"", ""scheduled_at"": ""2026-05-18T22:30:00+00:00""}",2026-05-18 22:40:26.669222+00
b1c37087-bd9e-4546-a805-62bd59837bda,02a771bf-11ed-402e-b1c9-137ff7597dc1,world,start,"{""status"": ""scheduled"", ""scheduled_at"": ""2026-05-18T22:30:00+00:00""}",2026-05-18 22:40:27.039438+00
743d9829-8c6b-49fc-8ea0-dd99e1217d4f,4a492b08-8f27-4268-b53e-38c6498bb3bf,world,start,"{""status"": ""scheduled"", ""scheduled_at"": ""2026-05-18T22:30:00+00:00""}",2026-05-18 22:40:27.414768+00
4240926f-0451-4159-98b6-e756ed32d81a,467e5a42-e207-411c-8dec-d711468dea66,world,start,"{""status"": ""scheduled"", ""scheduled_at"": ""2026-05-18T22:30:00+00:00""}",2026-05-18 22:40:27.782848+00
9a1db7d2-6ea8-4450-b4a7-a597052fc883,b248e20e-70b0-4af6-9101-14eb886e2dc2,world,start,"{""status"": ""scheduled"", ""scheduled_at"": ""2026-05-18T22:30:00+00:00""}",2026-05-18 22:40:28.161834+00
6feac973-26eb-4976-80fd-0eeec96bcc36,e24e517c-bcf9-4f3e-ac62-1b32a8f8f119,world,start,"{""status"": ""scheduled"", ""scheduled_at"": ""2026-05-18T22:30:00+00:00""}",2026-05-18 22:40:28.533379+00
4d348c05-4a7b-4d4b-82a2-9b4849fcfcb4,5f24376f-934e-4be3-8aaa-415b95bb392b,world,start,"{""status"": ""scheduled"", ""scheduled_at"": ""2026-05-18T22:30:00+00:00""}",2026-05-18 22:40:28.917193+00
e16d1e85-e69a-44b4-8a6e-8debb86248a3,4d92e2ca-09bc-4132-9c0e-8b8b27d460cb,world,start,"{""status"": ""scheduled"", ""scheduled_at"": ""2026-05-18T22:30:00+00:00""}",2026-05-18 22:40:29.290755+00
cafef169-4953-40bb-a7ef-770634a972b3,658bcd2e-6385-4149-ba5d-09770f285826,world,start,"{""status"": ""scheduled"", ""scheduled_at"": ""2026-05-18T22:30:00+00:00""}",2026-05-18 22:40:29.66774+00
115bae1e-fccb-4219-8caf-d1bc2766bbfa,2fc87363-2dff-469a-9d0a-90a5f2ba4106,world,start,"{""status"": ""scheduled"", ""scheduled_at"": ""2026-05-18T22:30:00+00:00""}",2026-05-18 22:40:30.046743+00
6d12d5df-3999-4248-bd8c-5907e38d2ab3,90662ad3-fdb9-4d5c-9423-e9542ffa8c9d,world,start,"{""status"": ""scheduled"", ""scheduled_at"": ""2026-05-18T21:39:56.103965+00:00""}",2026-05-18 22:41:02.793035+00
4d7e21ae-44e3-44b3-a383-aca162f2f662,10e32fb0-98f0-4bea-9548-e905ca9bdf42,world,start,"{""status"": ""scheduled"", ""scheduled_at"": ""2026-05-18T22:30:00+00:00""}",2026-05-18 22:41:03.924691+00
94d33db5-2dfa-428c-805b-7afa0c4e2eda,81b49a06-d994-4f38-a581-c733937a85a7,world,start,"{""status"": ""scheduled"", ""scheduled_at"": ""2026-05-18T22:30:00+00:00""}",2026-05-18 22:41:04.910067+00
ba41274f-f4ca-49f1-a716-43b05726593b,78f74291-8a84-4a3d-8c9a-eb81cff01cc7,world,start,"{""status"": ""scheduled"", ""scheduled_at"": ""2026-05-18T22:30:00+00:00""}",2026-05-18 22:41:05.373876+00
4378d614-e1a5-4e4b-82ce-a3fd9aecca35,2fa45e09-832b-4288-9d24-085de7808d12,world,start,"{""status"": ""scheduled"", ""scheduled_at"": ""2026-05-18T22:30:00+00:00""}",2026-05-18 22:41:05.4808+00
bad12ae9-4468-42e5-894f-4dc9c47dde88,7e4b60eb-7674-4d27-8fe3-b93c83a6b116,world,start,"{""status"": ""scheduled"", ""scheduled_at"": ""2026-05-18T22:30:00+00:00""}",2026-05-18 22:41:05.796601+00
ce7c2ee1-0356-458e-b2b0-2176e8cbe804,078e6657-4ac6-4d20-aa33-8edd162e0468,world,start,"{""status"": ""scheduled"", ""scheduled_at"": ""2026-05-18T22:30:00+00:00""}",2026-05-18 22:41:05.926098+00
4d79d214-c8b6-4b13-8823-92c9d680d7da,02a771bf-11ed-402e-b1c9-137ff7597dc1,world,start,"{""status"": ""scheduled"", ""scheduled_at"": ""2026-05-18T22:30:00+00:00""}",2026-05-18 22:41:06.221346+00
81f5dfa1-8591-4c72-862d-730b2ba0920b,2fc87363-2dff-469a-9d0a-90a5f2ba4106,world,start,"{""status"": ""scheduled"", ""scheduled_at"": ""2026-05-18T22:30:00+00:00""}",2026-05-18 22:41:07.545826+00
c73b69c9-6181-4331-bb9a-ba7768ca4324,4a492b08-8f27-4268-b53e-38c6498bb3bf,world,start,"{""status"": ""scheduled"", ""scheduled_at"": ""2026-05-18T22:30:00+00:00""}",2026-05-18 22:41:06.499789+00
1253bf64-3430-4ac5-ac5c-e1bbcc45680e,467e5a42-e207-411c-8dec-d711468dea66,world,start,"{""status"": ""scheduled"", ""scheduled_at"": ""2026-05-18T22:30:00+00:00""}",2026-05-18 22:41:06.642749+00
7f171ce0-2e44-4757-aa87-e8e969d89f55,b248e20e-70b0-4af6-9101-14eb886e2dc2,world,start,"{""status"": ""scheduled"", ""scheduled_at"": ""2026-05-18T22:30:00+00:00""}",2026-05-18 22:41:06.953561+00
7c6fb3be-e330-49af-935d-333e7c87ff20,4d92e2ca-09bc-4132-9c0e-8b8b27d460cb,world,start,"{""status"": ""scheduled"", ""scheduled_at"": ""2026-05-18T22:30:00+00:00""}",2026-05-18 22:41:07.312758+00
14cc617a-f367-4992-8a4d-b5c266033937,e24e517c-bcf9-4f3e-ac62-1b32a8f8f119,world,start,"{""status"": ""scheduled"", ""scheduled_at"": ""2026-05-18T22:30:00+00:00""}",2026-05-18 22:41:07.132398+00
d029eb90-e464-4d86-8e25-3941095d450b,5f24376f-934e-4be3-8aaa-415b95bb392b,world,start,"{""status"": ""scheduled"", ""scheduled_at"": ""2026-05-18T22:30:00+00:00""}",2026-05-18 22:41:07.208391+00
29839ae5-871f-442b-a379-5bba67170127,658bcd2e-6385-4149-ba5d-09770f285826,world,start,"{""status"": ""scheduled"", ""scheduled_at"": ""2026-05-18T22:30:00+00:00""}",2026-05-18 22:41:07.387077+00
96e4f953-5f0b-4764-b9fb-e9e022057a8e,90662ad3-fdb9-4d5c-9423-e9542ffa8c9d,world,start,"{""status"": ""scheduled"", ""scheduled_at"": ""2026-05-18T21:39:56.103965+00:00""}",2026-05-18 22:41:25.275001+00
f6c92474-dfbf-48ac-a1ef-9974806fbe65,10e32fb0-98f0-4bea-9548-e905ca9bdf42,world,start,"{""status"": ""scheduled"", ""scheduled_at"": ""2026-05-18T22:30:00+00:00""}",2026-05-18 22:41:25.682237+00
fcbcb573-6b51-47fa-94fe-1241ef786b6f,81b49a06-d994-4f38-a581-c733937a85a7,world,start,"{""status"": ""scheduled"", ""scheduled_at"": ""2026-05-18T22:30:00+00:00""}",2026-05-18 22:41:26.060501+00
aaa4f58b-e5f7-4f88-b9c7-85a793de1999,78f74291-8a84-4a3d-8c9a-eb81cff01cc7,world,start,"{""status"": ""scheduled"", ""scheduled_at"": ""2026-05-18T22:30:00+00:00""}",2026-05-18 22:41:26.43391+00
185cb742-5d3b-42e6-80a2-9aa4be59ba27,2fa45e09-832b-4288-9d24-085de7808d12,world,start,"{""status"": ""scheduled"", ""scheduled_at"": ""2026-05-18T22:30:00+00:00""}",2026-05-18 22:41:26.801957+00
358c02fe-e2fb-4ce4-9a7c-c809d5dc6b2e,7e4b60eb-7674-4d27-8fe3-b93c83a6b116,world,start,"{""status"": ""scheduled"", ""scheduled_at"": ""2026-05-18T22:30:00+00:00""}",2026-05-18 22:41:27.182901+00
d3d26cd5-755a-4ead-9808-580717e477cd,078e6657-4ac6-4d20-aa33-8edd162e0468,world,start,"{""status"": ""scheduled"", ""scheduled_at"": ""2026-05-18T22:30:00+00:00""}",2026-05-18 22:41:27.569837+00
e02e360c-8d2c-4498-9348-d9c766110d53,02a771bf-11ed-402e-b1c9-137ff7597dc1,world,start,"{""status"": ""scheduled"", ""scheduled_at"": ""2026-05-18T22:30:00+00:00""}",2026-05-18 22:41:27.938824+00
079a577a-976b-451b-899a-c4b924598346,4a492b08-8f27-4268-b53e-38c6498bb3bf,world,start,"{""status"": ""scheduled"", ""scheduled_at"": ""2026-05-18T22:30:00+00:00""}",2026-05-18 22:41:28.31394+00
e1fcf5d0-cb4a-41fa-8186-2fbe2963a79f,467e5a42-e207-411c-8dec-d711468dea66,world,start,"{""status"": ""scheduled"", ""scheduled_at"": ""2026-05-18T22:30:00+00:00""}",2026-05-18 22:41:28.704307+00
86a10f19-31b8-42e9-8eef-9ead52db6d59,b248e20e-70b0-4af6-9101-14eb886e2dc2,world,start,"{""status"": ""scheduled"", ""scheduled_at"": ""2026-05-18T22:30:00+00:00""}",2026-05-18 22:41:29.107062+00
40092e38-bf36-41b8-8a41-7a85c1706ffe,e24e517c-bcf9-4f3e-ac62-1b32a8f8f119,world,start,"{""status"": ""scheduled"", ""scheduled_at"": ""2026-05-18T22:30:00+00:00""}",2026-05-18 22:41:29.492751+00
c24a74b5-e4a9-4381-a812-3ba0cc0825d7,5f24376f-934e-4be3-8aaa-415b95bb392b,world,start,"{""status"": ""scheduled"", ""scheduled_at"": ""2026-05-18T22:30:00+00:00""}",2026-05-18 22:41:29.867121+00
c5356f09-17b6-4020-81d5-28330eba53b4,4d92e2ca-09bc-4132-9c0e-8b8b27d460cb,world,start,"{""status"": ""scheduled"", ""scheduled_at"": ""2026-05-18T22:30:00+00:00""}",2026-05-18 22:41:30.240052+00
291536e8-6389-4872-855d-7ff2b080fd20,658bcd2e-6385-4149-ba5d-09770f285826,world,start,"{""status"": ""scheduled"", ""scheduled_at"": ""2026-05-18T22:30:00+00:00""}",2026-05-18 22:41:30.621599+00
df046842-33d5-4c43-ac72-8511f17abce7,2fc87363-2dff-469a-9d0a-90a5f2ba4106,world,start,"{""status"": ""scheduled"", ""scheduled_at"": ""2026-05-18T22:30:00+00:00""}",2026-05-18 22:41:30.995004+00
bd4b922d-29d8-425c-a9ca-6bd9c8caa0ab,90662ad3-fdb9-4d5c-9423-e9542ffa8c9d,world,start,"{""status"": ""scheduled"", ""scheduled_at"": ""2026-05-18T21:39:56.103965+00:00""}",2026-05-18 22:41:54.433019+00
9ac83f0e-fc66-435b-8833-927e895a4dab,10e32fb0-98f0-4bea-9548-e905ca9bdf42,world,start,"{""status"": ""scheduled"", ""scheduled_at"": ""2026-05-18T22:30:00+00:00""}",2026-05-18 22:41:54.817148+00
d4f429ea-af71-4cc8-87f3-96c0b475a802,81b49a06-d994-4f38-a581-c733937a85a7,world,start,"{""status"": ""scheduled"", ""scheduled_at"": ""2026-05-18T22:30:00+00:00""}",2026-05-18 22:41:55.203607+00
1b0c936d-5d99-482d-842e-3966939e6a00,78f74291-8a84-4a3d-8c9a-eb81cff01cc7,world,start,"{""status"": ""scheduled"", ""scheduled_at"": ""2026-05-18T22:30:00+00:00""}",2026-05-18 22:41:55.595112+00
cbd897f5-dd3c-4199-b0d6-0ed3a083b3c4,2fa45e09-832b-4288-9d24-085de7808d12,world,start,"{""status"": ""scheduled"", ""scheduled_at"": ""2026-05-18T22:30:00+00:00""}",2026-05-18 22:41:55.975968+00
3df1f0cc-6396-4f41-a344-f3af423b9856,7e4b60eb-7674-4d27-8fe3-b93c83a6b116,world,start,"{""status"": ""scheduled"", ""scheduled_at"": ""2026-05-18T22:30:00+00:00""}",2026-05-18 22:41:56.355807+00
42efddf9-98a5-4cbc-ba55-c2e7359782c0,078e6657-4ac6-4d20-aa33-8edd162e0468,world,start,"{""status"": ""scheduled"", ""scheduled_at"": ""2026-05-18T22:30:00+00:00""}",2026-05-18 22:41:56.739428+00
11af4d56-dce2-463e-9943-16749598632e,02a771bf-11ed-402e-b1c9-137ff7597dc1,world,start,"{""status"": ""scheduled"", ""scheduled_at"": ""2026-05-18T22:30:00+00:00""}",2026-05-18 22:41:57.309367+00
224c6f28-fde2-448e-8dc0-3ea7f5e3a257,4a492b08-8f27-4268-b53e-38c6498bb3bf,world,start,"{""status"": ""scheduled"", ""scheduled_at"": ""2026-05-18T22:30:00+00:00""}",2026-05-18 22:41:57.747905+00
06ace60d-8d98-430c-9c63-42587e9da7dc,467e5a42-e207-411c-8dec-d711468dea66,world,start,"{""status"": ""scheduled"", ""scheduled_at"": ""2026-05-18T22:30:00+00:00""}",2026-05-18 22:41:58.133046+00
43b641ce-8578-4a98-8bf6-e7e2d326d996,b248e20e-70b0-4af6-9101-14eb886e2dc2,world,start,"{""status"": ""scheduled"", ""scheduled_at"": ""2026-05-18T22:30:00+00:00""}",2026-05-18 22:41:58.544297+00
552adbab-1a7f-47b9-8b5b-45501bddfd69,e24e517c-bcf9-4f3e-ac62-1b32a8f8f119,world,start,"{""status"": ""scheduled"", ""scheduled_at"": ""2026-05-18T22:30:00+00:00""}",2026-05-18 22:41:58.941348+00
95e83e0f-8912-4a27-9ebc-97449453c070,5f24376f-934e-4be3-8aaa-415b95bb392b,world,start,"{""status"": ""scheduled"", ""scheduled_at"": ""2026-05-18T22:30:00+00:00""}",2026-05-18 22:41:59.323536+00
9dcbcfd6-cdda-4976-887c-4b51a81798e8,4d92e2ca-09bc-4132-9c0e-8b8b27d460cb,world,start,"{""status"": ""scheduled"", ""scheduled_at"": ""2026-05-18T22:30:00+00:00""}",2026-05-18 22:41:59.705602+00
808f65a8-8b64-47dc-8544-510269fad095,658bcd2e-6385-4149-ba5d-09770f285826,world,start,"{""status"": ""scheduled"", ""scheduled_at"": ""2026-05-18T22:30:00+00:00""}",2026-05-18 22:42:00.086909+00
47658ccc-a052-4108-9660-d6ebfd316add,2fc87363-2dff-469a-9d0a-90a5f2ba4106,world,start,"{""status"": ""scheduled"", ""scheduled_at"": ""2026-05-18T22:30:00+00:00""}",2026-05-18 22:42:00.479057+00
de958f99-96ae-42f0-9895-58fb3cd13afc,90662ad3-fdb9-4d5c-9423-e9542ffa8c9d,world,start,"{""status"": ""scheduled"", ""scheduled_at"": ""2026-05-18T21:39:56.103965+00:00""}",2026-05-18 22:42:01.113953+00
abcd3df4-7c14-4416-b42f-25ae4993c879,10e32fb0-98f0-4bea-9548-e905ca9bdf42,world,start,"{""status"": ""scheduled"", ""scheduled_at"": ""2026-05-18T22:30:00+00:00""}",2026-05-18 22:42:01.152843+00
7788bb63-7d81-4cdc-9312-8307493ea94c,81b49a06-d994-4f38-a581-c733937a85a7,world,start,"{""status"": ""scheduled"", ""scheduled_at"": ""2026-05-18T22:30:00+00:00""}",2026-05-18 22:42:01.210673+00
c20d4174-9f93-4f61-b2e8-e93d069218cf,78f74291-8a84-4a3d-8c9a-eb81cff01cc7,world,start,"{""status"": ""scheduled"", ""scheduled_at"": ""2026-05-18T22:30:00+00:00""}",2026-05-18 22:42:01.245956+00
32be3521-1347-46f7-8d06-4b5e2f3dbb61,2fa45e09-832b-4288-9d24-085de7808d12,world,start,"{""status"": ""scheduled"", ""scheduled_at"": ""2026-05-18T22:30:00+00:00""}",2026-05-18 22:42:01.279976+00
149655a4-d8d3-46a2-98d1-08a450d2b38d,7e4b60eb-7674-4d27-8fe3-b93c83a6b116,world,start,"{""status"": ""scheduled"", ""scheduled_at"": ""2026-05-18T22:30:00+00:00""}",2026-05-18 22:42:01.318265+00
2150cfe2-7363-42fa-a0fd-3295d6398245,078e6657-4ac6-4d20-aa33-8edd162e0468,world,start,"{""status"": ""scheduled"", ""scheduled_at"": ""2026-05-18T22:30:00+00:00""}",2026-05-18 22:42:01.35653+00
c96f9af9-8523-4859-a57a-5cd45b1fde0c,02a771bf-11ed-402e-b1c9-137ff7597dc1,world,start,"{""status"": ""scheduled"", ""scheduled_at"": ""2026-05-18T22:30:00+00:00""}",2026-05-18 22:42:01.390338+00
3194c4f3-8bb9-4f0a-890f-d8a4e64af9f0,4a492b08-8f27-4268-b53e-38c6498bb3bf,world,start,"{""status"": ""scheduled"", ""scheduled_at"": ""2026-05-18T22:30:00+00:00""}",2026-05-18 22:42:01.425881+00
2ab8b9e7-8613-4f2a-b89c-8371d637ef1f,467e5a42-e207-411c-8dec-d711468dea66,world,start,"{""status"": ""scheduled"", ""scheduled_at"": ""2026-05-18T22:30:00+00:00""}",2026-05-18 22:42:01.460529+00
00ab5b74-5243-46b9-a70f-e1f084b2ea87,b248e20e-70b0-4af6-9101-14eb886e2dc2,world,start,"{""status"": ""scheduled"", ""scheduled_at"": ""2026-05-18T22:30:00+00:00""}",2026-05-18 22:42:01.495347+00
d7915d0c-6708-45b2-9d72-fcbb57d247ba,e24e517c-bcf9-4f3e-ac62-1b32a8f8f119,world,start,"{""status"": ""scheduled"", ""scheduled_at"": ""2026-05-18T22:30:00+00:00""}",2026-05-18 22:42:01.528826+00
210de3fe-1f9c-42f2-b999-be792cb67dcc,5f24376f-934e-4be3-8aaa-415b95bb392b,world,start,"{""status"": ""scheduled"", ""scheduled_at"": ""2026-05-18T22:30:00+00:00""}",2026-05-18 22:42:01.562342+00
ce761e52-3079-45c2-8034-79eae816cfdb,4d92e2ca-09bc-4132-9c0e-8b8b27d460cb,world,start,"{""status"": ""scheduled"", ""scheduled_at"": ""2026-05-18T22:30:00+00:00""}",2026-05-18 22:42:01.608323+00
52f9c481-c23b-480a-9065-e74a6d3bcf66,658bcd2e-6385-4149-ba5d-09770f285826,world,start,"{""status"": ""scheduled"", ""scheduled_at"": ""2026-05-18T22:30:00+00:00""}",2026-05-18 22:42:01.643532+00
dbaee891-e858-488e-b746-0f657f93450c,2fc87363-2dff-469a-9d0a-90a5f2ba4106,world,start,"{""status"": ""scheduled"", ""scheduled_at"": ""2026-05-18T22:30:00+00:00""}",2026-05-18 22:42:01.681925+00
efd33b07-9821-4ff6-a2fd-6e68632a58e6,90662ad3-fdb9-4d5c-9423-e9542ffa8c9d,world,start,"{""status"": ""scheduled"", ""scheduled_at"": ""2026-05-18T21:39:56.103965+00:00""}",2026-05-18 22:42:24.363621+00
12bd6b3b-8489-4ba6-add1-04f0137e7069,10e32fb0-98f0-4bea-9548-e905ca9bdf42,world,start,"{""status"": ""scheduled"", ""scheduled_at"": ""2026-05-18T22:30:00+00:00""}",2026-05-18 22:42:24.758001+00
aa34c898-b442-416b-b51f-ea4fec56e73a,81b49a06-d994-4f38-a581-c733937a85a7,world,start,"{""status"": ""scheduled"", ""scheduled_at"": ""2026-05-18T22:30:00+00:00""}",2026-05-18 22:42:25.142138+00
d860b0d8-e4a4-422c-97c0-8c77f7df9970,78f74291-8a84-4a3d-8c9a-eb81cff01cc7,world,start,"{""status"": ""scheduled"", ""scheduled_at"": ""2026-05-18T22:30:00+00:00""}",2026-05-18 22:42:25.529828+00
e56a9e00-7710-445f-811e-39999c61ab58,2fa45e09-832b-4288-9d24-085de7808d12,world,start,"{""status"": ""scheduled"", ""scheduled_at"": ""2026-05-18T22:30:00+00:00""}",2026-05-18 22:42:25.9212+00
6bd52a85-4058-4c9e-8b60-419771bf91ec,7e4b60eb-7674-4d27-8fe3-b93c83a6b116,world,start,"{""status"": ""scheduled"", ""scheduled_at"": ""2026-05-18T22:30:00+00:00""}",2026-05-18 22:42:26.304613+00
45955cd0-c314-4ed5-a7cf-0cbf9934be9f,078e6657-4ac6-4d20-aa33-8edd162e0468,world,start,"{""status"": ""scheduled"", ""scheduled_at"": ""2026-05-18T22:30:00+00:00""}",2026-05-18 22:42:26.699525+00
aae00ad6-6d0e-4615-b8aa-b28f2fac43d1,02a771bf-11ed-402e-b1c9-137ff7597dc1,world,start,"{""status"": ""scheduled"", ""scheduled_at"": ""2026-05-18T22:30:00+00:00""}",2026-05-18 22:42:27.085012+00
917a1919-0c53-43f3-a6c8-77399381817d,4a492b08-8f27-4268-b53e-38c6498bb3bf,world,start,"{""status"": ""scheduled"", ""scheduled_at"": ""2026-05-18T22:30:00+00:00""}",2026-05-18 22:42:27.481083+00
ace7ea49-ea9b-4f54-83ee-e8a794004c6f,467e5a42-e207-411c-8dec-d711468dea66,world,start,"{""status"": ""scheduled"", ""scheduled_at"": ""2026-05-18T22:30:00+00:00""}",2026-05-18 22:42:27.863894+00
ee0ee932-1234-409f-805f-df7a99d2445d,b248e20e-70b0-4af6-9101-14eb886e2dc2,world,start,"{""status"": ""scheduled"", ""scheduled_at"": ""2026-05-18T22:30:00+00:00""}",2026-05-18 22:42:28.250183+00
09edd6fc-6de2-43c5-9b9f-afc78a866445,e24e517c-bcf9-4f3e-ac62-1b32a8f8f119,world,start,"{""status"": ""scheduled"", ""scheduled_at"": ""2026-05-18T22:30:00+00:00""}",2026-05-18 22:42:28.629865+00
9f6b4705-216e-4f51-b098-e9cfc2f57f32,5f24376f-934e-4be3-8aaa-415b95bb392b,world,start,"{""status"": ""scheduled"", ""scheduled_at"": ""2026-05-18T22:30:00+00:00""}",2026-05-18 22:42:29.03437+00
51ba7e26-dcc6-4e6e-b02e-ccbfb7f811d2,4d92e2ca-09bc-4132-9c0e-8b8b27d460cb,world,start,"{""status"": ""scheduled"", ""scheduled_at"": ""2026-05-18T22:30:00+00:00""}",2026-05-18 22:42:29.417249+00
e4e6e83d-e30a-403d-889a-8fe6f8f7d8ba,658bcd2e-6385-4149-ba5d-09770f285826,world,start,"{""status"": ""scheduled"", ""scheduled_at"": ""2026-05-18T22:30:00+00:00""}",2026-05-18 22:42:29.798611+00
735ca594-df51-4cdc-9665-eeb545bdfeb7,2fc87363-2dff-469a-9d0a-90a5f2ba4106,world,start,"{""status"": ""scheduled"", ""scheduled_at"": ""2026-05-18T22:30:00+00:00""}",2026-05-18 22:42:30.174362+00
