id,user_id,type,title,message,icon,data,read_at,created_at,category,priority,link,actions
3b4e74a0-8235-42e1-983d-58daeaeafee1,e9e8a10a-6572-4369-a9c6-bdb3e6143f8c,success,Bem-vindo ao FLM 26!,"Parabéns pela criação do FLM Team Fc! Dicas: treine seus jogadores diariamente, melhore o CT e entre em ligas para competir online. Boa sorte, Manager!",👋,,2026-04-25 18:21:55.313+00,2026-04-25 18:20:59.370892+00,Club,medium,,
04066f64-ce3f-4f22-a696-b4a3b08aac10,68123140-4a25-44c0-adff-ea148c54423c,success,Bem-vindo ao FLM 26!,"Olá, Manager! Dicas: treine seus jogadores diariamente, melhore o CT e entre em ligas para competir online. Boa sorte! ⚽",👋,,2026-04-25 18:26:48.538+00,2026-04-25 18:12:53.370248+00,Club,medium,,
82733930-48d4-470a-ba74-5ff3d15be979,74125438-d6d6-471b-9669-b06add2421de,success,Bem-vindo ao FLM 26!,"Parabéns pela criação do UNC SPORT CLUB! Dicas: treine seus jogadores diariamente, melhore o CT e entre em ligas para competir online. Boa sorte, Manager!",👋,,2026-04-25 23:45:55.497+00,2026-04-25 23:45:50.110226+00,Club,medium,,
480f8e82-ce81-4070-b62f-57c8133c7940,74125438-d6d6-471b-9669-b06add2421de,success,Bem-vindo ao FLM 26!,"Parabéns pela criação do UNC SPORT CLUB! Dicas: treine seus jogadores diariamente, melhore o CT e entre em ligas para competir online. Boa sorte, Manager!",👋,,2026-04-25 23:45:55.857+00,2026-04-25 23:45:50.249644+00,Club,medium,,
38662e12-3718-4986-bb3b-38ea4d735bc0,68123140-4a25-44c0-adff-ea148c54423c,warning,Nova proposta por Carlos Oliveira!,FLM Team Fc ofereceu R$610k por Carlos Oliveira (OVR 61). Salário: R$6100/mês • Contrato: 2 anos. Confira na aba Propostas do Mercado!,📩,,2026-04-26 20:58:52.611+00,2026-04-26 13:18:51.064359+00,Club,medium,,
a2281220-1544-423b-98bd-2ec359f90a76,e9e8a10a-6572-4369-a9c6-bdb3e6143f8c,auction_won,🏆 Leilão vencido!,Você arrematou Wesley Ribeiro por R$ 1400000,🏆,"{""amount"": 1400000, ""auction_id"": ""9ad5c54e-621c-466f-aed7-ce2d1ae003e6"", ""player_data"": {""id"": ""5f93a45b9"", ""age"": 28, ""name"": ""Wesley Ribeiro"", ""goals"": 0, ""morale"": 75, ""salary"": 7000, ""assists"": 0, ""history"": [], ""overall"": 70, ""stamina"": 85, ""contract"": 3, ""position"": ""VOL"", ""attributes"": {""speed"": 76, ""vision"": 74, ""heading"": 67, ""marking"": 67, ""passing"": 77, ""crossing"": 69, ""physical"": 74, ""shooting"": 74, ""workRate"": 75, ""composure"": 77, ""defending"": 67, ""dribbling"": 76, ""longShots"": 67, ""setPieces"": 75, ""aggression"": 64, ""goalkeeping"": 20, ""positioning"": 75}, ""gamesPlayed"": 0, ""personality"": ""dedicado"", ""trainingProgress"": 0}}",2026-04-26 21:11:00.339+00,2026-04-26 20:00:00.17403+00,Club,medium,,
dd075aa1-8e87-4577-b700-fbc676d056d7,c9544dd0-3729-480b-bd00-315d75a45711,success,Bem-vindo ao FLM 26!,"Parabéns pela criação do ABC FC! Dicas: treine seus jogadores diariamente, melhore o CT e entre em ligas para competir online. Boa sorte, Manager!",👋,,2026-04-27 00:25:03.835+00,2026-04-27 00:24:56.643386+00,Club,medium,,
b237b69f-6623-4cb2-b931-781a04a5c764,e9e8a10a-6572-4369-a9c6-bdb3e6143f8c,friendly_accepted,Amistoso aceito!,ADM FC aceitou sua partida aberta.,⚽,"{""opponent"": ""ADM FC"", ""invite_id"": ""ab9be44e-31d6-414d-a25e-8838c9b3aa16""}",2026-04-27 01:03:56.733+00,2026-04-27 01:03:37.070958+00,Club,medium,,
2c6bf2c4-a33a-4e1f-b2b2-87ba0167132f,e9e8a10a-6572-4369-a9c6-bdb3e6143f8c,match_auto_simulated,Partida simulada automaticamente,🟢 Vitória 2x0 vs ADM FC (Amistoso),🤖,"{""my_goals"": 2, ""opponent"": ""ADM FC"", ""opp_goals"": 0, ""competition"": ""Amistoso"", ""auto_simulated"": true}",2026-04-27 01:16:56.97+00,2026-04-27 01:10:01.285838+00,Club,medium,,
be3a7fda-bb86-41c8-a16a-4150245c6319,68123140-4a25-44c0-adff-ea148c54423c,match_auto_simulated,Partida simulada automaticamente,🔴 Derrota 0x2 vs FLM Team Fc (Amistoso),🤖,"{""my_goals"": 0, ""opponent"": ""FLM Team Fc"", ""opp_goals"": 2, ""competition"": ""Amistoso"", ""auto_simulated"": true}",2026-04-27 01:17:20.184+00,2026-04-27 01:10:01.329125+00,Club,medium,,
87b460da-ec11-43d7-adf3-e912e144d779,3b612347-aa9f-41f8-9bee-59f26c562344,success,Bem-vindo ao FLM 26!,"Parabéns pela criação do FLM! Dicas: treine seus jogadores diariamente, melhore o CT e entre em ligas para competir online. Boa sorte, Manager!",👋,,2026-04-27 02:39:48.533+00,2026-04-27 02:18:25.77848+00,Club,medium,,
b6eaf5aa-3af0-4714-91f2-2d0a3d38573f,68123140-4a25-44c0-adff-ea148c54423c,friendly_accepted,Amistoso aceito!,ABC FC aceitou sua partida aberta.,⚽,"{""opponent"": ""ABC FC"", ""invite_id"": ""d1402a03-722d-4512-9c6c-19bf951bed20""}",2026-04-30 22:12:16.231+00,2026-04-30 22:05:21.947056+00,Club,medium,,
f34964cd-2e8c-457f-abf8-c3bc8bbbf98b,68123140-4a25-44c0-adff-ea148c54423c,match_auto_simulated,Partida simulada automaticamente,🟢 Vitória 2x0 vs ABC FC (Amistoso),🤖,"{""my_goals"": 2, ""opponent"": ""ABC FC"", ""opp_goals"": 0, ""competition"": ""Amistoso"", ""auto_simulated"": true}",2026-04-30 22:12:16.418+00,2026-04-30 22:12:08.714825+00,Club,medium,,
96547b85-c89a-4a41-aef1-2aaac781ecf9,c9544dd0-3729-480b-bd00-315d75a45711,match_auto_simulated,Partida simulada automaticamente,🔴 Derrota 0x2 vs ADM FC (Amistoso),🤖,"{""my_goals"": 0, ""opponent"": ""ADM FC"", ""opp_goals"": 2, ""competition"": ""Amistoso"", ""auto_simulated"": true}",2026-04-30 22:18:18.028+00,2026-04-30 22:12:09.050358+00,Club,medium,,
d04921e0-9f42-4329-a216-eb3019c7a9f1,68123140-4a25-44c0-adff-ea148c54423c,league_enrolled,Inscrição confirmada na liga,Você foi inscrito na liga Brasileirão Série A. Horário dos jogos: 18:00 (BRT). Boa sorte na competição!,🏆,"{""kickoff"": ""18:00"", ""league_id"": ""b3737ddf-dc57-482a-b7c5-54c1605df723"", ""league_name"": ""Brasileirão Série A""}",2026-05-01 14:45:24.255+00,2026-05-01 14:38:38.929544+00,Club,medium,,
a27144c8-9d0c-4fca-8bfa-3db57e0b9771,e9e8a10a-6572-4369-a9c6-bdb3e6143f8c,league_enrolled,Inscrição confirmada na liga,Você foi inscrito na liga Brasileirão Série A. Horário dos jogos: 18:00 (BRT). Boa sorte na competição!,🏆,"{""kickoff"": ""18:00"", ""league_id"": ""b3737ddf-dc57-482a-b7c5-54c1605df723"", ""league_name"": ""Brasileirão Série A""}",2026-05-01 14:49:03.571+00,2026-05-01 14:38:38.929544+00,Club,medium,,
e4b0d2a4-c30a-4786-be1b-108f749497ab,68123140-4a25-44c0-adff-ea148c54423c,friendly_accepted,Amistoso aceito!,FLM Team Fc aceitou sua partida aberta.,⚽,"{""opponent"": ""FLM Team Fc"", ""invite_id"": ""9ef2368c-939f-482c-bd04-38c21e7fa1d7""}",2026-05-01 14:52:22.106+00,2026-05-01 14:50:48.265374+00,Club,medium,,
c90f0a2a-ec4d-4070-92f2-daea87a3a3e4,e9e8a10a-6572-4369-a9c6-bdb3e6143f8c,match_auto_simulated,Partida simulada automaticamente,🔴 Derrota 2x5 vs ADM FC (Amistoso),🤖,"{""my_goals"": 2, ""opponent"": ""ADM FC"", ""opp_goals"": 5, ""competition"": ""Amistoso"", ""auto_simulated"": true}",,2026-05-01 14:56:01.021433+00,Club,medium,,
7ed18a02-407b-4128-b014-d4c9a20fe7f9,68123140-4a25-44c0-adff-ea148c54423c,match_auto_simulated,Partida simulada automaticamente,🟢 Vitória 5x2 vs FLM Team Fc (Amistoso),🤖,"{""my_goals"": 5, ""opponent"": ""FLM Team Fc"", ""opp_goals"": 2, ""competition"": ""Amistoso"", ""auto_simulated"": true}",2026-05-01 16:00:21.768+00,2026-05-01 14:56:00.977199+00,Club,medium,,
52f9418c-ba72-46cc-bc37-741b4c5295b1,74125438-d6d6-471b-9669-b06add2421de,league_enrolled,Inscrição confirmada na liga,Você foi inscrito na liga La Liga. Horário dos jogos: 17:00 (BRT). Boa sorte na competição!,🏆,"{""kickoff"": ""17:00"", ""league_id"": ""bca86227-aec2-49ed-866b-93f17cc88fd4"", ""league_name"": ""La Liga""}",2026-05-06 22:48:45.926+00,2026-05-01 14:38:38.929544+00,Club,medium,,
8529f02a-e20f-4e29-8c7a-a4a1369a87dc,3b612347-aa9f-41f8-9bee-59f26c562344,league_enrolled,Inscrição confirmada na liga,Você foi inscrito na liga Brasileirão Série A. Horário dos jogos: 18:00 (BRT). Boa sorte na competição!,🏆,"{""kickoff"": ""18:00"", ""league_id"": ""b3737ddf-dc57-482a-b7c5-54c1605df723"", ""league_name"": ""Brasileirão Série A""}",2026-05-01 16:14:07.353+00,2026-05-01 14:38:38.929544+00,Club,medium,,
2802f3f2-a3b2-4c80-871b-c9c2890ebf83,1c4c75aa-2561-441e-9c0e-9655aa005e34,success,Bem-vindo ao FLM 26!,"Parabéns pela criação do Real Zaragola! Dicas: treine seus jogadores diariamente, melhore o CT e entre em ligas para competir online. Boa sorte, Manager!",👋,,2026-05-01 16:21:22.904+00,2026-05-01 16:21:04.728763+00,Club,medium,,
ae635a80-e1ce-4d69-b608-77efcaeeb92f,c9544dd0-3729-480b-bd00-315d75a45711,league_enrolled,Inscrição confirmada na liga,Você foi inscrito na liga Brasileirão Série A. Horário dos jogos: 18:00 (BRT). Boa sorte na competição!,🏆,"{""kickoff"": ""18:00"", ""league_id"": ""b3737ddf-dc57-482a-b7c5-54c1605df723"", ""league_name"": ""Brasileirão Série A""}",2026-05-02 23:51:28.925+00,2026-05-01 14:38:38.929544+00,Club,medium,,
6dcd283a-bbfb-4232-aed5-61551485e76a,1c4c75aa-2561-441e-9c0e-9655aa005e34,league_enrolled,Inscrição confirmada na liga,Você foi inscrito na liga La Liga. Horário dos jogos: 17:00 (BRT). Boa sorte na competição!,🏆,"{""kickoff"": ""17:00"", ""league_id"": ""20bbd13f-5e18-4864-bf8c-ea0247cf9256"", ""league_name"": ""La Liga""}",2026-05-01 16:21:20.564+00,2026-05-01 16:21:04.317037+00,Club,medium,,
f30a491a-a287-4db8-b619-c2022916715d,1c4c75aa-2561-441e-9c0e-9655aa005e34,match_auto_simulated,Partida simulada automaticamente,🔴 Derrota 1x3 vs ADM FC (Amistoso),🤖,"{""my_goals"": 1, ""opponent"": ""ADM FC"", ""opp_goals"": 3, ""competition"": ""Amistoso"", ""auto_simulated"": true}",,2026-05-01 16:24:01.010607+00,Club,medium,,
47702416-303d-4efe-8a3f-0fbe07c94956,1c4c75aa-2561-441e-9c0e-9655aa005e34,match_auto_simulated,Partida simulada automaticamente,🔴 Derrota 0x1 vs Internacional ES (ES La Liga),🤖,"{""my_goals"": 0, ""opponent"": ""Internacional ES"", ""opp_goals"": 1, ""competition"": ""ES La Liga"", ""auto_simulated"": true}",,2026-05-01 20:18:01.828347+00,Club,medium,,
ca946d0a-3294-48e4-99ca-c2d837c71cc9,3b612347-aa9f-41f8-9bee-59f26c562344,match_auto_simulated,Partida simulada automaticamente,🔴 Derrota 0x2 vs Internacional BR (BR Brasileirão Série A),🤖,"{""my_goals"": 0, ""opponent"": ""Internacional BR"", ""opp_goals"": 2, ""competition"": ""BR Brasileirão Série A"", ""auto_simulated"": true}",,2026-05-01 21:06:04.031329+00,Club,medium,,
8bfc4b6c-67e5-44ba-acf3-087b5a2fc2e1,e9e8a10a-6572-4369-a9c6-bdb3e6143f8c,match_auto_simulated,Partida simulada automaticamente,🔴 Derrota 0x1 vs ADM FC (BR Brasileirão Série A),🤖,"{""my_goals"": 0, ""opponent"": ""ADM FC"", ""opp_goals"": 1, ""competition"": ""BR Brasileirão Série A"", ""auto_simulated"": true}",,2026-05-01 21:06:04.379505+00,Club,medium,,
146f5423-6ab3-438c-9da5-5957ede56680,68123140-4a25-44c0-adff-ea148c54423c,match_auto_simulated,Partida simulada automaticamente,🟢 Vitória 3x1 vs Real Zaragola (Amistoso),🤖,"{""my_goals"": 3, ""opponent"": ""Real Zaragola"", ""opp_goals"": 1, ""competition"": ""Amistoso"", ""auto_simulated"": true}",2026-05-01 23:04:59.663+00,2026-05-01 16:24:00.966972+00,Club,medium,,
50c595e6-2351-425b-ac9a-d829ee40c6b4,68123140-4a25-44c0-adff-ea148c54423c,match_auto_simulated,Partida simulada automaticamente,🟢 Vitória 1x0 vs FLM Team Fc (BR Brasileirão Série A),🤖,"{""my_goals"": 1, ""opponent"": ""FLM Team Fc"", ""opp_goals"": 0, ""competition"": ""BR Brasileirão Série A"", ""auto_simulated"": true}",2026-05-01 23:05:02.962+00,2026-05-01 21:06:04.351975+00,Club,medium,,
406be4a3-8da6-4527-975c-15403382b0d6,3b612347-aa9f-41f8-9bee-59f26c562344,match_auto_simulated,Partida simulada automaticamente,🔴 Derrota 0x3 vs ADM FC (BR Brasileirão Série A),🤖,"{""my_goals"": 0, ""opponent"": ""ADM FC"", ""opp_goals"": 3, ""competition"": ""BR Brasileirão Série A"", ""auto_simulated"": true}",,2026-05-02 14:29:26.333012+00,Club,medium,,
104841f3-7734-4678-880a-e54ad810592c,e9e8a10a-6572-4369-a9c6-bdb3e6143f8c,match_auto_simulated,Partida simulada automaticamente,🔴 Derrota 2x3 vs Nacional BR (BR Brasileirão Série A),🤖,"{""my_goals"": 2, ""opponent"": ""Nacional BR"", ""opp_goals"": 3, ""competition"": ""BR Brasileirão Série A"", ""auto_simulated"": true}",,2026-05-02 14:29:26.830413+00,Club,medium,,
2987d6f1-ba3d-4b9a-b171-d0a3c4bfb820,68123140-4a25-44c0-adff-ea148c54423c,match_auto_simulated,Partida simulada automaticamente,🟢 Vitória 3x0 vs FLM (BR Brasileirão Série A),🤖,"{""my_goals"": 3, ""opponent"": ""FLM"", ""opp_goals"": 0, ""competition"": ""BR Brasileirão Série A"", ""auto_simulated"": true}",2026-05-02 14:30:19.638+00,2026-05-02 14:29:26.112707+00,Club,medium,,
c807467b-2463-4d93-bd83-5b8aee81529b,68123140-4a25-44c0-adff-ea148c54423c,info,Aviso Múltiplas Correções sendo aplicadas!,Sistema De Liga Desativado! Jogo entrando em manutenção Total! ,⚠️,,2026-05-02 23:46:29.923+00,2026-05-02 23:46:06.574988+00,Club,medium,,
813db604-d49a-46bb-92ae-aeaa8b519165,1c4c75aa-2561-441e-9c0e-9655aa005e34,info,🏆 Novo Campeonato: Mundial,"Você foi inscrito no campeonato ""Mundial"" (Grupos)!
📅 Primeiro jogo: 02/05, 20:52
👥 4 times
🥇 1º: R$50.0M
Boa sorte!",🏆,"{""tournamentId"": ""fb8ce7f9-ed00-4681-beed-4c4c941db996""}",,2026-05-02 23:47:53.336609+00,Club,medium,,
7471914b-e463-4b9b-9460-44a1bbdc3aef,3b612347-aa9f-41f8-9bee-59f26c562344,info,🏆 Novo Campeonato: Mundial,"Você foi inscrito no campeonato ""Mundial"" (Grupos)!
📅 Primeiro jogo: 02/05, 20:52
👥 4 times
🥇 1º: R$50.0M
Boa sorte!",🏆,"{""tournamentId"": ""fb8ce7f9-ed00-4681-beed-4c4c941db996""}",,2026-05-02 23:47:53.336609+00,Club,medium,,
a609a2f9-8861-46e4-9c5c-f77013011ca6,1c4c75aa-2561-441e-9c0e-9655aa005e34,info,🏆 Novo Campeonato: Mundial,"Você foi inscrito no campeonato ""Mundial"" (Grupos)!
📅 Primeiro jogo: em breve
👥 2 times
🥇 1º: R$5.0M
Boa sorte!",🏆,"{""tournamentId"": ""bcae3bb7-af0b-447e-9f6f-a95618e10ad4""}",,2026-05-02 23:49:05.877284+00,Club,medium,,
9eaf9f3a-f1d8-4e20-9530-51847eb5f790,c9544dd0-3729-480b-bd00-315d75a45711,match_auto_simulated,Partida simulada automaticamente,🟡 Empate 1x1 vs Dragões BR (BR Brasileirão Série A),🤖,"{""my_goals"": 1, ""opponent"": ""Dragões BR"", ""opp_goals"": 1, ""competition"": ""BR Brasileirão Série A"", ""auto_simulated"": true}",2026-05-02 23:51:29.674+00,2026-05-01 21:06:04.982925+00,Club,medium,,
c3376578-e800-4e80-88a4-9bfdd8c541d1,c9544dd0-3729-480b-bd00-315d75a45711,match_auto_simulated,Partida simulada automaticamente,🔴 Derrota 0x1 vs Real BR (BR Brasileirão Série A),🤖,"{""my_goals"": 0, ""opponent"": ""Real BR"", ""opp_goals"": 1, ""competition"": ""BR Brasileirão Série A"", ""auto_simulated"": true}",2026-05-02 23:51:31.176+00,2026-05-02 14:29:11.583473+00,Club,medium,,
b30c4ce7-0984-42e4-907e-8609fb6b6a5f,c9544dd0-3729-480b-bd00-315d75a45711,info,🏆 Novo Campeonato: Mundial,"Você foi inscrito no campeonato ""Mundial"" (Grupos)!
📅 Primeiro jogo: 02/05, 20:52
👥 4 times
🥇 1º: R$50.0M
Boa sorte!",🏆,"{""tournamentId"": ""fb8ce7f9-ed00-4681-beed-4c4c941db996""}",2026-05-02 23:51:31.674+00,2026-05-02 23:47:53.336609+00,Club,medium,,
e9076842-f149-46af-a826-cc20fdec1e6b,68123140-4a25-44c0-adff-ea148c54423c,info,🏆 Novo Campeonato: Mundial,"Você foi inscrito no campeonato ""Mundial"" (Grupos)!
📅 Primeiro jogo: 02/05, 20:52
👥 4 times
🥇 1º: R$50.0M
Boa sorte!",🏆,"{""tournamentId"": ""fb8ce7f9-ed00-4681-beed-4c4c941db996""}",2026-05-03 00:04:22.341+00,2026-05-02 23:47:53.336609+00,Club,medium,,
8f927dc9-0944-4ef7-8f10-50fe07ae11b8,68123140-4a25-44c0-adff-ea148c54423c,info,🏆 Novo Campeonato: Mundial,"Você foi inscrito no campeonato ""Mundial"" (Grupos)!
📅 Primeiro jogo: em breve
👥 2 times
🥇 1º: R$5.0M
Boa sorte!",🏆,"{""tournamentId"": ""bcae3bb7-af0b-447e-9f6f-a95618e10ad4""}",2026-05-03 00:04:22.637+00,2026-05-02 23:49:05.877284+00,Club,medium,,
3a0ccf0e-fd5d-4b4c-ba51-8b79793b137a,74125438-d6d6-471b-9669-b06add2421de,match_auto_simulated,Partida simulada automaticamente,🟢 Vitória 3x2 vs Dragões ES (ES La Liga),🤖,"{""my_goals"": 3, ""opponent"": ""Dragões ES"", ""opp_goals"": 2, ""competition"": ""ES La Liga"", ""auto_simulated"": true}",2026-05-06 22:48:45.926+00,2026-05-01 20:12:04.409042+00,Club,medium,,
8a3beb5d-d252-48c7-936b-2cbbd9018a7b,74125438-d6d6-471b-9669-b06add2421de,match_auto_simulated,Partida simulada automaticamente,🟡 Empate 0x0 vs United ES (ES La Liga),🤖,"{""my_goals"": 0, ""opponent"": ""United ES"", ""opp_goals"": 0, ""competition"": ""ES La Liga"", ""auto_simulated"": true}",2026-05-06 22:48:45.926+00,2026-05-02 14:29:46.946804+00,Club,medium,,
b226cc42-1982-4b41-8fa5-dee7cfa20a2a,68123140-4a25-44c0-adff-ea148c54423c,finance,💼 Movimentação Administrativa,"Seu saldo foi alterado em R$ 100,000,000. Motivo: Aporte administrativo",🔔,,2026-05-11 03:33:07.998+00,2026-05-11 03:32:21.999783+00,Club,medium,,
d1054855-98b6-4865-ab75-d281a1537cd5,68123140-4a25-44c0-adff-ea148c54423c,match_report,🟢 Relatório: ADM FC 10x4 Fluminense,Brasileirão Série A • Toque para ver os detalhes da partida.,📊,"{""my_goals"": 10, ""opp_goals"": 4, ""competition"": ""Brasileirão Série A"", ""match_db_id"": ""21e17a9b-042a-4df9-bfd8-da3005b3c520""}",2026-05-15 22:50:54.133+00,2026-05-15 22:42:47.934947+00,Club,medium,,
2ecf5ab1-f9ca-4b7d-8d74-e6710594a988,c9544dd0-3729-480b-bd00-315d75a45711,success,Pagamento Confirmado,"Recebemos seu pagamento para ""Campanha Local"".",✅,"{""status"": ""PAID"", ""order_id"": ""cb1b1c96-17fd-414c-8145-81cd61a93822"", ""payment_id"": ""159602823718""}",2026-05-16 19:24:46.679+00,2026-05-16 17:46:50.039368+00,Financeiro,high,,
c7cfac0d-a563-4ec6-b8f5-2a1faf7aa7f6,1c4c75aa-2561-441e-9c0e-9655aa005e34,info,🏆 Novo Campeonato: Mundial,"Você foi inscrito no campeonato ""Mundial"" (Grupos)!
📅 Primeiro jogo: 02/05, 20:54
👥 4 times
🥇 1º: R$5.0M
Boa sorte!",🏆,"{""tournamentId"": ""9da47a78-8f76-430f-bed6-25c4a1ab3688""}",,2026-05-02 23:49:58.983386+00,Club,medium,,
90172272-5e94-471a-9175-aaa9b27d8d2d,3b612347-aa9f-41f8-9bee-59f26c562344,info,🏆 Novo Campeonato: Mundial,"Você foi inscrito no campeonato ""Mundial"" (Grupos)!
📅 Primeiro jogo: 02/05, 20:54
👥 4 times
🥇 1º: R$5.0M
Boa sorte!",🏆,"{""tournamentId"": ""9da47a78-8f76-430f-bed6-25c4a1ab3688""}",,2026-05-02 23:49:58.983386+00,Club,medium,,
ecc9b820-fa25-407d-9aed-c7cc162ffc13,c9544dd0-3729-480b-bd00-315d75a45711,info,🏆 Novo Campeonato: Mundial,"Você foi inscrito no campeonato ""Mundial"" (Grupos)!
📅 Primeiro jogo: 02/05, 20:54
👥 4 times
🥇 1º: R$5.0M
Boa sorte!",🏆,"{""tournamentId"": ""9da47a78-8f76-430f-bed6-25c4a1ab3688""}",2026-05-02 23:51:34.134+00,2026-05-02 23:49:58.983386+00,Club,medium,,
dee1cc13-bba2-46f8-9835-f413cc149d8f,1c4c75aa-2561-441e-9c0e-9655aa005e34,match_auto_simulated,Partida simulada automaticamente,🟢 Vitória 3x2 vs ADM FC (Campeonato),🤖,"{""my_goals"": 3, ""opponent"": ""ADM FC"", ""opp_goals"": 2, ""competition"": ""Campeonato"", ""auto_simulated"": true}",,2026-05-02 23:54:00.980312+00,Club,medium,,
56ca5001-3eca-4436-8964-cecb9e8dd42b,68123140-4a25-44c0-adff-ea148c54423c,match_auto_simulated,Partida simulada automaticamente,🔴 Derrota 2x3 vs Real Zaragola (Campeonato),🤖,"{""my_goals"": 2, ""opponent"": ""Real Zaragola"", ""opp_goals"": 3, ""competition"": ""Campeonato"", ""auto_simulated"": true}",2026-05-03 00:03:57.737+00,2026-05-02 23:54:00.948369+00,Club,medium,,
e158ab0b-958c-46a0-9e1e-806d923b17e5,68123140-4a25-44c0-adff-ea148c54423c,info,🏆 Novo Campeonato: Mundial,"Você foi inscrito no campeonato ""Mundial"" (Grupos)!
📅 Primeiro jogo: 02/05, 20:54
👥 4 times
🥇 1º: R$5.0M
Boa sorte!",🏆,"{""tournamentId"": ""9da47a78-8f76-430f-bed6-25c4a1ab3688""}",2026-05-03 00:04:22.866+00,2026-05-02 23:49:58.983386+00,Club,medium,,
2c285943-ee9f-466a-8c9e-13aaf47c393e,68123140-4a25-44c0-adff-ea148c54423c,friendly_accepted,Amistoso aceito!,ABC FC aceitou sua partida aberta.,⚽,"{""opponent"": ""ABC FC"", ""invite_id"": ""f6d3927b-2998-439a-9e2b-3152acc89722""}",2026-05-03 02:43:15.28+00,2026-05-03 00:05:54.50738+00,Club,medium,,
bba02a79-e342-49ba-8e79-527a83700d44,68123140-4a25-44c0-adff-ea148c54423c,match_auto_simulated,Partida simulada automaticamente,🟢 Vitória 2x1 vs ABC FC (Amistoso),🤖,"{""my_goals"": 2, ""opponent"": ""ABC FC"", ""opp_goals"": 1, ""competition"": ""Amistoso"", ""auto_simulated"": true}",2026-05-03 02:43:15.766+00,2026-05-03 00:12:01.650795+00,Club,medium,,
b72e7d08-1dfd-4295-bf7e-bb3148e33c9c,e9e8a10a-6572-4369-a9c6-bdb3e6143f8c,warning,Nova proposta por Rodinei Monteiro!,ADM FC ofereceu R$293k por Rodinei Monteiro (OVR 50). Salário: R$500/mês • Contrato: 2 anos. Confira na aba Propostas do Mercado!,📩,,,2026-05-03 02:44:32.755709+00,Club,medium,,
60446749-45e6-4724-9e95-045d2ef7ca15,3b612347-aa9f-41f8-9bee-59f26c562344,match_auto_simulated,Partida simulada automaticamente,🔴 Derrota 1x2 vs Sporting BR (BR Brasileirão Série A),🤖,"{""my_goals"": 1, ""opponent"": ""Sporting BR"", ""opp_goals"": 2, ""competition"": ""BR Brasileirão Série A"", ""auto_simulated"": true}",,2026-05-03 21:08:01.739288+00,Club,medium,,
4c1258b8-bd48-4107-98de-a600b57aed52,e9e8a10a-6572-4369-a9c6-bdb3e6143f8c,match_auto_simulated,Partida simulada automaticamente,🟡 Empate 1x1 vs United BR (BR Brasileirão Série A),🤖,"{""my_goals"": 1, ""opponent"": ""United BR"", ""opp_goals"": 1, ""competition"": ""BR Brasileirão Série A"", ""auto_simulated"": true}",,2026-05-03 21:08:03.754329+00,Club,medium,,
c00ec813-5dd0-43f6-ae8d-a7571ec8d187,3b612347-aa9f-41f8-9bee-59f26c562344,match_auto_simulated,Partida simulada automaticamente,🔴 Derrota 0x1 vs ABC FC (Campeonato),🤖,"{""my_goals"": 0, ""opponent"": ""ABC FC"", ""opp_goals"": 1, ""competition"": ""Campeonato"", ""auto_simulated"": true}",,2026-05-03 23:54:01.048728+00,Club,medium,,
b7594a27-40d7-41ab-9ffd-954f0ae891a7,3b612347-aa9f-41f8-9bee-59f26c562344,match_auto_simulated,Partida simulada automaticamente,🟡 Empate 2x2 vs Real BR (BR Brasileirão Série A),🤖,"{""my_goals"": 2, ""opponent"": ""Real BR"", ""opp_goals"": 2, ""competition"": ""BR Brasileirão Série A"", ""auto_simulated"": true}",,2026-05-04 21:07:04.923894+00,Club,medium,,
f6c24cc5-c49d-456a-b448-f19ca0472f8b,68123140-4a25-44c0-adff-ea148c54423c,finance,💼 Movimentação Administrativa,"Seu saldo foi alterado em R$ 10,000,000,000. Motivo: Aporte administrativo",🔔,,2026-05-11 03:33:08.255+00,2026-05-11 03:32:37.017427+00,Club,medium,,
11c1a171-5c3f-4536-a788-cda77fe55ceb,3b612347-aa9f-41f8-9bee-59f26c562344,match_auto_simulated,Partida simulada automaticamente,🟢 Vitória 1x0 vs Estrela BR (BR Brasileirão Série A),🤖,"{""my_goals"": 1, ""opponent"": ""Estrela BR"", ""opp_goals"": 0, ""competition"": ""BR Brasileirão Série A"", ""auto_simulated"": true}",,2026-05-04 21:08:01.313724+00,Club,medium,,
a2160ba8-499b-4213-adfa-923ac1e798d1,68123140-4a25-44c0-adff-ea148c54423c,match_auto_simulated,Partida simulada automaticamente,🟡 Empate 2x2 vs Falcões BR (BR Brasileirão Série A),🤖,"{""my_goals"": 2, ""opponent"": ""Falcões BR"", ""opp_goals"": 2, ""competition"": ""BR Brasileirão Série A"", ""auto_simulated"": true}",2026-05-05 20:37:24.558+00,2026-05-03 21:08:03.32329+00,Club,medium,,
28564dd4-a329-4bc1-bdb9-1dc71824ca90,c9544dd0-3729-480b-bd00-315d75a45711,match_auto_simulated,Partida simulada automaticamente,🔴 Derrota 1x2 vs ADM FC (Amistoso),🤖,"{""my_goals"": 1, ""opponent"": ""ADM FC"", ""opp_goals"": 2, ""competition"": ""Amistoso"", ""auto_simulated"": true}",2026-05-06 22:45:08.797+00,2026-05-03 00:12:01.713287+00,Club,medium,,
00e1bae6-a056-4d7a-a1c0-191ce398320b,c9544dd0-3729-480b-bd00-315d75a45711,match_auto_simulated,Partida simulada automaticamente,🔴 Derrota 0x2 vs Real BR (BR Brasileirão Série A),🤖,"{""my_goals"": 0, ""opponent"": ""Real BR"", ""opp_goals"": 2, ""competition"": ""BR Brasileirão Série A"", ""auto_simulated"": true}",2026-05-06 22:45:08.797+00,2026-05-03 21:07:05.01177+00,Club,medium,,
1525d8ff-b2f8-4ad1-a847-a60a329d65f4,c9544dd0-3729-480b-bd00-315d75a45711,match_auto_simulated,Partida simulada automaticamente,🟢 Vitória 1x0 vs FLM (Campeonato),🤖,"{""my_goals"": 1, ""opponent"": ""FLM"", ""opp_goals"": 0, ""competition"": ""Campeonato"", ""auto_simulated"": true}",2026-05-06 22:45:08.797+00,2026-05-03 23:54:01.009105+00,Club,medium,,
37276b61-24f3-45a6-bf8a-40515bb6be54,74125438-d6d6-471b-9669-b06add2421de,match_auto_simulated,Partida simulada automaticamente,🟢 Vitória 2x0 vs United ES (ES La Liga),🤖,"{""my_goals"": 2, ""opponent"": ""United ES"", ""opp_goals"": 0, ""competition"": ""ES La Liga"", ""auto_simulated"": true}",2026-05-06 22:48:45.926+00,2026-05-03 20:06:04.550862+00,Club,medium,,
c08e4702-6e17-4206-95cb-d97aa66bae97,74125438-d6d6-471b-9669-b06add2421de,match_auto_simulated,Partida simulada automaticamente,🟡 Empate 2x2 vs Nacional ES (ES La Liga),🤖,"{""my_goals"": 2, ""opponent"": ""Nacional ES"", ""opp_goals"": 2, ""competition"": ""ES La Liga"", ""auto_simulated"": true}",2026-05-06 22:48:45.926+00,2026-05-04 20:06:04.3347+00,Club,medium,,
01453f1a-714f-4bb2-898d-be71b34e9b62,68123140-4a25-44c0-adff-ea148c54423c,match_report,🟢 Relatório: ADM FC 10x4 Fluminense,Brasileirão Série A • Toque para ver os detalhes da partida.,📊,"{""my_goals"": 10, ""opp_goals"": 4, ""competition"": ""Brasileirão Série A"", ""match_db_id"": ""21e17a9b-042a-4df9-bfd8-da3005b3c520""}",2026-05-15 22:50:54.54+00,2026-05-15 22:50:16.308946+00,Club,medium,,
f76c5f22-51a3-4017-afc0-9717c1abb881,c9544dd0-3729-480b-bd00-315d75a45711,success,Acesso Liberado!,"Seu item ""Campanha Local"" foi liberado automaticamente.",🚀,"{""item_id"": ""mkt_local"", ""order_id"": ""cb1b1c96-17fd-414c-8145-81cd61a93822"", ""delivered"": true}",2026-05-16 19:24:46.446+00,2026-05-16 17:46:50.172956+00,Clube,ultra,,
75ddbf30-337d-4cd7-a748-f0f60007f50a,320fcbb8-c3eb-43e7-a3eb-0f302b46897f,success,Pagamento Confirmado,"Recebemos seu pagamento para ""Plano Sócio Ouro"".",✅,"{""status"": ""PAID"", ""order_id"": ""5773eaca-be9f-45d2-9175-b83ac97da9e9"", ""payment_id"": ""158979712101""}",2026-05-17 20:40:52.478+00,2026-05-17 20:38:34.434667+00,Financeiro,high,,
14cb621b-af2e-4219-895a-837c3df3aab6,68123140-4a25-44c0-adff-ea148c54423c,info,Pedido Realizado,"Seu pedido para ""Campanha Local"" foi gerado. Aguardando pagamento.",🛍️,"{""item_id"": ""mkt_local"", ""order_id"": ""09877cec-7e7a-42f3-9b37-7c8d9e517fa2""}",2026-05-24 21:34:07.607+00,2026-05-24 21:33:34.007757+00,Financeiro,medium,,
437138c1-774f-4aa7-ace5-5a1cd975ec2f,e9e8a10a-6572-4369-a9c6-bdb3e6143f8c,match_auto_simulated,Partida simulada automaticamente,🟢 Vitória 2x1 vs Dragões BR (BR Brasileirão Série A),🤖,"{""my_goals"": 2, ""opponent"": ""Dragões BR"", ""opp_goals"": 1, ""competition"": ""BR Brasileirão Série A"", ""auto_simulated"": true}",,2026-05-04 21:08:02.308856+00,Club,medium,,
720fcb72-1baa-42ae-8c54-c2a533900ea0,68123140-4a25-44c0-adff-ea148c54423c,match_auto_simulated,Partida simulada automaticamente,🟢 Vitória 2x1 vs City BR (BR Brasileirão Série A),🤖,"{""my_goals"": 2, ""opponent"": ""City BR"", ""opp_goals"": 1, ""competition"": ""BR Brasileirão Série A"", ""auto_simulated"": true}",2026-05-05 20:37:25.693+00,2026-05-04 21:08:01.915397+00,Club,medium,,
068e3ce7-c993-4c3c-8468-cbcbd8826718,3b612347-aa9f-41f8-9bee-59f26c562344,match_auto_simulated,Partida simulada automaticamente,🟡 Empate 0x0 vs ADM FC (BR Brasileirão Série A),🤖,"{""my_goals"": 0, ""opponent"": ""ADM FC"", ""opp_goals"": 0, ""competition"": ""BR Brasileirão Série A"", ""auto_simulated"": true}",,2026-05-05 21:02:55.01971+00,Club,medium,,
46556045-4614-4c3f-b16f-4486e96422a4,e9e8a10a-6572-4369-a9c6-bdb3e6143f8c,match_auto_simulated,Partida simulada automaticamente,🟢 Vitória 3x1 vs Nacional BR (BR Brasileirão Série A),🤖,"{""my_goals"": 3, ""opponent"": ""Nacional BR"", ""opp_goals"": 1, ""competition"": ""BR Brasileirão Série A"", ""auto_simulated"": true}",,2026-05-05 21:02:57.050143+00,Club,medium,,
8e6e3afe-602e-4d52-ac23-6e5733f5bae6,68123140-4a25-44c0-adff-ea148c54423c,match_auto_simulated,Partida simulada automaticamente,🟡 Empate 0x0 vs FLM (BR Brasileirão Série A),🤖,"{""my_goals"": 0, ""opponent"": ""FLM"", ""opp_goals"": 0, ""competition"": ""BR Brasileirão Série A"", ""auto_simulated"": true}",2026-05-05 21:06:51.035+00,2026-05-05 21:02:54.805043+00,Club,medium,,
bebc1168-0c0e-4e44-9e8a-8445fb5c5d14,e9e8a10a-6572-4369-a9c6-bdb3e6143f8c,match_auto_simulated,Partida simulada automaticamente,🔴 Derrota 1x4 vs UNC SPORT CLUB (IR Persian Gulf Pro),🤖,"{""my_goals"": 1, ""opponent"": ""UNC SPORT CLUB"", ""opp_goals"": 4, ""competition"": ""IR Persian Gulf Pro"", ""auto_simulated"": true}",,2026-05-05 21:12:55.838749+00,Club,medium,,
934c4077-141c-41b0-b0e8-1ddbe99f2256,3b612347-aa9f-41f8-9bee-59f26c562344,match_auto_simulated,Partida simulada automaticamente,🟢 Vitória 3x0 vs City SA (IR Persian Gulf Pro),🤖,"{""my_goals"": 3, ""opponent"": ""City SA"", ""opp_goals"": 0, ""competition"": ""IR Persian Gulf Pro"", ""auto_simulated"": true}",,2026-05-05 21:12:58.294791+00,Club,medium,,
5232ba1c-4e01-4d05-bb91-c1d955a46880,68123140-4a25-44c0-adff-ea148c54423c,match_auto_simulated,Partida simulada automaticamente,🟢 Vitória 3x0 vs Real IT (IR Persian Gulf Pro),🤖,"{""my_goals"": 3, ""opponent"": ""Real IT"", ""opp_goals"": 0, ""competition"": ""IR Persian Gulf Pro"", ""auto_simulated"": true}",2026-05-05 21:15:41.832+00,2026-05-05 21:12:53.246087+00,Club,medium,,
de0dc23d-54e3-40b2-9cb6-cdc220d19b47,68123140-4a25-44c0-adff-ea148c54423c,match_auto_simulated,Partida simulada automaticamente,🟢 Vitória 2x1 vs City SA (IR Persian Gulf Pro),🤖,"{""my_goals"": 2, ""opponent"": ""City SA"", ""opp_goals"": 1, ""competition"": ""IR Persian Gulf Pro"", ""auto_simulated"": true}",,2026-05-06 19:31:02.86579+00,Club,medium,,
093668c2-13db-4f8e-85c5-130ff4a5ce0b,e9e8a10a-6572-4369-a9c6-bdb3e6143f8c,match_auto_simulated,Partida simulada automaticamente,🔴 Derrota 2x3 vs United ES (IR Persian Gulf Pro),🤖,"{""my_goals"": 2, ""opponent"": ""United ES"", ""opp_goals"": 3, ""competition"": ""IR Persian Gulf Pro"", ""auto_simulated"": true}",,2026-05-06 19:31:03.199988+00,Club,medium,,
c23d1177-b015-418a-b6dd-f1ed8f3fb403,3b612347-aa9f-41f8-9bee-59f26c562344,match_auto_simulated,Partida simulada automaticamente,🟡 Empate 1x1 vs Rayo EN (IR Persian Gulf Pro),🤖,"{""my_goals"": 1, ""opponent"": ""Rayo EN"", ""opp_goals"": 1, ""competition"": ""IR Persian Gulf Pro"", ""auto_simulated"": true}",,2026-05-06 19:31:03.5349+00,Club,medium,,
f90ec951-d63e-418d-b692-e5be3235e97a,320fcbb8-c3eb-43e7-a3eb-0f302b46897f,success,Bem-vindo ao FLM 26!,"Parabéns pela criação do TESTER FLM FC! Dicas: treine seus jogadores diariamente, melhore o CT e entre em ligas para competir online. Boa sorte, Manager!",👋,,2026-05-06 22:17:05.461+00,2026-05-06 22:16:45.446032+00,Club,medium,,
41da0a30-3881-471b-9242-7765d46c517b,320fcbb8-c3eb-43e7-a3eb-0f302b46897f,success,Bem-vindo ao FLM 26!,"Parabéns pela criação do Tester United! Dicas: treine seus jogadores diariamente, melhore o CT e entre em ligas para competir online. Boa sorte, Manager!",👋,,2026-05-06 22:21:24.685+00,2026-05-06 22:21:20.545745+00,Club,medium,,
e54651a7-9d54-4c10-bf3c-2fe03d98f117,320fcbb8-c3eb-43e7-a3eb-0f302b46897f,success,Bem-vindo ao FLM 26!,"Parabéns pela criação do FC! Dicas: treine seus jogadores diariamente, melhore o CT e entre em ligas para competir online. Boa sorte, Manager!",👋,,2026-05-06 22:25:50.133+00,2026-05-06 22:25:45.388757+00,Club,medium,,
ac3b7a84-591d-44db-9a29-7eefa1e092c6,c9544dd0-3729-480b-bd00-315d75a45711,match_auto_simulated,Partida simulada automaticamente,🟢 Vitória 2x1 vs Furacão BR (BR Brasileirão Série A),🤖,"{""my_goals"": 2, ""opponent"": ""Furacão BR"", ""opp_goals"": 1, ""competition"": ""BR Brasileirão Série A"", ""auto_simulated"": true}",2026-05-06 22:45:08.797+00,2026-05-04 21:08:00.933877+00,Club,medium,,
3b1fb620-7f2a-4b00-915e-d8edd4a01520,c9544dd0-3729-480b-bd00-315d75a45711,match_auto_simulated,Partida simulada automaticamente,🟡 Empate 1x1 vs Internacional BR (BR Brasileirão Série A),🤖,"{""my_goals"": 1, ""opponent"": ""Internacional BR"", ""opp_goals"": 1, ""competition"": ""BR Brasileirão Série A"", ""auto_simulated"": true}",2026-05-06 22:45:08.797+00,2026-05-05 21:02:52.21343+00,Club,medium,,
172ab786-7b88-497c-8019-b5778840a18a,c9544dd0-3729-480b-bd00-315d75a45711,match_auto_simulated,Partida simulada automaticamente,🟢 Vitória 1x0 vs Tigres FR (IR Persian Gulf Pro),🤖,"{""my_goals"": 1, ""opponent"": ""Tigres FR"", ""opp_goals"": 0, ""competition"": ""IR Persian Gulf Pro"", ""auto_simulated"": true}",2026-05-06 22:45:08.797+00,2026-05-05 21:12:51.182168+00,Club,medium,,
2ca348af-4a34-4723-9ceb-0e337624098f,74125438-d6d6-471b-9669-b06add2421de,match_auto_simulated,Partida simulada automaticamente,🟢 Vitória 3x2 vs Estrella ES (ES La Liga),🤖,"{""my_goals"": 3, ""opponent"": ""Estrella ES"", ""opp_goals"": 2, ""competition"": ""ES La Liga"", ""auto_simulated"": true}",2026-05-06 22:48:45.926+00,2026-05-05 20:06:06.51289+00,Club,medium,,
a5e28f37-3483-4d2d-baf3-e4e70ad508fc,74125438-d6d6-471b-9669-b06add2421de,match_auto_simulated,Partida simulada automaticamente,🟢 Vitória 4x1 vs FLM Team Fc (IR Persian Gulf Pro),🤖,"{""my_goals"": 4, ""opponent"": ""FLM Team Fc"", ""opp_goals"": 1, ""competition"": ""IR Persian Gulf Pro"", ""auto_simulated"": true}",2026-05-06 22:48:45.926+00,2026-05-05 21:12:56.038087+00,Club,medium,,
c78d801e-f835-4f5e-9a66-4d8610425424,74125438-d6d6-471b-9669-b06add2421de,match_auto_simulated,Partida simulada automaticamente,🔴 Derrota 1x3 vs ABC FC (IR Persian Gulf Pro),🤖,"{""my_goals"": 1, ""opponent"": ""ABC FC"", ""opp_goals"": 3, ""competition"": ""IR Persian Gulf Pro"", ""auto_simulated"": true}",2026-05-06 22:48:45.926+00,2026-05-06 19:31:02.486342+00,Club,medium,,
06c5cd6b-26d9-426c-a394-e2252f6db015,320fcbb8-c3eb-43e7-a3eb-0f302b46897f,success,Bem-vindo ao FLM 26!,"Parabéns pela criação do FC! Dicas: treine seus jogadores diariamente, melhore o CT e entre em ligas para competir online. Boa sorte, Manager!",👋,,2026-05-10 17:43:17.448+00,2026-05-06 22:25:45.949933+00,Club,medium,,
88a135d2-cb06-4171-834f-fa349d8a1496,68123140-4a25-44c0-adff-ea148c54423c,finance,💼 Movimentação Administrativa,"Seu saldo foi alterado em R$ 10,000,000. Motivo: Aporte administrativo",🔔,,2026-05-11 03:14:18.988+00,2026-05-11 03:13:54.247233+00,Club,medium,,
7878b007-6dcf-42db-80fb-8ff717d5252d,68123140-4a25-44c0-adff-ea148c54423c,finance,💼 Movimentação Administrativa,"Seu saldo foi alterado em R$ 10,000,000. Motivo: Aporte administrativo",🔔,,2026-05-11 03:14:18.988+00,2026-05-11 03:13:55.221791+00,Club,medium,,
853875df-c373-474e-8d6c-2a2f99f04399,68123140-4a25-44c0-adff-ea148c54423c,finance,💼 Movimentação Administrativa,"Seu saldo foi alterado em R$ -4,000,000,000. Motivo: Retirada administrativa",🔔,,2026-05-11 04:32:57.44+00,2026-05-11 04:31:29.780599+00,Club,medium,,
fb31699f-0bed-4c81-a8ef-19f9077c0309,68123140-4a25-44c0-adff-ea148c54423c,match_report,🟢 Relatório: ADM FC 2x1 Fluminense,Brasileirão Série A • Toque para ver os detalhes da partida.,📊,"{""my_goals"": 2, ""opp_goals"": 1, ""competition"": ""Brasileirão Série A"", ""match_db_id"": ""21e17a9b-042a-4df9-bfd8-da3005b3c520""}",2026-05-15 22:50:51.204+00,2026-05-15 22:42:23.945888+00,Club,medium,,
2de91d44-6c8c-4e5c-b70a-d534838c655e,c9544dd0-3729-480b-bd00-315d75a45711,match_auto_simulated,Partida simulada automaticamente,🟢 Vitória 3x1 vs UNC SPORT CLUB (IR Persian Gulf Pro),🤖,"{""my_goals"": 3, ""opponent"": ""UNC SPORT CLUB"", ""opp_goals"": 1, ""competition"": ""IR Persian Gulf Pro"", ""auto_simulated"": true}",2026-05-06 22:45:08.797+00,2026-05-06 19:31:02.439691+00,Club,medium,,
777ef4bb-9f26-4906-9a70-3cf6526d0d5f,74125438-d6d6-471b-9669-b06add2421de,match_auto_simulated,Partida simulada automaticamente,🔴 Derrota 2x3 vs ABC FC (Amistoso),🤖,"{""my_goals"": 2, ""opponent"": ""ABC FC"", ""opp_goals"": 3, ""competition"": ""Amistoso"", ""auto_simulated"": true}",2026-05-10 17:22:32.574+00,2026-05-06 22:56:00.861228+00,Club,medium,,
bb713909-7cc4-4941-9ed4-b306a951e4c6,c9544dd0-3729-480b-bd00-315d75a45711,friendly_accepted,Amistoso aceito!,UNC SPORT CLUB aceitou sua partida aberta.,⚽,"{""opponent"": ""UNC SPORT CLUB"", ""invite_id"": ""24a6aba8-e421-480e-bf47-af92441d4e22""}",2026-05-10 17:24:44.209+00,2026-05-06 22:49:16.38662+00,Club,medium,,
ee59d02a-5e54-453a-a9b6-09d7d059c8ee,c9544dd0-3729-480b-bd00-315d75a45711,match_auto_simulated,Partida simulada automaticamente,🟢 Vitória 3x2 vs UNC SPORT CLUB (Amistoso),🤖,"{""my_goals"": 3, ""opponent"": ""UNC SPORT CLUB"", ""opp_goals"": 2, ""competition"": ""Amistoso"", ""auto_simulated"": true}",2026-05-10 17:24:44.602+00,2026-05-06 22:56:00.808527+00,Club,medium,,
951715d1-5bd5-4bba-a864-a9f35bf865ec,e4cd16fd-3f87-4203-9549-cf60f541bf14,info,Ligas resetadas,"Os campeonatos foram reiniciados pelo administrador. 576 jogos foram simulados até hoje. Acompanhe a nova tabela em ""Campeonatos"".",🏆,"{""event"": ""leagues_reset"", ""total_matches"": 1920, ""total_simulated"": 576}",,2026-05-10 17:26:47.683542+00,Club,medium,,
2faca940-5c34-45b4-90f4-5a08a226ea7f,940f4fa6-c6b2-484e-a6f1-4ec55248cd42,info,Ligas resetadas,"Os campeonatos foram reiniciados pelo administrador. 576 jogos foram simulados até hoje. Acompanhe a nova tabela em ""Campeonatos"".",🏆,"{""event"": ""leagues_reset"", ""total_matches"": 1920, ""total_simulated"": 576}",,2026-05-10 17:26:47.683542+00,Club,medium,,
0a280a66-4452-423f-b6f9-f976c1367e56,6f610070-43e9-4daf-9376-1d6e6493f212,info,Ligas resetadas,"Os campeonatos foram reiniciados pelo administrador. 576 jogos foram simulados até hoje. Acompanhe a nova tabela em ""Campeonatos"".",🏆,"{""event"": ""leagues_reset"", ""total_matches"": 1920, ""total_simulated"": 576}",,2026-05-10 17:26:47.683542+00,Club,medium,,
bc6372e9-2834-497f-95cc-49373a59c49c,f2d9773d-e2e1-43be-bb3f-943ec4ba86cf,info,Ligas resetadas,"Os campeonatos foram reiniciados pelo administrador. 576 jogos foram simulados até hoje. Acompanhe a nova tabela em ""Campeonatos"".",🏆,"{""event"": ""leagues_reset"", ""total_matches"": 1920, ""total_simulated"": 576}",,2026-05-10 17:26:47.683542+00,Club,medium,,
a9884af5-9cb1-4fbd-8f0a-ff3b75c307f3,8d341cb6-2ba6-4fc9-8bd4-ea03b3a0eba4,info,Ligas resetadas,"Os campeonatos foram reiniciados pelo administrador. 576 jogos foram simulados até hoje. Acompanhe a nova tabela em ""Campeonatos"".",🏆,"{""event"": ""leagues_reset"", ""total_matches"": 1920, ""total_simulated"": 576}",,2026-05-10 17:26:47.683542+00,Club,medium,,
6d7242e6-fd59-41b6-863e-2d8bafaf7b89,54b43a86-bb7f-4ed8-9589-8e56e77c29e4,info,Ligas resetadas,"Os campeonatos foram reiniciados pelo administrador. 576 jogos foram simulados até hoje. Acompanhe a nova tabela em ""Campeonatos"".",🏆,"{""event"": ""leagues_reset"", ""total_matches"": 1920, ""total_simulated"": 576}",,2026-05-10 17:26:47.683542+00,Club,medium,,
4154c7b3-ff36-4ccf-a0a6-3db1e1312b71,db312443-f6c6-4d45-8b05-02b9f3490f06,info,Ligas resetadas,"Os campeonatos foram reiniciados pelo administrador. 576 jogos foram simulados até hoje. Acompanhe a nova tabela em ""Campeonatos"".",🏆,"{""event"": ""leagues_reset"", ""total_matches"": 1920, ""total_simulated"": 576}",,2026-05-10 17:26:47.683542+00,Club,medium,,
0040b71e-24ec-4084-89fb-6a52489041ca,3c03a5ca-09de-4731-90cc-bb4c90e07f70,info,Ligas resetadas,"Os campeonatos foram reiniciados pelo administrador. 576 jogos foram simulados até hoje. Acompanhe a nova tabela em ""Campeonatos"".",🏆,"{""event"": ""leagues_reset"", ""total_matches"": 1920, ""total_simulated"": 576}",,2026-05-10 17:26:47.683542+00,Club,medium,,
49a4ead7-d469-452e-ba40-eba188d6ccd6,9ee5e3f6-59d4-4cc3-8385-77f925c8a5b0,info,Ligas resetadas,"Os campeonatos foram reiniciados pelo administrador. 576 jogos foram simulados até hoje. Acompanhe a nova tabela em ""Campeonatos"".",🏆,"{""event"": ""leagues_reset"", ""total_matches"": 1920, ""total_simulated"": 576}",,2026-05-10 17:26:47.683542+00,Club,medium,,
42c79c38-d405-49e3-85d9-f2f480c9b8fa,c049e1a3-1918-43e4-bfbb-2b269ec7ac16,info,Ligas resetadas,"Os campeonatos foram reiniciados pelo administrador. 576 jogos foram simulados até hoje. Acompanhe a nova tabela em ""Campeonatos"".",🏆,"{""event"": ""leagues_reset"", ""total_matches"": 1920, ""total_simulated"": 576}",,2026-05-10 17:26:47.683542+00,Club,medium,,
56ec3496-5ce2-457b-9c1f-a447cdf0979a,3c4f597e-c328-461c-87ca-7c8365a881e6,info,Ligas resetadas,"Os campeonatos foram reiniciados pelo administrador. 576 jogos foram simulados até hoje. Acompanhe a nova tabela em ""Campeonatos"".",🏆,"{""event"": ""leagues_reset"", ""total_matches"": 1920, ""total_simulated"": 576}",,2026-05-10 17:26:47.683542+00,Club,medium,,
76c583eb-b6e4-43ad-8b83-1eff90421e6a,08216d19-7d99-4193-8c56-11c872bfe2ea,info,Ligas resetadas,"Os campeonatos foram reiniciados pelo administrador. 576 jogos foram simulados até hoje. Acompanhe a nova tabela em ""Campeonatos"".",🏆,"{""event"": ""leagues_reset"", ""total_matches"": 1920, ""total_simulated"": 576}",,2026-05-10 17:26:47.683542+00,Club,medium,,
fbc478cc-acb3-4674-b074-a4df8bd9089d,320fcbb8-c3eb-43e7-a3eb-0f302b46897f,success,Bem-vindo ao FLM 26!,"Parabéns pela criação do a! Dicas: treine seus jogadores diariamente, melhore o CT e entre em ligas para competir online. Boa sorte, Manager!",👋,,2026-05-10 17:43:18.183+00,2026-05-10 17:43:12.905696+00,Club,medium,,
77e2edca-2b64-48dd-9d2c-49e08108b16e,68123140-4a25-44c0-adff-ea148c54423c,finance,💼 Movimentação Administrativa,"Seu saldo foi alterado em R$ 10,000,000. Motivo: Aporte administrativo",🔔,,,2026-05-11 03:12:19.018337+00,Club,medium,,
60c5ef21-8718-49d0-927f-f55c5bb46c31,68123140-4a25-44c0-adff-ea148c54423c,finance,💼 Movimentação Administrativa,"Seu saldo foi alterado em R$ 10,000,000. Motivo: Aporte administrativo",🔔,,,2026-05-11 03:12:22.726272+00,Club,medium,,
da502eca-e3af-41b5-bc3f-ad371e8862cd,68123140-4a25-44c0-adff-ea148c54423c,finance,💼 Movimentação Administrativa,"Seu saldo foi alterado em R$ 10,000,000. Motivo: Aporte administrativo",🔔,,,2026-05-11 03:12:23.522254+00,Club,medium,,
f57efe03-26f4-43dd-8166-934805144d03,68123140-4a25-44c0-adff-ea148c54423c,finance,💼 Movimentação Administrativa,"Seu saldo foi alterado em R$ 10,000,000. Motivo: Aporte administrativo",🔔,,,2026-05-11 03:12:24.202397+00,Club,medium,,
2241e4dd-8f95-4c5c-9bd4-70483f4ba9c7,68123140-4a25-44c0-adff-ea148c54423c,finance,💼 Movimentação Administrativa,"Seu saldo foi alterado em R$ 10,000,000. Motivo: Aporte administrativo",🔔,,,2026-05-11 03:12:25.004551+00,Club,medium,,
493d7246-981b-4ff6-8f35-82a9d6810103,68123140-4a25-44c0-adff-ea148c54423c,finance,💼 Movimentação Administrativa,"Seu saldo foi alterado em R$ 10,000,000. Motivo: Aporte administrativo",🔔,,,2026-05-11 03:12:25.788509+00,Club,medium,,
7e8fdc2a-16bc-4d47-bb2e-d719793aada1,68123140-4a25-44c0-adff-ea148c54423c,finance,💼 Movimentação Administrativa,"Seu saldo foi alterado em R$ 10,000,000. Motivo: Aporte administrativo",🔔,,,2026-05-11 03:12:26.474391+00,Club,medium,,
27288856-11e6-4e98-875f-e4e12f39e7a9,68123140-4a25-44c0-adff-ea148c54423c,finance,💼 Movimentação Administrativa,"Seu saldo foi alterado em R$ 5,000,000. Motivo: Aporte administrativo",🔔,,,2026-05-11 03:13:14.72592+00,Club,medium,,
576c03ed-23a8-4214-8e97-80ed8c8d9951,68123140-4a25-44c0-adff-ea148c54423c,finance,💼 Movimentação Administrativa,"Seu saldo foi alterado em R$ 500,000,000. Motivo: Aporte administrativo",🔔,,,2026-05-11 03:13:27.350858+00,Club,medium,,
4bccd498-2f94-4169-84f4-bb41ca00ae55,68123140-4a25-44c0-adff-ea148c54423c,finance,💼 Movimentação Administrativa,"Seu saldo foi alterado em R$ 500,000. Motivo: Aporte administrativo",🔔,,,2026-05-11 03:13:49.967679+00,Club,medium,,
1127f01f-d3d1-4985-bdda-86575be923f1,68123140-4a25-44c0-adff-ea148c54423c,finance,💼 Movimentação Administrativa,"Seu saldo foi alterado em R$ 10,000,000. Motivo: Aporte administrativo",🔔,,,2026-05-11 03:13:52.27719+00,Club,medium,,
e61ce418-4593-4383-896e-e7b8370638bc,68123140-4a25-44c0-adff-ea148c54423c,finance,💼 Movimentação Administrativa,"Seu saldo foi alterado em R$ 10,000,000. Motivo: Aporte administrativo",🔔,,,2026-05-11 03:13:52.78127+00,Club,medium,,
e8236f0b-dc40-44bd-aab6-206a7b9b9f69,68123140-4a25-44c0-adff-ea148c54423c,finance,💼 Movimentação Administrativa,"Seu saldo foi alterado em R$ 10,000,000. Motivo: Aporte administrativo",🔔,,2026-05-11 03:14:18.988+00,2026-05-11 03:13:58.204023+00,Club,medium,,
6465411d-8731-419c-b62e-6cd37a702e74,68123140-4a25-44c0-adff-ea148c54423c,finance,💼 Movimentação Administrativa,"Seu saldo foi alterado em R$ 10,000,000. Motivo: Aporte administrativo",🔔,,2026-05-11 03:14:18.988+00,2026-05-11 03:14:00.861334+00,Club,medium,,
811f5132-c21a-49df-a5df-0bb664974430,68123140-4a25-44c0-adff-ea148c54423c,finance,💼 Movimentação Administrativa,"Seu saldo foi alterado em R$ 10,000,000. Motivo: Aporte administrativo",🔔,,2026-05-11 03:14:18.988+00,2026-05-11 03:14:05.631931+00,Club,medium,,
dc421d64-0407-4385-a11f-0e0d2b6b09e2,68123140-4a25-44c0-adff-ea148c54423c,finance,💼 Movimentação Administrativa,"Seu saldo foi alterado em R$ 10,000,000. Motivo: Aporte administrativo",🔔,,2026-05-11 03:15:07.285+00,2026-05-11 03:14:59.824809+00,Club,medium,,
5ba9b867-49b3-4293-9930-d2b79f65b1ce,68123140-4a25-44c0-adff-ea148c54423c,finance,💼 Movimentação Administrativa,"Seu saldo foi alterado em R$ 3,000,000,000. Motivo: Aporte administrativo",🔔,,2026-05-11 04:32:57.44+00,2026-05-11 04:31:59.052255+00,Club,medium,,
96042d70-4ed4-4964-b352-8602a446774b,68123140-4a25-44c0-adff-ea148c54423c,success,Bem-vindo ao FLM 26!,"Olá, Manager! Dicas: treine seus jogadores diariamente, melhore o CT e entre em ligas para competir online. Boa sorte! ⚽",👋,,2026-05-15 23:41:38.389+00,2026-05-15 23:39:18.358517+00,Club,medium,,
f5e43cb3-167e-4cb3-8b4d-80a7b25867fa,c9544dd0-3729-480b-bd00-315d75a45711,success,Acesso Liberado!,"Seu item ""Campanha Local"" foi liberado automaticamente.",🚀,"{""item_id"": ""mkt_local"", ""order_id"": ""cb1b1c96-17fd-414c-8145-81cd61a93822"", ""delivered"": true}",2026-05-16 19:24:47.384+00,2026-05-16 17:46:44.307316+00,Clube,ultra,,
a01a05f7-f823-44ad-978d-7149ccb77294,320fcbb8-c3eb-43e7-a3eb-0f302b46897f,success,Acesso Liberado!,"Seu item ""Plano Sócio Ouro"" foi liberado automaticamente.",🚀,"{""item_id"": ""socio_ouro"", ""order_id"": ""5773eaca-be9f-45d2-9175-b83ac97da9e9"", ""delivered"": true}",2026-05-17 20:40:52.478+00,2026-05-17 20:38:34.543251+00,Clube,ultra,,
f405ad3f-babe-40f2-a9f9-b9d298d8745d,c9544dd0-3729-480b-bd00-315d75a45711,info,🌟 Novo talento na base!,"Matheus Almeida (MEI, OVR 54, POT 67) acaba de surgir na categoria de base.",🎓,"{""rarity"": ""Comum"", ""source"": ""cron_auto"", ""prospect_id"": ""f773fde8-3fb0-4c1f-a59a-261f8fbb8427""}",2026-05-17 21:24:50.174+00,2026-05-17 21:22:54.901975+00,Base,medium,,
206943b8-27a1-4698-96c3-3cdfa59af273,0d476bb0-aebd-4e9f-96d2-6c5d4a76cb6a,success,Produto ativado,"""Plano Sócio Lendário"" foi ativado. Bônus: R$ 0 · +0 torcedores · +10000 sócios. Válido por 30 dias.",📦,"{""item_id"": ""socio_lendario"", ""category"": ""members"", ""order_id"": ""264abd69-58aa-4f23-9e33-5ae9f0a592c9"", ""expires_at"": ""2026-06-16T22:10:50.886835+00:00""}",,2026-05-17 22:10:50.886835+00,Loja,high,,
7689e4b6-e8bf-4755-9ece-adedda6fbacb,0d476bb0-aebd-4e9f-96d2-6c5d4a76cb6a,success,Produto ativado,"""Plano Sócio Ouro"" foi ativado. Bônus: R$ 0 · +0 torcedores · +2000 sócios. Válido por 30 dias.",📦,"{""item_id"": ""socio_ouro"", ""category"": ""members"", ""order_id"": ""87db0b0b-1d77-40b6-8f97-4f987d2f53c5"", ""expires_at"": ""2026-06-16T22:10:51.115111+00:00""}",,2026-05-17 22:10:51.115111+00,Loja,high,,
606a0151-114e-4767-a9a9-5fb249399720,0d476bb0-aebd-4e9f-96d2-6c5d4a76cb6a,success,Produto ativado,"""Plano Sócio Prata"" foi ativado. Bônus: R$ 0 · +0 torcedores · +750 sócios. Válido por 30 dias.",📦,"{""item_id"": ""socio_prata"", ""category"": ""members"", ""order_id"": ""df6aec68-e698-405a-b19e-1e3a96379f60"", ""expires_at"": ""2026-06-16T22:10:51.320885+00:00""}",,2026-05-17 22:10:51.320885+00,Loja,high,,
9a007f30-657b-46a5-a6f2-8548c4c0ae75,0d476bb0-aebd-4e9f-96d2-6c5d4a76cb6a,success,Produto ativado,"""Centro de Reabilitação"" foi ativado. Bônus: R$ 0 · +0 torcedores · +0 sócios. Válido por 30 dias.",📦,"{""item_id"": ""physio_rehab"", ""category"": ""physio"", ""order_id"": ""1bbcdb24-68f7-460a-a159-d523937e3a7f"", ""expires_at"": ""2026-06-16T22:10:51.523689+00:00""}",,2026-05-17 22:10:51.523689+00,Loja,high,,
eee7f739-9502-4a1a-a3e8-6fb74029ba90,0d476bb0-aebd-4e9f-96d2-6c5d4a76cb6a,success,Produto ativado,"""Câmara de Gelo"" foi ativado. Bônus: R$ 0 · +0 torcedores · +0 sócios. Válido por 30 dias.",📦,"{""item_id"": ""physio_ice"", ""category"": ""physio"", ""order_id"": ""ae4e6b02-5382-40ae-9907-33baca56aa36"", ""expires_at"": ""2026-06-16T22:10:51.732513+00:00""}",,2026-05-17 22:10:51.732513+00,Loja,high,,
61cc1fb0-7b1f-4582-882d-bb31d61caa83,0d476bb0-aebd-4e9f-96d2-6c5d4a76cb6a,success,Produto ativado,"""NovaSports Master"" foi ativado. Bônus: R$ 50,000 · +0 torcedores · +0 sócios. Válido por 30 dias.",📦,"{""item_id"": ""spons_master_t1"", ""category"": ""sponsorship"", ""order_id"": ""91273e9a-20b7-4995-aa55-a6f4b54618be"", ""expires_at"": ""2026-06-16T22:10:51.949075+00:00""}",,2026-05-17 22:10:51.949075+00,Loja,high,,
3e30d8f8-1ef4-4832-a088-e30d93ffd829,0d476bb0-aebd-4e9f-96d2-6c5d4a76cb6a,success,Produto ativado,"""BuzzMídia Marketing"" foi ativado. Bônus: R$ 30,000 · +500 torcedores · +0 sócios. Válido por 30 dias.",📦,"{""item_id"": ""spons_marketing_t1"", ""category"": ""sponsorship"", ""order_id"": ""a3cda3ef-a3a4-442a-9ecd-7fa51a59c715"", ""expires_at"": ""2026-06-16T22:10:52.154681+00:00""}",,2026-05-17 22:10:52.154681+00,Loja,high,,
a74c0239-0b2e-45b7-a562-d894955fef24,0d476bb0-aebd-4e9f-96d2-6c5d4a76cb6a,success,Produto ativado,"""FitWear Uniforme"" foi ativado. Bônus: R$ 40,000 · +0 torcedores · +0 sócios. Válido por 30 dias.",📦,"{""item_id"": ""spons_uniforme_t1"", ""category"": ""sponsorship"", ""order_id"": ""6f20bc39-d96d-4318-84c2-6661bd6038aa"", ""expires_at"": ""2026-06-16T22:10:52.364983+00:00""}",,2026-05-17 22:10:52.364983+00,Loja,high,,
8a559b61-3405-4ea8-8f08-b4e0090bc5ba,0d476bb0-aebd-4e9f-96d2-6c5d4a76cb6a,success,Produto ativado,"""EnergiaJá Estádio"" foi ativado. Bônus: R$ 80,000 · +0 torcedores · +0 sócios. Válido por 30 dias.",📦,"{""item_id"": ""spons_estadio_t1"", ""category"": ""sponsorship"", ""order_id"": ""b4bc26de-8afa-460a-955f-089e55bf9371"", ""expires_at"": ""2026-06-16T22:10:52.573135+00:00""}",,2026-05-17 22:10:52.573135+00,Loja,high,,
8a201479-48a9-4246-9c09-702a245fc556,0d476bb0-aebd-4e9f-96d2-6c5d4a76cb6a,success,Produto ativado,"""Viral360 Marketing"" foi ativado. Bônus: R$ 120,000 · +1500 torcedores · +0 sócios. Válido por 30 dias.",📦,"{""item_id"": ""spons_marketing_t2"", ""category"": ""sponsorship"", ""order_id"": ""4c043818-a65a-4dc9-8af3-29e247b67ef4"", ""expires_at"": ""2026-06-16T22:10:52.782647+00:00""}",,2026-05-17 22:10:52.782647+00,Loja,high,,
0575fc7d-98ff-41a1-9e2c-6b7239a6f672,0d476bb0-aebd-4e9f-96d2-6c5d4a76cb6a,success,Produto ativado,"""Banco Verão Master"" foi ativado. Bônus: R$ 250,000 · +0 torcedores · +0 sócios. Válido por 30 dias.",📦,"{""item_id"": ""spons_master_t2"", ""category"": ""sponsorship"", ""order_id"": ""b4436d8f-b4c0-4ddf-8b4f-cc9517d49759"", ""expires_at"": ""2026-06-16T22:10:52.991574+00:00""}",,2026-05-17 22:10:52.991574+00,Loja,high,,
52f0ee38-3216-4430-b07f-135cf1a40cfc,0d476bb0-aebd-4e9f-96d2-6c5d4a76cb6a,success,Produto ativado,"""StreetPro Uniforme"" foi ativado. Bônus: R$ 180,000 · +0 torcedores · +0 sócios. Válido por 30 dias.",📦,"{""item_id"": ""spons_uniforme_t2"", ""category"": ""sponsorship"", ""order_id"": ""70fe45e3-6e7c-4922-9090-82e3f55541c5"", ""expires_at"": ""2026-06-16T22:10:53.19909+00:00""}",,2026-05-17 22:10:53.19909+00,Loja,high,,
251ab4c7-2bf7-47b8-b24f-aeb70902fd62,0d476bb0-aebd-4e9f-96d2-6c5d4a76cb6a,success,Produto ativado,"""GlobalTech Master"" foi ativado. Bônus: R$ 700,000 · +0 torcedores · +0 sócios. Válido por 30 dias.",📦,"{""item_id"": ""spons_master_t3"", ""category"": ""sponsorship"", ""order_id"": ""6caa9e3e-e693-4447-9dae-b30d562cec47"", ""expires_at"": ""2026-06-16T22:10:53.420451+00:00""}",,2026-05-17 22:10:53.420451+00,Loja,high,,
01363889-5948-4ef3-9ad4-b43d8ea75cf5,68123140-4a25-44c0-adff-ea148c54423c,finance,💼 Movimentação Administrativa,"Seu saldo foi alterado em R$ 10,000,000. Motivo: Aporte administrativo",🔔,,2026-05-11 03:14:18.988+00,2026-05-11 03:13:58.741237+00,Club,medium,,
eb35370a-d211-47d1-bfc8-d23c4d445a93,68123140-4a25-44c0-adff-ea148c54423c,finance,💼 Movimentação Administrativa,"Seu saldo foi alterado em R$ 10,000,000. Motivo: Aporte administrativo",🔔,,2026-05-11 03:14:18.988+00,2026-05-11 03:14:02.287245+00,Club,medium,,
6a71ae19-611a-4469-a6aa-7b6a04814f7f,68123140-4a25-44c0-adff-ea148c54423c,finance,💼 Movimentação Administrativa,"Seu saldo foi alterado em R$ 10,000,000. Motivo: Aporte administrativo",🔔,,2026-05-11 03:15:07.285+00,2026-05-11 03:14:57.8562+00,Club,medium,,
077030c6-4aab-42a6-8ff8-aaf2a4e99762,68123140-4a25-44c0-adff-ea148c54423c,finance,💼 Movimentação Administrativa,"Seu saldo foi alterado em R$ -3,000,000,000. Motivo: Retirada administrativa",🔔,,2026-05-11 04:32:57.44+00,2026-05-11 04:32:31.903738+00,Club,medium,,
89c931ee-e370-4d2a-842d-19e3afd4a8d4,68123140-4a25-44c0-adff-ea148c54423c,info,Pedido Realizado,"Seu pedido para ""Campanha Local"" foi gerado. Aguardando pagamento.",🛍️,"{""item_id"": ""mkt_local"", ""order_id"": ""175b5b09-081f-49b8-94ea-3b4da4477307""}",2026-05-16 00:07:45.035+00,2026-05-16 00:03:54.897073+00,Financeiro,medium,,
5d9c4c2e-4bb2-4036-ab84-d7758d5ed10c,c9544dd0-3729-480b-bd00-315d75a45711,info,Pedido Realizado,"Seu pedido para ""Plano Sócio Ouro"" foi gerado. Aguardando pagamento.",🛍️,"{""item_id"": ""socio_ouro"", ""order_id"": ""bb7a1655-ce6a-41b1-b884-77af6ce56d2d""}",2026-05-16 21:16:45.318+00,2026-05-16 21:15:38.654726+00,Financeiro,medium,,
9141c1ea-5d0f-42ee-a05f-35d44a82a30f,320fcbb8-c3eb-43e7-a3eb-0f302b46897f,info,Pedido Realizado,"Seu pedido para ""Plano Sócio Ouro"" foi gerado. Aguardando pagamento.",🛍️,"{""item_id"": ""socio_ouro"", ""order_id"": ""5773eaca-be9f-45d2-9175-b83ac97da9e9""}",2026-05-17 20:40:52.478+00,2026-05-17 20:38:09.871295+00,Financeiro,medium,,
ca100481-2bd5-4925-8db0-85b74bc9f150,320fcbb8-c3eb-43e7-a3eb-0f302b46897f,success,Premium Ativado!,Sua conta Premium foi ativada/renovada por 30 dias. Aproveite todos os benefícios!,👑,"{""source"": ""auto_purchase"", ""order_id"": ""5773eaca-be9f-45d2-9175-b83ac97da9e9""}",2026-05-17 20:40:52.478+00,2026-05-17 20:38:34.324043+00,Premium,ultra,,
b474d2aa-e20e-4326-afdf-0d4c55240fb0,c9544dd0-3729-480b-bd00-315d75a45711,info,Pedido Realizado,"Seu pedido para ""NovaSports Master"" foi gerado. Aguardando pagamento.",🛍️,"{""item_id"": ""spons_master_t1"", ""order_id"": ""2e7146f5-15b4-46f5-bfb5-0c13984a5a6f""}",2026-05-17 21:30:39.355+00,2026-05-17 21:29:57.412228+00,Financeiro,medium,,
1c37dd77-ebeb-49b3-9ad1-4caa36998542,0d476bb0-aebd-4e9f-96d2-6c5d4a76cb6a,success,Produto ativado,"""Diamante Premium"" foi ativado. Bônus: R$ 600,000 · +0 torcedores · +0 sócios. Válido por 30 dias.",📦,"{""item_id"": ""spons_premium_t1"", ""category"": ""sponsorship"", ""order_id"": ""1847007a-bc89-4d4f-b41f-0ce715907d00"", ""expires_at"": ""2026-06-16T22:10:53.630126+00:00""}",,2026-05-17 22:10:53.630126+00,Loja,high,,
cc6e1179-ddd1-43a3-bb2a-e051fb64ab6d,0d476bb0-aebd-4e9f-96d2-6c5d4a76cb6a,success,Produto ativado,"""AutoNorte Naming"" foi ativado. Bônus: R$ 300,000 · +0 torcedores · +0 sócios. Válido por 30 dias.",📦,"{""item_id"": ""spons_estadio_t2"", ""category"": ""sponsorship"", ""order_id"": ""2995a973-6f80-400f-948c-29f7b994dd1e"", ""expires_at"": ""2026-06-16T22:10:53.858999+00:00""}",,2026-05-17 22:10:53.858999+00,Loja,high,,
d8f04c48-2e01-4b6d-8945-fcd672b4e36d,0d476bb0-aebd-4e9f-96d2-6c5d4a76cb6a,warning,Patrocínio não ativado,"O patrocínio ""GlobalMídia Marketing"" exige 20000 torcedores. Você tem 17000. O pedido foi marcado para estorno.",⚠️,"{""item_id"": ""spons_marketing_t3"", ""order_id"": ""7e67bc56-8663-4b4c-ad02-e6b3758c7cb3""}",,2026-05-17 22:10:54.072508+00,Financeiro,high,,
93be7bd5-42fc-4850-9113-11c458fcc403,0d476bb0-aebd-4e9f-96d2-6c5d4a76cb6a,warning,Patrocínio não ativado,"O patrocínio ""KingSport Uniforme"" exige 25000 torcedores. Você tem 17000. O pedido foi marcado para estorno.",⚠️,"{""item_id"": ""spons_uniforme_t3"", ""order_id"": ""b434b0b6-e0ab-4c16-8830-8f2426f998f9""}",,2026-05-17 22:10:54.293972+00,Financeiro,high,,
9c17572c-5640-4846-8ad2-433002825757,0d476bb0-aebd-4e9f-96d2-6c5d4a76cb6a,warning,Patrocínio não ativado,"O patrocínio ""MegaArena Naming"" exige 30000 torcedores. Você tem 17000. O pedido foi marcado para estorno.",⚠️,"{""item_id"": ""spons_estadio_t3"", ""order_id"": ""172adf29-1d73-4c5b-a5d4-4ce9ce8ada04""}",,2026-05-17 22:10:54.510793+00,Financeiro,high,,
1369d942-0cf9-4c68-bdb2-864aff8a4e55,0d476bb0-aebd-4e9f-96d2-6c5d4a76cb6a,warning,Patrocínio não ativado,"O patrocínio ""Imperial Premium"" exige 35000 torcedores. Você tem 17000. O pedido foi marcado para estorno.",⚠️,"{""item_id"": ""spons_premium_t2"", ""order_id"": ""efe6a485-7b8e-46f8-8d9a-c7425f404867""}",,2026-05-17 22:10:54.731569+00,Financeiro,high,,
1dc18e40-6643-4ac7-a046-822372037349,0d476bb0-aebd-4e9f-96d2-6c5d4a76cb6a,warning,Patrocínio não ativado,"O patrocínio ""OroGold Master"" exige 50000 torcedores. Você tem 17000. O pedido foi marcado para estorno.",⚠️,"{""item_id"": ""spons_master_t4"", ""order_id"": ""8dda5acd-baf6-4405-93ad-b552fe59efdb""}",,2026-05-17 22:10:54.943879+00,Financeiro,high,,
8cd0a056-e281-4fa4-9117-6357f1eb834a,0d476bb0-aebd-4e9f-96d2-6c5d4a76cb6a,warning,Patrocínio não ativado,"O patrocínio ""Royal Crown Premium"" exige 75000 torcedores. Você tem 17000. O pedido foi marcado para estorno.",⚠️,"{""item_id"": ""spons_premium_t3"", ""order_id"": ""2d40a5e5-6f39-457f-ab8b-703930600b81""}",,2026-05-17 22:10:55.15159+00,Financeiro,high,,
329a13fd-7371-4e21-98f5-c836b27be927,0d476bb0-aebd-4e9f-96d2-6c5d4a76cb6a,success,Produto ativado,"""Preparador Físico"" foi ativado. Bônus: R$ 0 · +0 torcedores · +0 sócios. Válido por 30 dias.",📦,"{""item_id"": ""staff_physio"", ""category"": ""staff"", ""order_id"": ""ea11de16-daa2-4033-be20-16d0579c84cd"", ""expires_at"": ""2026-06-16T22:10:55.361621+00:00""}",,2026-05-17 22:10:55.361621+00,Loja,high,,
d0ab2afc-d14b-4123-af35-80703f3a0827,0d476bb0-aebd-4e9f-96d2-6c5d4a76cb6a,success,Produto ativado,"""Analista Tático"" foi ativado. Bônus: R$ 0 · +0 torcedores · +0 sócios. Válido por 30 dias.",📦,"{""item_id"": ""staff_analyst"", ""category"": ""staff"", ""order_id"": ""52598b72-ec08-4f60-8caa-5c9d7b86eff4"", ""expires_at"": ""2026-06-16T22:10:55.56823+00:00""}",,2026-05-17 22:10:55.56823+00,Loja,high,,
0f4f21ac-0a23-482a-8080-1cda19f1e60f,0d476bb0-aebd-4e9f-96d2-6c5d4a76cb6a,success,Produto ativado,"""Lançamento de Coleção 2026"" foi ativado. Bônus: R$ 0 · +0 torcedores · +0 sócios. Válido por 30 dias.",📦,"{""item_id"": ""uniform_launch_slot"", ""category"": ""uniform"", ""order_id"": ""9263935e-7fa1-44ab-8a12-641e59bd7bd8"", ""expires_at"": ""2026-06-16T22:10:55.78767+00:00""}",,2026-05-17 22:10:55.78767+00,Loja,high,,
e5ae337b-8deb-4e76-9fba-b3293bfacef4,1c4c75aa-2561-441e-9c0e-9655aa005e34,info,🌟 Novo jogador adicionado aos juniores.,"Matheus Lima (VOL, OVR 55, POT 58) chegou à categoria de base. Valor: R$ 405,000.",🎓,"{""rarity"": ""Comum"", ""source"": ""cron_auto"", ""prospect_id"": ""95736b9d-7eb7-4c57-8a09-29689ac3343a""}",,2026-05-18 03:00:00.731016+00,Base,medium,,
f6fbe2f2-704e-476a-bb3b-66377d2cd912,1c4c75aa-2561-441e-9c0e-9655aa005e34,info,📋 Banco de reservas atualizado.,O elenco foi reconstruído automaticamente com os juniores disponíveis.,📋,"{""source"": ""cron_auto"", ""prospect_id"": ""95736b9d-7eb7-4c57-8a09-29689ac3343a""}",,2026-05-18 03:00:00.731016+00,Elenco,medium,,
9052cc19-a3c8-43aa-b653-f88409d21d01,68123140-4a25-44c0-adff-ea148c54423c,finance,💼 Movimentação Administrativa,"Seu saldo foi alterado em R$ 10,000,000. Motivo: Aporte administrativo",🔔,,2026-05-11 03:14:18.988+00,2026-05-11 03:13:59.086317+00,Club,medium,,
b28623e3-5c73-41b9-8360-b01176e64ef5,68123140-4a25-44c0-adff-ea148c54423c,finance,💼 Movimentação Administrativa,"Seu saldo foi alterado em R$ 10,000,000. Motivo: Aporte administrativo",🔔,,2026-05-11 03:14:18.988+00,2026-05-11 03:14:03.392706+00,Club,medium,,
a80bad9f-5d05-4e23-8a5e-d6934dc9cc23,68123140-4a25-44c0-adff-ea148c54423c,finance,💼 Movimentação Administrativa,"Seu saldo foi alterado em R$ 10,000,000. Motivo: Aporte administrativo",🔔,,2026-05-11 03:15:07.285+00,2026-05-11 03:14:57.386373+00,Club,medium,,
57cbbb88-b51c-4043-b3b9-a46224ec48c8,68123140-4a25-44c0-adff-ea148c54423c,finance,💼 Movimentação Administrativa,"Seu saldo foi alterado em R$ 10,000,000. Motivo: Aporte administrativo",🔔,,2026-05-11 03:15:07.285+00,2026-05-11 03:15:01.865545+00,Club,medium,,
cf93bf93-1557-421e-af8e-71ecfb403c87,68123140-4a25-44c0-adff-ea148c54423c,finance,💼 Movimentação Administrativa,"Seu saldo foi alterado em R$ 1,000,000,000. Motivo: Aporte administrativo",🔔,,2026-05-11 04:32:57.44+00,2026-05-11 04:32:41.133699+00,Club,medium,,
0039d6e0-2516-4e9c-9882-b3c023a5ccc7,68123140-4a25-44c0-adff-ea148c54423c,success,Pagamento Confirmado,"Recebemos seu pagamento para ""Campanha Local"".",✅,"{""order_id"": ""175b5b09-081f-49b8-94ea-3b4da4477307"", ""payment_id"": ""159511160392""}",2026-05-16 00:07:48.284+00,2026-05-16 00:04:27.086889+00,Financeiro,high,,
de82ef8c-884f-4bcb-8d6c-a6b0b08f3852,c9544dd0-3729-480b-bd00-315d75a45711,success,Premium Ativado!,Sua conta Premium foi ativada/renovada por 30 dias. Aproveite todos os benefícios!,👑,"{""source"": ""auto_purchase"", ""order_id"": ""bb7a1655-ce6a-41b1-b884-77af6ce56d2d""}",2026-05-16 21:16:45.004+00,2026-05-16 21:16:11.216045+00,Premium,ultra,,
60498195-4efc-4f53-b5f3-aa52ca7a5b50,c9544dd0-3729-480b-bd00-315d75a45711,info,Pedido Realizado,"Seu pedido para ""Plano Sócio Ouro"" foi gerado. Aguardando pagamento.",🛍️,"{""item_id"": ""socio_ouro"", ""order_id"": ""107e2d34-bfbf-4391-872c-fc165b453b89""}",2026-05-17 21:02:05.711+00,2026-05-17 20:51:46.389074+00,Financeiro,medium,,
c0c7697c-37be-4afb-827b-e0e66a1a42c4,c9544dd0-3729-480b-bd00-315d75a45711,success,Premium Ativado!,Sua conta Premium foi ativada/renovada por 30 dias. Aproveite todos os benefícios!,👑,"{""source"": ""auto_purchase"", ""order_id"": ""107e2d34-bfbf-4391-872c-fc165b453b89""}",2026-05-17 21:02:05.711+00,2026-05-17 20:51:58.448318+00,Premium,ultra,,
3d41d593-5ba9-42e0-a943-62cb8e376344,c9544dd0-3729-480b-bd00-315d75a45711,success,Produto ativado,"""NovaSports Master"" foi ativado. Bônus: R$ 50,000 · +0 torcedores · +0 sócios. Válido por 30 dias.",📦,"{""item_id"": ""spons_master_t1"", ""category"": ""sponsorship"", ""order_id"": ""2e7146f5-15b4-46f5-bfb5-0c13984a5a6f"", ""expires_at"": ""2026-06-16T21:30:11.195135+00:00""}",2026-05-17 21:30:39.355+00,2026-05-17 21:30:11.195135+00,Loja,high,,
f340776d-e840-471c-869a-8c6a59078618,c9544dd0-3729-480b-bd00-315d75a45711,success,Acesso Liberado!,"Seu item ""NovaSports Master"" foi liberado automaticamente.",🚀,"{""item_id"": ""spons_master_t1"", ""order_id"": ""2e7146f5-15b4-46f5-bfb5-0c13984a5a6f"", ""delivered"": true}",2026-05-17 21:30:39.355+00,2026-05-17 21:30:11.90459+00,Clube,ultra,,
7e23a560-1aa7-434e-9335-7cbfdb301db7,68123140-4a25-44c0-adff-ea148c54423c,auction_unsold,Leilão sem lances,Vinícius Rocha foi para os Jogadores Livres.,🆓,"{""auction_id"": ""b1db9a34-2cdb-44e1-ad53-a39f3588b5f5""}",2026-05-17 22:59:36.084+00,2026-05-17 20:00:00.425966+00,Club,medium,,
1c4d4df8-bbdd-4b00-91ed-bea8dbd91cb3,1c4c75aa-2561-441e-9c0e-9655aa005e34,info,💰 Valor de mercado recalculado.,"Matheus Lima agora vale R$ 405,000 conforme overall, potencial, idade, posição e raridade.",💰,"{""source"": ""cron_auto"", ""prospect_id"": ""95736b9d-7eb7-4c57-8a09-29689ac3343a"", ""market_value"": 405000}",,2026-05-18 03:00:00.731016+00,Financeiro,low,,
f72023e5-e2f2-4ce2-996b-200a17fe2881,3b612347-aa9f-41f8-9bee-59f26c562344,info,🌟 Novo jogador adicionado aos juniores.,"Rafael Teixeira (MEI, OVR 53, POT 56) chegou à categoria de base. Valor: R$ 230,000.",🎓,"{""rarity"": ""Comum"", ""source"": ""cron_auto"", ""prospect_id"": ""0d3d07c4-a402-48ad-95ac-43c0a521453f""}",,2026-05-18 03:00:00.731016+00,Base,medium,,
6d020318-2b9c-40f4-8b28-85e471fde5e2,3b612347-aa9f-41f8-9bee-59f26c562344,info,📋 Banco de reservas atualizado.,O elenco foi reconstruído automaticamente com os juniores disponíveis.,📋,"{""source"": ""cron_auto"", ""prospect_id"": ""0d3d07c4-a402-48ad-95ac-43c0a521453f""}",,2026-05-18 03:00:00.731016+00,Elenco,medium,,
64578aa8-eea4-4af2-ae34-8e155388c3b5,3b612347-aa9f-41f8-9bee-59f26c562344,info,💰 Valor de mercado recalculado.,"Rafael Teixeira agora vale R$ 230,000 conforme overall, potencial, idade, posição e raridade.",💰,"{""source"": ""cron_auto"", ""prospect_id"": ""0d3d07c4-a402-48ad-95ac-43c0a521453f"", ""market_value"": 230000}",,2026-05-18 03:00:00.731016+00,Financeiro,low,,
56066062-b793-4aad-bdbf-80ea3773d4ab,320fcbb8-c3eb-43e7-a3eb-0f302b46897f,info,🌟 Novo jogador adicionado aos juniores.,"Matheus Nogueira (MEI, OVR 54, POT 57) chegou à categoria de base. Valor: R$ 235,000.",🎓,"{""rarity"": ""Comum"", ""source"": ""cron_auto"", ""prospect_id"": ""5d649969-edad-4789-8ace-3d2f8bfb9eef""}",,2026-05-18 03:00:00.731016+00,Base,medium,,
173f0f79-881c-4545-b7c4-ac186a26ab64,320fcbb8-c3eb-43e7-a3eb-0f302b46897f,info,📋 Banco de reservas atualizado.,O elenco foi reconstruído automaticamente com os juniores disponíveis.,📋,"{""source"": ""cron_auto"", ""prospect_id"": ""5d649969-edad-4789-8ace-3d2f8bfb9eef""}",,2026-05-18 03:00:00.731016+00,Elenco,medium,,
796c66a1-b6c0-4d5d-97b6-fd27f00f9e9c,320fcbb8-c3eb-43e7-a3eb-0f302b46897f,info,💰 Valor de mercado recalculado.,"Matheus Nogueira agora vale R$ 235,000 conforme overall, potencial, idade, posição e raridade.",💰,"{""source"": ""cron_auto"", ""prospect_id"": ""5d649969-edad-4789-8ace-3d2f8bfb9eef"", ""market_value"": 235000}",,2026-05-18 03:00:00.731016+00,Financeiro,low,,
1bd32824-cf05-4691-be3b-32a83092f7be,e9e8a10a-6572-4369-a9c6-bdb3e6143f8c,info,🌟 Novo jogador adicionado aos juniores.,"Felipe Ferreira (ATA, OVR 49, POT 52) chegou à categoria de base. Valor: R$ 215,000.",🎓,"{""rarity"": ""Comum"", ""source"": ""cron_auto"", ""prospect_id"": ""0526eb55-9185-4017-ae06-8cc2e186f9e5""}",,2026-05-18 03:00:00.731016+00,Base,medium,,
a77f8a83-2776-4a2f-8edd-b6f0ceaeddd9,e9e8a10a-6572-4369-a9c6-bdb3e6143f8c,info,📋 Banco de reservas atualizado.,O elenco foi reconstruído automaticamente com os juniores disponíveis.,📋,"{""source"": ""cron_auto"", ""prospect_id"": ""0526eb55-9185-4017-ae06-8cc2e186f9e5""}",,2026-05-18 03:00:00.731016+00,Elenco,medium,,
e4b19239-5197-4c52-9026-482a03f0ee5e,68123140-4a25-44c0-adff-ea148c54423c,finance,💼 Movimentação Administrativa,"Seu saldo foi alterado em R$ 10,000,000. Motivo: Aporte administrativo",🔔,,2026-05-11 03:14:18.988+00,2026-05-11 03:13:59.451157+00,Club,medium,,
e21eb9b8-6a09-489c-9b91-c7760fdcf7bc,68123140-4a25-44c0-adff-ea148c54423c,finance,💼 Movimentação Administrativa,"Seu saldo foi alterado em R$ 10,000,000. Motivo: Aporte administrativo",🔔,,2026-05-11 03:14:18.988+00,2026-05-11 03:14:04.507863+00,Club,medium,,
2847d516-0a7e-4108-be23-e99dcfeb5029,68123140-4a25-44c0-adff-ea148c54423c,finance,💼 Movimentação Administrativa,"Seu saldo foi alterado em R$ -50,000,000. Motivo: Retirada administrativa",🔔,,2026-05-11 04:32:57.44+00,2026-05-11 04:31:52.604692+00,Club,medium,,
05d28163-f5d0-4165-b5eb-99eb2890eb8b,68123140-4a25-44c0-adff-ea148c54423c,finance,💼 Movimentação Administrativa,"Seu saldo foi alterado em R$ -3,000,000. Motivo: Retirada administrativa",🔔,,2026-05-11 04:32:57.44+00,2026-05-11 04:32:11.723286+00,Club,medium,,
ad589de1-bf44-4460-8f1a-ac068cd06bd1,e9e8a10a-6572-4369-a9c6-bdb3e6143f8c,info,Pedido Realizado,"Seu pedido para ""Campanha Local"" foi gerado. Aguardando pagamento.",🛍️,"{""item_id"": ""mkt_local"", ""order_id"": ""89b421ed-9cea-47cd-bd76-2a4a49a654ba""}",,2026-05-16 00:07:06.29373+00,Financeiro,medium,,
313dc4f4-ae17-49e5-a09e-5abbcc7d11a8,c9544dd0-3729-480b-bd00-315d75a45711,success,Pagamento Confirmado,"Recebemos seu pagamento para ""Plano Sócio Ouro"".",✅,"{""status"": ""PAID"", ""order_id"": ""bb7a1655-ce6a-41b1-b884-77af6ce56d2d"", ""payment_id"": ""159634924584""}",2026-05-16 21:40:17.345+00,2026-05-16 21:16:11.534737+00,Financeiro,high,,
e133c6a7-058e-4679-8cbd-eb38dfae1307,c9544dd0-3729-480b-bd00-315d75a45711,success,Pagamento Confirmado,"Recebemos seu pagamento para ""Plano Sócio Ouro"".",✅,"{""status"": ""PAID"", ""order_id"": ""107e2d34-bfbf-4391-872c-fc165b453b89"", ""payment_id"": ""159754666008""}",2026-05-17 21:02:05.711+00,2026-05-17 20:51:58.749769+00,Financeiro,high,,
3eb16161-a30e-411e-af39-caf18534d8d1,c9544dd0-3729-480b-bd00-315d75a45711,success,Premium Ativado!,Sua conta Premium foi ativada/renovada por 30 dias. Aproveite todos os benefícios!,👑,"{""source"": ""auto_purchase"", ""order_id"": ""2e7146f5-15b4-46f5-bfb5-0c13984a5a6f""}",2026-05-17 21:30:39.355+00,2026-05-17 21:30:11.475684+00,Premium,ultra,,
937baebf-aaff-45f0-bd21-d318d86a37ac,68123140-4a25-44c0-adff-ea148c54423c,success,⭐ Nova Craque geracional na base!,"Paulo Mendes (MEI, OVR 60, POT 98) acaba de surgir na categoria de base.",🎓,"{""rarity"": ""Craque geracional"", ""source"": ""cron_auto"", ""prospect_id"": ""b16e67b5-7aa3-46f6-8708-0c71e7300dd0""}",2026-05-17 22:59:39.939+00,2026-05-17 21:22:54.901975+00,Base,high,,
5751cb34-cc4b-45db-ae7e-f3d30018d333,e9e8a10a-6572-4369-a9c6-bdb3e6143f8c,info,💰 Valor de mercado recalculado.,"Felipe Ferreira agora vale R$ 215,000 conforme overall, potencial, idade, posição e raridade.",💰,"{""source"": ""cron_auto"", ""prospect_id"": ""0526eb55-9185-4017-ae06-8cc2e186f9e5"", ""market_value"": 215000}",,2026-05-18 03:00:00.731016+00,Financeiro,low,,
9c7eaa39-923f-4480-aa2a-a6490d0c2743,e60b679b-7e44-484c-a91c-7b7c1ceba32e,info,🌟 Novo jogador adicionado aos juniores.,"Henrique Teixeira (GOL, OVR 48, POT 51) chegou à categoria de base. Valor: R$ 205,000.",🎓,"{""rarity"": ""Comum"", ""source"": ""cron_auto"", ""prospect_id"": ""d397fe9f-444b-4f82-bf09-b008e374e93a""}",,2026-05-18 03:00:00.731016+00,Base,medium,,
945c2fac-5e9b-40d1-86f5-9e5bf0d881b8,e60b679b-7e44-484c-a91c-7b7c1ceba32e,info,📋 Banco de reservas atualizado.,O elenco foi reconstruído automaticamente com os juniores disponíveis.,📋,"{""source"": ""cron_auto"", ""prospect_id"": ""d397fe9f-444b-4f82-bf09-b008e374e93a""}",,2026-05-18 03:00:00.731016+00,Elenco,medium,,
b5cf4369-3ae2-4bc1-835b-a117b43d91f9,e60b679b-7e44-484c-a91c-7b7c1ceba32e,info,💰 Valor de mercado recalculado.,"Henrique Teixeira agora vale R$ 205,000 conforme overall, potencial, idade, posição e raridade.",💰,"{""source"": ""cron_auto"", ""prospect_id"": ""d397fe9f-444b-4f82-bf09-b008e374e93a"", ""market_value"": 205000}",,2026-05-18 03:00:00.731016+00,Financeiro,low,,
560d8061-8606-44cb-a9b6-fdf5a3531ca8,74125438-d6d6-471b-9669-b06add2421de,info,🌟 Novo jogador adicionado aos juniores.,"Wesley Vieira (ZAG, OVR 61, POT 64) chegou à categoria de base. Valor: R$ 630,000.",🎓,"{""rarity"": ""Comum"", ""source"": ""cron_auto"", ""prospect_id"": ""c6480b26-899f-468c-afe1-4a7b5be90545""}",,2026-05-18 03:00:00.731016+00,Base,medium,,
6b26dae9-527a-4612-afd1-01db3fa2e7ce,74125438-d6d6-471b-9669-b06add2421de,info,📋 Banco de reservas atualizado.,O elenco foi reconstruído automaticamente com os juniores disponíveis.,📋,"{""source"": ""cron_auto"", ""prospect_id"": ""c6480b26-899f-468c-afe1-4a7b5be90545""}",,2026-05-18 03:00:00.731016+00,Elenco,medium,,
1ddd104b-57cb-49ee-9bff-0e2bb74b4f3f,74125438-d6d6-471b-9669-b06add2421de,info,💰 Valor de mercado recalculado.,"Wesley Vieira agora vale R$ 630,000 conforme overall, potencial, idade, posição e raridade.",💰,"{""source"": ""cron_auto"", ""prospect_id"": ""c6480b26-899f-468c-afe1-4a7b5be90545"", ""market_value"": 630000}",,2026-05-18 03:00:00.731016+00,Financeiro,low,,
2b406d51-123e-48a6-abe3-c7341063b09c,68123140-4a25-44c0-adff-ea148c54423c,warning,Sincronização em andamento,Detectamos um pequeno atraso na entrega. Nosso sistema está re-sincronizando seus dados agora.,🔄,,2026-05-24 21:34:11.943+00,2026-05-24 21:33:58.143746+00,Financeiro,medium,,
d43b7624-864b-4b40-98c2-3c4d39836da8,68123140-4a25-44c0-adff-ea148c54423c,info,Pedido Realizado,"Seu pedido para ""Lançamento de Uniforme"" foi gerado. Aguardando pagamento.",🛍️,"{""item_id"": ""uniform_launch"", ""order_id"": ""2775fcca-fae5-405b-98b2-e38e463ed942""}",2026-05-26 00:22:29.508+00,2026-05-26 00:19:11.654637+00,Financeiro,medium,,
d69cf7e2-355d-4233-8555-84c67f36ec62,68123140-4a25-44c0-adff-ea148c54423c,loan_offer_accepted,🤝 Empréstimo confirmado,Edson Cardoso foi emprestado para ABC FC.,🤝,"{""listing_id"": ""71e55df1-d037-47b8-8a77-c1225336f1ac""}",2026-05-27 01:59:55.556+00,2026-05-27 01:59:26.431595+00,Club,medium,,
39cdc277-5a18-4a4f-a066-854730b85b0b,dd9fd5b7-074d-4375-a26d-0a2e7c61f47c,success,Bem-vindo ao FLM 26!,"Olá, Manager! Dicas: treine seus jogadores diariamente, melhore o CT e entre em ligas para competir online. Boa sorte! ⚽",👋,,2026-05-27 14:42:13.755+00,2026-05-27 14:38:08.557289+00,Club,medium,,
a54e9be6-cb60-46ed-aa1c-fc4b15c0c761,68123140-4a25-44c0-adff-ea148c54423c,finance,💼 Movimentação Administrativa,"Seu saldo foi alterado em R$ 10,000,000. Motivo: Aporte administrativo",🔔,,2026-05-11 03:14:18.988+00,2026-05-11 03:13:59.792273+00,Club,medium,,
32f35cc1-4552-4cd6-9400-2342caf950fd,68123140-4a25-44c0-adff-ea148c54423c,finance,💼 Movimentação Administrativa,"Seu saldo foi alterado em R$ 10,000,000. Motivo: Aporte administrativo",🔔,,2026-05-11 03:14:18.988+00,2026-05-11 03:14:05.083033+00,Club,medium,,
13d0b535-8d95-4282-836c-a069a1f04074,68123140-4a25-44c0-adff-ea148c54423c,finance,💼 Movimentação Administrativa,"Seu saldo foi alterado em R$ 10,000,000. Motivo: Aporte administrativo",🔔,,2026-05-11 03:15:07.285+00,2026-05-11 03:14:57.026671+00,Club,medium,,
0f93e8fd-87b8-4de8-815a-00b4c1b76ae0,320fcbb8-c3eb-43e7-a3eb-0f302b46897f,finance,Premiação da Copa Recebida,Seu clube recebeu R$ 0.1M da Participação na Copa. Dinheiro adicionado ao caixa!,🔔,,2026-05-11 22:25:59.633+00,2026-05-11 20:51:51.080417+00,Club,medium,,
4a096f60-0895-4299-89be-e5404a8433f7,e9e8a10a-6572-4369-a9c6-bdb3e6143f8c,finance,Premiação da Copa Recebida,Seu clube recebeu R$ 0.1M da Participação na Copa. Dinheiro adicionado ao caixa!,🔔,,2026-05-14 22:29:28.189+00,2026-05-11 20:51:50.901533+00,Club,medium,,
4a7e0ae6-8efd-4210-840a-78e240110920,68123140-4a25-44c0-adff-ea148c54423c,info,Pedido Realizado,"Seu pedido para ""Campanha Local"" foi gerado. Aguardando pagamento.",🛍️,"{""item_id"": ""mkt_local"", ""order_id"": ""e440b4d0-c807-4574-b050-041503bfcd42""}",2026-05-16 00:19:38.64+00,2026-05-16 00:18:31.378072+00,Financeiro,medium,,
b081c1f9-d09a-4f60-9968-18af527f837c,1c4c75aa-2561-441e-9c0e-9655aa005e34,finance,Premiação da Copa Recebida,Seu clube recebeu R$ 0.1M da Participação na Copa. Dinheiro adicionado ao caixa!,🔔,,2026-05-16 19:23:40.217+00,2026-05-11 20:51:52.992959+00,Club,medium,,
0ec71746-28e4-44bd-8be8-5ba89478ebe8,c9544dd0-3729-480b-bd00-315d75a45711,success,Acesso Liberado!,"Seu item ""Plano Sócio Ouro"" foi liberado automaticamente.",🚀,"{""item_id"": ""socio_ouro"", ""order_id"": ""bb7a1655-ce6a-41b1-b884-77af6ce56d2d"", ""delivered"": true}",2026-05-16 21:16:43.984+00,2026-05-16 21:16:11.656611+00,Clube,ultra,,
aa44130e-bad0-4d3e-9f64-94a838e39504,c9544dd0-3729-480b-bd00-315d75a45711,success,Acesso Liberado!,"Seu item ""Plano Sócio Ouro"" foi liberado automaticamente.",🚀,"{""item_id"": ""socio_ouro"", ""order_id"": ""107e2d34-bfbf-4391-872c-fc165b453b89"", ""delivered"": true}",2026-05-17 21:02:05.711+00,2026-05-17 20:51:58.859444+00,Clube,ultra,,
1a9b2bc8-d35e-4349-846f-d4dc209345fd,c9544dd0-3729-480b-bd00-315d75a45711,success,Pagamento Confirmado,"Recebemos seu pagamento para ""NovaSports Master"".",✅,"{""status"": ""PAID"", ""order_id"": ""2e7146f5-15b4-46f5-bfb5-0c13984a5a6f"", ""payment_id"": ""159759066032""}",2026-05-17 21:30:39.355+00,2026-05-17 21:30:11.591756+00,Financeiro,high,,
e116475a-ccb5-4576-af9c-7341b3954fd6,c9544dd0-3729-480b-bd00-315d75a45711,match_report,🟢 Relatório: FLM Team Fc 2x0 FLM Team Fc,Brasileirão Série A • Toque para ver os detalhes da partida.,📊,"{""my_goals"": 2, ""opp_goals"": 0, ""competition"": ""Brasileirão Série A"", ""match_db_id"": ""31d7a579-63ae-49d1-9aeb-3ea6cfa0946b""}",2026-05-17 23:16:08.294+00,2026-05-17 23:15:32.083889+00,Club,medium,,
1daa6ab4-8172-460b-8538-7e6ded89f494,68123140-4a25-44c0-adff-ea148c54423c,match_report,🟢 Relatório: ADM FC 2x1 Internacional,Brasileirão Série A • Toque para ver os detalhes da partida.,📊,"{""my_goals"": 2, ""opp_goals"": 1, ""competition"": ""Brasileirão Série A"", ""match_db_id"": ""61bde5b0-418f-4986-aa45-25074051d60f""}",2026-05-18 22:46:23.392+00,2026-05-18 22:42:18.496706+00,Club,medium,,
3450cc81-17b0-49cb-898b-b2f040bef4df,c9544dd0-3729-480b-bd00-315d75a45711,match_report,🟢 Relatório: ABC FC 3x0 Internacional,Brasileirão Série A • Toque para ver os detalhes da partida.,📊,"{""my_goals"": 3, ""opp_goals"": 0, ""competition"": ""Brasileirão Série A"", ""match_db_id"": ""a8be9f7d-c1a2-4988-92f1-712da4110e3e""}",2026-05-24 22:49:54.3+00,2026-05-24 22:45:23.60312+00,Club,medium,,
32be1071-6f7b-40b6-88d9-8b65c26ac84c,fa156d76-dbb9-473c-8a51-a059f6741bd8,success,Bem-vindo ao FLM 26!,"Parabéns pela criação do Time inicial teste! Seu elenco de 22 jogadores foi gerado automaticamente. Boa sorte, Manager!",👋,,,2026-05-26 00:41:37.556117+00,Club,medium,,
46df973b-4539-42b1-8964-e3aee9425021,c9544dd0-3729-480b-bd00-315d75a45711,loan_offer_accepted,✅ Empréstimo fechado,Edson Cardoso chegará por empréstimo. Taxa: R$0k. Divisão salarial: 100% pago por você.,✅,"{""player"": {""id"": ""zkwiefksb"", ""age"": 17, ""name"": ""Edson Cardoso"", ""goals"": 0, ""morale"": 65, ""salary"": 500, ""assists"": 0, ""isYouth"": true, ""overall"": 65, ""stamina"": 100, ""contract"": 1, ""position"": ""GOL"", ""potential"": 90, ""squadRole"": ""promessa"", ""attributes"": {""speed"": 51, ""vision"": 53, ""heading"": 62, ""marking"": 61, ""passing"": 57, ""crossing"": 47, ""physical"": 57, ""shooting"": 44, ""workRate"": 53, ""composure"": 60, ""defending"": 62, ""dribbling"": 48, ""longShots"": 37, ""setPieces"": 47, ""aggression"": 53, ""goalkeeping"": 79, ""positioning"": 65}, ""gamesPlayed"": 0, ""marketValue"": 0, ""personality"": ""preguicoso"", ""squad_status"": ""reserve"", ""contractStatus"": ""base"", ""promotionReady"": false, ""trainingProgress"": 0}, ""listing_id"": ""71e55df1-d037-47b8-8a77-c1225336f1ac""}",2026-05-27 02:13:35.285+00,2026-05-27 01:59:26.431595+00,Club,medium,,
f298d1ba-e3a3-4571-8080-2c088634aaf0,c9544dd0-3729-480b-bd00-315d75a45711,success,Bem-vindo ao FLM 26!,"Olá, Manager! Dicas: treine seus jogadores diariamente, melhore o CT e entre em ligas para competir online. Boa sorte! ⚽",👋,,2026-05-27 17:08:11.707+00,2026-05-27 17:06:44.15611+00,Clube,medium,,"[{""type"": ""navigate"", ""label"": ""Ir para Elenco"", ""payload"": {""tab"": ""squad""}}, {""type"": ""navigate"", ""label"": ""Melhorar CT"", ""payload"": {""tab"": ""training""}}]"
787c7614-ffd6-4d4e-b8de-43d0793fd46b,68123140-4a25-44c0-adff-ea148c54423c,finance,💼 Movimentação Administrativa,"Seu saldo foi alterado em R$ 10,000,000. Motivo: Aporte administrativo",🔔,,2026-05-11 03:14:18.988+00,2026-05-11 03:14:00.164815+00,Club,medium,,
6e103fd8-c69f-4a1a-a90c-1abe497a3911,68123140-4a25-44c0-adff-ea148c54423c,finance,💼 Movimentação Administrativa,"Seu saldo foi alterado em R$ 10,000,000. Motivo: Aporte administrativo",🔔,,2026-05-11 03:14:18.988+00,2026-05-11 03:14:01.583682+00,Club,medium,,
275cfee7-88c1-4daa-8f30-d2b2f38aa383,68123140-4a25-44c0-adff-ea148c54423c,finance,💼 Movimentação Administrativa,"Seu saldo foi alterado em R$ 10,000,000. Motivo: Aporte administrativo",🔔,,2026-05-11 03:15:07.285+00,2026-05-11 03:15:00.156258+00,Club,medium,,
5f074e40-3c79-4250-a290-c0529512ac87,68123140-4a25-44c0-adff-ea148c54423c,success,Pagamento Confirmado,"Recebemos seu pagamento para ""Campanha Local"".",✅,"{""order_id"": ""e440b4d0-c807-4574-b050-041503bfcd42"", ""payment_id"": ""159513458328""}",2026-05-16 00:19:38.951+00,2026-05-16 00:18:59.201231+00,Financeiro,high,,
5771ad90-b6f4-4593-97f7-131031701bb9,c9544dd0-3729-480b-bd00-315d75a45711,finance,Premiação da Copa Recebida,Seu clube recebeu R$ 0.1M da Participação na Copa. Dinheiro adicionado ao caixa!,🔔,,2026-05-16 17:43:12.44+00,2026-05-11 20:51:51.242045+00,Club,medium,,
8e52deb4-5a09-487e-a58a-7d854a3cd95d,c9544dd0-3729-480b-bd00-315d75a45711,info,Pedido Realizado,"Seu pedido para ""Campanha Local"" foi gerado. Aguardando pagamento.",🛍️,"{""item_id"": ""mkt_local"", ""order_id"": ""bf7b2ff4-d914-4e8b-a801-473432c3a59b""}",2026-05-16 21:46:41.722+00,2026-05-16 21:45:19.175896+00,Financeiro,medium,,
775c4766-68d4-49b9-a329-14701c62ee72,c9544dd0-3729-480b-bd00-315d75a45711,success,Premium Ativado!,Sua conta Premium foi ativada/renovada por 30 dias. Aproveite todos os benefícios!,👑,"{""source"": ""auto_purchase"", ""order_id"": ""107e2d34-bfbf-4391-872c-fc165b453b89""}",2026-05-17 21:02:05.711+00,2026-05-17 20:52:04.385402+00,Premium,ultra,,
fb9ebe20-ac8d-4008-a07d-cf12fd250189,c9544dd0-3729-480b-bd00-315d75a45711,info,Pedido Realizado,"Seu pedido para ""Plano Sócio Ouro"" foi gerado. Aguardando pagamento.",🛍️,"{""item_id"": ""socio_ouro"", ""order_id"": ""4f1baff3-7636-4e25-91e2-0fad2a1a0cff""}",2026-05-17 22:09:13.774+00,2026-05-17 22:02:41.11593+00,Financeiro,medium,,
93db2bc8-4b8b-4d0e-bb1e-46a248b13b6e,68123140-4a25-44c0-adff-ea148c54423c,match_report,🔴 Relatório: ADM FC 1x2 Botafogo,Brasileirão Série A • Toque para ver os detalhes da partida.,📊,"{""my_goals"": 1, ""opp_goals"": 2, ""competition"": ""Brasileirão Série A"", ""match_db_id"": ""adcea3a7-5b29-4c77-b957-bbaa3df69ad1""}",2026-05-17 23:22:12.872+00,2026-05-17 23:21:27.1832+00,Club,medium,,
b8113d39-c2fe-4d44-87f7-75ed379c80e3,68123140-4a25-44c0-adff-ea148c54423c,loan_offer_received,🔄 Proposta de empréstimo,ABC FC quer Edson Cardoso. Recomendação do agente: aceitar.,🔄,"{""advice"": {""reason"": ""Termos iguais ou melhores que o anunciado."", ""decision"": ""accept""}, ""offer_id"": ""80835741-155c-4a90-9014-553b6b9006f8"", ""listing_id"": ""71e55df1-d037-47b8-8a77-c1225336f1ac""}",2026-05-21 00:22:20.957+00,2026-05-21 00:21:57.66234+00,Club,medium,,
3d444021-2682-40e4-bf41-6c6e21640ce3,68123140-4a25-44c0-adff-ea148c54423c,match_report,🟡 Relatório: ADM FC 1x1 BOT EASY FC,Amistoso vs BOT • Toque para ver os detalhes da partida.,📊,"{""my_goals"": 1, ""opp_goals"": 1, ""competition"": ""Amistoso vs BOT"", ""match_db_id"": ""0a88c941-ba8b-4688-88bc-8e34bfd2139b""}",2026-05-24 23:13:21.598+00,2026-05-24 23:06:34.529809+00,Club,medium,,
925d00ff-14ce-4b9a-a24e-7076104301b4,fa156d76-dbb9-473c-8a51-a059f6741bd8,friendly_accepted,Amistoso aceito!,ADM FC aceitou sua partida aberta.,⚽,"{""opponent"": ""ADM FC"", ""invite_id"": ""5022c7dc-1a88-4a0b-a61e-864e54ab9526""}",,2026-05-26 00:42:39.670797+00,Club,medium,,
dfa2c333-be43-4a27-acd2-29acc0692a28,c9544dd0-3729-480b-bd00-315d75a45711,success,Bruno Mendes aceitou!,"Bruno Mendes aceitou sua proposta e agora faz parte do ABC FC! Salário: R$6000/mês, contrato de 2 ano(s).",✅,,2026-05-27 15:30:47.022+00,2026-05-27 13:11:54.613811+00,Club,medium,,
9d8396b4-2d72-48aa-ac50-40e03b792e52,b192ae6f-3143-442f-8ac7-b2fb6c9dca14,success,Bem-vindo ao FLM 26!,"Olá, Manager! Dicas: treine seus jogadores diariamente, melhore o CT e entre em ligas para competir online. Boa sorte! ⚽",👋,,,2026-05-27 17:21:27.107676+00,Clube,medium,,"[{""type"": ""navigate"", ""label"": ""Ir para Elenco"", ""payload"": {""tab"": ""squad""}}, {""type"": ""navigate"", ""label"": ""Melhorar CT"", ""payload"": {""tab"": ""training""}}]"
df29a4d2-0347-4f00-9d61-56a7bac5a994,68123140-4a25-44c0-adff-ea148c54423c,finance,💼 Movimentação Administrativa,"Seu saldo foi alterado em R$ 10,000,000. Motivo: Aporte administrativo",🔔,,2026-05-11 03:14:18.988+00,2026-05-11 03:14:00.500763+00,Club,medium,,
f83b8759-7afb-404b-b52b-e95b99f1ea3b,68123140-4a25-44c0-adff-ea148c54423c,finance,💼 Movimentação Administrativa,"Seu saldo foi alterado em R$ 10,000,000. Motivo: Aporte administrativo",🔔,,2026-05-11 03:14:18.988+00,2026-05-11 03:14:05.976986+00,Club,medium,,
55126e5d-ac62-4265-bd37-e22bb9ff991b,68123140-4a25-44c0-adff-ea148c54423c,finance,💼 Movimentação Administrativa,"Seu saldo foi alterado em R$ 10,000,000. Motivo: Aporte administrativo",🔔,,2026-05-11 03:15:07.285+00,2026-05-11 03:15:00.692529+00,Club,medium,,
46559d8b-8ab2-4898-a5e7-018c29e3fcc9,68123140-4a25-44c0-adff-ea148c54423c,finance,Premiação da Copa Recebida,Seu clube recebeu R$ 0.1M da Participação na Copa. Dinheiro adicionado ao caixa!,🔔,,2026-05-11 20:57:40.156+00,2026-05-11 20:51:51.419184+00,Club,medium,,
e353c923-081f-45c4-bdb6-766ca0bc5d8d,68123140-4a25-44c0-adff-ea148c54423c,success,Pagamento Confirmado,"Recebemos seu pagamento para ""Campanha Local"".",✅,"{""order_id"": ""e440b4d0-c807-4574-b050-041503bfcd42"", ""payment_id"": ""159513458328""}",2026-05-16 00:19:39.239+00,2026-05-16 00:19:02.494097+00,Financeiro,high,,
7515f422-0816-498c-8906-1cec0dd8fe5b,c9544dd0-3729-480b-bd00-315d75a45711,success,Premium Ativado!,Sua conta Premium foi ativada/renovada por 30 dias. Aproveite todos os benefícios!,👑,"{""source"": ""auto_purchase"", ""order_id"": ""bf7b2ff4-d914-4e8b-a801-473432c3a59b""}",2026-05-16 21:46:41.134+00,2026-05-16 21:46:14.667188+00,Premium,ultra,,
a955e97a-5bdf-40da-af1c-e09fbc218634,c9544dd0-3729-480b-bd00-315d75a45711,success,Pagamento Confirmado,"Recebemos seu pagamento para ""Plano Sócio Ouro"".",✅,"{""status"": ""PAID"", ""order_id"": ""107e2d34-bfbf-4391-872c-fc165b453b89"", ""payment_id"": ""159754666008""}",2026-05-17 21:02:05.711+00,2026-05-17 20:52:04.495547+00,Financeiro,high,,
02d2149a-f2bc-4fb4-a0d8-cf4c6a2975de,c9544dd0-3729-480b-bd00-315d75a45711,success,Produto ativado,"""Plano Sócio Ouro"" foi ativado. Bônus: R$ 0 · +0 torcedores · +2000 sócios. Válido por 30 dias.",📦,"{""item_id"": ""socio_ouro"", ""category"": ""members"", ""order_id"": ""4f1baff3-7636-4e25-91e2-0fad2a1a0cff"", ""expires_at"": ""2026-06-16T22:02:53.18005+00:00""}",2026-05-17 22:09:13.774+00,2026-05-17 22:02:53.18005+00,Loja,high,,
59ddb044-fed3-4c06-a10f-9717835f9b38,68123140-4a25-44c0-adff-ea148c54423c,match_report,🔴 Relatório: ADM FC 1x2 Botafogo,Brasileirão Série A • Toque para ver os detalhes da partida.,📊,"{""my_goals"": 1, ""opp_goals"": 2, ""competition"": ""Brasileirão Série A"", ""match_db_id"": ""a08a83fe-53a2-4ba7-9daf-5a70defcec0d""}",2026-05-17 23:34:18.157+00,2026-05-17 23:33:45.696971+00,Club,medium,,
157435e1-60f5-422c-a2cf-2246a815c2b1,c9544dd0-3729-480b-bd00-315d75a45711,info,Pedido Realizado,"Seu pedido para ""Lançamento de Coleção 2026"" foi gerado. Aguardando pagamento.",🛍️,"{""item_id"": ""uniform_launch_slot"", ""order_id"": ""e1683a93-4ee3-43c3-8f05-e0b2911c2994""}",2026-05-24 03:24:16.923+00,2026-05-24 03:22:53.244495+00,Financeiro,medium,,
12e2cd90-1e9e-4a13-9ab6-3cb260e92520,68123140-4a25-44c0-adff-ea148c54423c,match_report,🟡 Relatório: ADM FC 1x1 BOT EASY FC,Amistoso vs BOT • Toque para ver os detalhes da partida.,📊,"{""my_goals"": 1, ""opp_goals"": 1, ""competition"": ""Amistoso vs BOT"", ""match_db_id"": ""0a88c941-ba8b-4688-88bc-8e34bfd2139b""}",2026-05-24 23:13:23.107+00,2026-05-24 23:06:51.468884+00,Club,medium,,
4d817024-7a8e-4e60-b946-e8a3c6e0c811,68123140-4a25-44c0-adff-ea148c54423c,warning,Nova proposta por Bruno Mendes!,ABC FC ofereceu R$600k por Bruno Mendes (OVR 60). Salário: R$6000/mês • Contrato: 2 anos. Confira na aba Propostas do Mercado!,📩,,2026-05-27 01:44:54.186+00,2026-05-27 01:44:28.304469+00,Club,medium,,
3a088b65-70b4-4ab3-9781-f19bb0c6e830,68123140-4a25-44c0-adff-ea148c54423c,success,Bruno Mendes vendido!,Bruno Mendes aceitou a proposta do ABC FC por R$600k.,💰,,,2026-05-27 13:11:54.81688+00,Club,medium,,
6d87aee1-befc-432e-9e7e-be1b237702b0,dd9fd5b7-074d-4375-a26d-0a2e7c61f47c,success,Bem-vindo ao FLM 26!,"Olá, Manager! Dicas: treine seus jogadores diariamente, melhore o CT e entre em ligas para competir online. Boa sorte! ⚽",👋,,2026-05-28 20:21:57.865+00,2026-05-27 20:10:32.011342+00,Clube,medium,,"[{""type"": ""navigate"", ""label"": ""Ir para Elenco"", ""payload"": {""tab"": ""squad""}}, {""type"": ""navigate"", ""label"": ""Melhorar CT"", ""payload"": {""tab"": ""training""}}]"
b7a1a9da-3ef4-4460-b3cf-2ab122dcc03a,68123140-4a25-44c0-adff-ea148c54423c,finance,💼 Movimentação Administrativa,"Seu saldo foi alterado em R$ 10,000,000. Motivo: Aporte administrativo",🔔,,2026-05-11 03:14:18.988+00,2026-05-11 03:14:01.205533+00,Club,medium,,
c6717f95-8c0a-4204-b425-a9edf899f1f3,68123140-4a25-44c0-adff-ea148c54423c,finance,💼 Movimentação Administrativa,"Seu saldo foi alterado em R$ 10,000,000. Motivo: Aporte administrativo",🔔,,2026-05-11 03:14:18.988+00,2026-05-11 03:14:06.488856+00,Club,medium,,
5f12c8b2-9893-4042-b774-bdc52daa7719,68123140-4a25-44c0-adff-ea148c54423c,finance,💼 Movimentação Administrativa,"Seu saldo foi alterado em R$ 10,000,000. Motivo: Aporte administrativo",🔔,,2026-05-11 03:15:07.285+00,2026-05-11 03:14:56.575006+00,Club,medium,,
8b61554d-5ac3-41b7-aae9-3e111a3c235a,3b612347-aa9f-41f8-9bee-59f26c562344,finance,Premiação da Copa Recebida,Seu clube recebeu R$ 0.1M da Participação na Copa. Dinheiro adicionado ao caixa!,🔔,,,2026-05-11 20:51:51.599385+00,Club,medium,,
9043ed85-87a0-4cc6-ab12-b3c10c5f4ba0,68123140-4a25-44c0-adff-ea148c54423c,info,Pedido Realizado,"Seu pedido para ""Campanha Local"" foi gerado. Aguardando pagamento.",🛍️,"{""item_id"": ""mkt_local"", ""order_id"": ""d3305730-7deb-4ea4-8836-96450a817754""}",2026-05-16 00:25:43.369+00,2026-05-16 00:25:07.421625+00,Financeiro,medium,,
38c98ad9-9ba7-4f5d-bf9d-845bf463663f,c9544dd0-3729-480b-bd00-315d75a45711,success,Pagamento Confirmado,"Recebemos seu pagamento para ""Campanha Local"".",✅,"{""status"": ""PAID"", ""order_id"": ""bf7b2ff4-d914-4e8b-a801-473432c3a59b"", ""payment_id"": ""159638061852""}",2026-05-16 21:46:40.354+00,2026-05-16 21:46:14.779274+00,Financeiro,high,,
f4e4664b-2a8b-41fc-a3db-e9b1f75e6903,c9544dd0-3729-480b-bd00-315d75a45711,success,Acesso Liberado!,"Seu item ""Plano Sócio Ouro"" foi liberado automaticamente.",🚀,"{""item_id"": ""socio_ouro"", ""order_id"": ""107e2d34-bfbf-4391-872c-fc165b453b89"", ""delivered"": true}",2026-05-17 21:02:05.711+00,2026-05-17 20:52:04.637117+00,Clube,ultra,,
8ff214cc-cda9-47a7-84ab-feeb02d2a0e5,c9544dd0-3729-480b-bd00-315d75a45711,success,Premium Ativado!,Sua conta Premium foi ativada/renovada por 30 dias. Aproveite todos os benefícios!,👑,"{""source"": ""auto_purchase"", ""order_id"": ""4f1baff3-7636-4e25-91e2-0fad2a1a0cff""}",2026-05-17 22:09:13.774+00,2026-05-17 22:02:53.67458+00,Premium,ultra,,
5b09384e-e8a0-474a-8c29-6b1688bf69ac,68123140-4a25-44c0-adff-ea148c54423c,match_report,🔴 Relatório: ADM FC 1x2 Botafogo,Brasileirão Série A • Toque para ver os detalhes da partida.,📊,"{""my_goals"": 1, ""opp_goals"": 2, ""competition"": ""Brasileirão Série A"", ""match_db_id"": ""a08a83fe-53a2-4ba7-9daf-5a70defcec0d""}",2026-05-17 23:59:35.513+00,2026-05-17 23:54:33.809475+00,Club,medium,,
5a5a58a9-0320-47e6-8275-b237f6e6562a,c9544dd0-3729-480b-bd00-315d75a45711,success,Pagamento Confirmado,"Recebemos seu pagamento para ""Lançamento de Coleção 2026"".",✅,"{""status"": ""PAID"", ""order_id"": ""e1683a93-4ee3-43c3-8f05-e0b2911c2994"", ""payment_id"": ""159989901011""}",2026-05-24 03:24:19.988+00,2026-05-24 03:23:19.45506+00,Financeiro,high,,
503f7a36-6c25-404a-a90b-30d3aed8f6c5,68123140-4a25-44c0-adff-ea148c54423c,info,Pedido Realizado,"Seu pedido para ""Lançamento de Uniforme"" foi gerado. Aguardando pagamento.",🛍️,"{""item_id"": ""uniform_launch"", ""order_id"": ""15794c14-c7f4-4ccd-91c1-ad506e7942d1""}",2026-05-25 00:10:00.007+00,2026-05-25 00:08:26.683508+00,Financeiro,medium,,
6bfdbe9e-cb2b-4e3a-a1a6-011a658d840d,68123140-4a25-44c0-adff-ea148c54423c,warning,Nova proposta por Weverton Guimarães!,ABC FC ofereceu R$267k por Weverton Guimarães (OVR 43). Salário: R$500/mês • Contrato: 2 anos. Confira na aba Propostas do Mercado!,📩,,2026-05-27 01:44:54.52+00,2026-05-27 01:44:37.183966+00,Club,medium,,
db729df0-6cef-479a-8673-7a52a3b95db0,c9544dd0-3729-480b-bd00-315d75a45711,warning,Empresário de Weverton Guimarães respondeu,"Aqui é o empresário de Weverton Guimarães. O jogador recusou a proposta. Para fecharmos negócio, sugerimos: salário de R$625/mês, contrato de 3+ anos e bônus de assinatura.",🤵,,2026-05-27 15:31:00.213+00,2026-05-27 13:11:55.418229+00,Club,medium,,
752a38c7-e2e4-4a82-a92a-0296a6d80d35,68123140-4a25-44c0-adff-ea148c54423c,finance,💼 Movimentação Administrativa,"Seu saldo foi alterado em R$ 10,000,000. Motivo: Aporte administrativo",🔔,,2026-05-11 03:14:18.988+00,2026-05-11 03:14:02.835924+00,Club,medium,,
561a5726-fc5a-47f4-8aec-bc0554a850a3,74125438-d6d6-471b-9669-b06add2421de,finance,Premiação da Copa Recebida,Seu clube recebeu R$ 0.1M da Participação na Copa. Dinheiro adicionado ao caixa!,🔔,,,2026-05-11 20:51:52.819531+00,Club,medium,,
56f5bf62-7660-4587-bb26-1d8929ba1e2d,68123140-4a25-44c0-adff-ea148c54423c,success,Pagamento Confirmado,"Recebemos seu pagamento para ""Campanha Local"".",✅,"{""order_id"": ""d3305730-7deb-4ea4-8836-96450a817754"", ""payment_id"": ""158738430651""}",2026-05-16 00:27:18.277+00,2026-05-16 00:26:14.476063+00,Financeiro,high,,
d31d7437-390c-43e5-8e35-2a60ae57a746,c9544dd0-3729-480b-bd00-315d75a45711,success,Acesso Liberado!,"Seu item ""Campanha Local"" foi liberado automaticamente.",🚀,"{""item_id"": ""mkt_local"", ""order_id"": ""bf7b2ff4-d914-4e8b-a801-473432c3a59b"", ""delivered"": true}",2026-05-16 21:46:40.005+00,2026-05-16 21:46:14.889991+00,Clube,ultra,,
398613b2-cbfc-4977-8e2b-5d46cb9d8b10,c9544dd0-3729-480b-bd00-315d75a45711,success,Pagamento Confirmado,"Recebemos seu pagamento para ""Plano Sócio Ouro"".",✅,"{""status"": ""PAID"", ""order_id"": ""1905e47b-3ea8-46a2-9e57-5ceddeaf99ec"", ""payment_id"": ""158981610413""}",2026-05-17 21:02:02.304+00,2026-05-17 21:01:36.321471+00,Financeiro,high,,
600a38da-96fe-4988-8c12-f0b94dd71f23,c9544dd0-3729-480b-bd00-315d75a45711,info,Pedido Realizado,"Seu pedido para ""Plano Sócio Ouro"" foi gerado. Aguardando pagamento.",🛍️,"{""item_id"": ""socio_ouro"", ""order_id"": ""1905e47b-3ea8-46a2-9e57-5ceddeaf99ec""}",2026-05-17 21:02:05.711+00,2026-05-17 21:01:07.763074+00,Financeiro,medium,,
fd3abdeb-2c5f-4132-82c9-ce3a1c4460a2,c9544dd0-3729-480b-bd00-315d75a45711,success,Pagamento Confirmado,"Recebemos seu pagamento para ""Plano Sócio Ouro"".",✅,"{""status"": ""PAID"", ""order_id"": ""4f1baff3-7636-4e25-91e2-0fad2a1a0cff"", ""payment_id"": ""158987041757""}",2026-05-17 22:09:13.774+00,2026-05-17 22:02:53.788407+00,Financeiro,high,,
ad98da5c-2781-4891-a589-70987a0350e1,68123140-4a25-44c0-adff-ea148c54423c,match_report,🔴 Relatório: ADM FC 1x2 Botafogo,Brasileirão Série A • Toque para ver os detalhes da partida.,📊,"{""my_goals"": 1, ""opp_goals"": 2, ""competition"": ""Brasileirão Série A"", ""match_db_id"": ""70bb7003-bf86-4f4f-8bfc-febe18ec5ed7""}",2026-05-18 00:31:06.368+00,2026-05-18 00:20:14.315857+00,Club,medium,,
ae3b0dbb-682c-417b-bfd0-fcf69f1bfa75,c9544dd0-3729-480b-bd00-315d75a45711,success,Acesso Liberado!,"Seu item ""Lançamento de Coleção 2026"" foi liberado automaticamente.",🚀,"{""item_id"": ""uniform_launch_slot"", ""order_id"": ""e1683a93-4ee3-43c3-8f05-e0b2911c2994"", ""delivered"": true}",2026-05-24 03:24:20.176+00,2026-05-24 03:23:19.583934+00,Premium,ultra,,
ef4d1956-e9c3-41f7-b75d-cb3c509c6ee6,68123140-4a25-44c0-adff-ea148c54423c,warning,Sincronização em andamento,Detectamos um pequeno atraso na entrega. Nosso sistema está re-sincronizando seus dados agora.,🔄,,2026-05-25 00:09:59.679+00,2026-05-25 00:08:57.554672+00,Financeiro,medium,,
11a6dc8d-f147-4b76-8b24-f4b7248984e9,c9544dd0-3729-480b-bd00-315d75a45711,info,Bruno Mendes está decidindo!,"O ⚡ ADM aceitou sua proposta por Bruno Mendes! O jogador tem 7 horas para decidir. Resultado até 27/05/2026, 08:45:07.",⏳,,2026-05-27 02:13:35.948+00,2026-05-27 01:45:07.389127+00,Club,medium,,
294ccbf5-ab2c-4c05-ad52-66e8cdd5f39b,b192ae6f-3143-442f-8ac7-b2fb6c9dca14,success,Bem-vindo ao FLM 26!,"Parabéns pela criação do ATLÉTICO DE MADRID! Seu elenco de 22 jogadores foi gerado automaticamente. Boa sorte, Manager!",👋,,2026-05-27 13:28:21.462+00,2026-05-27 13:26:59.046416+00,Club,medium,,
253b6ce5-2d3d-4ca5-a4df-16103f1f1362,68123140-4a25-44c0-adff-ea148c54423c,finance,💼 Movimentação Administrativa,"Seu saldo foi alterado em R$ 10,000,000. Motivo: Aporte administrativo",🔔,,2026-05-11 03:14:18.988+00,2026-05-11 03:13:53.794199+00,Club,medium,,
1864532e-2d4e-4b32-b495-6b7ee3f5846b,68123140-4a25-44c0-adff-ea148c54423c,finance,💼 Movimentação Administrativa,"Seu saldo foi alterado em R$ 10,000,000. Motivo: Aporte administrativo",🔔,,2026-05-11 03:14:18.988+00,2026-05-11 03:13:54.716325+00,Club,medium,,
ac139977-7e75-4673-beb8-334b8475bd1b,68123140-4a25-44c0-adff-ea148c54423c,finance,💼 Movimentação Administrativa,"Seu saldo foi alterado em R$ 10,000,000. Motivo: Aporte administrativo",🔔,,2026-05-11 03:14:18.988+00,2026-05-11 03:13:55.713141+00,Club,medium,,
e093e68c-70b7-44f8-b1a9-95d37095a038,68123140-4a25-44c0-adff-ea148c54423c,finance,💼 Movimentação Administrativa,"Seu saldo foi alterado em R$ 10,000,000. Motivo: Aporte administrativo",🔔,,2026-05-11 03:14:18.988+00,2026-05-11 03:13:56.526977+00,Club,medium,,
616ff378-8eb7-4dbd-a67a-12c6a8fe3674,68123140-4a25-44c0-adff-ea148c54423c,finance,💼 Movimentação Administrativa,"Seu saldo foi alterado em R$ 10,000,000. Motivo: Aporte administrativo",🔔,,2026-05-11 03:14:18.988+00,2026-05-11 03:13:57.513284+00,Club,medium,,
5a6312f7-c479-42cd-9ea4-1a6a092a1cca,68123140-4a25-44c0-adff-ea148c54423c,finance,💼 Movimentação Administrativa,"Seu saldo foi alterado em R$ 10,000,000. Motivo: Aporte administrativo",🔔,,2026-05-11 03:14:18.988+00,2026-05-11 03:13:57.862508+00,Club,medium,,
176bd810-b6ee-4311-a706-68aa24365a6c,68123140-4a25-44c0-adff-ea148c54423c,finance,💼 Movimentação Administrativa,"Seu saldo foi alterado em R$ 10,000,000. Motivo: Aporte administrativo",🔔,,2026-05-11 03:14:18.988+00,2026-05-11 03:13:56.048532+00,Club,medium,,
126faa00-87e0-4d0d-99a4-696955428d67,68123140-4a25-44c0-adff-ea148c54423c,finance,💼 Movimentação Administrativa,"Seu saldo foi alterado em R$ 10,000,000. Motivo: Aporte administrativo",🔔,,2026-05-11 03:14:18.988+00,2026-05-11 03:13:57.023517+00,Club,medium,,
17d3ee87-2173-4b4d-aa95-a5981da1c6c6,68123140-4a25-44c0-adff-ea148c54423c,finance,💼 Movimentação Administrativa,"Seu saldo foi alterado em R$ 10,000,000. Motivo: Aporte administrativo",🔔,,2026-05-11 03:14:18.988+00,2026-05-11 03:13:53.274897+00,Club,medium,,
de2b2056-9071-4c39-9a71-4be3e1a3f87c,68123140-4a25-44c0-adff-ea148c54423c,finance,💼 Movimentação Administrativa,"Seu saldo foi alterado em R$ 10,000,000. Motivo: Aporte administrativo",🔔,,2026-05-11 03:14:18.988+00,2026-05-11 03:14:03.96154+00,Club,medium,,
c277ab6a-419c-4030-8553-4447a54f40bb,68123140-4a25-44c0-adff-ea148c54423c,finance,💼 Movimentação Administrativa,"Seu saldo foi alterado em R$ 10,000,000. Motivo: Aporte administrativo",🔔,,2026-05-11 03:15:07.285+00,2026-05-11 03:14:56.078379+00,Club,medium,,
bce527f5-3d9e-489d-949c-d551a1b07c90,68123140-4a25-44c0-adff-ea148c54423c,finance,💼 Movimentação Administrativa,"Seu saldo foi alterado em R$ 10,000,000. Motivo: Aporte administrativo",🔔,,2026-05-11 03:15:07.285+00,2026-05-11 03:15:01.304686+00,Club,medium,,
3c5fc587-2e6e-4617-a3c3-1c83ce5be0e2,68123140-4a25-44c0-adff-ea148c54423c,match_report,🔴 Relatório: ADM FC 0x2 FLM Team Fc,Brasileirão Série A • Toque para ver os detalhes da partida.,📊,"{""my_goals"": 0, ""opp_goals"": 2, ""competition"": ""Brasileirão Série A"", ""match_db_id"": ""a29f554e-69bb-4e28-abac-8a997275e126""}",2026-05-11 22:45:55.163+00,2026-05-11 22:45:19.153551+00,Club,medium,,
e17e10cf-f0f1-4654-b49c-b9d5295eb383,c9544dd0-3729-480b-bd00-315d75a45711,info,Pedido Realizado,"Seu pedido para ""Campanha Local"" foi gerado. Aguardando pagamento.",🛍️,"{""item_id"": ""mkt_local"", ""order_id"": ""cb1b1c96-17fd-414c-8145-81cd61a93822""}",2026-05-16 19:24:48.435+00,2026-05-16 17:46:00.351837+00,Financeiro,medium,,
baa07c22-9ebd-4835-967e-4a9a2b59a962,c9544dd0-3729-480b-bd00-315d75a45711,finance,💼 Movimentação Administrativa,"Seu saldo foi alterado em R$ 10,000,000. Motivo: Aporte administrativo",🔔,,2026-05-17 20:10:54.41+00,2026-05-17 19:54:51.374755+00,Club,medium,,
5c3d2811-2bf3-43bd-be61-7090168126dc,c9544dd0-3729-480b-bd00-315d75a45711,success,Premium Ativado!,Sua conta Premium foi ativada/renovada por 30 dias. Aproveite todos os benefícios!,👑,"{""source"": ""auto_purchase"", ""order_id"": ""1905e47b-3ea8-46a2-9e57-5ceddeaf99ec""}",2026-05-17 21:02:05.711+00,2026-05-17 21:01:36.189859+00,Premium,ultra,,
59a461fe-8c5f-4324-82cd-7dbd4d925d79,c9544dd0-3729-480b-bd00-315d75a45711,success,Acesso Liberado!,"Seu item ""Plano Sócio Ouro"" foi liberado automaticamente.",🚀,"{""item_id"": ""socio_ouro"", ""order_id"": ""4f1baff3-7636-4e25-91e2-0fad2a1a0cff"", ""delivered"": true}",2026-05-17 22:09:13.774+00,2026-05-17 22:02:53.902314+00,Clube,ultra,,
79852cd8-e62a-43e0-a854-e3e68d902e29,e60b679b-7e44-484c-a91c-7b7c1ceba32e,success,Bem-vindo ao FLM 26!,"Parabéns pela criação do MANAGER FC! Dicas: treine seus jogadores diariamente, melhore o CT e entre em ligas para competir online. Boa sorte, Manager!",👋,,2026-05-18 00:40:34.311+00,2026-05-18 00:40:21.596504+00,Club,medium,,
60205327-0d77-40bd-9fd1-e29a64bf3ba2,68123140-4a25-44c0-adff-ea148c54423c,success,🌟 Novo jogador adicionado aos juniores.,"Arthur Silva (ATA, OVR 65, POT 99) chegou à base.",🎓,,2026-05-24 20:43:12.75+00,2026-05-24 15:34:53.307211+00,Club,medium,,
f2503e0a-b843-4292-a2b6-294d470ed4bc,68123140-4a25-44c0-adff-ea148c54423c,finance,💼 Movimentação Administrativa,"Seu saldo foi alterado em R$ 10,000,000. Motivo: Aporte administrativo",🔔,,2026-05-11 03:17:22.697+00,2026-05-11 03:16:30.563117+00,Club,medium,,
1053d36a-746b-4dd5-b921-e6ca6e587c18,68123140-4a25-44c0-adff-ea148c54423c,finance,💼 Movimentação Administrativa,"Seu saldo foi alterado em R$ 10,000,000. Motivo: Aporte administrativo",🔔,,2026-05-11 03:17:22.697+00,2026-05-11 03:16:31.063404+00,Club,medium,,
c39794bc-0864-4480-97ed-0f1efeec8e81,68123140-4a25-44c0-adff-ea148c54423c,finance,💼 Movimentação Administrativa,"Seu saldo foi alterado em R$ 10,000,000. Motivo: Aporte administrativo",🔔,,2026-05-11 03:17:22.697+00,2026-05-11 03:16:31.543293+00,Club,medium,,
303fdfdd-7ab3-471a-963e-8b67f2db130d,68123140-4a25-44c0-adff-ea148c54423c,finance,💼 Movimentação Administrativa,"Seu saldo foi alterado em R$ 10,000,000. Motivo: Aporte administrativo",🔔,,2026-05-11 03:17:22.697+00,2026-05-11 03:16:32.024399+00,Club,medium,,
607a8305-7d77-4843-96d1-e5f28ea197e6,68123140-4a25-44c0-adff-ea148c54423c,finance,💼 Movimentação Administrativa,"Seu saldo foi alterado em R$ 10,000,000. Motivo: Aporte administrativo",🔔,,2026-05-11 03:17:22.697+00,2026-05-11 03:16:32.515179+00,Club,medium,,
3937cd8c-e9f6-4a07-802a-4ae81f99b159,68123140-4a25-44c0-adff-ea148c54423c,finance,💼 Movimentação Administrativa,"Seu saldo foi alterado em R$ 10,000,000. Motivo: Aporte administrativo",🔔,,2026-05-11 03:17:22.697+00,2026-05-11 03:16:33.006946+00,Club,medium,,
51cbc6c6-3af6-4d54-977e-fb0df6d72fef,68123140-4a25-44c0-adff-ea148c54423c,info,📋 Banco de reservas atualizado.,O elenco foi reconstruído automaticamente com os juniores disponíveis.,📋,,2026-05-24 20:43:14.117+00,2026-05-24 15:34:53.307211+00,Club,medium,,
ee8ae841-6ed6-4b46-8443-c237f24417cc,68123140-4a25-44c0-adff-ea148c54423c,info,💰 Valor de mercado recalculado.,Arthur Silva agora vale R$ 3.370.000.,💰,,2026-05-24 20:43:14.885+00,2026-05-24 15:34:53.307211+00,Club,medium,,
1741277c-d03d-4380-a08c-f1e97fbc080c,68123140-4a25-44c0-adff-ea148c54423c,success,Uniforme Lançado!,Seu pagamento foi sincronizado e o uniforme já está lançado na Loja FLM.,👕,"{""order_id"": ""15794c14-c7f4-4ccd-91c1-ad506e7942d1"", ""delivered"": true, ""uniform_id"": ""da395884-759d-4b28-a005-6f9376bc7495""}",2026-05-25 00:17:38.154+00,2026-05-25 00:15:24.867872+00,Marketing,high,,
71123147-54a8-44f4-b831-b88edadb8297,c9544dd0-3729-480b-bd00-315d75a45711,info,Weverton Guimarães está decidindo!,"O ADM FC aceitou sua proposta por Weverton Guimarães! O jogador tem 7 horas para decidir. Resultado até 27/05/2026, 08:45:12.",⏳,,2026-05-27 02:13:35.652+00,2026-05-27 01:45:13.221548+00,Club,medium,,
70dcf878-1b21-4a4b-b75f-7441b639876d,dd9fd5b7-074d-4375-a26d-0a2e7c61f47c,success,Vaga Assumida!,Você assumiu a vaga do Cruzeiro na liga! Seu novo elenco já está pronto.,🏆,,2026-05-27 14:42:11.475+00,2026-05-27 14:38:06.942049+00,Club,medium,,
6c0f1906-1701-4654-ba4a-e870eefd11e1,68123140-4a25-44c0-adff-ea148c54423c,finance,💼 Movimentação Administrativa,"Seu saldo foi alterado em R$ 10,000,000. Motivo: Aporte administrativo",🔔,,2026-05-11 03:17:22.697+00,2026-05-11 03:16:33.503681+00,Club,medium,,
635d2fd8-940f-4533-8385-cf9b5d2db0c2,68123140-4a25-44c0-adff-ea148c54423c,finance,💼 Movimentação Administrativa,"Seu saldo foi alterado em R$ 10,000,000. Motivo: Aporte administrativo",🔔,,2026-05-11 03:17:22.697+00,2026-05-11 03:16:33.992077+00,Club,medium,,
ea2b1dee-c8ea-4fe2-b62c-22f196277e2c,68123140-4a25-44c0-adff-ea148c54423c,finance,💼 Movimentação Administrativa,"Seu saldo foi alterado em R$ 10,000,000. Motivo: Aporte administrativo",🔔,,2026-05-11 03:17:22.697+00,2026-05-11 03:16:34.515187+00,Club,medium,,
bd9f4bec-9e81-4d09-b208-775604bc2bc3,68123140-4a25-44c0-adff-ea148c54423c,finance,💼 Movimentação Administrativa,"Seu saldo foi alterado em R$ 10,000,000. Motivo: Aporte administrativo",🔔,,2026-05-11 03:17:22.697+00,2026-05-11 03:16:34.893108+00,Club,medium,,
2b9e8457-f8da-4a33-ae8a-1d645a0f4693,68123140-4a25-44c0-adff-ea148c54423c,finance,💼 Movimentação Administrativa,"Seu saldo foi alterado em R$ 10,000,000. Motivo: Aporte administrativo",🔔,,2026-05-11 03:17:22.697+00,2026-05-11 03:16:35.262596+00,Club,medium,,
263f3e83-7728-4da3-89a5-1bcc5bbc3fe8,68123140-4a25-44c0-adff-ea148c54423c,finance,💼 Movimentação Administrativa,"Seu saldo foi alterado em R$ 10,000,000. Motivo: Aporte administrativo",🔔,,2026-05-11 03:17:22.697+00,2026-05-11 03:16:35.756041+00,Club,medium,,
71f7591e-45b8-416a-b4ad-0e13ff5e0e75,68123140-4a25-44c0-adff-ea148c54423c,finance,💼 Movimentação Administrativa,"Seu saldo foi alterado em R$ 10,000,000. Motivo: Aporte administrativo",🔔,,2026-05-11 03:17:22.697+00,2026-05-11 03:16:36.999584+00,Club,medium,,
51f79724-8453-40c2-95b7-b893b05d2752,68123140-4a25-44c0-adff-ea148c54423c,finance,💼 Movimentação Administrativa,"Seu saldo foi alterado em R$ 10,000,000. Motivo: Aporte administrativo",🔔,,2026-05-11 03:17:22.697+00,2026-05-11 03:16:37.646693+00,Club,medium,,
caa4d2ba-eb33-478a-a6fd-89ecec52f738,68123140-4a25-44c0-adff-ea148c54423c,finance,💼 Movimentação Administrativa,"Seu saldo foi alterado em R$ 10,000,000. Motivo: Aporte administrativo",🔔,,2026-05-11 03:17:22.697+00,2026-05-11 03:16:38.482934+00,Club,medium,,
c69175b3-7884-4936-9ccd-dc35e25eae9e,68123140-4a25-44c0-adff-ea148c54423c,finance,💼 Movimentação Administrativa,"Seu saldo foi alterado em R$ 10,000,000. Motivo: Aporte administrativo",🔔,,2026-05-11 03:17:22.697+00,2026-05-11 03:16:39.102462+00,Club,medium,,
acefe5de-0427-4def-9772-9ee58b917d3b,68123140-4a25-44c0-adff-ea148c54423c,finance,💼 Movimentação Administrativa,"Seu saldo foi alterado em R$ 10,000,000. Motivo: Aporte administrativo",🔔,,2026-05-11 03:17:22.697+00,2026-05-11 03:16:39.888695+00,Club,medium,,
cc2cc8df-9b75-4e64-a77a-7aac3130f637,68123140-4a25-44c0-adff-ea148c54423c,finance,💼 Movimentação Administrativa,"Seu saldo foi alterado em R$ 10,000,000. Motivo: Aporte administrativo",🔔,,2026-05-11 03:17:22.697+00,2026-05-11 03:16:40.433152+00,Club,medium,,
a7a96a69-9a8a-4ab7-bded-99aea8e407ad,68123140-4a25-44c0-adff-ea148c54423c,finance,💼 Movimentação Administrativa,"Seu saldo foi alterado em R$ 10,000,000. Motivo: Aporte administrativo",🔔,,2026-05-11 03:17:22.697+00,2026-05-11 03:16:41.018169+00,Club,medium,,
b11ec525-ba06-4f4b-8492-fb2ff47c7ff7,68123140-4a25-44c0-adff-ea148c54423c,finance,💼 Movimentação Administrativa,"Seu saldo foi alterado em R$ 10,000,000. Motivo: Aporte administrativo",🔔,,2026-05-11 03:17:22.697+00,2026-05-11 03:16:41.65657+00,Club,medium,,
5d5e4cbd-9845-4e99-804d-268576a3ea6f,68123140-4a25-44c0-adff-ea148c54423c,finance,💼 Movimentação Administrativa,"Seu saldo foi alterado em R$ 10,000,000. Motivo: Aporte administrativo",🔔,,2026-05-11 03:17:22.697+00,2026-05-11 03:16:42.368803+00,Club,medium,,
4f357f40-3b20-496a-8778-ad763cbd8e36,68123140-4a25-44c0-adff-ea148c54423c,finance,💼 Movimentação Administrativa,"Seu saldo foi alterado em R$ 10,000,000. Motivo: Aporte administrativo",🔔,,2026-05-11 03:17:22.697+00,2026-05-11 03:16:43.782362+00,Club,medium,,
46c957f7-8b30-41e7-9c77-0555bcbc21e4,0d476bb0-aebd-4e9f-96d2-6c5d4a76cb6a,success,Produto ativado,"""Campanha Mundial"" foi ativado. Bônus: R$ 0 · +0 torcedores · +0 sócios. Válido por 20 dias.",📦,"{""item_id"": ""mkt_mundial"", ""category"": ""marketing"", ""order_id"": ""b271aea1-ae3c-4827-bc9c-f5f29873b644"", ""expires_at"": ""2026-06-06T22:10:50.011736+00:00""}",,2026-05-17 22:10:50.011736+00,Loja,high,,
a86f0114-afda-49c6-8fde-990d9b17ee14,0d476bb0-aebd-4e9f-96d2-6c5d4a76cb6a,success,Produto ativado,"""Marketing Nacional"" foi ativado. Bônus: R$ 0 · +0 torcedores · +0 sócios. Válido por 15 dias.",📦,"{""item_id"": ""mkt_nacional"", ""category"": ""marketing"", ""order_id"": ""055328d2-ffd8-4e1b-b0a2-8c5955c3aa33"", ""expires_at"": ""2026-06-01T22:10:50.220731+00:00""}",,2026-05-17 22:10:50.220731+00,Loja,high,,
5a0ea030-5afc-4aca-8b50-4f8e61860974,68123140-4a25-44c0-adff-ea148c54423c,match_report,🔴 Relatório: ADM FC 0x2 FLM Team Fc,Brasileirão Série A • Toque para ver os detalhes da partida.,📊,"{""my_goals"": 0, ""opp_goals"": 2, ""competition"": ""Brasileirão Série A"", ""match_db_id"": ""a29f554e-69bb-4e28-abac-8a997275e126""}",2026-05-11 22:45:56.955+00,2026-05-11 22:45:48.306906+00,Club,medium,,
62af9cc2-8ef7-47d6-88c8-51cf8be357b0,c9544dd0-3729-480b-bd00-315d75a45711,success,Pagamento Confirmado,"Recebemos seu pagamento para ""Campanha Local"".",✅,"{""status"": ""PAID"", ""order_id"": ""cb1b1c96-17fd-414c-8145-81cd61a93822"", ""payment_id"": ""159602823718""}",2026-05-16 19:24:47.738+00,2026-05-16 17:46:44.187025+00,Financeiro,high,,
7c1b8a7a-bead-4b6c-b9bb-5155ba20702e,c9544dd0-3729-480b-bd00-315d75a45711,success,Acesso Liberado!,"Seu item ""Plano Sócio Ouro"" foi liberado automaticamente.",🚀,"{""item_id"": ""socio_ouro"", ""order_id"": ""1905e47b-3ea8-46a2-9e57-5ceddeaf99ec"", ""delivered"": true}",2026-05-17 21:02:01.799+00,2026-05-17 21:01:36.43188+00,Clube,ultra,,
b54e5fde-af29-4710-8aad-aae66f3dc00f,0d476bb0-aebd-4e9f-96d2-6c5d4a76cb6a,success,Produto ativado,"""Reforma do Estádio"" foi ativado. Bônus: R$ 0 · +0 torcedores · +0 sócios. Válido por 30 dias.",📦,"{""item_id"": ""infra_stadium"", ""category"": ""infrastructure"", ""order_id"": ""be47274e-ac09-4d4f-9cdd-a2d4297027b0"", ""expires_at"": ""2026-06-16T22:10:48.867008+00:00""}",,2026-05-17 22:10:48.867008+00,Loja,high,,
f8f677e4-d8ca-48b0-85dc-fcaede751fe2,0d476bb0-aebd-4e9f-96d2-6c5d4a76cb6a,success,Produto ativado,"""Centro Médico"" foi ativado. Bônus: R$ 0 · +0 torcedores · +0 sócios. Válido por 30 dias.",📦,"{""item_id"": ""infra_medical"", ""category"": ""infrastructure"", ""order_id"": ""e645390a-2d69-424f-b285-e0c6679f467e"", ""expires_at"": ""2026-06-16T22:10:49.133943+00:00""}",,2026-05-17 22:10:49.133943+00,Loja,high,,
e7304162-94f7-4081-8110-941964202cb2,0d476bb0-aebd-4e9f-96d2-6c5d4a76cb6a,success,Produto ativado,"""Academia de Base"" foi ativado. Bônus: R$ 0 · +0 torcedores · +0 sócios. Válido por 30 dias.",📦,"{""item_id"": ""infra_academy"", ""category"": ""infrastructure"", ""order_id"": ""f673ef66-6bd9-4da3-bfd3-66b58af7a2e3"", ""expires_at"": ""2026-06-16T22:10:49.352227+00:00""}",,2026-05-17 22:10:49.352227+00,Loja,high,,
f5fd26a7-8722-4dea-b8ec-fc540593235a,0d476bb0-aebd-4e9f-96d2-6c5d4a76cb6a,success,Produto ativado,"""Novo CT"" foi ativado. Bônus: R$ 0 · +0 torcedores · +0 sócios. Válido por 30 dias.",📦,"{""item_id"": ""infra_ct"", ""category"": ""infrastructure"", ""order_id"": ""13c39805-7f13-4ed8-b05e-d5d47425926b"", ""expires_at"": ""2026-06-16T22:10:49.587673+00:00""}",,2026-05-17 22:10:49.587673+00,Loja,high,,
a588b4fd-8228-4774-8f50-6677422f8565,0d476bb0-aebd-4e9f-96d2-6c5d4a76cb6a,success,Produto ativado,"""Campanha Local"" foi ativado. Bônus: R$ 0 · +0 torcedores · +0 sócios. Válido por 10 dias.",📦,"{""item_id"": ""mkt_local"", ""category"": ""marketing"", ""order_id"": ""33c8e6eb-6647-4830-bc72-ccd81fd7a729"", ""expires_at"": ""2026-05-27T22:10:49.803369+00:00""}",,2026-05-17 22:10:49.803369+00,Loja,high,,
22f1631d-3aca-4842-8f5d-437197c856e4,0d476bb0-aebd-4e9f-96d2-6c5d4a76cb6a,success,Produto ativado,"""Marketing Regional"" foi ativado. Bônus: R$ 0 · +0 torcedores · +0 sócios. Válido por 10 dias.",📦,"{""item_id"": ""mkt_regional"", ""category"": ""marketing"", ""order_id"": ""5865ae35-575c-4e43-983c-1c0d5e29f635"", ""expires_at"": ""2026-05-27T22:10:50.447549+00:00""}",,2026-05-17 22:10:50.447549+00,Loja,high,,
7715ae70-0e22-4c24-bd70-75f8fe40012b,0d476bb0-aebd-4e9f-96d2-6c5d4a76cb6a,success,Produto ativado,"""FLM Media Elite"" foi ativado. Bônus: R$ 0 · +0 torcedores · +0 sócios. Válido por 30 dias.",📦,"{""item_id"": ""mkt_elite"", ""category"": ""marketing"", ""order_id"": ""c79e9b4e-cd2d-4eb6-89b8-c42c166ac1ed"", ""expires_at"": ""2026-06-16T22:10:50.679695+00:00""}",,2026-05-17 22:10:50.679695+00,Loja,high,,
