id,league_id,team_id,season_month,season_year,played,wins,draws,losses,goals_for,goals_against,points,updated_at,country,last_5_games,sequence,win_rate,qualified_for_mundial
96c29a0f-dd55-4692-a588-1f81fc085324,d1f21b06-0e13-4b57-97c2-36a37e5a33f4,c3c844e6-4fba-4ae4-8a9f-fdd66a28cdef,1,2026,26,10,4,12,29,35,34,2026-05-27 21:32:52.086021+00,Brasil,DDDVV,-,0.00,f
291adf93-fb5a-46f4-8295-cb0e70e61b23,d1f21b06-0e13-4b57-97c2-36a37e5a33f4,41e4f0b8-74a7-4c8c-809c-6c2a5c87f78c,1,2026,26,9,3,14,31,31,30,2026-05-27 21:32:52.086021+00,Brasil,EDVDV,-,0.00,f
b08f1029-781d-4a55-8c09-8a8b6e1aef52,d1f21b06-0e13-4b57-97c2-36a37e5a33f4,91acf5d3-326a-4d26-b40c-5d904eb6b80d,1,2026,26,13,5,8,32,24,44,2026-05-27 21:32:52.086021+00,Brasil,DVVDV,-,0.00,f
063aa538-5ec8-4d21-83fe-5af37971341f,d1f21b06-0e13-4b57-97c2-36a37e5a33f4,896b6431-bb5e-4a21-9600-ae4c3fca1c3f,1,2026,26,12,6,8,37,34,42,2026-05-27 21:32:52.086021+00,Brasil,VEVVV,-,0.00,f
d75bf7e3-6295-4b7d-9138-52e2626dcaba,d1f21b06-0e13-4b57-97c2-36a37e5a33f4,62e79ed3-295a-43c5-b97a-82de08c48d84,1,2026,26,10,5,11,33,33,35,2026-05-27 21:32:52.086021+00,Brasil,EEDVE,-,0.00,f
583f1167-4cb9-4649-93b7-c723600937de,d1f21b06-0e13-4b57-97c2-36a37e5a33f4,0fec855e-75b4-45c1-abfc-f4ea0c3b7478,1,2026,26,13,3,10,33,27,42,2026-05-27 21:32:52.086021+00,Brasil,VVDVE,-,0.00,f
a54b4586-6780-43ae-b98e-78cd70650f15,d1f21b06-0e13-4b57-97c2-36a37e5a33f4,f6ac8dec-c1be-492f-aeca-9154325cc0c0,1,2026,26,11,8,7,34,26,41,2026-05-27 21:32:52.086021+00,Brasil,EVVDD,-,0.00,f
75ec5712-d859-47ed-800f-7ba7c0069e7c,d1f21b06-0e13-4b57-97c2-36a37e5a33f4,5ff096dd-1deb-4f96-bcd4-4d5995eca842,1,2026,26,7,6,13,31,41,27,2026-05-27 21:32:52.086021+00,Brasil,VEDDE,-,0.00,f
9ebaad08-48ab-4840-ab41-40f7acac8e0a,d1f21b06-0e13-4b57-97c2-36a37e5a33f4,bb3a15c5-fd6d-4812-833c-c4d423cbe8dd,1,2026,26,8,7,11,27,30,31,2026-05-27 21:32:52.086021+00,Brasil,EDEDD,-,0.00,f
3adcc504-b72a-47e0-acb1-37828f06ec40,d1f21b06-0e13-4b57-97c2-36a37e5a33f4,d45a9bea-5b06-416c-b8ff-132485269a92,1,2026,26,9,5,12,34,41,32,2026-05-27 21:32:52.086021+00,Brasil,VEVVE,-,0.00,f
87f09ba0-bc2d-4891-b4c4-8cfaf21527af,d1f21b06-0e13-4b57-97c2-36a37e5a33f4,1f3dd152-0d0c-42ef-b11f-4d27f80cca1e,1,2026,26,8,10,8,24,27,34,2026-05-27 21:32:52.086021+00,Brasil,DVEDE,-,0.00,f
12bf7058-d2ea-4afc-b968-fb620a7c0e9f,d1f21b06-0e13-4b57-97c2-36a37e5a33f4,c4ba7230-a8af-4d3e-9c38-9e7f200ea3da,1,2026,26,6,11,9,30,37,29,2026-05-27 21:32:52.086021+00,Brasil,DDEEE,-,0.00,f
c37ca1e1-036e-47dd-be1a-d423d2ffcb20,d1f21b06-0e13-4b57-97c2-36a37e5a33f4,645342d3-bcf2-4518-ae4d-1b4186d09ee5,1,2026,26,10,4,12,28,33,34,2026-05-27 21:32:52.086021+00,Brasil,EEDVD,-,0.00,f
6b32e46c-da58-4830-9678-9e73f49254a0,d1f21b06-0e13-4b57-97c2-36a37e5a33f4,e551513d-4b07-4f23-beee-cf4759330805,1,2026,26,15,5,6,47,32,50,2026-05-27 21:32:52.086021+00,Brasil,VEDVE,-,0.00,f
87a53516-cf58-4ee2-a715-6f4c8a69fec9,d1f21b06-0e13-4b57-97c2-36a37e5a33f4,4759171b-7e95-4f57-b076-9c8178b50816,1,2026,28,6,13,9,33,39,31,2026-05-27 21:32:52.086021+00,Brasil,DEEEE,-,0.00,f
95a4cebb-e07a-4e43-9d6c-f85d7f9b53b7,d1f21b06-0e13-4b57-97c2-36a37e5a33f4,054b3b0c-cef4-4f88-913c-26bc2cd0b00a,1,2026,28,11,9,8,39,32,42,2026-05-27 21:32:52.086021+00,Brasil,VDEVD,-,0.00,f
7f38b9b7-ead4-4c76-b2ce-7393733fc15c,85e98474-9e1e-422a-a371-96f0209b7a4a,69e492cc-90c8-4cf1-aade-5803b82cd9d5,1,2026,27,13,5,9,38,29,44,2026-05-27 18:43:34.594372+00,Brasil,VDVVV,-,0.00,f
4142facd-2f33-42b2-9a6b-010f03cc8c9a,85e98474-9e1e-422a-a371-96f0209b7a4a,cc8990e9-ec35-4c56-8f08-51aa25a603b4,1,2026,27,7,5,15,25,40,26,2026-05-27 18:43:34.594372+00,Brasil,DVVED,-,0.00,f
d1fd7e29-4acc-410f-9f17-d85e95714225,85e98474-9e1e-422a-a371-96f0209b7a4a,29c0c282-a24b-44c5-9186-e2f4f9915e27,1,2026,27,11,3,13,38,38,36,2026-05-27 18:43:34.594372+00,Brasil,VVEDV,-,0.00,f
b93c2f02-be9a-46f5-97ca-b6d9222347d9,85e98474-9e1e-422a-a371-96f0209b7a4a,41c6b305-8433-48ed-a523-b27d937be3c0,1,2026,27,6,7,14,30,38,25,2026-05-27 18:43:34.594372+00,Brasil,VVDDD,-,0.00,f
432f6ec8-f25d-45dd-b2dc-07d1306b088e,85e98474-9e1e-422a-a371-96f0209b7a4a,699d407e-e2b6-443f-8094-21d898d39e6a,1,2026,27,13,6,8,37,32,45,2026-05-27 18:43:34.594372+00,Brasil,DDDDE,-,0.00,f
b1588b31-4247-46ea-b506-b323193efa42,85e98474-9e1e-422a-a371-96f0209b7a4a,23c0d290-59a4-4097-abfa-6912dcbe639e,1,2026,27,10,7,10,32,33,37,2026-05-27 18:43:34.594372+00,Brasil,EVDDE,-,0.00,f
dd4d0a19-86a4-454e-8756-f2023754d598,85e98474-9e1e-422a-a371-96f0209b7a4a,b41010d3-24d8-4d32-9817-4a27ea3a8ce6,1,2026,27,12,4,11,34,41,40,2026-05-27 18:43:34.594372+00,Brasil,VDDVV,-,0.00,f
effe6940-3b68-4589-95b5-610a4ccb7a3b,85e98474-9e1e-422a-a371-96f0209b7a4a,56126c54-1a1c-4d31-9b1f-72bef1d0ddd1,1,2026,27,8,8,11,36,41,32,2026-05-27 18:43:34.594372+00,Brasil,DDVDE,-,0.00,f
42f666b9-7376-4336-bfdb-eaa8daf5c878,85e98474-9e1e-422a-a371-96f0209b7a4a,d88f5997-c030-4133-8035-2dcb0c2aa4ac,1,2026,27,9,7,11,40,41,34,2026-05-27 18:43:34.594372+00,Brasil,VVEEE,-,0.00,f
cde90b1f-312a-49db-853c-fd1af8391390,bfcbb2dc-20ea-4129-8d0a-66beb1d8138a,ab0f24c3-0969-44e4-be83-fb5d07f83052,1,2026,26,10,7,9,34,27,37,2026-05-27 21:10:45.192149+00,Brasil,DEEVV,-,0.00,f
6f3ab545-5f9a-4456-aee7-994275c01164,bfcbb2dc-20ea-4129-8d0a-66beb1d8138a,9c9341ab-6129-4241-98cc-fa8effc0c966,1,2026,27,12,8,7,36,27,44,2026-05-27 21:10:45.192149+00,Brasil,DDVDE,-,0.00,f
adc181a4-75d7-4ae3-b3b7-bcdb15213356,bfcbb2dc-20ea-4129-8d0a-66beb1d8138a,f7ffcfcb-65c3-48b0-b8ea-9bb4355a3dbe,1,2026,27,6,10,11,38,46,28,2026-05-27 21:10:45.192149+00,Brasil,DEVDE,-,0.00,f
cea6d1db-abf2-4d2c-b6e2-f207a8ca417f,bfcbb2dc-20ea-4129-8d0a-66beb1d8138a,af6c651d-f15e-4fa2-88e0-7a3009fe0b9a,1,2026,26,10,4,12,31,28,34,2026-05-27 21:10:45.192149+00,Brasil,DEVVD,-,0.00,f
7637b449-e7b2-48a9-a343-7182421772e6,bfcbb2dc-20ea-4129-8d0a-66beb1d8138a,4782dd9b-8153-4b49-96a3-d9fe4bdb8d22,1,2026,26,10,12,4,42,31,42,2026-05-27 21:10:45.192149+00,Brasil,VVVVD,-,0.00,f
64121e1b-62ee-4a51-bb57-c0f9c247969b,bfcbb2dc-20ea-4129-8d0a-66beb1d8138a,874c83bc-2e4c-4f73-93ea-23191a8216fc,1,2026,26,12,7,7,32,22,43,2026-05-27 21:10:45.192149+00,Brasil,EEDEE,-,0.00,f
2aa06db0-10ab-4179-8b75-e99ad8a0a4f0,bfcbb2dc-20ea-4129-8d0a-66beb1d8138a,bec4bf24-b055-4309-afc0-6400c087d1ba,1,2026,27,6,7,14,24,33,25,2026-05-27 21:10:45.192149+00,Brasil,EEDVE,-,0.00,f
67f097fb-2678-4eca-9df8-228c9414da70,bfcbb2dc-20ea-4129-8d0a-66beb1d8138a,47a47811-7170-4fc6-8964-ef1681b66b20,1,2026,26,7,7,12,28,34,28,2026-05-27 21:10:45.192149+00,Brasil,VEDDV,-,0.00,f
af7bbbe7-6ff2-495f-a03c-71c077ff5d7c,bfcbb2dc-20ea-4129-8d0a-66beb1d8138a,bc75469d-a2e8-4e4a-b0a6-3167283b0d0d,1,2026,27,9,7,11,38,41,34,2026-05-27 21:10:45.192149+00,Brasil,VVDVD,-,0.00,f
44971c5f-d2ed-44c8-881b-7dc76f96a852,bfcbb2dc-20ea-4129-8d0a-66beb1d8138a,08fcf3ce-adf1-4bda-a369-05d3c34e7d63,1,2026,26,12,6,8,37,31,42,2026-05-27 21:10:45.192149+00,Brasil,EDEDE,-,0.00,f
3f7dcb23-f10b-412a-bfb9-5b7acbf10f32,bfcbb2dc-20ea-4129-8d0a-66beb1d8138a,3800ff14-d21e-4a47-b772-afa75aef7bc1,1,2026,27,11,4,12,29,35,37,2026-05-27 21:10:45.192149+00,Brasil,VVVVE,-,0.00,f
3d505258-7494-493d-abab-8c76349507fc,bfcbb2dc-20ea-4129-8d0a-66beb1d8138a,0f7b0a9f-1164-4780-88d0-65b9766885f0,1,2026,26,11,6,9,28,31,39,2026-05-27 21:10:45.192149+00,Brasil,DVDVV,-,0.00,f
88bc9f91-0eb2-4060-b1fa-f8fd35cf74f0,85e98474-9e1e-422a-a371-96f0209b7a4a,67a6a4f6-39b6-4b08-908a-82c50f98d6e4,1,2026,27,12,8,7,41,30,44,2026-05-27 18:43:34.594372+00,Brasil,DEVVV,-,0.00,f
4ff30e9d-25ce-486c-ae93-c92705435097,85e98474-9e1e-422a-a371-96f0209b7a4a,4f46a157-7bdc-4c1a-b61b-2372156b830a,1,2026,27,17,4,6,42,27,55,2026-05-27 18:43:34.594372+00,Brasil,VEVVV,-,0.00,f
0a739ac9-17de-4d0d-b0fb-634453060367,85e98474-9e1e-422a-a371-96f0209b7a4a,702f9d8e-e4ef-4f18-8d5d-f4b182f6b300,1,2026,27,12,5,10,37,36,41,2026-05-27 18:43:34.594372+00,Brasil,DDEDD,-,0.00,f
dbebc505-28af-4f8e-8a22-cd885d8d1329,85e98474-9e1e-422a-a371-96f0209b7a4a,68548974-2653-4c89-9c9e-45a464eefa62,1,2026,27,9,6,12,32,34,33,2026-05-27 18:43:34.594372+00,Brasil,EDDVD,-,0.00,f
e6225994-15e4-4b49-af36-d576e0d87323,85e98474-9e1e-422a-a371-96f0209b7a4a,1a6469e9-84d6-4baf-816c-24ab9743cc41,1,2026,27,11,4,12,40,43,37,2026-05-27 18:43:34.594372+00,Brasil,DVDDE,-,0.00,f
0d39f9ca-07c9-4b3e-929e-d85436c7b6a2,85e98474-9e1e-422a-a371-96f0209b7a4a,ae347f48-df43-4ab5-ad85-30c1f4e29a02,1,2026,28,13,6,9,43,33,45,2026-05-27 18:43:34.594372+00,Brasil,VVEVD,-,0.00,f
9fc7a0c7-c85d-48c3-98fa-b659e08fd983,85e98474-9e1e-422a-a371-96f0209b7a4a,a66f2071-0159-4e15-8552-980d67fbaf2f,1,2026,28,9,5,14,37,46,32,2026-05-27 18:43:34.594372+00,Brasil,DDVVE,-,0.00,f
c92d6a03-31ab-44ae-ba43-b20d7a707fce,bfcbb2dc-20ea-4129-8d0a-66beb1d8138a,ffacbb5e-5aa1-40d0-8826-7426d47fdbba,1,2026,26,13,3,10,28,27,42,2026-05-27 21:10:45.192149+00,Brasil,EDVDV,-,0.00,f
792cb2b3-832c-4acd-a649-1d7780a41f0f,bfcbb2dc-20ea-4129-8d0a-66beb1d8138a,f6d31d21-c668-4d78-922c-1982ca6925d1,1,2026,27,9,10,8,34,33,37,2026-05-27 21:10:45.192149+00,Brasil,EDDVD,-,0.00,f
4959fd41-d501-4e65-8b2c-00afb2df618e,bfcbb2dc-20ea-4129-8d0a-66beb1d8138a,d45143af-39f0-43c8-bf93-5bd122b74562,1,2026,28,7,11,10,34,39,32,2026-05-27 21:10:45.192149+00,Brasil,EVVDV,-,0.00,f
5d123386-d785-440b-8e21-51e6237d15b7,bfcbb2dc-20ea-4129-8d0a-66beb1d8138a,cab04908-aeb0-425f-89be-ee38533bcce8,1,2026,28,10,7,11,34,42,37,2026-05-27 21:10:45.192149+00,Brasil,EEDDE,-,0.00,f
e6201502-fdc3-433e-af39-f12559898a8b,c6633490-aa31-4fe7-a342-42bfe744343b,d57a260b-11d7-4ddd-baa4-66a3ce56bdb9,1,2026,26,8,6,12,28,33,30,2026-05-27 20:56:29.947404+00,Brasil,EVDVD,-,0.00,f
d640c34f-161a-4016-9171-9652e2dbe287,c6633490-aa31-4fe7-a342-42bfe744343b,3be87666-d9f7-4832-85ca-7442000fbbe9,1,2026,27,11,5,11,40,43,38,2026-05-27 20:56:29.947404+00,Brasil,VVVVD,-,0.00,f
1b829182-1a5e-4384-ad1b-408ac3a002dd,c6633490-aa31-4fe7-a342-42bfe744343b,b6c4d896-81d4-44be-9b5d-8723e9fbf102,1,2026,26,10,8,8,37,36,38,2026-05-27 20:56:29.947404+00,Brasil,EDEEV,-,0.00,f
cf4404b2-1fdf-4c88-81a5-5fac188e09cb,c6633490-aa31-4fe7-a342-42bfe744343b,9f669fba-aee1-4463-a6ac-ab603f4e9bfe,1,2026,27,13,5,9,38,32,44,2026-05-27 20:56:29.947404+00,Brasil,DDDDV,-,0.00,f
e2ae5662-6b8b-4025-9149-0b0ed7858145,c6633490-aa31-4fe7-a342-42bfe744343b,8b0e91ca-fa06-466f-9a3a-851738794f12,1,2026,27,13,4,10,39,33,43,2026-05-27 20:56:29.947404+00,Brasil,DDVVE,-,0.00,f
499f5723-b900-43ed-b304-470b4646ebbd,c6633490-aa31-4fe7-a342-42bfe744343b,57e2f7e3-e51c-4034-817e-f4ca045ef1f9,1,2026,26,10,6,10,38,38,36,2026-05-27 20:56:29.947404+00,Brasil,VVEVV,-,0.00,f
130f84f3-d910-4787-9d96-92bcc3b626b8,c6633490-aa31-4fe7-a342-42bfe744343b,491d9474-68a6-4cd4-be2f-5b1451170c60,1,2026,27,9,6,12,38,38,33,2026-05-27 20:56:29.947404+00,Brasil,VVVED,-,0.00,f
2195ebb2-c76a-4bd0-ad11-1bcb2a445f1c,c6633490-aa31-4fe7-a342-42bfe744343b,ccd6a4b6-d81e-4095-b634-bd86586fabbb,1,2026,27,8,6,13,35,41,30,2026-05-27 20:56:29.947404+00,Brasil,EVDDV,-,0.00,f
a7b526c1-d5d1-4727-958f-ddfb063b4e1e,c6633490-aa31-4fe7-a342-42bfe744343b,3662947f-56d8-456a-8972-75dee6332e38,1,2026,27,8,8,11,36,35,32,2026-05-27 20:56:29.947404+00,Brasil,DDDED,-,0.00,f
0fdafdee-08b4-47d9-8d3c-b277170cb560,c6633490-aa31-4fe7-a342-42bfe744343b,4596d76b-315b-4119-939a-8de1a67a4bca,1,2026,26,8,7,11,32,35,31,2026-05-27 20:56:29.947404+00,Brasil,DVEDV,-,0.00,f
9241ae2a-1477-4933-aa36-e5e6f516c999,c6633490-aa31-4fe7-a342-42bfe744343b,c60af403-73b8-467e-b999-0590d10a47f9,1,2026,27,10,11,6,39,33,41,2026-05-27 20:56:29.947404+00,Brasil,EVDEE,-,0.00,f
cb1ef7b0-b1b5-4255-9f4b-f24a193e0236,c6633490-aa31-4fe7-a342-42bfe744343b,c7706623-96cf-427e-812a-30e49c690c69,1,2026,28,6,10,12,32,41,28,2026-05-27 20:56:29.947404+00,Brasil,EDVDV,-,0.00,f
434e414c-9f6d-4ec2-a256-10679170562c,c6633490-aa31-4fe7-a342-42bfe744343b,c668151f-e0f4-451d-b735-c6bba3d2aa6a,1,2026,28,11,7,10,33,37,40,2026-05-27 20:56:29.947404+00,Brasil,EEVED,-,0.00,f
7914d673-0a2d-4f49-9aeb-3cf401bbdc26,c8fd86b1-50fd-4dd0-aa63-576d3028bf2e,f487cc95-5b79-4b5f-b8c4-9dbbf7eafbf5,1,2026,27,6,9,12,28,36,27,2026-05-27 18:43:45.783477+00,Brasil,VEVED,-,0.00,f
58583947-e9a7-40dd-9caf-713f361ac0c2,c8fd86b1-50fd-4dd0-aa63-576d3028bf2e,9f70ce0b-2839-47ad-931d-874c43304ed6,1,2026,27,10,8,9,41,37,38,2026-05-27 18:43:45.783477+00,Brasil,DDEVD,-,0.00,f
c1212c00-05a7-444a-b8ee-1950aa2f9b72,c8fd86b1-50fd-4dd0-aa63-576d3028bf2e,8caaa686-2d48-417f-8da9-78fd840cbfc2,1,2026,27,8,11,8,31,37,35,2026-05-27 18:43:45.783477+00,Brasil,DEDVV,-,0.00,f
c3b432ed-080d-4646-9590-1847deaa0730,c8fd86b1-50fd-4dd0-aa63-576d3028bf2e,a1e0ccca-acb7-487c-a461-f59ca6a8e1f0,1,2026,27,14,5,8,36,32,47,2026-05-27 18:43:45.783477+00,Brasil,DDDED,-,0.00,f
9bacd111-6889-4bdc-b1ae-996000c863dd,c8fd86b1-50fd-4dd0-aa63-576d3028bf2e,1deca4b1-8348-41b0-8abf-b3b30af61021,1,2026,27,8,6,13,27,32,30,2026-05-27 18:43:45.783477+00,Brasil,DVVVV,-,0.00,f
0be4de09-b15b-4bc2-9003-9cd10b881dd8,c8fd86b1-50fd-4dd0-aa63-576d3028bf2e,4ca1b397-0a70-42c2-9650-5849c6642b69,1,2026,27,11,7,9,35,29,40,2026-05-27 18:43:45.783477+00,Brasil,VVVED,-,0.00,f
da5b2b5c-d05e-4146-9b5e-36e15c838a81,c8fd86b1-50fd-4dd0-aa63-576d3028bf2e,03205468-8d1a-4c66-94cb-28ff69540aa6,1,2026,27,13,6,8,38,35,45,2026-05-27 18:43:45.783477+00,Brasil,DDDDE,-,0.00,f
42a3c9f9-dc4d-42e9-befd-596c3304a371,c8fd86b1-50fd-4dd0-aa63-576d3028bf2e,92b95421-321e-404c-8b19-d4575c8b2c7b,1,2026,26,6,6,14,28,42,24,2026-05-27 18:43:45.783477+00,Brasil,DDVED,-,0.00,f
11764057-bb54-45a3-a0d7-0319c1a47693,c8fd86b1-50fd-4dd0-aa63-576d3028bf2e,fa22ef8e-b5bb-4b15-b1ac-e1eba4e78a11,1,2026,26,13,5,8,42,34,44,2026-05-27 18:43:45.783477+00,Brasil,VVEDD,-,0.00,f
779a0b99-d4ba-42ac-93eb-cdbb43aef86c,c8fd86b1-50fd-4dd0-aa63-576d3028bf2e,f0d85a14-476a-4813-b90e-6a7a781bcaa8,1,2026,27,12,7,8,43,33,43,2026-05-27 18:43:45.783477+00,Brasil,VVDVV,-,0.00,f
54b8ab80-5c6f-474e-b0a1-2660539a91f0,c8fd86b1-50fd-4dd0-aa63-576d3028bf2e,543df64a-61d1-4266-81ec-70ea36cb7b1b,1,2026,27,12,3,12,37,35,39,2026-05-27 18:43:45.783477+00,Brasil,DVVDV,-,0.00,f
f6892838-cdd8-498c-b11f-a4dcfbb1f6f5,c8fd86b1-50fd-4dd0-aa63-576d3028bf2e,4bbc3686-57cc-42b9-8cb1-81d6e29deb86,1,2026,27,14,4,9,34,25,46,2026-05-27 18:43:45.783477+00,Brasil,VEEDD,-,0.00,f
42c56eed-527e-493d-a4d1-6370f8acfb2e,c8fd86b1-50fd-4dd0-aa63-576d3028bf2e,101b0596-0a74-47c7-8f70-94549ed3850a,1,2026,27,8,9,10,25,31,33,2026-05-27 18:43:45.783477+00,Brasil,VVVDV,-,0.00,f
4aac7c27-17d7-4c06-bb85-4a7e57f7af58,c8fd86b1-50fd-4dd0-aa63-576d3028bf2e,675ff650-fd41-4dc8-ba62-671f05dc014b,1,2026,27,11,6,10,34,29,39,2026-05-27 18:43:45.783477+00,Brasil,VDVDV,-,0.00,f
406ea6cd-5b68-4991-8c04-0c50a46eaa37,c8fd86b1-50fd-4dd0-aa63-576d3028bf2e,eb0716a5-1e29-4ee4-b0f8-e75fcf8d3ec9,1,2026,28,8,6,14,27,35,30,2026-05-27 18:43:45.783477+00,Brasil,DDDDV,-,0.00,f
0bb3457f-ab9a-444b-a549-f38cf50f66ad,c8fd86b1-50fd-4dd0-aa63-576d3028bf2e,d2435abd-7266-47eb-810d-5c32b279c8a3,1,2026,28,10,6,12,29,33,36,2026-05-27 18:43:45.783477+00,Brasil,VEDVD,-,0.00,f
684285e9-b172-447a-8882-c09155c0c079,c6633490-aa31-4fe7-a342-42bfe744343b,8c674111-5fd3-4589-a926-dea91944c3f1,1,2026,27,15,8,4,44,26,53,2026-05-27 20:56:29.947404+00,Brasil,VVDEE,-,0.00,f
b0402251-8920-474d-85d5-7b1018025480,c6633490-aa31-4fe7-a342-42bfe744343b,388640d0-7a3d-4365-b98a-b1c46c5c2f79,1,2026,27,11,6,10,35,37,39,2026-05-27 20:56:29.947404+00,Brasil,DEDVV,-,0.00,f
0b6a2d55-c833-414a-b954-a6f6ce36f47d,c6633490-aa31-4fe7-a342-42bfe744343b,f9aaf215-5012-4ebc-a3cc-61086ab7e8d3,1,2026,27,11,3,13,32,38,36,2026-05-27 20:56:29.947404+00,Brasil,VDDVD,-,0.00,f
2a2014f6-8af3-4dd7-be53-d160b6b3c74b,e7a86a61-9a63-45ad-9e1b-a76dee440860,1bf87597-386d-4269-891e-115eaccc3161,1,2026,27,10,6,11,31,31,36,2026-05-27 21:05:58.344306+00,Brasil,VDVDV,-,0.00,f
8f040ad3-79dd-47f4-af00-af50436d0a75,e7a86a61-9a63-45ad-9e1b-a76dee440860,4fa17e67-4814-4010-831a-b142e358c565,1,2026,27,6,8,13,29,38,26,2026-05-27 21:05:58.344306+00,Brasil,DDDVE,-,0.00,f
f5d0aded-4b43-472e-9ce7-609a05dbb4b1,e7a86a61-9a63-45ad-9e1b-a76dee440860,e6e6be0d-4cd1-4dbd-a502-86676d26c636,1,2026,27,10,8,9,33,34,38,2026-05-27 21:05:58.344306+00,Brasil,EEVVD,-,0.00,f
87af5331-9724-4d2c-b76f-9d2f215b15e3,e7a86a61-9a63-45ad-9e1b-a76dee440860,76792390-abf2-48a0-8a55-818d50431b52,1,2026,27,9,7,11,36,35,34,2026-05-27 21:05:58.344306+00,Brasil,DVDEV,-,0.00,f
613a2099-f497-4b4c-8eff-9caeb82607a7,e7a86a61-9a63-45ad-9e1b-a76dee440860,d0ec6a43-6908-45a3-835a-66e1c79e94f9,1,2026,28,10,5,13,36,45,35,2026-05-27 21:05:58.344306+00,Brasil,VDDDE,-,0.00,f
7e5445a1-c9c5-4304-85a6-ef6a5bea6062,e7a86a61-9a63-45ad-9e1b-a76dee440860,6b4ef4d6-165f-4b6d-be85-6899f6c85df6,1,2026,27,11,8,8,36,32,41,2026-05-27 21:05:58.344306+00,Brasil,EDVVE,-,0.00,f
f26bbca5-bcfb-47dc-8bf1-65348f95c887,e7a86a61-9a63-45ad-9e1b-a76dee440860,3a259630-d3b2-4e2d-bebb-07e023da84fa,1,2026,27,11,6,10,35,39,39,2026-05-27 21:05:58.344306+00,Brasil,EEDVV,-,0.00,f
a4d59c8a-8bfd-4d5f-b87e-5c940da94aeb,e7a86a61-9a63-45ad-9e1b-a76dee440860,540450e1-671b-4edb-b176-1202a161b619,1,2026,27,7,8,12,26,35,29,2026-05-27 21:05:58.344306+00,Brasil,DVDDE,-,0.00,f
01490687-43ca-4d62-9372-c46bc5d5198b,e7a86a61-9a63-45ad-9e1b-a76dee440860,c22e19e8-a9b3-4b9c-aaff-8bad96b4980d,1,2026,27,15,5,7,47,33,50,2026-05-27 21:05:58.344306+00,Brasil,DVVVE,-,0.00,f
4e4c2bee-d1da-455d-a3d7-c651d241f022,e7a86a61-9a63-45ad-9e1b-a76dee440860,847284fe-eb50-42e0-b086-106a47fac339,1,2026,27,11,5,11,28,30,38,2026-05-27 21:05:58.344306+00,Brasil,EEVDD,-,0.00,f
cef0ba6c-9ccf-409e-8024-1a515685c818,e7a86a61-9a63-45ad-9e1b-a76dee440860,db2b689d-91ab-4527-805a-7e228bb82bce,1,2026,27,11,7,9,35,33,40,2026-05-27 21:05:58.344306+00,Brasil,VVDVE,-,0.00,f
66ef3f10-c82d-4353-850b-65c41bb9ac56,e7a86a61-9a63-45ad-9e1b-a76dee440860,c578320e-8b78-485a-8401-01d96501f817,1,2026,28,8,5,15,32,35,29,2026-05-27 21:05:58.344306+00,Brasil,DEDDD,-,0.00,f
4eee2d0a-f574-498a-b780-62aee3d27dee,e7a86a61-9a63-45ad-9e1b-a76dee440860,8cf3fe99-168d-48c1-adc1-3734ac16d594,1,2026,27,13,8,6,33,22,47,2026-05-27 21:05:58.344306+00,Brasil,EVVDD,-,0.00,f
9c1d9601-01ad-4fda-ab09-ba092f4d11f6,e7a86a61-9a63-45ad-9e1b-a76dee440860,f9ddfe3d-1ff1-499d-8761-4e1be0f506a8,1,2026,27,12,5,10,32,30,41,2026-05-27 21:05:58.344306+00,Brasil,EDVDD,-,0.00,f
0731d451-1012-4de5-92c7-60b4994769bb,e7a86a61-9a63-45ad-9e1b-a76dee440860,017399fa-b2c2-4af0-9900-7551eb47914a,1,2026,27,10,7,10,36,36,37,2026-05-27 21:05:58.344306+00,Brasil,VDDEV,-,0.00,f
6764e5e2-c36a-4c4a-bb92-da428eadb6fa,e7a86a61-9a63-45ad-9e1b-a76dee440860,62c86d0e-2799-4ec1-8acc-94974e5127a4,1,2026,27,11,6,10,32,29,39,2026-05-27 21:05:58.344306+00,Brasil,VVVVV,-,0.00,f
be1bd265-0bee-46ca-9bdd-72f5c2d72ba4,93fd0ad6-688d-44bc-a701-3152afe1b197,1f9a3ea3-46a1-447d-9bb8-8ee88389104b,1,2026,27,12,6,9,36,30,42,2026-05-27 21:06:50.975813+00,Brasil,VEVVV,-,0.00,f
76d74f25-2daa-4b3d-ac5a-3db35f486748,93fd0ad6-688d-44bc-a701-3152afe1b197,07cdc29b-7f68-4a0f-8b4d-fe05163846f1,1,2026,27,10,7,10,34,36,37,2026-05-27 21:06:50.975813+00,Brasil,DVVEV,-,0.00,f
391c2453-d1a1-4658-b27d-5700b9cf01ed,93fd0ad6-688d-44bc-a701-3152afe1b197,6c1064a2-749a-416c-85c7-d0ddc3e7e757,1,2026,27,7,8,12,31,40,29,2026-05-27 21:06:50.975813+00,Brasil,VEEDE,-,0.00,f
14c5299a-b129-4f85-a7c3-a53c3cb74025,93fd0ad6-688d-44bc-a701-3152afe1b197,07aff4e2-bfb1-4642-9fef-76d182d48cec,1,2026,27,11,7,9,46,38,40,2026-05-27 21:06:50.975813+00,Brasil,DEDVV,-,0.00,f
51cf430a-8fe5-430c-b488-1c77905572b0,7aa825f2-541c-45aa-a1b9-f6f246cef603,6bff4c6d-07ed-4799-8fb1-a47288b70e31,1,2026,27,9,8,10,34,37,35,2026-05-27 21:06:46.719807+00,Brasil,EEDVV,-,0.00,f
6490b698-ce44-4c79-9cd4-e32e872c9afe,7aa825f2-541c-45aa-a1b9-f6f246cef603,3a0bec57-eb39-45f5-80d6-14fc4aa48f3f,1,2026,27,10,9,8,34,23,39,2026-05-27 21:06:46.719807+00,Brasil,VVDEE,-,0.00,f
7b690abf-4319-4735-b4de-14a5cbcac4b7,7aa825f2-541c-45aa-a1b9-f6f246cef603,32d0afa8-c726-4912-b5bc-ce8701b71060,1,2026,27,13,6,8,38,28,45,2026-05-27 21:06:46.719807+00,Brasil,VDVVV,-,0.00,f
97a4ec22-ff23-4cfd-86c8-86f6405de729,7aa825f2-541c-45aa-a1b9-f6f246cef603,7d5b4fce-d54f-4034-a189-97c3688f5e05,1,2026,27,10,6,11,33,35,36,2026-05-27 21:06:46.719807+00,Brasil,DDDED,-,0.00,f
7520d170-8a16-4e89-b6e0-f156aa143e44,7aa825f2-541c-45aa-a1b9-f6f246cef603,742d3f8b-c821-4598-a5af-b3a7e3cd14a3,1,2026,27,11,7,9,29,27,40,2026-05-27 21:06:46.719807+00,Brasil,DVVEE,-,0.00,f
d26f3dcb-c9aa-4599-afdb-521ae8e583fb,7aa825f2-541c-45aa-a1b9-f6f246cef603,cf0fb181-8238-43da-b174-ef05d2342a8d,1,2026,27,9,6,12,32,36,33,2026-05-27 21:06:46.719807+00,Brasil,DEVDD,-,0.00,f
ce6e48ba-a3e2-4303-b8e0-0a6a0ee357be,7aa825f2-541c-45aa-a1b9-f6f246cef603,37895b7f-bac3-403c-821c-fbc0982e44c3,1,2026,27,8,9,10,34,38,33,2026-05-27 21:06:46.719807+00,Brasil,VEDEE,-,0.00,f
461dfa5d-7420-4355-ba97-e617d57b3162,7aa825f2-541c-45aa-a1b9-f6f246cef603,079dae07-d67b-4681-a3c9-8fbd04a73a77,1,2026,27,8,7,12,38,41,31,2026-05-27 21:06:46.719807+00,Brasil,DEDDE,-,0.00,f
a72c01db-c6e5-42ff-86f0-b85f67b552a3,7aa825f2-541c-45aa-a1b9-f6f246cef603,79314bee-2470-4307-8728-54799e271734,1,2026,27,15,3,9,43,32,48,2026-05-27 21:06:46.719807+00,Brasil,VDVDD,-,0.00,f
3112f298-2b40-42ba-a35f-e80214a68905,7aa825f2-541c-45aa-a1b9-f6f246cef603,2c8b9d3a-9b1d-48ab-aac6-5b1b503b9e79,1,2026,27,11,5,11,31,31,38,2026-05-27 21:06:46.719807+00,Brasil,EVVED,-,0.00,f
8d06eea2-4b62-47fe-8e50-9bc7be1e97a8,7aa825f2-541c-45aa-a1b9-f6f246cef603,3cbdbc16-0213-45a3-815f-0b6c9baebf90,1,2026,27,6,12,9,29,35,30,2026-05-27 21:06:46.719807+00,Brasil,DEVVE,-,0.00,f
c3c23fcb-941e-4bf7-85c3-422bff4eab4a,7aa825f2-541c-45aa-a1b9-f6f246cef603,c0b72413-0b3f-4dce-b8c7-fa20c8a4d7c4,1,2026,27,6,9,12,24,40,27,2026-05-27 21:06:46.719807+00,Brasil,VVDEE,-,0.00,f
102fea7f-9918-42ae-8788-92f72b630986,7aa825f2-541c-45aa-a1b9-f6f246cef603,41ebc99a-27ff-46b5-8606-c5c7b279ba71,1,2026,27,10,8,9,29,28,38,2026-05-27 21:06:46.719807+00,Brasil,DDVEV,-,0.00,f
c18232ff-d74f-4645-ab40-dc4d7d468c45,7aa825f2-541c-45aa-a1b9-f6f246cef603,ee7b2dfe-cf12-48c6-8561-ab45bf107f14,1,2026,27,13,7,7,35,29,46,2026-05-27 21:06:46.719807+00,Brasil,VVEVV,-,0.00,f
b614fcb2-f265-463c-895b-8f0f08be5fb7,7aa825f2-541c-45aa-a1b9-f6f246cef603,b19d00de-53e6-4eb1-8a3d-04e88152d99d,1,2026,28,11,7,10,38,33,40,2026-05-27 21:06:46.719807+00,Brasil,VDEDE,-,0.00,f
2c9611d6-8f7e-4ce3-ab3b-b3f3c083df35,7aa825f2-541c-45aa-a1b9-f6f246cef603,af2e3213-a848-4b49-9afc-f3d69544f91c,1,2026,28,7,11,10,40,48,32,2026-05-27 21:06:46.719807+00,Brasil,DEDEE,-,0.00,f
3f9a7e77-8932-40a2-87da-98d9cceac58f,93fd0ad6-688d-44bc-a701-3152afe1b197,f47295b9-189c-4eb1-b75f-48051cf62095,1,2026,27,11,7,9,31,26,40,2026-05-27 21:06:50.975813+00,Brasil,EVVED,-,0.00,f
1b0bfe57-918a-44b7-9261-8967a9db1f00,93fd0ad6-688d-44bc-a701-3152afe1b197,9023c5c2-42aa-4460-80ae-6976caf2ead1,1,2026,27,6,8,13,21,34,26,2026-05-27 21:06:50.975813+00,Brasil,EEDED,-,0.00,f
d594f91a-ea47-487c-b4b7-3c5054034893,93fd0ad6-688d-44bc-a701-3152afe1b197,eca20355-f2b7-40ac-954a-2d8c69a99bd2,1,2026,27,15,4,8,35,27,49,2026-05-27 21:06:50.975813+00,Brasil,VVDEV,-,0.00,f
4faf063f-cab6-4ad3-b442-3d358e9ba4ff,93fd0ad6-688d-44bc-a701-3152afe1b197,b0cbd58d-58e6-4981-b9a5-c6a0e50276c5,1,2026,27,8,6,13,31,41,30,2026-05-27 21:06:50.975813+00,Brasil,VDDDE,-,0.00,f
6b8969e5-a7a9-4429-91f5-13250bae6f32,93fd0ad6-688d-44bc-a701-3152afe1b197,f2f7ff09-9087-47d5-81ee-1c1b465916de,1,2026,27,12,7,8,37,31,43,2026-05-27 21:06:50.975813+00,Brasil,DEVED,-,0.00,f
28b8298b-53d4-4967-adf2-1a438024e328,93fd0ad6-688d-44bc-a701-3152afe1b197,3f1309ed-2a3c-48df-9a17-b1b38bc8c714,1,2026,27,12,4,11,40,32,40,2026-05-27 21:06:50.975813+00,Brasil,DEVVD,-,0.00,f
38204110-0c07-41b7-8a1e-1b953eef8a98,93fd0ad6-688d-44bc-a701-3152afe1b197,be9564f6-00e8-4e1c-b9b8-9229fa8101ad,1,2026,27,6,8,13,30,42,26,2026-05-27 21:06:50.975813+00,Brasil,DDDED,-,0.00,f
46c97bbc-73fe-4fdf-af84-997f2b53608f,93fd0ad6-688d-44bc-a701-3152afe1b197,6164ff9c-d75b-4ebd-bbc3-168b2f7445ed,1,2026,27,7,9,11,38,45,30,2026-05-27 21:06:50.975813+00,Brasil,VEEVV,-,0.00,f
d8812602-ac48-4e1e-a860-192f797cf4cd,93fd0ad6-688d-44bc-a701-3152afe1b197,4973da91-8ad1-42ba-abb1-bccfb8b84c05,1,2026,27,14,4,9,44,35,46,2026-05-27 21:06:50.975813+00,Brasil,VVVEE,-,0.00,f
6a91c4c2-54e4-43e8-93ac-e9ef242503e6,93fd0ad6-688d-44bc-a701-3152afe1b197,649b8f27-4d8b-4b91-8b18-f478d940b235,1,2026,27,12,5,10,44,39,41,2026-05-27 21:06:50.975813+00,Brasil,DDVEV,-,0.00,f
105a2016-4540-4ba0-80e6-c5f3b8ef3e2c,93fd0ad6-688d-44bc-a701-3152afe1b197,cf13e836-6d8e-4903-a022-b7fd8b2efe69,1,2026,28,10,9,9,36,36,39,2026-05-27 21:06:50.975813+00,Brasil,EDDDE,-,0.00,f
938fd60a-3bf5-4085-88a3-f80e4f71f0da,93fd0ad6-688d-44bc-a701-3152afe1b197,c72be4a1-12cb-406f-ab06-ada23ab90dbd,1,2026,28,11,7,10,31,33,40,2026-05-27 21:06:50.975813+00,Brasil,EEDDD,-,0.00,f
299544c8-91e5-4edf-9699-a951ca8334f9,edb83ebc-95c3-4f26-99b3-0b758a5d08c6,47bddd3b-af10-40b5-ae88-3ae340f13758,5,2026,28,10,7,11,39,43,37,2026-05-17 15:36:33.045741+00,Brasil,EDVVD,1W,31.25,f
0b30f50f-2252-4d5b-beb0-853a4540c1d2,edb83ebc-95c3-4f26-99b3-0b758a5d08c6,c76f139d-344d-4254-9516-933e540cbb2c,5,2026,27,8,13,6,42,37,37,2026-05-17 15:36:33.045741+00,Brasil,EEVVE,1W,18.75,f
a6b86947-b677-46db-88d8-28ec9f07219c,edb83ebc-95c3-4f26-99b3-0b758a5d08c6,12186b51-785f-48e2-bf98-5297049f5151,5,2026,27,9,9,9,44,50,36,2026-05-17 15:36:33.045741+00,Brasil,DVDVE,2L,31.25,f
f6a54232-794d-4035-b813-55d131f2d938,edb83ebc-95c3-4f26-99b3-0b758a5d08c6,b0eab5aa-8bf0-4787-abdf-5175f5efc4a6,5,2026,27,9,10,8,40,43,37,2026-05-17 15:36:33.045741+00,Brasil,EDDDD,1L,37.50,f
bea46dd0-61d2-4446-89e3-0ebfeb9313e0,edb83ebc-95c3-4f26-99b3-0b758a5d08c6,b5b52f3a-7a6e-4cd6-9332-c2b874e3398b,5,2026,28,11,8,9,44,40,41,2026-05-17 15:36:33.045741+00,Brasil,EDVEV,1W,31.25,f
5462dbc0-b010-4e24-8128-39f327e39fcc,edb83ebc-95c3-4f26-99b3-0b758a5d08c6,77d699bb-b99d-4204-b605-2fe9b4d62196,5,2026,27,8,8,11,43,50,32,2026-05-17 15:36:33.045741+00,Brasil,EVVED,1D,18.75,f
74a4af39-f8db-49ea-8549-f5cbd1237883,edb83ebc-95c3-4f26-99b3-0b758a5d08c6,3df8e77c-b4c6-4719-bdf4-e6a4006c0655,5,2026,27,10,9,8,54,42,39,2026-05-17 15:36:33.045741+00,Brasil,DEVEV,4W,31.25,f
4d535a5d-bdda-448f-9044-840e383fcc94,edb83ebc-95c3-4f26-99b3-0b758a5d08c6,a33d67f9-f5ce-4f0e-8759-11e3bd705ac6,5,2026,27,11,5,11,43,44,38,2026-05-17 15:36:33.045741+00,Brasil,VVDEV,1L,31.25,f
966f608c-2294-49c0-a79d-092e2a25015a,edb83ebc-95c3-4f26-99b3-0b758a5d08c6,bb59e55f-4963-4b32-bf38-ca3373b50e18,5,2026,27,9,10,8,43,42,37,2026-05-17 15:36:33.045741+00,Brasil,EEVDV,1W,31.25,f
8af30d55-c848-4ef4-b4f8-ac3800eaaa20,edb83ebc-95c3-4f26-99b3-0b758a5d08c6,0035bd89-7792-4b23-bcb5-1fa96ce04999,5,2026,27,9,10,8,50,42,37,2026-05-17 15:36:33.045741+00,Brasil,VVDED,1L,31.25,f
cb728500-339a-4d11-bab8-cc6fc2b73e12,edb83ebc-95c3-4f26-99b3-0b758a5d08c6,d1214869-a00f-4636-928e-afe7dd170a76,5,2026,27,9,8,10,33,42,35,2026-05-17 15:36:33.045741+00,Brasil,EDEVV,1L,43.75,f
43f38ecc-87bd-4bd0-aae2-29132dbb385f,edb83ebc-95c3-4f26-99b3-0b758a5d08c6,fae5418f-5618-4583-a774-fe4643550fd2,5,2026,27,8,12,7,42,42,36,2026-05-17 15:36:33.045741+00,Brasil,EDDVE,1W,37.50,f
dfca231f-ce87-44bf-99e3-1605a58dcc9c,edb83ebc-95c3-4f26-99b3-0b758a5d08c6,e0e4ca78-504f-497c-8096-ff4d4e9ee041,5,2026,27,4,7,16,27,43,19,2026-05-17 15:36:33.045741+00,Brasil,DVDED,1W,12.50,f
02b6e977-5c2f-4207-add9-6395dd6ae2a3,edb83ebc-95c3-4f26-99b3-0b758a5d08c6,e1fc94b5-ade4-4e17-81e2-49026b5a2a38,5,2026,27,14,4,9,47,36,46,2026-05-17 15:36:33.045741+00,Brasil,VVVDD,1L,43.75,f
405ee5c3-29ec-4bef-90b3-df87d13aca32,edb83ebc-95c3-4f26-99b3-0b758a5d08c6,11204548-ef56-41bb-8525-c39645e56c14,5,2026,28,11,10,7,45,36,43,2026-05-17 15:36:33.045741+00,Brasil,EEDDE,1D,50.00,f
418d6ebe-6871-43c0-98b4-f817fc435f31,edb83ebc-95c3-4f26-99b3-0b758a5d08c6,5e6795fa-b8fb-45ea-a395-cb5b37d41b63,5,2026,28,9,8,11,42,46,35,2026-05-17 15:36:33.045741+00,Brasil,EDEDV,1L,50.00,f
ef4acca9-fac4-4132-b88d-dadbef59cbeb,ea55523a-ea06-4df5-9a35-57015ba3b315,dcac32b4-acf2-4711-81f6-eac988d64865,1,2026,27,7,10,10,31,35,31,2026-05-27 21:06:54.427816+00,Brasil,EVEDV,-,0.00,f
54f44fa3-1fa9-4f84-8439-1428e6d1d098,ea55523a-ea06-4df5-9a35-57015ba3b315,8c17e7a6-da83-4976-bd4d-2e5f20e88bbc,1,2026,27,13,7,7,42,33,46,2026-05-27 21:06:54.427816+00,Brasil,DEVVV,-,0.00,f
cb2b6230-c0c6-4bbe-9e5c-35870b0f5616,ea55523a-ea06-4df5-9a35-57015ba3b315,6c371508-e4ab-47ec-a249-5ab7619c5f96,1,2026,27,6,7,14,30,41,25,2026-05-27 21:06:54.427816+00,Brasil,VEDDE,-,0.00,f
b64a188e-6049-46bb-abe2-72d93b9613a6,ea55523a-ea06-4df5-9a35-57015ba3b315,02e3f068-b15a-447a-b339-a9c644bf3ffd,1,2026,27,10,7,10,39,38,37,2026-05-27 21:06:54.427816+00,Brasil,DEEDV,-,0.00,f
a1c484e1-1a17-4a41-9e77-3cf50d27bb57,ea55523a-ea06-4df5-9a35-57015ba3b315,37e34d61-ba61-43cd-80f0-0e217e63656e,1,2026,27,12,8,7,31,26,44,2026-05-27 21:06:54.427816+00,Brasil,VEVVV,-,0.00,f
f707f812-9c84-4d30-b486-8c979d826126,ea55523a-ea06-4df5-9a35-57015ba3b315,9ec5750b-177f-40e9-836a-d660acc97164,1,2026,27,12,8,7,36,31,44,2026-05-27 21:06:54.427816+00,Brasil,VEDVD,-,0.00,f
666036c5-d434-4656-a624-abf9f5933321,ea55523a-ea06-4df5-9a35-57015ba3b315,65c758e0-8394-4962-8b40-9caa3940429c,1,2026,27,11,5,11,31,36,38,2026-05-27 21:06:54.427816+00,Brasil,VVVVE,-,0.00,f
e692b8c9-e689-469e-b693-5389bfbbbde2,79f27b92-63fa-4fe7-8b0d-49d1fd9a3951,7c32b931-a964-4ce3-a6e6-28f5da55285c,1,2026,27,8,7,12,32,38,31,2026-05-27 21:06:57.645297+00,Brasil,EDDEE,-,0.00,f
873f4c94-b111-438d-88d2-1928fdee4482,79f27b92-63fa-4fe7-8b0d-49d1fd9a3951,f4f42caf-729d-4ba4-a74a-39d0b26a7d8e,1,2026,27,8,6,13,32,42,30,2026-05-27 21:06:57.645297+00,Brasil,VVVVD,-,0.00,f
0937c915-171f-4ad1-81bb-aa3a34fa4d32,79f27b92-63fa-4fe7-8b0d-49d1fd9a3951,f0085f39-8ff4-45b2-a126-e0c0d62e22f8,1,2026,27,5,5,17,23,39,20,2026-05-27 21:06:57.645297+00,Brasil,DVDEE,-,0.00,f
ebaf0977-eec7-43d4-94e9-5c7b8ecef0f1,ea55523a-ea06-4df5-9a35-57015ba3b315,56a3ee5f-f8da-4047-819f-bd6385161079,1,2026,27,8,5,14,30,38,29,2026-05-27 21:06:54.427816+00,Brasil,VDEDV,-,0.00,f
0c8be932-9db3-4828-a347-3e027639eb69,79f27b92-63fa-4fe7-8b0d-49d1fd9a3951,ec87dd44-04c7-4372-85a0-0a16fc5ee896,1,2026,28,12,10,6,37,26,46,2026-05-27 21:06:57.645297+00,Brasil,EDEEV,-,0.00,f
e76cbed9-c008-4000-a2ea-7ca37fe67c59,ea55523a-ea06-4df5-9a35-57015ba3b315,859994f5-621d-4d35-8324-ea4afcb366c9,1,2026,27,11,9,7,36,30,42,2026-05-27 21:06:54.427816+00,Brasil,DDEVV,-,0.00,f
bb228094-390c-458d-8888-99c8c5e8a6d6,ea55523a-ea06-4df5-9a35-57015ba3b315,afa8c666-20eb-4986-a54a-64db18e51f8d,1,2026,27,10,7,10,38,37,37,2026-05-27 21:06:54.427816+00,Brasil,EVEDD,-,0.00,f
3ebf802a-0437-43d7-aae7-03f35e156849,ea55523a-ea06-4df5-9a35-57015ba3b315,8d2f6234-bafa-4657-8ac2-33e61f3437fb,1,2026,27,12,4,11,36,39,40,2026-05-27 21:06:54.427816+00,Brasil,VVDDD,-,0.00,f
97036aa1-a670-4c58-87d0-7a8c5717b082,ea55523a-ea06-4df5-9a35-57015ba3b315,e1fee8b8-87d1-446b-9e74-50b1714cec56,1,2026,27,8,7,12,35,35,31,2026-05-27 21:06:54.427816+00,Brasil,DDDDD,-,0.00,f
06adfe43-8e83-480e-9921-3ee97935af47,ea55523a-ea06-4df5-9a35-57015ba3b315,e046473b-c893-469d-8655-864cfe0524d1,1,2026,27,10,6,11,38,38,36,2026-05-27 21:06:54.427816+00,Brasil,DVEVD,-,0.00,f
87134b9e-6a2d-4f68-b5f1-f763f528d969,ea55523a-ea06-4df5-9a35-57015ba3b315,5a8b8199-d5b6-4ba3-86c8-3da5be51e75a,1,2026,27,8,6,13,29,38,30,2026-05-27 21:06:54.427816+00,Brasil,DEVED,-,0.00,f
0a123f6c-4cd1-4994-a337-e2d2c43dd447,ea55523a-ea06-4df5-9a35-57015ba3b315,b9b35982-ee66-43f7-a60f-bf8914d434c2,1,2026,28,11,7,10,33,31,40,2026-05-27 21:06:54.427816+00,Brasil,DDVVE,-,0.00,f
ef4415db-a23f-4fd3-99a5-37e4ef72067b,ea55523a-ea06-4df5-9a35-57015ba3b315,b2a2592a-190e-4330-a6a5-22a71027c26c,1,2026,28,13,7,8,35,24,46,2026-05-27 21:06:54.427816+00,Brasil,VDDEE,-,0.00,f
7175c78a-595e-41e8-91a5-657a6b0ec870,79f27b92-63fa-4fe7-8b0d-49d1fd9a3951,df49dd75-fee2-406c-b842-545526e309d7,1,2026,27,9,4,14,37,41,31,2026-05-27 21:06:57.645297+00,Brasil,VVEDE,-,0.00,f
aa9d5caf-6afb-423b-94e7-3e6ca92d3684,79f27b92-63fa-4fe7-8b0d-49d1fd9a3951,90b28674-f639-457b-9884-a7e88e8e85c3,1,2026,27,11,8,8,30,25,41,2026-05-27 21:06:57.645297+00,Brasil,DDEVE,-,0.00,f
4c5e5d2d-aef6-46e2-868b-c55d969fda24,79f27b92-63fa-4fe7-8b0d-49d1fd9a3951,16fc5ebc-c874-4644-aab2-791740be7dbd,1,2026,27,11,5,11,30,28,38,2026-05-27 21:06:57.645297+00,Brasil,VDDVE,-,0.00,f
7f8ee9e0-0d0b-45dd-8275-e464de807457,79f27b92-63fa-4fe7-8b0d-49d1fd9a3951,1b8023b9-509a-4b2e-8621-a1d0e882f03e,1,2026,27,9,11,7,29,28,38,2026-05-27 21:06:57.645297+00,Brasil,VVEEV,-,0.00,f
22184d9c-a191-4c09-81c6-a2ac53740192,79f27b92-63fa-4fe7-8b0d-49d1fd9a3951,bfe6f6db-4d0c-4baa-911d-aff8a6b23fcb,1,2026,27,13,2,12,37,36,41,2026-05-27 21:06:57.645297+00,Brasil,DVDDE,-,0.00,f
b34642b8-61e9-44d9-81e8-fcfb6ccad686,79f27b92-63fa-4fe7-8b0d-49d1fd9a3951,926f792c-2992-4fcb-8553-c1493854e856,1,2026,27,13,6,8,39,33,45,2026-05-27 21:06:57.645297+00,Brasil,EVVED,-,0.00,f
d9ef615a-ac90-47a4-ab22-2efc204abc9a,79f27b92-63fa-4fe7-8b0d-49d1fd9a3951,68593062-6421-4cf4-b3f0-0dc2a3d1c5fd,1,2026,27,11,7,9,34,29,40,2026-05-27 21:06:57.645297+00,Brasil,EVEDV,-,0.00,f
73cf19cf-8ff6-40df-add7-0ecc0be4feaf,79f27b92-63fa-4fe7-8b0d-49d1fd9a3951,cf0f12e1-a85b-40dd-90e3-5a52bb811be7,1,2026,27,12,7,8,33,24,43,2026-05-27 21:06:57.645297+00,Brasil,DDVEE,-,0.00,f
021b4c8f-5f21-4d1e-aa78-f955988b694a,79f27b92-63fa-4fe7-8b0d-49d1fd9a3951,a8fe7d49-7d5a-4f7d-a238-0fcbb6a44b64,1,2026,27,10,10,7,36,29,40,2026-05-27 21:06:57.645297+00,Brasil,EVVVE,-,0.00,f
203e9b8f-a7c7-4396-98d4-87f50dc93165,79f27b92-63fa-4fe7-8b0d-49d1fd9a3951,f6fdeda7-01a2-40ed-a647-9e26487242b6,1,2026,27,8,8,11,28,35,32,2026-05-27 21:06:57.645297+00,Brasil,VDEDD,-,0.00,f
dc1becd7-f181-4b38-8f71-f1bbd9932c9f,79f27b92-63fa-4fe7-8b0d-49d1fd9a3951,c1e4fa90-8bb4-4bd7-929b-95cae3bd7057,1,2026,27,11,9,7,34,33,42,2026-05-27 21:06:57.645297+00,Brasil,DDEDE,-,0.00,f
b65de15c-f8b6-4456-8d69-2e8844aaea6b,79f27b92-63fa-4fe7-8b0d-49d1fd9a3951,edc9dd76-3a70-4db2-9513-f84d8d3f2444,1,2026,28,9,9,10,25,30,36,2026-05-27 21:06:57.645297+00,Brasil,EDEVE,-,0.00,f
0d7af5a3-1f65-423a-99eb-6142254719f3,9aae628c-fe5d-4c4b-a20d-ac978d00b3a6,db839460-4fa1-43f8-9475-83fe6bcbd773,5,2026,25,10,3,12,25,37,33,2026-05-16 01:13:43.588814+00,Brasil,EDDDD,1D,26.67,f
92315f13-3bb8-4e4e-a72c-37fae85f3cb3,80a3131f-a6b1-4937-94eb-2d3581d8bc4b,c811b2f2-0545-49e7-acd1-8018e9063c19,5,2026,1,0,0,1,1,2,0,2026-05-16 01:13:46.064+00,Brasil,D,2D,53.33,f
39cc744e-080e-4d74-9230-e8474f4c18fa,80a3131f-a6b1-4937-94eb-2d3581d8bc4b,053c6204-3f1d-45ff-a372-f9cdea66b40b,5,2026,1,0,1,0,0,0,1,2026-05-16 01:13:46.064+00,Brasil,E,1W,40.00,f
3a018225-daab-49b6-b04c-c7a7ba2f14e7,80a3131f-a6b1-4937-94eb-2d3581d8bc4b,a070de5d-22bf-44ab-9c8d-19a2456971f9,5,2026,1,0,1,0,0,0,1,2026-05-16 01:13:46.064+00,Brasil,E,5W,46.67,f
e00f0182-b630-400c-8ea6-2f1710beb254,80a3131f-a6b1-4937-94eb-2d3581d8bc4b,9d58409e-fa88-4841-a80d-5c48222b1534,5,2026,1,0,1,0,2,2,1,2026-05-16 01:13:46.064+00,Brasil,E,1L,33.33,f
c1257d60-53ed-4aa5-a280-b1e7c7a7e745,80a3131f-a6b1-4937-94eb-2d3581d8bc4b,a77dc229-897a-485c-80a7-12d2c622cdfa,5,2026,1,0,1,0,1,1,1,2026-05-16 01:13:46.064+00,Brasil,E,1D,20.00,f
20cffb41-2a62-43af-b708-bce9b83417aa,80a3131f-a6b1-4937-94eb-2d3581d8bc4b,579e74c7-6081-4b69-9565-cd18fe4383a8,5,2026,1,0,0,1,0,2,0,2026-05-16 01:13:46.064+00,Brasil,D,1D,26.67,f
72ce4ef8-a70e-4e6f-8c75-325e264974f5,80a3131f-a6b1-4937-94eb-2d3581d8bc4b,1ea3d5d7-7d42-4584-80c3-46c80d3d308a,5,2026,1,0,0,1,0,2,0,2026-05-16 01:13:46.064+00,Brasil,D,1W,46.67,f
94a219b0-ffca-4f1b-8568-f19aa89edcf4,80a3131f-a6b1-4937-94eb-2d3581d8bc4b,e9060488-3965-4dcf-8048-ab9cd3e5fd23,5,2026,1,0,1,0,2,2,1,2026-05-16 01:13:46.064+00,Brasil,E,5L,26.67,f
6063b5bf-837b-41ac-875e-fea20910fde9,80a3131f-a6b1-4937-94eb-2d3581d8bc4b,e4baaac0-3120-45bf-bac8-4947ccf412d8,5,2026,1,0,1,0,2,2,1,2026-05-16 01:13:46.064+00,Brasil,E,1L,40.00,f
d419694c-5c81-4b4b-96c3-1f7012d97ec9,80a3131f-a6b1-4937-94eb-2d3581d8bc4b,13e46df5-d5d0-4aba-9c9c-df38f426915b,5,2026,1,0,0,1,0,2,0,2026-05-16 01:13:46.064+00,Brasil,D,1D,60.00,f
c67de671-49d2-42fd-a292-45d847ce3784,80a3131f-a6b1-4937-94eb-2d3581d8bc4b,5550f50d-af09-49f0-80be-8b1298c04f89,5,2026,1,0,1,0,1,1,1,2026-05-16 01:13:46.064+00,Brasil,E,1L,46.67,f
5732fc6f-d467-4426-8bc9-a19e187f282d,80a3131f-a6b1-4937-94eb-2d3581d8bc4b,6a94ef3c-1599-4efd-b845-6aba7c7cc626,5,2026,1,0,0,1,0,2,0,2026-05-16 01:13:46.064+00,Brasil,D,2D,33.33,f
e6b9bbba-cce2-4271-b922-d915bfaeb4e8,80a3131f-a6b1-4937-94eb-2d3581d8bc4b,0b443d18-8a23-4843-9a27-1a3bcdbecd2d,5,2026,1,0,0,1,0,2,0,2026-05-16 01:13:46.064+00,Brasil,D,3D,66.67,f
fed23d54-8513-427d-af4f-5450693e8ac4,80a3131f-a6b1-4937-94eb-2d3581d8bc4b,6e5d7fdd-c4a9-46bb-8284-462aea2bf161,5,2026,1,0,1,0,1,1,1,2026-05-16 01:13:46.064+00,Brasil,E,3W,46.67,f
df8e4401-bdb0-4a0c-8fd1-c93176596883,80a3131f-a6b1-4937-94eb-2d3581d8bc4b,8158fd6f-eb89-4980-82f4-d82921344386,5,2026,1,0,0,1,0,1,0,2026-05-16 01:13:46.064+00,Brasil,D,3L,26.67,f
0084fe73-7b58-4fb8-8f0d-2610ad5365e9,80a3131f-a6b1-4937-94eb-2d3581d8bc4b,2f1a273e-5543-400c-b9ba-27415aaa0ca9,5,2026,1,0,0,1,0,2,0,2026-05-16 01:13:46.064+00,Brasil,D,1L,40.00,f
ab98daa6-5407-435d-91be-14371a938bb6,80a3131f-a6b1-4937-94eb-2d3581d8bc4b,347fc0c9-e9ba-4485-8919-02ea96db02af,5,2026,1,0,0,1,0,1,0,2026-05-16 01:13:46.064+00,Brasil,D,1L,33.33,f
c09c4bdd-fbc4-4184-b4eb-960728c4d0c9,80a3131f-a6b1-4937-94eb-2d3581d8bc4b,80579219-7a82-4c00-a305-f6f75508326c,5,2026,1,1,0,0,2,1,3,2026-05-16 01:13:46.064+00,Brasil,V,1W,33.33,f
db83f185-56d6-4e2e-99d3-57a779659ed7,80a3131f-a6b1-4937-94eb-2d3581d8bc4b,3d216c1f-2df7-430d-99a0-1dc717a7db98,5,2026,1,0,0,1,0,1,0,2026-05-16 01:13:46.064+00,Brasil,D,1L,20.00,f
acd1fa5e-4db7-43ae-b039-ac1c6b5fbbdf,80a3131f-a6b1-4937-94eb-2d3581d8bc4b,c94b8d82-92b9-4672-b931-0c11702490cb,5,2026,1,1,0,0,1,0,3,2026-05-16 01:13:46.064+00,Brasil,V,2D,66.67,f
ee5ab313-4085-4518-8b79-fb4a9123aa35,80a3131f-a6b1-4937-94eb-2d3581d8bc4b,c6d06655-6fd4-4339-90df-b1faf9ed8586,5,2026,1,0,0,1,0,1,0,2026-05-16 01:13:46.064+00,Brasil,D,1L,53.33,f
31bb3d73-d036-45f0-a76a-0022460b87d2,80a3131f-a6b1-4937-94eb-2d3581d8bc4b,8945a196-dcc8-4045-b7ba-a250f863d965,5,2026,1,0,0,1,0,2,0,2026-05-16 01:13:46.064+00,Brasil,D,1W,46.67,f
2eaa9bc4-5507-44a1-a497-a1222c1da4d9,80a3131f-a6b1-4937-94eb-2d3581d8bc4b,db48f667-3224-4fa4-ae35-50826cd5a2d7,5,2026,1,0,1,0,1,1,1,2026-05-16 01:13:46.064+00,Brasil,E,1D,33.33,f
6fdc81eb-e521-4a43-9ff2-45137ecdbc67,80a3131f-a6b1-4937-94eb-2d3581d8bc4b,939a6703-5c2b-4499-b98e-5e4bc9af3be4,5,2026,1,1,0,0,2,0,3,2026-05-16 01:13:46.064+00,Brasil,V,2D,26.67,f
992d77a5-0344-43f2-9da4-add20a48ec79,80a3131f-a6b1-4937-94eb-2d3581d8bc4b,89b65163-663a-4775-b431-111eda812d45,5,2026,1,1,0,0,2,0,3,2026-05-16 01:13:46.064+00,Brasil,V,1W,33.33,f
6f626f85-7e08-497c-b08f-4266244a41ba,80a3131f-a6b1-4937-94eb-2d3581d8bc4b,fa14b038-564e-4229-8ef2-18df0effb20d,5,2026,1,1,0,0,1,0,3,2026-05-16 01:13:46.064+00,Brasil,V,1L,20.00,f
9fb1b791-f408-449e-bdf5-0225db97f0ae,80a3131f-a6b1-4937-94eb-2d3581d8bc4b,a3a7297e-22ac-42ae-a34b-2f8ef71f492f,5,2026,0,0,0,0,0,0,0,2026-05-16 01:13:46.064+00,Brasil,-----,2L,33.33,f
c39e9d57-1c72-4d1d-87d9-b482933df48c,80a3131f-a6b1-4937-94eb-2d3581d8bc4b,47f6652c-6c1f-4e73-85b8-02126725a971,5,2026,1,0,0,1,0,1,0,2026-05-16 01:13:46.064+00,Brasil,D,2D,46.67,f
a4f28144-8d6b-4802-bab2-45e281790847,80a3131f-a6b1-4937-94eb-2d3581d8bc4b,6a02360c-29e9-4ebd-be62-1e6545ab592a,5,2026,1,0,0,1,0,2,0,2026-05-16 01:13:46.064+00,Brasil,D,1W,40.00,f
7cd988c3-49cb-4e6f-b485-b42e3aa3afed,80a3131f-a6b1-4937-94eb-2d3581d8bc4b,72138812-3406-404f-99b3-946b43a9b008,5,2026,1,0,0,1,0,2,0,2026-05-16 01:13:46.064+00,Brasil,D,2D,26.67,f
a42cd6da-169a-4f70-9e23-1b657dfd3522,80a3131f-a6b1-4937-94eb-2d3581d8bc4b,b2d97798-6249-405a-92d6-970da0cb49fb,5,2026,1,0,1,0,1,1,1,2026-05-16 01:13:46.064+00,Brasil,E,1L,26.67,f
00f91449-72b4-42bf-9cd4-80c10583774f,80a3131f-a6b1-4937-94eb-2d3581d8bc4b,8278f7ca-0fe8-4d40-a94b-7ebcb026e9f4,5,2026,1,1,0,0,2,0,3,2026-05-16 01:13:46.064+00,Brasil,V,1D,33.33,f
42066fb3-bba1-4e95-9e19-45ff0f029cb1,80a3131f-a6b1-4937-94eb-2d3581d8bc4b,8eb48c0b-e4b7-43a7-8aa5-fd0352bc868d,5,2026,1,1,0,0,1,0,3,2026-05-16 01:13:46.064+00,Brasil,V,3D,13.33,f
1e962abd-af5a-43f2-8cd4-6f60d066baf2,80a3131f-a6b1-4937-94eb-2d3581d8bc4b,727fab5b-037b-47c7-b0d4-30f0b94d7b64,5,2026,1,0,0,1,0,1,0,2026-05-16 01:13:46.064+00,Brasil,D,1L,53.33,f
b7f8990a-8042-4d45-ba11-f852575f6886,80a3131f-a6b1-4937-94eb-2d3581d8bc4b,f44f7c09-f7fd-4bae-9d77-8a48e6c7464a,5,2026,1,1,0,0,1,0,3,2026-05-16 01:13:46.064+00,Brasil,V,1W,46.67,f
0b95fc22-7c33-4008-a431-0d38b3fffdb2,80a3131f-a6b1-4937-94eb-2d3581d8bc4b,f48dc2f6-dbb2-4a69-9dd1-c5d21aeaa784,5,2026,1,0,0,1,1,2,0,2026-05-16 01:13:46.064+00,Brasil,D,2L,33.33,f
464da1d1-094e-467c-80bd-72dec0ac6873,80a3131f-a6b1-4937-94eb-2d3581d8bc4b,99ca1e06-f6d9-4ffb-bf0e-b3a4b9343cd7,5,2026,1,1,0,0,1,0,3,2026-05-16 01:13:46.064+00,Brasil,V,1W,40.00,f
bd528bc2-eab7-412d-b52e-bfd7a23f25d1,80a3131f-a6b1-4937-94eb-2d3581d8bc4b,f7ab2962-7950-410e-98c6-2d62b11d4c6c,5,2026,1,1,0,0,2,0,3,2026-05-16 01:13:46.064+00,Brasil,V,1D,26.67,f
828b9ad4-e24f-4323-a2b9-7259abe18024,80a3131f-a6b1-4937-94eb-2d3581d8bc4b,c2e82e32-ca10-46b9-bb20-86785262bdcd,5,2026,1,1,0,0,1,0,3,2026-05-16 01:13:46.064+00,Brasil,V,1W,40.00,f
c6fd4086-556b-469c-9008-9617533bc66d,80a3131f-a6b1-4937-94eb-2d3581d8bc4b,ec0886c1-6b72-4521-9beb-8344c45a4d8d,5,2026,1,0,1,0,1,1,1,2026-05-16 01:13:46.064+00,Brasil,E,1L,40.00,f
fddaf2c7-5d8b-45b8-868f-bfd44a6ecc2b,80a3131f-a6b1-4937-94eb-2d3581d8bc4b,4548b43b-cf4a-4b79-98f3-e85dc19c57a2,5,2026,1,1,0,0,2,0,3,2026-05-16 01:13:46.064+00,Brasil,V,1W,60.00,f
5b8c002d-1420-4324-a59c-4901aa55f5cb,80a3131f-a6b1-4937-94eb-2d3581d8bc4b,e19413a1-896b-4e93-a370-a99086347240,5,2026,1,1,0,0,2,0,3,2026-05-16 01:13:46.064+00,Brasil,V,4L,20.00,f
ef9652c6-9b6b-4844-bfc7-e44216d5387d,80a3131f-a6b1-4937-94eb-2d3581d8bc4b,476bd6d6-eb32-4c88-8a11-b46753448789,5,2026,1,0,1,0,1,1,1,2026-05-16 01:13:46.064+00,Brasil,E,1L,40.00,f
4f398d5b-a8a0-49b6-a334-c9560658a128,80a3131f-a6b1-4937-94eb-2d3581d8bc4b,4aacd310-32a6-4c58-a801-ad6b232972da,5,2026,1,1,0,0,2,0,3,2026-05-16 01:13:46.064+00,Brasil,V,2W,53.33,f
5e486cb2-b7d2-4927-bd7f-610f802f2672,80a3131f-a6b1-4937-94eb-2d3581d8bc4b,95abd4ae-7b92-4f14-95f0-5ddf20c70185,5,2026,1,0,1,0,2,2,1,2026-05-16 01:13:46.064+00,Brasil,E,1L,33.33,f
5decc73c-b85a-4aea-be2b-58a4ed253cc0,80a3131f-a6b1-4937-94eb-2d3581d8bc4b,e39f2ee8-9ad8-41d2-8248-20a341516c06,5,2026,1,0,1,0,2,2,1,2026-05-16 01:13:46.064+00,Brasil,E,3W,46.67,f
39d309ae-a7e3-48d7-b280-922069590d88,80a3131f-a6b1-4937-94eb-2d3581d8bc4b,857a5c06-a3ba-428a-a3b9-84ffaafe34a0,5,2026,1,1,0,0,2,0,3,2026-05-16 01:13:46.064+00,Brasil,V,1W,20.00,f
b3a09f30-da30-4ccc-9ee7-0f74331f3581,80a3131f-a6b1-4937-94eb-2d3581d8bc4b,75bcae17-b619-44e6-aa54-e22d69fa9bb1,5,2026,1,1,0,0,2,0,3,2026-05-16 01:13:46.064+00,Brasil,V,5D,26.67,f
7b995b8d-1f38-49c8-a45b-5a8a4c01563b,80a3131f-a6b1-4937-94eb-2d3581d8bc4b,4eab3f12-c6e3-4025-9af4-cbb2b0177dd1,5,2026,1,0,1,0,1,1,1,2026-05-16 01:13:46.064+00,Brasil,E,1D,33.33,f
99a17eca-05c9-493a-bc60-ca92805da259,80a3131f-a6b1-4937-94eb-2d3581d8bc4b,2d574fad-b07d-4a23-b576-876f0a914037,5,2026,1,0,1,0,2,2,1,2026-05-16 01:13:46.064+00,Brasil,E,2W,66.67,f
0d618807-7de6-4dd9-9747-8be93460d526,80a3131f-a6b1-4937-94eb-2d3581d8bc4b,73cc505f-e1af-4d5b-b9eb-c417e688fc1d,5,2026,1,0,1,0,0,0,1,2026-05-16 01:13:46.064+00,Brasil,E,1L,53.33,f
17c658fa-f95a-4f95-89be-fafefea033b8,80a3131f-a6b1-4937-94eb-2d3581d8bc4b,ca38e48f-e09b-4f9f-85f7-5103f36cd5f2,5,2026,1,0,1,0,0,0,1,2026-05-16 01:13:46.064+00,Brasil,E,1D,20.00,f
23b7dd69-ae58-4063-93c2-a30e32a2bcbe,80a3131f-a6b1-4937-94eb-2d3581d8bc4b,54dafa61-d5f4-4279-9bad-99f4001ad27a,5,2026,1,1,0,0,2,1,3,2026-05-16 01:13:46.064+00,Brasil,V,1L,40.00,f
aacacb96-92d9-493b-b0c4-d98c825ccda1,80a3131f-a6b1-4937-94eb-2d3581d8bc4b,fa32ca9d-2402-4c04-99e0-9ee6a100fec9,5,2026,1,1,0,0,2,1,3,2026-05-16 01:13:46.064+00,Brasil,V,1D,20.00,f
ad857ad2-172a-489a-bf72-be806a15fffd,80a3131f-a6b1-4937-94eb-2d3581d8bc4b,635a1f74-3de7-48b1-92a5-b47e342ba275,5,2026,1,1,0,0,2,0,3,2026-05-16 01:13:46.064+00,Brasil,V,2L,33.33,f
6a14cb3c-54b9-41c8-9761-6f595dc3b938,80a3131f-a6b1-4937-94eb-2d3581d8bc4b,7f6f17ab-a323-41a2-9e01-9e3e38ef75e3,5,2026,1,1,0,0,2,0,3,2026-05-16 01:13:46.064+00,Brasil,V,1W,33.33,f
eb547218-cb45-4502-8ce1-04607c671e07,80a3131f-a6b1-4937-94eb-2d3581d8bc4b,d32cb159-b965-4d90-a70b-d54c58f81959,5,2026,1,0,0,1,0,1,0,2026-05-16 01:13:46.064+00,Brasil,D,1D,60.00,f
392784d9-ebc8-4413-aadc-2c00f649331d,80a3131f-a6b1-4937-94eb-2d3581d8bc4b,a9b0434b-ca9a-4a02-b6e2-d5448b23d29a,5,2026,1,0,0,1,0,2,0,2026-05-16 01:13:46.064+00,Brasil,D,1L,53.33,f
4b6f020e-2feb-4bd2-8516-e9aeda57f662,80a3131f-a6b1-4937-94eb-2d3581d8bc4b,f527c023-77aa-4a82-8525-d385378850e5,5,2026,1,0,0,1,1,2,0,2026-05-16 01:13:46.064+00,Brasil,D,2L,26.67,f
cfd93093-4c60-400b-bd28-e2474dc53b9c,80a3131f-a6b1-4937-94eb-2d3581d8bc4b,a55a518d-6ee2-4fb3-bba9-c21d438fb16f,5,2026,1,0,0,1,0,1,0,2026-05-16 01:13:46.064+00,Brasil,D,1L,53.33,f
621e9162-d394-4d18-b1bc-4453827a4aea,80a3131f-a6b1-4937-94eb-2d3581d8bc4b,8f9b9eed-a874-4682-99de-b7fd12ab5b7c,5,2026,1,0,0,1,0,1,0,2026-05-16 01:13:46.064+00,Brasil,D,5W,46.67,f
aa1ec57e-7970-49bc-ba35-1c6506425c6b,80a3131f-a6b1-4937-94eb-2d3581d8bc4b,59bc4b30-7941-4374-bf0f-ea5051a1711f,5,2026,1,0,0,1,0,1,0,2026-05-16 01:13:46.064+00,Brasil,D,1W,33.33,f
79312412-b36d-4477-85a9-97f572232243,80a3131f-a6b1-4937-94eb-2d3581d8bc4b,9fc0cd02-b2bc-462a-95c5-82549174d004,5,2026,1,0,1,0,2,2,1,2026-05-16 01:13:46.064+00,Brasil,E,1W,33.33,f
5c2a3f01-0371-4a41-8137-99e3cc6ea70b,80a3131f-a6b1-4937-94eb-2d3581d8bc4b,44a95bff-c66c-4f83-8fbe-38a7c63afba1,5,2026,1,0,0,1,0,1,0,2026-05-16 01:13:46.064+00,Brasil,D,1D,33.33,f
0a9343ca-a1fe-4844-875a-c74233ae14ab,80a3131f-a6b1-4937-94eb-2d3581d8bc4b,ed75d22a-aa9a-44ae-9b02-6387a8a83c57,5,2026,1,0,0,1,1,2,0,2026-05-16 01:13:46.064+00,Brasil,D,1W,26.67,f
0bf04bf2-582e-4c59-98d4-54e4d9b39a04,80a3131f-a6b1-4937-94eb-2d3581d8bc4b,5aa3af65-9dc9-4aed-acef-e6f22e168247,5,2026,1,0,0,1,0,2,0,2026-05-16 01:13:46.064+00,Brasil,D,1W,26.67,f
f82a5b10-a5b0-4e44-97a2-cf0abc4f604f,80a3131f-a6b1-4937-94eb-2d3581d8bc4b,ece9e5f7-5b3f-4089-a122-201e17b1a19e,5,2026,1,1,0,0,2,0,3,2026-05-16 01:13:46.064+00,Brasil,V,3D,26.67,f
84b8502e-f921-4286-80c7-4dc0d093da86,80a3131f-a6b1-4937-94eb-2d3581d8bc4b,af3cdf1b-cdfc-404a-92b8-0ac7c7d840e2,5,2026,1,1,0,0,2,1,3,2026-05-16 01:13:46.064+00,Brasil,V,3D,13.33,f
23ebcfbb-67a3-4565-8971-197bf14b9ae2,80a3131f-a6b1-4937-94eb-2d3581d8bc4b,bb91dfe3-5938-4d42-bd53-dc38ccb970be,5,2026,1,1,0,0,1,0,3,2026-05-16 01:13:46.064+00,Brasil,V,1W,46.67,f
15f3040e-b3a8-489c-90da-2017b14402c3,80a3131f-a6b1-4937-94eb-2d3581d8bc4b,f3781410-9555-4e4f-a575-0ccd6ca3b4d6,5,2026,1,0,1,0,2,2,1,2026-05-16 01:13:46.064+00,Brasil,E,1D,13.33,f
3fbf5126-64d5-4d33-b209-f53a0a74920b,80a3131f-a6b1-4937-94eb-2d3581d8bc4b,7e92546e-660f-4a44-940e-975a6e53cf31,5,2026,1,1,0,0,1,0,3,2026-05-16 01:13:46.064+00,Brasil,V,1D,26.67,f
5a7553f9-46d6-49c3-bd0a-6005af3467b8,80a3131f-a6b1-4937-94eb-2d3581d8bc4b,d628b1d7-d0b7-4bfd-b626-ce34ef7520b3,5,2026,1,1,0,0,1,0,3,2026-05-16 01:13:46.064+00,Brasil,V,1D,26.67,f
38460d27-ea08-46bb-b517-1b7f0bdea441,80a3131f-a6b1-4937-94eb-2d3581d8bc4b,1636fd70-7076-4792-8a42-7ac879b76fd3,5,2026,1,1,0,0,1,0,3,2026-05-16 01:13:46.064+00,Brasil,V,1D,33.33,f
5e1f9265-a2db-4b83-96f2-431b53aeaf70,80a3131f-a6b1-4937-94eb-2d3581d8bc4b,59bca3ba-6464-4dd3-a0a9-04ca4855343e,5,2026,1,1,0,0,2,1,3,2026-05-16 01:13:46.064+00,Brasil,V,3D,33.33,f
3b1e6701-d47d-4ab1-bfea-c916ff0b8aa1,80a3131f-a6b1-4937-94eb-2d3581d8bc4b,dbc4f89e-05de-46d9-8ff5-b9534c13d1e1,5,2026,1,1,0,0,2,0,3,2026-05-16 01:13:46.064+00,Brasil,V,2D,20.00,f
e045d8d3-3ac6-4bea-bd05-c773303e4b9a,80a3131f-a6b1-4937-94eb-2d3581d8bc4b,16190e00-c137-4aec-bfb1-5f9f1b88554f,5,2026,1,1,0,0,1,0,3,2026-05-16 01:13:46.064+00,Brasil,V,1D,40.00,f
be29e02d-0c4b-49e7-92a1-9622bd865099,80a3131f-a6b1-4937-94eb-2d3581d8bc4b,1386dbf7-7c83-49e2-b7c2-2b61bd21c0b9,5,2026,1,0,0,1,0,2,0,2026-05-16 01:13:46.064+00,Brasil,D,1L,40.00,f
357ba210-c97b-442a-8373-ba78e542c5e5,80a3131f-a6b1-4937-94eb-2d3581d8bc4b,392cb7d4-ae35-4174-983b-13c8cdb1ff6c,5,2026,1,0,0,1,0,2,0,2026-05-16 01:13:46.064+00,Brasil,D,1D,26.67,f
c655c524-d4a4-4062-8cb6-86d26b12d0c0,80a3131f-a6b1-4937-94eb-2d3581d8bc4b,93fe1134-2ee3-4b13-bd79-8c7be822daca,5,2026,1,0,0,1,1,2,0,2026-05-16 01:13:46.064+00,Brasil,D,3W,53.33,f
a66fcab5-f719-4ce9-83b1-510fcb21b044,80a3131f-a6b1-4937-94eb-2d3581d8bc4b,949767e5-91ba-4fcc-8128-0b13c6ef8ad3,5,2026,4,2,0,2,2,2,6,2026-05-16 01:13:46.064+00,Brasil,V,1W,40.00,f
a0341429-6359-417d-9821-d3f3b3d4dbb2,9aae628c-fe5d-4c4b-a20d-ac978d00b3a6,708a6bea-a054-49ea-a2a0-7d423e8b6e19,5,2026,26,3,11,12,27,42,20,2026-05-16 01:13:43.588814+00,Brasil,EVEDE,1L,33.33,f
a085f5e5-58c3-4629-9679-80870522a7ef,964f7ec5-ecdc-4294-bfe9-719a6557722a,f16d6737-fc8a-4c31-b528-12a48ba63e7a,5,2026,1,0,0,1,0,2,0,2026-05-16 01:13:53.217905+00,Brasil,D,1W,46.67,f
03f51c60-c7aa-41db-862b-6337fde8539d,964f7ec5-ecdc-4294-bfe9-719a6557722a,0754a30f-728f-401c-a45a-964db5af01d9,5,2026,1,0,0,1,0,1,0,2026-05-16 01:13:53.217905+00,Brasil,D,2W,40.00,f
566423c1-cd82-492e-b1d8-30d58639684a,964f7ec5-ecdc-4294-bfe9-719a6557722a,75c35305-2e4b-40f2-9867-ed49edbb7165,5,2026,1,0,0,1,1,2,0,2026-05-16 01:13:53.217905+00,Brasil,D,1W,46.67,f
46147dfe-5719-4bb9-822b-a5b07f1f65d1,964f7ec5-ecdc-4294-bfe9-719a6557722a,250d0c81-8582-46a4-adcf-0d24381bd491,5,2026,1,1,0,0,1,0,3,2026-05-16 01:13:53.217905+00,Brasil,V,2D,20.00,f
aa31f9b6-3067-4329-91cb-c7e82afb0d96,964f7ec5-ecdc-4294-bfe9-719a6557722a,cf661a69-fc4a-4a48-8e77-0eb72a743fee,5,2026,1,0,0,1,0,2,0,2026-05-16 01:13:53.217905+00,Brasil,D,2D,33.33,f
cbf1e8a2-8b0c-4146-99af-bea350b42a0a,964f7ec5-ecdc-4294-bfe9-719a6557722a,feaf846b-0406-4756-81dc-099283740539,5,2026,1,1,0,0,1,0,3,2026-05-16 01:13:53.217905+00,Brasil,V,1D,40.00,f
33ba1396-c008-4be0-8ccc-a8e58e4773f4,964f7ec5-ecdc-4294-bfe9-719a6557722a,585482e6-0c94-4f9c-a872-d90a10bbe7e2,5,2026,1,1,0,0,2,0,3,2026-05-16 01:13:53.217905+00,Brasil,V,2W,40.00,f
e52896b2-adf1-47ec-8f22-31e55f5ae3b9,964f7ec5-ecdc-4294-bfe9-719a6557722a,9e031364-b4d2-48ab-9a84-c9c0013b204d,5,2026,1,0,1,0,0,0,1,2026-05-16 01:13:53.217905+00,Brasil,E,1W,20.00,f
1fdc1f60-5a46-48ee-8000-3a314bd3ed43,964f7ec5-ecdc-4294-bfe9-719a6557722a,ea1896f0-0999-4146-ace8-0696276cf2fa,5,2026,1,0,0,1,1,2,0,2026-05-16 01:13:53.217905+00,Brasil,D,1W,60.00,f
83fab427-fe7e-45d3-8782-2ecad788f1a0,964f7ec5-ecdc-4294-bfe9-719a6557722a,12adc4f7-fb79-475e-aa00-9294880c9c63,5,2026,1,1,0,0,2,0,3,2026-05-16 01:13:53.217905+00,Brasil,V,2L,33.33,f
8e2d995e-1281-45f9-9abf-5bdc236092de,964f7ec5-ecdc-4294-bfe9-719a6557722a,dc4e1488-ac9b-4bfa-a2f0-a92db890e6a6,5,2026,1,0,1,0,0,0,1,2026-05-16 01:13:53.217905+00,Brasil,E,1L,26.67,f
658770db-502a-40a9-bc15-87b85a7e4f09,964f7ec5-ecdc-4294-bfe9-719a6557722a,8ebf8bd1-85bb-4ece-90ff-39f7200a5e63,5,2026,1,1,0,0,2,1,3,2026-05-16 01:13:53.217905+00,Brasil,V,1L,33.33,f
2beb5db1-274b-4a77-b0a4-d219a93694c6,964f7ec5-ecdc-4294-bfe9-719a6557722a,ac426785-6e5f-4e60-946d-f06d9c177eb0,5,2026,1,0,1,0,0,0,1,2026-05-16 01:13:53.217905+00,Brasil,E,1L,53.33,f
7816730f-e6a8-4e4d-8028-fdfaa4d78bbc,964f7ec5-ecdc-4294-bfe9-719a6557722a,44e970ba-b5d9-4dfd-80df-44763508f561,5,2026,1,1,0,0,2,0,3,2026-05-16 01:13:53.217905+00,Brasil,V,2D,20.00,f
20f2ffe2-cdcc-40c1-9da5-c45124b036c5,964f7ec5-ecdc-4294-bfe9-719a6557722a,65e3c682-da96-4f8e-be2b-25f71217e940,5,2026,1,0,1,0,0,0,1,2026-05-16 01:13:53.217905+00,Brasil,E,1L,33.33,f
785498c5-8bd3-49a1-9d4b-ee2fe0270e3a,964f7ec5-ecdc-4294-bfe9-719a6557722a,62710cc5-f2d8-4386-8192-4605a28ce6c7,5,2026,1,1,0,0,2,0,3,2026-05-16 01:13:53.217905+00,Brasil,V,1D,46.67,f
bf47ef5d-5c40-4ad4-9673-8631d6e26f7f,964f7ec5-ecdc-4294-bfe9-719a6557722a,f3870b4e-99f6-4d4f-b33d-327316c379e4,5,2026,1,1,0,0,2,0,3,2026-05-16 01:13:53.217905+00,Brasil,V,2L,20.00,f
b57b80f2-2eae-4eaf-8123-556edbf2a17a,964f7ec5-ecdc-4294-bfe9-719a6557722a,5e9682f2-680d-494c-9080-20ac9b1570cf,5,2026,1,0,1,0,0,0,1,2026-05-16 01:13:53.217905+00,Brasil,E,1D,33.33,f
84315a9a-96d7-4edf-8276-8346d9aa874e,964f7ec5-ecdc-4294-bfe9-719a6557722a,fdd08304-bc2f-4230-bc56-e5a3e48f8994,5,2026,1,0,0,1,0,1,0,2026-05-16 01:13:53.217905+00,Brasil,D,1D,33.33,f
fdaa9833-be06-44fc-9456-2eadfd0d6c38,964f7ec5-ecdc-4294-bfe9-719a6557722a,3742fe39-5e0e-42aa-9d79-fe60ce8cd993,5,2026,1,0,1,0,2,2,1,2026-05-16 01:13:53.217905+00,Brasil,E,4L,20.00,f
a84a81c0-9901-48c6-a124-b7dbca0fa637,964f7ec5-ecdc-4294-bfe9-719a6557722a,3dee24b7-3c9c-47fa-bcd3-ffc804f08f8b,5,2026,1,1,0,0,1,0,3,2026-05-16 01:13:53.217905+00,Brasil,V,2W,60.00,f
f453962f-81c4-4db9-8662-3d296b885b11,964f7ec5-ecdc-4294-bfe9-719a6557722a,cc7e1ee8-a873-4b4d-9988-be123989a125,5,2026,1,1,0,0,2,0,3,2026-05-16 01:13:53.217905+00,Brasil,V,1L,26.67,f
8209a601-dc61-4369-ac18-ecc60b46e727,964f7ec5-ecdc-4294-bfe9-719a6557722a,9c1f9afb-b3c2-4c88-afc9-5cbad164aa7e,5,2026,1,0,1,0,2,2,1,2026-05-16 01:13:53.217905+00,Brasil,E,2D,26.67,f
4c8996a6-3246-47d9-aa9e-62b718ab9427,964f7ec5-ecdc-4294-bfe9-719a6557722a,5ff42802-6a33-45fc-8904-2dbcc88db170,5,2026,1,0,0,1,0,1,0,2026-05-16 01:13:53.217905+00,Brasil,D,1D,60.00,f
5917c226-03a1-4a94-898e-cf63db994c7d,964f7ec5-ecdc-4294-bfe9-719a6557722a,a164ad61-8439-4c2d-ad3d-6a9254d04d36,5,2026,1,1,0,0,2,0,3,2026-05-16 01:13:53.217905+00,Brasil,V,1L,26.67,f
fc942492-594a-4797-b0be-ffa3e3b64638,964f7ec5-ecdc-4294-bfe9-719a6557722a,58fadbe9-e6cf-4db3-b6a1-315edfc3941a,5,2026,1,0,1,0,2,2,1,2026-05-16 01:13:53.217905+00,Brasil,E,2W,46.67,f
ae4c4729-b890-4fab-a4df-3b558e863cae,964f7ec5-ecdc-4294-bfe9-719a6557722a,1b9b5aa5-9be7-4f6a-8c93-f40ec1dadf96,5,2026,0,0,0,0,0,0,0,2026-05-16 01:13:53.217905+00,Brasil,-----,3L,13.33,f
20a378b1-49aa-4ff8-ac8b-3b3c19bb0279,964f7ec5-ecdc-4294-bfe9-719a6557722a,759388a7-825f-4c80-9610-4fa9e1731cab,5,2026,1,0,1,0,2,2,1,2026-05-16 01:13:53.217905+00,Brasil,E,1D,46.67,f
e329f151-dafa-4b2c-b744-9bed30c53815,964f7ec5-ecdc-4294-bfe9-719a6557722a,67ef5164-6bf6-4a06-8c2d-04558c5596ab,5,2026,1,0,0,1,0,2,0,2026-05-16 01:13:53.217905+00,Brasil,D,1L,33.33,f
f54be16a-ef33-417f-a04d-6963cd74b17d,964f7ec5-ecdc-4294-bfe9-719a6557722a,9b07410a-5cd7-40cd-9c61-faa9824efdd1,5,2026,1,1,0,0,1,0,3,2026-05-16 01:13:53.217905+00,Brasil,V,1W,73.33,f
12f7ba35-172a-44ed-9262-0b9476fe7050,964f7ec5-ecdc-4294-bfe9-719a6557722a,2d8bfaba-2886-4b51-a9e9-56546d9070e6,5,2026,1,0,1,0,2,2,1,2026-05-16 01:13:53.217905+00,Brasil,E,1W,40.00,f
aeb95123-1c36-46f5-9e4e-586e93f06958,964f7ec5-ecdc-4294-bfe9-719a6557722a,82d3a303-8682-4ff7-b737-26a11e03fcb8,5,2026,1,0,0,1,0,2,0,2026-05-16 01:13:53.217905+00,Brasil,D,1W,46.67,f
3b10be6b-c2e0-4f2e-8b02-30b9fd21c60a,964f7ec5-ecdc-4294-bfe9-719a6557722a,387a383d-decf-4f90-86d8-da4a987b8c69,5,2026,1,0,0,1,0,1,0,2026-05-16 01:13:53.217905+00,Brasil,D,2L,13.33,f
81134456-57dd-4d99-85c5-c57b61dc7d8c,964f7ec5-ecdc-4294-bfe9-719a6557722a,921c935c-002c-4196-9d7e-fe0d99aba4f0,5,2026,1,0,1,0,2,2,1,2026-05-16 01:13:53.217905+00,Brasil,E,1D,33.33,f
866b96de-c241-4b3d-9925-366ac6837d45,964f7ec5-ecdc-4294-bfe9-719a6557722a,3853a4d2-0b0d-416b-a544-e41d786a88ef,5,2026,1,1,0,0,1,0,3,2026-05-16 01:13:53.217905+00,Brasil,V,2D,20.00,f
2f231249-1f2c-4821-931e-031fdd2ccdc3,964f7ec5-ecdc-4294-bfe9-719a6557722a,2837b5ef-4a4a-4232-b4c2-a2f31fc1a4bc,5,2026,1,0,1,0,0,0,1,2026-05-16 01:13:53.217905+00,Brasil,E,1D,26.67,f
96cd478b-db73-44aa-b0a8-713ef93032f2,964f7ec5-ecdc-4294-bfe9-719a6557722a,9fa3385f-3fa8-4079-b1f5-e3b0c3aab307,5,2026,1,0,0,1,0,2,0,2026-05-16 01:13:53.217905+00,Brasil,D,1L,26.67,f
0c07740e-66da-4585-9584-2c9cffccb356,964f7ec5-ecdc-4294-bfe9-719a6557722a,0350b87d-2994-46c3-aaec-e5bcda0e3dce,5,2026,1,0,0,1,0,2,0,2026-05-16 01:13:53.217905+00,Brasil,D,1L,53.33,f
8062f653-9f1c-4770-9873-85be96be373a,964f7ec5-ecdc-4294-bfe9-719a6557722a,1b230f16-06a1-49f6-bf0c-161fe6537cc3,5,2026,1,0,1,0,0,0,1,2026-05-16 01:13:53.217905+00,Brasil,E,1L,26.67,f
b58a18ca-036e-457f-9127-3ce8f81eda95,964f7ec5-ecdc-4294-bfe9-719a6557722a,578dbc6d-b416-4b55-b49d-9e9f2b40e662,5,2026,1,0,0,1,0,2,0,2026-05-16 01:13:53.217905+00,Brasil,D,1D,13.33,f
dc843032-cee4-4599-99fc-e84e53d44600,964f7ec5-ecdc-4294-bfe9-719a6557722a,bff6fcf4-422a-45e6-8224-ddd8b563ae2a,5,2026,1,0,1,0,0,0,1,2026-05-16 01:13:53.217905+00,Brasil,E,1L,46.67,f
080c9a22-bb6f-438f-8219-b71dd7f61a89,964f7ec5-ecdc-4294-bfe9-719a6557722a,51b68b1a-a405-4834-99a4-f5a493a79a06,5,2026,1,0,0,1,1,2,0,2026-05-16 01:13:53.217905+00,Brasil,D,1W,33.33,f
c1b30e47-7ac4-47b7-8c6a-5ee566ba62bb,964f7ec5-ecdc-4294-bfe9-719a6557722a,86d53d5f-cc1d-4d04-9bc5-81b8637397c4,5,2026,1,0,1,0,0,0,1,2026-05-16 01:13:53.217905+00,Brasil,E,1D,20.00,f
90ec63ad-9497-4425-b16e-8d8d38a145e5,964f7ec5-ecdc-4294-bfe9-719a6557722a,4e71892f-530e-451d-b038-5bb7302e7e7a,5,2026,1,0,0,1,0,2,0,2026-05-16 01:13:53.217905+00,Brasil,D,1L,53.33,f
790af996-52b3-4e6a-8f77-f79cbc5c2123,964f7ec5-ecdc-4294-bfe9-719a6557722a,2c6a2696-39f0-4aa0-b878-87b4047a58e4,5,2026,1,1,0,0,2,1,3,2026-05-16 01:13:53.217905+00,Brasil,V,1D,46.67,f
e19282dd-6355-454c-9781-c79ace834c27,964f7ec5-ecdc-4294-bfe9-719a6557722a,333d6c15-1b30-42ed-87f4-817e5b15bbd8,5,2026,1,0,1,0,0,0,1,2026-05-16 01:13:53.217905+00,Brasil,E,1W,33.33,f
3ba2e8a5-784b-4a3e-8a76-5282fbad736c,964f7ec5-ecdc-4294-bfe9-719a6557722a,d0c756fb-f6c0-4e54-a5a2-c8a8dc28d503,5,2026,1,0,0,1,0,2,0,2026-05-16 01:13:53.217905+00,Brasil,D,3W,40.00,f
1a12731e-5972-4b43-b758-356271c964a5,964f7ec5-ecdc-4294-bfe9-719a6557722a,efa70a31-fe7e-49b7-a658-61caf4f58708,5,2026,1,0,0,1,0,1,0,2026-05-16 01:13:53.217905+00,Brasil,D,1W,40.00,f
c75117e2-e270-42b0-a9e5-73b2411da67a,964f7ec5-ecdc-4294-bfe9-719a6557722a,6249592a-6a2d-4791-b583-8b5041abec09,5,2026,1,1,0,0,2,0,3,2026-05-16 01:13:53.217905+00,Brasil,V,3W,46.67,f
e585bed3-20b9-4719-880a-319f08d0fe80,964f7ec5-ecdc-4294-bfe9-719a6557722a,fbf3ddec-9ddf-4a27-9e43-2e0d01d69b32,5,2026,1,0,0,1,0,1,0,2026-05-16 01:13:53.217905+00,Brasil,D,1D,26.67,f
8c5c12a9-87cd-4528-9af4-dd80112dce04,964f7ec5-ecdc-4294-bfe9-719a6557722a,d00f1b92-011d-4972-9a32-c94623c136b5,5,2026,1,1,0,0,2,1,3,2026-05-16 01:13:53.217905+00,Brasil,V,2L,20.00,f
10a4009a-f412-4776-bd28-49f213539f27,964f7ec5-ecdc-4294-bfe9-719a6557722a,c0e6dddf-6f1b-4407-bb9a-51b700bb1982,5,2026,1,1,0,0,1,0,3,2026-05-16 01:13:53.217905+00,Brasil,V,1L,33.33,f
4c7f8a7c-1e86-4705-97e8-e95038962a39,964f7ec5-ecdc-4294-bfe9-719a6557722a,77995823-54a2-4b0f-afd5-8751072efc5c,5,2026,1,1,0,0,2,0,3,2026-05-16 01:13:53.217905+00,Brasil,V,1W,40.00,f
e2652694-dc7d-4235-831b-f4b7c692a9d5,964f7ec5-ecdc-4294-bfe9-719a6557722a,b8a86c70-bf29-4add-b379-bc5e70d58486,5,2026,1,0,0,1,1,2,0,2026-05-16 01:13:53.217905+00,Brasil,D,1D,33.33,f
d488ca32-9d87-4dde-91ca-69993055d59b,964f7ec5-ecdc-4294-bfe9-719a6557722a,f3713807-7266-4ac2-8ce9-3e5e3784e30a,5,2026,1,0,1,0,2,2,1,2026-05-16 01:13:53.217905+00,Brasil,E,1D,53.33,f
d168ce8b-9d5d-4b8e-9e13-15fedd78c05b,964f7ec5-ecdc-4294-bfe9-719a6557722a,55ba714f-612f-4f23-a1c3-fa28f2ef41c8,5,2026,1,0,1,0,1,1,1,2026-05-16 01:13:53.217905+00,Brasil,E,1W,53.33,f
7200d764-facc-4707-891d-f6c861811b3f,964f7ec5-ecdc-4294-bfe9-719a6557722a,ac772224-919a-49af-8de2-bd2780c23b10,5,2026,1,0,0,1,0,2,0,2026-05-16 01:13:53.217905+00,Brasil,D,1D,13.33,f
2fd3af60-f9df-401e-bd5b-75da98239575,964f7ec5-ecdc-4294-bfe9-719a6557722a,1af63f7e-3bde-447b-bf84-208d93cb1c63,5,2026,1,0,0,1,0,2,0,2026-05-16 01:13:53.217905+00,Brasil,D,1D,53.33,f
62c3f8e7-5064-431b-935f-b609f9886413,964f7ec5-ecdc-4294-bfe9-719a6557722a,e199eae0-1bde-42f5-897a-ad4f86e590ad,5,2026,1,0,1,0,2,2,1,2026-05-16 01:13:53.217905+00,Brasil,E,1L,33.33,f
0a048bbb-f8da-4ac2-b2d3-c8aa6c1be304,964f7ec5-ecdc-4294-bfe9-719a6557722a,0a97506d-5a83-4910-b895-8f31ea371212,5,2026,1,0,1,0,1,1,1,2026-05-16 01:13:53.217905+00,Brasil,E,1L,40.00,f
3af6f416-8dc7-4f43-a9b1-63ccebe1bb74,964f7ec5-ecdc-4294-bfe9-719a6557722a,0d6fa166-0c2d-49d9-92f6-01946017e35a,5,2026,1,1,0,0,2,0,3,2026-05-16 01:13:53.217905+00,Brasil,V,2W,46.67,f
18bcc742-db5b-48dc-881b-ecd0c8f1d4ac,964f7ec5-ecdc-4294-bfe9-719a6557722a,df4b1896-5a30-42be-af60-8210457a4bec,5,2026,1,0,0,1,0,2,0,2026-05-16 01:13:53.217905+00,Brasil,D,3L,26.67,f
da1d6944-1588-4189-bc4c-ff445ea27be3,964f7ec5-ecdc-4294-bfe9-719a6557722a,13cdd14d-3aad-4c5a-be6b-2fce60ed7945,5,2026,1,0,0,1,0,1,0,2026-05-16 01:13:53.217905+00,Brasil,D,1D,26.67,f
4de26d6b-699c-4462-9704-8fa7d4c90399,964f7ec5-ecdc-4294-bfe9-719a6557722a,3c99b973-8fc3-443d-a7ed-e46fad52eaa4,5,2026,1,0,0,1,0,1,0,2026-05-16 01:13:53.217905+00,Brasil,D,5L,33.33,f
f02660b4-2351-4760-8cca-3f64e52cab8d,964f7ec5-ecdc-4294-bfe9-719a6557722a,74abeab9-8af1-4ae0-90f6-76d336fbea57,5,2026,1,0,1,0,1,1,1,2026-05-16 01:13:53.217905+00,Brasil,E,3W,40.00,f
4093ea7d-f8d7-4cb0-a4a8-599c95632005,964f7ec5-ecdc-4294-bfe9-719a6557722a,c3cbf38b-0028-4ef4-b83a-8da876c240dd,5,2026,1,0,0,1,0,2,0,2026-05-16 01:13:53.217905+00,Brasil,D,1W,40.00,f
aacf762a-838c-4b7e-bf08-3d967353f3cd,964f7ec5-ecdc-4294-bfe9-719a6557722a,efcb05a9-074b-48b6-924b-005f90703182,5,2026,1,1,0,0,2,0,3,2026-05-16 01:13:53.217905+00,Brasil,V,1D,46.67,f
de1ff565-38e1-40fe-bbc8-d4fe7bbed975,964f7ec5-ecdc-4294-bfe9-719a6557722a,771466c8-3e7a-4734-b118-f590ae941883,5,2026,1,0,1,0,1,1,1,2026-05-16 01:13:53.217905+00,Brasil,E,3L,40.00,f
0fdb60b3-dfd7-4322-b76e-fdb0671fd94c,964f7ec5-ecdc-4294-bfe9-719a6557722a,d9760b03-ea4e-4188-a00f-16399a7a1778,5,2026,1,1,0,0,1,0,3,2026-05-16 01:13:53.217905+00,Brasil,V,1W,53.33,f
fa810723-aafc-467c-9b1a-b579b1f433ba,964f7ec5-ecdc-4294-bfe9-719a6557722a,f1ae9e92-f3e6-4612-a88d-ccdd5d54f830,5,2026,1,1,0,0,1,0,3,2026-05-16 01:13:53.217905+00,Brasil,V,3W,46.67,f
08c684b4-ba7e-485e-8ee2-5c0b3c5c0980,964f7ec5-ecdc-4294-bfe9-719a6557722a,8702cb0c-3bd0-4181-988d-43bd447ae838,5,2026,1,1,0,0,2,0,3,2026-05-16 01:13:53.217905+00,Brasil,V,1W,53.33,f
a2e3b438-c9db-4a4e-b439-e615ed7c9ff0,964f7ec5-ecdc-4294-bfe9-719a6557722a,296e89c8-1734-4e6c-807a-aea7c2803e5e,5,2026,1,0,0,1,0,2,0,2026-05-16 01:13:53.217905+00,Brasil,D,5W,60.00,f
e25bd2ad-22f3-424d-a79a-bf33f49d3bc5,964f7ec5-ecdc-4294-bfe9-719a6557722a,4a15e59c-a634-4382-8f54-4e127e4df031,5,2026,1,0,1,0,1,1,1,2026-05-16 01:13:53.217905+00,Brasil,E,2L,46.67,f
53586beb-da26-49d3-9f8f-ef2ba86ead6e,964f7ec5-ecdc-4294-bfe9-719a6557722a,95a3685b-bb19-4170-82b3-100c41d045d7,5,2026,1,0,1,0,2,2,1,2026-05-16 01:13:53.217905+00,Brasil,E,3W,60.00,f
cde8b0de-e350-41df-94e5-714dc554e5fa,964f7ec5-ecdc-4294-bfe9-719a6557722a,aec474eb-19e0-4159-825a-d3370101b081,5,2026,1,1,0,0,2,0,3,2026-05-16 01:13:53.217905+00,Brasil,V,1L,40.00,f
cbc19583-073f-494d-ba8f-f19e318a5492,964f7ec5-ecdc-4294-bfe9-719a6557722a,f1e3f6ab-b0d8-4fb1-8b68-fca74117c62e,5,2026,1,1,0,0,2,0,3,2026-05-16 01:13:53.217905+00,Brasil,V,1D,46.67,f
d01233dd-542a-4d5e-83e8-fe84811b8d50,964f7ec5-ecdc-4294-bfe9-719a6557722a,87749fde-7a35-461f-820f-f9fd0322f648,5,2026,1,0,1,0,1,1,1,2026-05-16 01:13:53.217905+00,Brasil,E,2W,26.67,f
1c4acf5c-7200-40c9-b9e9-4b671d15250d,964f7ec5-ecdc-4294-bfe9-719a6557722a,e6eaa7fd-a26f-42bd-b19a-54208580d28b,5,2026,1,0,1,0,2,2,1,2026-05-16 01:13:53.217905+00,Brasil,E,1L,33.33,f
7ae01689-6b14-4ab2-acbb-72705d87f621,964f7ec5-ecdc-4294-bfe9-719a6557722a,b72734fd-b82c-4e72-a529-2362f5661ee8,5,2026,1,1,0,0,2,1,3,2026-05-16 01:13:53.217905+00,Brasil,V,1W,46.67,f
d46a1c2f-f7f0-43db-8db7-61816d16e846,964f7ec5-ecdc-4294-bfe9-719a6557722a,46f7030e-1125-4aa1-add0-ddc8e726a2c3,5,2026,4,2,0,2,4,4,6,2026-05-16 01:13:53.217905+00,Brasil,V,1L,53.33,f
abc0e2e7-d4fd-4150-a1ef-90e621dd2a7c,9aae628c-fe5d-4c4b-a20d-ac978d00b3a6,65f6f25d-50c3-4f55-9586-38fad043d7fd,5,2026,25,7,7,11,31,40,28,2026-05-16 01:13:43.588814+00,Brasil,DVDVD,1L,33.33,f
093947bb-1dfa-4d3b-8693-5ac94cf9703b,baaeea96-d1e0-4914-9255-8008a3059fb4,0ccdece7-ce65-4ac5-8ffd-e23c5774b942,5,2026,1,0,0,1,1,2,0,2026-05-27 15:34:26.134187+00,Espanha,D,-,0.00,f
2e5f4a12-a1cf-42d0-894b-fa8c0d830923,baaeea96-d1e0-4914-9255-8008a3059fb4,16256a5f-8060-42f5-9cef-a4960cb258c0,5,2026,1,1,0,0,2,1,3,2026-05-27 15:34:26.134187+00,Espanha,V,-,0.00,f
a723e886-4aa7-49ea-8252-65e74b0c7880,baaeea96-d1e0-4914-9255-8008a3059fb4,1eaf6c90-1618-45fa-a293-4508727d19c4,5,2026,1,0,0,1,1,2,0,2026-05-27 15:34:26.134187+00,Espanha,D,-,0.00,f
018a7737-7558-408c-a1e3-a0cae7ea6bca,baaeea96-d1e0-4914-9255-8008a3059fb4,6ea55511-7fd6-4aa4-8ff6-9177efb7d87a,5,2026,1,1,0,0,2,1,3,2026-05-27 15:34:26.134187+00,Espanha,V,-,0.00,f
41a21c95-5bf1-464e-b3c1-08d0401f2622,baaeea96-d1e0-4914-9255-8008a3059fb4,1a42a152-73a1-4555-9f7e-3c9e72a1ebb0,5,2026,1,1,0,0,2,0,3,2026-05-27 15:34:26.134187+00,Espanha,V,-,0.00,f
0c670404-e0af-4e93-8f55-a37156324d97,baaeea96-d1e0-4914-9255-8008a3059fb4,e48c8711-1e85-476c-988c-b56661a4a82d,5,2026,1,1,0,0,1,0,3,2026-05-27 15:34:26.134187+00,Espanha,V,-,0.00,f
dd85ae27-4bea-4681-8423-63eb8be3cf0c,baaeea96-d1e0-4914-9255-8008a3059fb4,100209e1-1054-42e2-9571-432498f11b2b,5,2026,1,1,0,0,2,1,3,2026-05-27 15:34:26.134187+00,Espanha,V,-,0.00,f
c8e0f761-0c2d-46ac-8dc8-7b3bb46a5a86,baaeea96-d1e0-4914-9255-8008a3059fb4,aca5d797-5635-44f6-833f-d263c51941c5,5,2026,1,0,0,1,0,1,0,2026-05-27 15:34:26.134187+00,Espanha,D,-,0.00,f
009d7d07-1401-46d0-bc0a-7206a9193b5c,baaeea96-d1e0-4914-9255-8008a3059fb4,e643bce4-78ea-455d-8246-eda8447ddba6,5,2026,1,0,0,1,1,2,0,2026-05-27 15:34:26.134187+00,Espanha,D,-,0.00,f
80dec0bc-f597-4b09-85f6-0d3d05e98abe,baaeea96-d1e0-4914-9255-8008a3059fb4,e3a21160-6daa-4a77-80fb-1259b7d33ca5,5,2026,0,0,0,0,0,0,0,2026-05-27 15:34:26.134187+00,Espanha,-----,-,0.00,f
93225daa-a49f-4872-a39a-9f172ab74ebd,baaeea96-d1e0-4914-9255-8008a3059fb4,57a32b9d-4cc2-4a98-b94e-0a0019f852ea,5,2026,1,1,0,0,2,1,3,2026-05-27 15:34:26.134187+00,Espanha,V,-,0.00,f
504b8f35-61e6-4e1a-8ae9-79f7694c9d16,baaeea96-d1e0-4914-9255-8008a3059fb4,4554a76d-86d0-4f1c-bb9a-14f215c6d9c4,5,2026,1,1,0,0,1,0,3,2026-05-27 15:34:26.134187+00,Espanha,V,-,0.00,f
932188de-8057-499d-9c9c-6509d3499f2b,baaeea96-d1e0-4914-9255-8008a3059fb4,0c111fef-ccec-48a0-b3d2-2d7ca39c9a3a,5,2026,1,0,0,1,1,2,0,2026-05-27 15:34:26.134187+00,Espanha,D,-,0.00,f
dbab009f-8e2b-4a45-bb3b-c68d91899a1e,baaeea96-d1e0-4914-9255-8008a3059fb4,06c02b73-e948-4139-b22d-bcde22ba1129,5,2026,1,0,0,1,0,1,0,2026-05-27 15:34:26.134187+00,Espanha,D,-,0.00,f
3707bb73-223d-4e1e-803c-dd13516cf079,baaeea96-d1e0-4914-9255-8008a3059fb4,2b8bc530-c6ac-451c-8d46-c940cf3ded86,5,2026,1,0,0,1,0,2,0,2026-05-27 15:34:26.134187+00,Espanha,D,-,0.00,f
29ce4996-fe6e-4f58-9199-f69a9fda6ad9,baaeea96-d1e0-4914-9255-8008a3059fb4,eb944823-cdfb-46b9-95e3-e39bb2c92d97,5,2026,4,0,4,0,0,0,4,2026-05-27 15:34:26.134187+00,Espanha,E,-,0.00,f
64304654-1a59-43f7-a838-a754563346a6,9aae628c-fe5d-4c4b-a20d-ac978d00b3a6,bbe1ba48-6aab-4392-afac-f74629937390,5,2026,25,10,5,10,30,28,35,2026-05-16 01:13:43.588814+00,Brasil,DVEDD,3L,26.67,f
228b2258-5e97-486a-acff-9a2b9897276a,9aae628c-fe5d-4c4b-a20d-ac978d00b3a6,7ad7bdce-336e-4b68-bcd0-18b9e911f919,5,2026,25,5,6,14,28,46,21,2026-05-16 01:13:43.588814+00,Brasil,EDDDD,1W,40.00,f
d9b74732-75f3-4025-aef1-db497dfb2d0d,9aae628c-fe5d-4c4b-a20d-ac978d00b3a6,a9771059-dbd0-4c33-8254-3aaf14885c9c,5,2026,25,14,3,8,33,26,45,2026-05-16 01:13:43.588814+00,Brasil,DVVVD,3W,60.00,f
c0daf376-566c-4df5-afa7-f1a429091edc,9aae628c-fe5d-4c4b-a20d-ac978d00b3a6,dba149bf-a1f1-43cc-af05-c455da75d115,5,2026,25,13,4,8,33,25,43,2026-05-16 01:13:43.588814+00,Brasil,VVDDE,3W,46.67,f
145ee0f5-ed23-4240-9e1b-a569499f572f,9aae628c-fe5d-4c4b-a20d-ac978d00b3a6,33ff8868-a9c5-4d72-9300-3a6dc0608c69,5,2026,27,8,8,11,30,35,32,2026-05-16 01:13:43.588814+00,Brasil,EDEVD,1L,60.00,f
f0921f61-2cb1-4b68-876f-bd697c485d71,9aae628c-fe5d-4c4b-a20d-ac978d00b3a6,50c4bd4b-340a-4121-8445-7cc900d7343f,5,2026,26,10,5,11,29,34,35,2026-05-16 01:13:43.588814+00,Brasil,VVDVV,1W,60.00,f
44987c61-52b0-4d96-a340-fa670d3db06b,bfb3dd23-0355-4393-a36d-a6fbe4b1859f,22f56f5e-c665-453e-9a39-3e8443b90780,5,2026,1,1,0,0,2,1,3,2026-05-16 01:13:55.578713+00,Brasil,V,1L,40.00,f
5d16f874-f6ef-4872-b87b-45470168607e,bfb3dd23-0355-4393-a36d-a6fbe4b1859f,67034e92-def7-407e-b914-d33f65078fd9,5,2026,1,1,0,0,2,1,3,2026-05-16 01:13:55.578713+00,Brasil,V,1L,40.00,f
237c2008-4981-43c4-913a-87ade3568ccd,bfb3dd23-0355-4393-a36d-a6fbe4b1859f,6813515c-9dbe-4199-ab18-d79bbc1373a5,5,2026,1,0,1,0,1,1,1,2026-05-16 01:13:55.578713+00,Brasil,E,1L,20.00,f
c2cf2086-4c8d-492c-bacc-a8e5b55bde01,bfb3dd23-0355-4393-a36d-a6fbe4b1859f,c33d8f52-d465-4541-b507-821be1c73a8b,5,2026,1,1,0,0,2,1,3,2026-05-16 01:13:55.578713+00,Brasil,V,2L,33.33,f
8fac576b-84f2-47e7-91b5-820c50e83ba6,bfb3dd23-0355-4393-a36d-a6fbe4b1859f,e9282584-632a-493a-b792-a3bb3989137d,5,2026,1,0,1,0,0,0,1,2026-05-16 01:13:55.578713+00,Brasil,E,1W,53.33,f
47ad9ded-e9ad-4a1c-80e8-1b4da946f4af,bfb3dd23-0355-4393-a36d-a6fbe4b1859f,65e3284e-812e-4f98-8ea3-66632d6120fe,5,2026,1,0,1,0,2,2,1,2026-05-16 01:13:55.578713+00,Brasil,E,3D,33.33,f
329a2145-9e8d-4572-8ff4-3c1332d28532,bfb3dd23-0355-4393-a36d-a6fbe4b1859f,538d8f7a-4207-4035-bdad-a944ec433f83,5,2026,1,0,1,0,0,0,1,2026-05-16 01:13:55.578713+00,Brasil,E,1L,6.67,f
3742e45d-23d3-4956-8020-4c3e5fd3c76c,bfb3dd23-0355-4393-a36d-a6fbe4b1859f,9640ce04-fa37-4a8a-9399-2c9c4ddf8383,5,2026,1,0,1,0,0,0,1,2026-05-16 01:13:55.578713+00,Brasil,E,2D,26.67,f
11d8fb9a-0e8d-4765-bb75-419753575dff,bfb3dd23-0355-4393-a36d-a6fbe4b1859f,5898682f-3f10-470c-b2dd-3139c4a5945c,5,2026,1,1,0,0,1,0,3,2026-05-16 01:13:55.578713+00,Brasil,V,2L,46.67,f
ff0ca9b3-dffa-4e11-b7f7-7ac430b0f002,bfb3dd23-0355-4393-a36d-a6fbe4b1859f,9fb014a9-2259-45a6-afa4-04a301741ab9,5,2026,1,1,0,0,2,1,3,2026-05-16 01:13:55.578713+00,Brasil,V,1D,13.33,f
664fcab5-3901-4c33-a439-e34516eb58cc,bfb3dd23-0355-4393-a36d-a6fbe4b1859f,ced75594-8106-4f32-a323-2ec8c283fd7f,5,2026,1,1,0,0,2,1,3,2026-05-16 01:13:55.578713+00,Brasil,V,1L,20.00,f
3f858c06-504d-4968-b1b3-7ebb9a4f0a61,bfb3dd23-0355-4393-a36d-a6fbe4b1859f,e1c97321-c2ec-4b1b-8852-6c238147007e,5,2026,1,0,1,0,2,2,1,2026-05-16 01:13:55.578713+00,Brasil,E,1D,33.33,f
23280bab-920d-4731-92ef-618e893e4559,bfb3dd23-0355-4393-a36d-a6fbe4b1859f,7770ea99-e76b-4ded-9eb0-c02257472aae,5,2026,1,0,1,0,2,2,1,2026-05-16 01:13:55.578713+00,Brasil,E,1L,13.33,f
e321e011-a75f-4d99-a098-2f4faa7292b5,bfb3dd23-0355-4393-a36d-a6fbe4b1859f,2fc248ea-f712-4538-ad21-b60346e6bbe8,5,2026,1,0,1,0,2,2,1,2026-05-16 01:13:55.578713+00,Brasil,E,1L,33.33,f
931d2d4a-3720-42a5-94d7-aa77902897af,bfb3dd23-0355-4393-a36d-a6fbe4b1859f,3142975b-2d1d-4dbd-9717-b54ec6881fee,5,2026,1,1,0,0,2,0,3,2026-05-16 01:13:55.578713+00,Brasil,V,1L,66.67,f
efe2e4bd-138f-47de-bf3a-c67942209c5a,bfb3dd23-0355-4393-a36d-a6fbe4b1859f,7858c6c7-b652-4b23-bfdb-caef3303bd4e,5,2026,1,0,1,0,1,1,1,2026-05-16 01:13:55.578713+00,Brasil,E,1W,46.67,f
8dd6e0cb-b70d-4da7-b531-ab47eb65f838,bfb3dd23-0355-4393-a36d-a6fbe4b1859f,c75283cd-1c8b-450a-a93c-e4aeda2fdc22,5,2026,1,0,0,1,0,2,0,2026-05-16 01:13:55.578713+00,Brasil,D,3W,53.33,f
e36d55b1-8660-455c-b66e-808eb5481523,bfb3dd23-0355-4393-a36d-a6fbe4b1859f,a1af0205-c082-4f9e-8a8a-ba3dc6acd46a,5,2026,1,0,1,0,0,0,1,2026-05-16 01:13:55.578713+00,Brasil,E,1L,26.67,f
adb4c432-bda2-47e4-97e7-7274b70e9293,bfb3dd23-0355-4393-a36d-a6fbe4b1859f,a7ab8c7e-460c-438c-9958-17392c1c57d3,5,2026,1,1,0,0,2,0,3,2026-05-16 01:13:55.578713+00,Brasil,V,1D,40.00,f
3e631815-9c4d-48a1-a3f9-10a2fa49a1d5,bfb3dd23-0355-4393-a36d-a6fbe4b1859f,4a862006-d528-480c-b74b-32c350d3fadd,5,2026,1,1,0,0,1,0,3,2026-05-16 01:13:55.578713+00,Brasil,V,1L,53.33,f
9461549b-fcd0-44eb-be71-d365413ff7b6,bfb3dd23-0355-4393-a36d-a6fbe4b1859f,66e84322-a789-400e-861f-66575797eb5f,5,2026,1,0,1,0,2,2,1,2026-05-16 01:13:55.578713+00,Brasil,E,1D,46.67,f
1b46b315-4c16-4878-8c08-702a84e8cfce,bfb3dd23-0355-4393-a36d-a6fbe4b1859f,fcf25e9f-d0af-4eb0-9edd-01b4dc729034,5,2026,1,0,0,1,0,1,0,2026-05-16 01:13:55.578713+00,Brasil,D,1W,40.00,f
dd2101de-4a41-4626-8854-7be409c843fa,bfb3dd23-0355-4393-a36d-a6fbe4b1859f,71bc5ee3-ea86-458a-9fd5-1678a0a40361,5,2026,1,1,0,0,2,0,3,2026-05-16 01:13:55.578713+00,Brasil,V,2W,40.00,f
f952dbdd-877c-439c-b53a-b909d5c15968,bfb3dd23-0355-4393-a36d-a6fbe4b1859f,3d54656f-24c8-45de-a4cb-601e66884389,5,2026,1,0,0,1,0,1,0,2026-05-16 01:13:55.578713+00,Brasil,D,1L,46.67,f
1a423324-e44e-43e5-a7c1-5b4ee6d91e6a,bfb3dd23-0355-4393-a36d-a6fbe4b1859f,7ef65de8-1ee9-4294-aa99-9ab2d218a2dd,5,2026,1,0,1,0,1,1,1,2026-05-16 01:13:55.578713+00,Brasil,E,1D,46.67,f
081f781b-7ed2-4c2f-bb69-8fa042caf5be,bfb3dd23-0355-4393-a36d-a6fbe4b1859f,7c265936-4558-470b-b08c-6322999dd57f,5,2026,1,1,0,0,2,0,3,2026-05-16 01:13:55.578713+00,Brasil,V,1D,33.33,f
5bdb0617-5d5b-445e-9d9a-b67c40a4c352,bfb3dd23-0355-4393-a36d-a6fbe4b1859f,f39dc063-d03c-4a00-b6c5-a09421100a94,5,2026,0,0,0,0,0,0,0,2026-05-16 01:13:55.578713+00,Brasil,-----,2D,26.67,f
b8cbdcb3-802b-4e1c-910c-6beab748eb84,bfb3dd23-0355-4393-a36d-a6fbe4b1859f,c36d8d1b-96bf-456f-962e-1ad1b14b22cf,5,2026,1,0,0,1,0,2,0,2026-05-16 01:13:55.578713+00,Brasil,D,1D,33.33,f
8c685cd7-52ce-4100-9ecc-0a738be46bff,bfb3dd23-0355-4393-a36d-a6fbe4b1859f,b70851e0-a45c-4248-b0af-03fb5c2ae665,5,2026,1,0,1,0,1,1,1,2026-05-16 01:13:55.578713+00,Brasil,E,1W,26.67,f
e5cbe823-565f-4718-ab5c-e6614b86581f,bfb3dd23-0355-4393-a36d-a6fbe4b1859f,ca3ec9cc-96eb-4345-9c0e-f8bf7e665e59,5,2026,1,1,0,0,1,0,3,2026-05-16 01:13:55.578713+00,Brasil,V,1L,20.00,f
48f6afd3-9079-48b2-81c9-32bcbc6f406c,bfb3dd23-0355-4393-a36d-a6fbe4b1859f,8aeb18df-a14f-4a6c-8c40-a48d0cc605de,5,2026,1,0,0,1,0,2,0,2026-05-16 01:13:55.578713+00,Brasil,D,3D,33.33,f
2ff03179-8d81-47b2-a734-572a55c2833e,bfb3dd23-0355-4393-a36d-a6fbe4b1859f,463568db-2822-4088-9118-10c997ebf7ad,5,2026,1,1,0,0,1,0,3,2026-05-16 01:13:55.578713+00,Brasil,V,2W,20.00,f
a63926a2-c748-40a7-9294-e777b553a0a5,bfb3dd23-0355-4393-a36d-a6fbe4b1859f,c0c01833-ca80-42a7-8bed-26b1e83490d3,5,2026,1,0,1,0,2,2,1,2026-05-16 01:13:55.578713+00,Brasil,E,2L,20.00,f
66061d26-2a03-4136-978a-12db23766947,bfb3dd23-0355-4393-a36d-a6fbe4b1859f,8c23bc1a-01cd-4d6f-ab8c-0498f95e486d,5,2026,1,0,0,1,0,1,0,2026-05-16 01:13:55.578713+00,Brasil,D,1W,40.00,f
5eda2239-16c8-4d1f-9a17-6e56bde36208,bfb3dd23-0355-4393-a36d-a6fbe4b1859f,c786b592-5f9f-4834-a778-60a2393ce1d6,5,2026,1,0,0,1,0,2,0,2026-05-16 01:13:55.578713+00,Brasil,D,1L,46.67,f
3c184828-60dd-4e57-924b-da6bef13195b,bfb3dd23-0355-4393-a36d-a6fbe4b1859f,ac6cb076-1f88-4c6a-b87c-ebf024cd0ea2,5,2026,1,0,1,0,0,0,1,2026-05-16 01:13:55.578713+00,Brasil,E,2W,40.00,f
2b592dab-c60e-43a6-957a-7171d21ca33d,bfb3dd23-0355-4393-a36d-a6fbe4b1859f,44ce6b18-76a3-47a2-bf84-2f56f7dd6b09,5,2026,1,1,0,0,2,0,3,2026-05-16 01:13:55.578713+00,Brasil,V,1W,46.67,f
6552cb20-4c09-4917-8c17-bb42df8d096f,bfb3dd23-0355-4393-a36d-a6fbe4b1859f,5e40a71c-d508-4f57-9247-b8feec2aeecd,5,2026,1,0,1,0,1,1,1,2026-05-16 01:13:55.578713+00,Brasil,E,1W,26.67,f
e9393158-0e8a-4e7f-b416-c1e54344cf73,bfb3dd23-0355-4393-a36d-a6fbe4b1859f,cb74d205-e5b8-4a71-b4f1-1ba50683bc87,5,2026,1,0,0,1,0,2,0,2026-05-16 01:13:55.578713+00,Brasil,D,5W,53.33,f
8e86e7f4-057c-4642-b6af-ef4019e9bdcd,bfb3dd23-0355-4393-a36d-a6fbe4b1859f,b7702fef-3227-49cb-a216-2a75b15e323d,5,2026,1,0,1,0,2,2,1,2026-05-16 01:13:55.578713+00,Brasil,E,2D,46.67,f
262372bc-c194-4857-8dcf-c524d8f3606d,bfb3dd23-0355-4393-a36d-a6fbe4b1859f,79f7f1a5-bd22-43ed-a7af-b5bbe02a679a,5,2026,1,0,1,0,2,2,1,2026-05-16 01:13:55.578713+00,Brasil,E,1L,33.33,f
e35f5029-7bad-4161-a0c1-a036612e1aa5,bfb3dd23-0355-4393-a36d-a6fbe4b1859f,1ba975e7-59cb-47fd-9e51-c51d7a4b3521,5,2026,1,0,1,0,2,2,1,2026-05-16 01:13:55.578713+00,Brasil,E,3D,33.33,f
e989373d-80c7-45bd-b4a4-6171934c78a6,bfb3dd23-0355-4393-a36d-a6fbe4b1859f,594630e7-6f47-4f79-a726-6fe450e4ea45,5,2026,1,0,0,1,1,2,0,2026-05-16 01:13:55.578713+00,Brasil,D,1D,40.00,f
ca58f3c0-ccb6-4301-a380-7ace0959f203,bfb3dd23-0355-4393-a36d-a6fbe4b1859f,f5a50f67-ba74-4d9c-8cf7-c6d2fef04972,5,2026,1,0,0,1,1,2,0,2026-05-16 01:13:55.578713+00,Brasil,D,2W,53.33,f
4b288a4d-bd66-4dff-9ba9-5df661f3d803,bfb3dd23-0355-4393-a36d-a6fbe4b1859f,dd398985-8443-45c6-a287-98c13d2f8b3c,5,2026,1,0,0,1,0,1,0,2026-05-16 01:13:55.578713+00,Brasil,D,1W,33.33,f
1b7ba99c-e509-44ee-88f1-065cede40120,bfb3dd23-0355-4393-a36d-a6fbe4b1859f,83e55f3f-3623-4bd9-8604-5fe7bd4f02cd,5,2026,1,0,1,0,0,0,1,2026-05-16 01:13:55.578713+00,Brasil,E,3L,40.00,f
96986176-7dba-4995-b534-e62c9cffc41e,bfb3dd23-0355-4393-a36d-a6fbe4b1859f,c35bd12d-aec9-4d2c-bc3e-eeaf04cca92e,5,2026,1,0,1,0,0,0,1,2026-05-16 01:13:55.578713+00,Brasil,E,2L,33.33,f
b4166341-4625-4737-84ce-3fdf6b928e59,bfb3dd23-0355-4393-a36d-a6fbe4b1859f,1704cbc2-682e-4a4e-81a1-a2ceb873b034,5,2026,1,0,1,0,2,2,1,2026-05-16 01:13:55.578713+00,Brasil,E,1L,26.67,f
7f773337-37d1-4dcd-b647-aa48fe45cb1b,bfb3dd23-0355-4393-a36d-a6fbe4b1859f,b5a11215-9622-4a6f-9e1c-2b9c3bd4274e,5,2026,1,0,1,0,0,0,1,2026-05-16 01:13:55.578713+00,Brasil,E,2D,26.67,f
d1e2ffe6-36b7-42af-ae68-fb6f4c4e823d,bfb3dd23-0355-4393-a36d-a6fbe4b1859f,c2da59be-3a03-4172-bbd9-55be2ce47568,5,2026,1,0,0,1,1,2,0,2026-05-16 01:13:55.578713+00,Brasil,D,4L,40.00,f
171b19cc-ee5a-4330-9eae-bb5fdaca43b0,bfb3dd23-0355-4393-a36d-a6fbe4b1859f,401bee32-219e-415b-b012-68c308ec2d97,5,2026,1,0,1,0,1,1,1,2026-05-16 01:13:55.578713+00,Brasil,E,1W,60.00,f
bca5d237-7c4d-4516-8edb-d7d3b3148b82,bfb3dd23-0355-4393-a36d-a6fbe4b1859f,b9b2678f-6409-422c-ac44-fe720327b43f,5,2026,1,0,0,1,1,2,0,2026-05-16 01:13:55.578713+00,Brasil,D,1D,33.33,f
0ec6ad5f-ff91-4a84-b6d7-6f42180dfca7,bfb3dd23-0355-4393-a36d-a6fbe4b1859f,a3442ae3-9d2c-4df1-a417-c3c7261c93e0,5,2026,1,0,0,1,1,2,0,2026-05-16 01:13:55.578713+00,Brasil,D,2W,46.67,f
93fa3922-afbf-4e9f-a5c7-06d439ec98b2,bfb3dd23-0355-4393-a36d-a6fbe4b1859f,be3d4f4b-af26-4bcb-a367-ab1f051c16ab,5,2026,1,0,1,0,0,0,1,2026-05-16 01:13:55.578713+00,Brasil,E,1D,26.67,f
c1fa8ff5-44f0-4c59-8773-7aedc5309ab6,bfb3dd23-0355-4393-a36d-a6fbe4b1859f,ec8f2d28-5226-49e5-8d13-2cb9a7db7d6e,5,2026,1,1,0,0,2,1,3,2026-05-16 01:13:55.578713+00,Brasil,V,1D,53.33,f
75d38bab-e992-47d2-92e8-b03383c69a18,bfb3dd23-0355-4393-a36d-a6fbe4b1859f,d9ec0992-1e6a-465a-abbe-0f8b3d7a77fc,5,2026,1,0,0,1,0,1,0,2026-05-16 01:13:55.578713+00,Brasil,D,2W,40.00,f
658ff3d4-0862-4045-a914-fef7c3737212,bfb3dd23-0355-4393-a36d-a6fbe4b1859f,6eeec439-cbc2-46d9-8d1f-77afb3a1bc13,5,2026,1,1,0,0,2,0,3,2026-05-16 01:13:55.578713+00,Brasil,V,2W,33.33,f
08ca94ff-2dd6-470b-910e-6395385768d6,bfb3dd23-0355-4393-a36d-a6fbe4b1859f,7413ba4c-6e92-4603-b5ed-abcf2a89a0aa,5,2026,1,1,0,0,2,0,3,2026-05-16 01:13:55.578713+00,Brasil,V,1L,46.67,f
85bdf2ec-a3c2-487d-812d-cebdcb6e7ab4,bfb3dd23-0355-4393-a36d-a6fbe4b1859f,22cf3671-c91e-4367-bd91-2527a7f00f60,5,2026,1,1,0,0,2,0,3,2026-05-16 01:13:55.578713+00,Brasil,V,1W,40.00,f
c9fe67f8-6c48-4c74-b796-46550dd127b0,bfb3dd23-0355-4393-a36d-a6fbe4b1859f,2a042f6e-15bd-4b67-9aef-5bbcc06d614e,5,2026,1,0,1,0,2,2,1,2026-05-16 01:13:55.578713+00,Brasil,E,1L,20.00,f
a8874cae-c9c6-4f41-9d5b-3a8775cb1363,bfb3dd23-0355-4393-a36d-a6fbe4b1859f,a6bf5b14-31e1-4370-a4fd-53e1c9d41b6c,5,2026,1,0,1,0,2,2,1,2026-05-16 01:13:55.578713+00,Brasil,E,1W,40.00,f
66f80520-b830-43c1-b13f-9d2b8603cd10,bfb3dd23-0355-4393-a36d-a6fbe4b1859f,4bd7b28c-f155-4375-8eff-60ad2af129fe,5,2026,1,1,0,0,2,0,3,2026-05-16 01:13:55.578713+00,Brasil,V,1D,46.67,f
6b7dd1f5-33ea-4892-8643-66acf07f505b,bfb3dd23-0355-4393-a36d-a6fbe4b1859f,357e9411-6d82-4c03-979c-6bc5a785d0ba,5,2026,1,1,0,0,1,0,3,2026-05-16 01:13:55.578713+00,Brasil,V,1W,33.33,f
39132fa2-7b65-4aba-a764-a4fd059d1926,bfb3dd23-0355-4393-a36d-a6fbe4b1859f,95fdb9c5-8897-4ec5-ae83-bf83b8d221ce,5,2026,1,0,1,0,1,1,1,2026-05-16 01:13:55.578713+00,Brasil,E,4L,46.67,f
cd3f1861-8ae1-4c7b-b30c-e82f750de399,bfb3dd23-0355-4393-a36d-a6fbe4b1859f,bbef1f2b-51e2-4021-bf59-fa791dc7ddad,5,2026,1,0,1,0,1,1,1,2026-05-16 01:13:55.578713+00,Brasil,E,2L,13.33,f
3286d7a6-f579-4ab5-b540-e5a73d9d5bd6,bfb3dd23-0355-4393-a36d-a6fbe4b1859f,23ae8e59-326f-431e-bea9-cc254645c815,5,2026,1,0,1,0,2,2,1,2026-05-16 01:13:55.578713+00,Brasil,E,2W,66.67,f
e30e39d3-0973-492b-af61-694072e813b1,bfb3dd23-0355-4393-a36d-a6fbe4b1859f,522cebb2-9d70-46a1-8e5b-e81b2440830f,5,2026,1,0,1,0,2,2,1,2026-05-16 01:13:55.578713+00,Brasil,E,1W,46.67,f
5c1160da-e1ec-4ac3-9428-4b9cec0b5225,bfb3dd23-0355-4393-a36d-a6fbe4b1859f,4013c2ae-8838-47cf-8d5e-ad428e4b312c,5,2026,1,0,1,0,1,1,1,2026-05-16 01:13:55.578713+00,Brasil,E,1W,33.33,f
610df4c6-e6aa-4949-8fb8-b4a80567b6c8,bfb3dd23-0355-4393-a36d-a6fbe4b1859f,cbfa8a62-532a-4b54-b97e-7582ec076ce7,5,2026,1,0,1,0,1,1,1,2026-05-16 01:13:55.578713+00,Brasil,E,1D,33.33,f
dbc41d42-de1e-4879-a673-3d6ec2769c4e,bfb3dd23-0355-4393-a36d-a6fbe4b1859f,510780dc-27f7-493e-9c14-a163eb962931,5,2026,1,0,0,1,0,1,0,2026-05-16 01:13:55.578713+00,Brasil,D,1L,33.33,f
367b67c4-e5fe-4849-a99c-2e24ea2d36bf,bfb3dd23-0355-4393-a36d-a6fbe4b1859f,6f8be13c-ec5d-4074-ae5a-15d81ee71370,5,2026,1,0,0,1,0,2,0,2026-05-16 01:13:55.578713+00,Brasil,D,1L,26.67,f
d184b467-ec45-422b-ab26-25256622d36c,bfb3dd23-0355-4393-a36d-a6fbe4b1859f,e0602da8-8880-44e7-9c96-cb7745a5ae1a,5,2026,1,0,1,0,2,2,1,2026-05-16 01:13:55.578713+00,Brasil,E,1D,26.67,f
09cd9371-a391-46a7-91a2-43aeacfe9990,bfb3dd23-0355-4393-a36d-a6fbe4b1859f,b1eeb1b9-ce02-4676-be1e-0248f23da5e9,5,2026,1,0,1,0,2,2,1,2026-05-16 01:13:55.578713+00,Brasil,E,1L,33.33,f
37d6c82e-f6e1-4b83-9f99-d88631749bba,bfb3dd23-0355-4393-a36d-a6fbe4b1859f,b02623a9-d9a7-4664-ace6-5282873f131d,5,2026,1,0,0,1,0,2,0,2026-05-16 01:13:55.578713+00,Brasil,D,1W,26.67,f
cd111444-ab62-4a5f-8f8d-ccdfd59632f0,bfb3dd23-0355-4393-a36d-a6fbe4b1859f,8de6a82f-5857-4236-839a-30d344e66787,5,2026,1,0,0,1,0,2,0,2026-05-16 01:13:55.578713+00,Brasil,D,1W,26.67,f
9e738d81-d5a7-4976-a9af-dbe9417f29df,bfb3dd23-0355-4393-a36d-a6fbe4b1859f,917b5584-a8cc-4763-aa12-8b47f900413d,5,2026,1,0,0,1,0,2,0,2026-05-16 01:13:55.578713+00,Brasil,D,1L,66.67,f
43274442-295e-48b2-b49a-677954943bea,bfb3dd23-0355-4393-a36d-a6fbe4b1859f,4b1ffc48-8d60-4016-b4af-e3d1c1b4aac6,5,2026,1,1,0,0,1,0,3,2026-05-16 01:13:55.578713+00,Brasil,V,2W,20.00,f
8fb15dd5-b2fd-4ecc-87f8-4ae6f7d26897,bfb3dd23-0355-4393-a36d-a6fbe4b1859f,920cb1e7-4b20-4ddf-bb85-bc6691f8d1ac,5,2026,1,0,0,1,1,2,0,2026-05-16 01:13:55.578713+00,Brasil,D,1D,40.00,f
fe238b7f-fd7d-4af0-ae0f-381a88fe1e41,bfb3dd23-0355-4393-a36d-a6fbe4b1859f,7bca6ac6-2882-4ad1-8199-1ef62d30d04a,5,2026,1,0,1,0,0,0,1,2026-05-16 01:13:55.578713+00,Brasil,E,4W,80.00,f
2a1e6078-a137-426c-a188-e8da8e5e6462,bfb3dd23-0355-4393-a36d-a6fbe4b1859f,9b599e81-54db-4e7b-9b5b-567e2baa4559,5,2026,4,0,4,0,0,0,4,2026-05-16 01:13:55.578713+00,Brasil,E,1W,53.33,f
11f93807-7a91-41a7-b0c5-051e4414aa9b,9aae628c-fe5d-4c4b-a20d-ac978d00b3a6,bddac3a2-4334-45e8-9cd5-8bfcee924f53,5,2026,25,4,6,15,21,40,18,2026-05-16 01:13:43.588814+00,Brasil,EDEDD,1L,40.00,f
7c67a4bb-a240-4c04-9056-269540ce41c3,9aae628c-fe5d-4c4b-a20d-ac978d00b3a6,77c07339-55b5-46a3-bbd7-1370625a6cf3,5,2026,25,11,6,8,34,30,39,2026-05-16 01:13:43.588814+00,Brasil,VEEDD,3L,20.00,f
9fdda212-7461-446e-a11d-bd7cdba5a642,9aae628c-fe5d-4c4b-a20d-ac978d00b3a6,77c1be40-ee9f-4f42-8586-8c673d7de96e,5,2026,25,3,8,14,19,38,17,2026-05-16 01:13:43.588814+00,Brasil,DDDED,2W,53.33,f
20cc9029-088a-4ad8-8815-bfe3e4a6f590,9aae628c-fe5d-4c4b-a20d-ac978d00b3a6,38dd072c-fd87-4bb7-aad3-f21218cacc7f,5,2026,25,6,9,10,24,30,27,2026-05-16 01:13:43.588814+00,Brasil,EEEDV,3L,20.00,f
241855ce-a058-46f9-b797-1fea49e401c3,9aae628c-fe5d-4c4b-a20d-ac978d00b3a6,237f1cc6-a446-4ee0-a66f-2b751b60a89a,5,2026,25,12,6,7,40,28,42,2026-05-16 01:13:43.588814+00,Brasil,EVDVD,2W,46.67,f
f617721f-5759-42a7-9221-f47ddb3e1152,9aae628c-fe5d-4c4b-a20d-ac978d00b3a6,a36e75c7-b78c-4244-a2f6-c954543cb4f7,5,2026,25,9,5,11,30,33,32,2026-05-16 01:13:43.588814+00,Brasil,DDDDD,2D,33.33,f
37326ca1-99f8-41c8-bab8-1ff9dd99f7e2,9aae628c-fe5d-4c4b-a20d-ac978d00b3a6,bf87d9e5-a845-4fae-bbe9-167ec1788d91,5,2026,25,9,6,10,29,29,33,2026-05-16 01:13:43.588814+00,Brasil,VEEED,2W,53.33,f
34d8e9a0-9306-4d41-b8d3-909b1d23f75c,9aae628c-fe5d-4c4b-a20d-ac978d00b3a6,bb500ff3-7022-41b9-99ee-4474ed493b18,5,2026,25,9,3,13,30,36,30,2026-05-16 01:13:43.588814+00,Brasil,VDDEV,1D,33.33,f
dd49d5a0-0b06-4f3b-8388-fb001b89c88c,9aae628c-fe5d-4c4b-a20d-ac978d00b3a6,5be26380-e0f8-41a2-a0f3-f69c6e3db57f,5,2026,25,9,7,9,28,28,34,2026-05-16 01:13:43.588814+00,Brasil,EVEDD,1W,53.33,f
029f4d57-afba-4024-9523-1c7ea919d783,9aae628c-fe5d-4c4b-a20d-ac978d00b3a6,6eb1798e-59d7-4c98-9d08-722e1abc2993,5,2026,25,9,5,11,27,30,32,2026-05-16 01:13:43.588814+00,Brasil,DEDDE,2L,20.00,f
4a1e09d7-e9de-45d0-bf29-3273f4ab5b1e,9aae628c-fe5d-4c4b-a20d-ac978d00b3a6,06487a77-e3fe-4f2f-b318-92b4c19193a8,5,2026,25,8,9,8,22,23,33,2026-05-16 01:13:43.588814+00,Brasil,DDDDD,2L,20.00,f
1f2e6301-1341-440e-bfe8-32968e86d2cb,9aae628c-fe5d-4c4b-a20d-ac978d00b3a6,4d9d6565-995d-43b0-9cd3-210ec10e198e,5,2026,25,14,8,3,38,21,50,2026-05-16 01:13:43.588814+00,Brasil,DVEVE,2D,40.00,f
2c9e903f-f7ae-4bdc-8a02-bb50b78c18fe,9aae628c-fe5d-4c4b-a20d-ac978d00b3a6,ec80af92-4794-4554-9053-4869298174c6,5,2026,27,10,3,14,29,36,33,2026-05-16 01:13:43.588814+00,Brasil,DVVDV,1W,40.00,f
dc01a048-7d76-4281-952d-7655fc9e4727,9aae628c-fe5d-4c4b-a20d-ac978d00b3a6,36baa1ef-e950-44f9-b0e4-aeb5bc1bfb2a,5,2026,26,6,6,14,25,40,24,2026-05-16 01:13:43.588814+00,Brasil,VDEDE,2W,53.33,f
0bd88feb-3d1e-4b3a-b079-15c2cca5e9e9,9aae628c-fe5d-4c4b-a20d-ac978d00b3a6,726211bb-01c9-4c66-bc99-21266f7e0e28,5,2026,26,1,10,15,22,50,13,2026-05-16 01:13:43.588814+00,Brasil,DEVDE,1L,33.33,f
bef9f4c6-fa48-4209-83d2-cfbae7834d87,9aae628c-fe5d-4c4b-a20d-ac978d00b3a6,53a2c5c0-a501-485a-b2d7-7d209fe4a7f1,5,2026,26,6,7,13,27,40,25,2026-05-16 01:13:43.588814+00,Brasil,DVDEV,1D,46.67,f
c4ee7e64-59b3-47e0-abc2-9a48e6b7b4d8,9aae628c-fe5d-4c4b-a20d-ac978d00b3a6,c05dc09f-5817-47b5-9050-94372983cfbe,5,2026,26,8,5,13,35,41,29,2026-05-16 01:13:43.588814+00,Brasil,EVEVV,2D,40.00,f
9122d7bc-b218-46d4-91f1-df2774b5fdfd,9aae628c-fe5d-4c4b-a20d-ac978d00b3a6,5d8606ac-4c37-4a2b-8c05-11cd052f3e66,5,2026,25,9,7,9,35,30,34,2026-05-16 01:13:43.588814+00,Brasil,EEDED,1W,33.33,f
bb0da01f-58fe-4c1d-980f-f2ba360cfdd2,9aae628c-fe5d-4c4b-a20d-ac978d00b3a6,2c8df76c-a28d-4753-b794-9bb1b5a7f162,5,2026,25,12,7,6,32,27,43,2026-05-16 01:13:43.588814+00,Brasil,VEDEV,1D,26.67,f
48a439f4-be00-4d14-96dd-e766c195ff05,9aae628c-fe5d-4c4b-a20d-ac978d00b3a6,ad703211-2cf4-4146-9945-1183a37ad515,5,2026,25,11,6,8,28,25,39,2026-05-16 01:13:43.588814+00,Brasil,EDDEV,1D,13.33,f
806284aa-4448-4013-8d10-f78b4189ef11,9aae628c-fe5d-4c4b-a20d-ac978d00b3a6,d15a1705-2a36-46a8-aec8-8913c3919e58,5,2026,25,12,5,8,27,21,41,2026-05-16 01:13:43.588814+00,Brasil,VVDDD,1L,26.67,f
7a23aeec-0eda-48b4-9bdf-5354a85b9110,9aae628c-fe5d-4c4b-a20d-ac978d00b3a6,8d70275e-8328-4b91-a62a-bc43b77f67b6,5,2026,25,6,8,11,30,33,26,2026-05-16 01:13:43.588814+00,Brasil,EDEVD,3L,26.67,f
367c01f5-df96-4765-a521-f37c5375b971,9aae628c-fe5d-4c4b-a20d-ac978d00b3a6,11df1949-ea85-4eeb-b986-eff923672557,5,2026,25,13,4,8,39,22,43,2026-05-16 01:13:43.588814+00,Brasil,DVEEV,1W,66.67,f
1f05c467-69f0-4465-993b-57c105f79987,9aae628c-fe5d-4c4b-a20d-ac978d00b3a6,773f8368-4f9b-4371-8bdc-ccab5255e128,5,2026,25,12,11,2,38,23,47,2026-05-16 01:13:43.588814+00,Brasil,VVEVE,1D,40.00,f
3b4da68b-57e2-41a7-a860-fa4e93ea0708,9aae628c-fe5d-4c4b-a20d-ac978d00b3a6,a756525a-3319-47f9-a75c-8c690e600108,5,2026,26,12,7,7,38,27,43,2026-05-16 01:13:43.588814+00,Brasil,EVVDV,5L,13.33,f
d3969cbf-24c4-4258-8db0-dab39f355622,9aae628c-fe5d-4c4b-a20d-ac978d00b3a6,d41ad6dd-04e9-4f5e-a0a5-0f8e78122df2,5,2026,26,11,7,8,39,31,40,2026-05-16 01:13:43.588814+00,Brasil,DEVEV,1W,20.00,f
3e76fd1e-f210-4ded-9ea9-a781b162e0c5,9aae628c-fe5d-4c4b-a20d-ac978d00b3a6,d4d9801e-2c33-4f46-a3b9-11823afe3c52,5,2026,26,12,6,8,36,29,42,2026-05-16 01:13:43.588814+00,Brasil,EEDVE,1W,46.67,f
26a25e47-3ef5-4464-9c5c-593ccf0d1ab6,9aae628c-fe5d-4c4b-a20d-ac978d00b3a6,802bebc4-4a2d-4e1b-92be-d897404d91a2,5,2026,26,13,5,8,32,26,44,2026-05-16 01:13:43.588814+00,Brasil,DDEDV,4L,13.33,f
ce7ecea3-ba5d-421d-83da-460bdfb0d92b,9aae628c-fe5d-4c4b-a20d-ac978d00b3a6,ad9105d8-6b80-4bf5-b606-9f751ccbc673,5,2026,26,10,8,8,25,22,38,2026-05-16 01:13:43.588814+00,Brasil,EDVDE,1W,20.00,f
a0d7c837-e47b-4dae-8886-26b934a31902,9aae628c-fe5d-4c4b-a20d-ac978d00b3a6,949d2c89-7233-4568-93ca-d9c731422caf,5,2026,26,13,7,6,36,22,46,2026-05-16 01:13:43.588814+00,Brasil,DEVVV,1W,33.33,f
4390b8ef-864f-4743-8f66-d1a72dc3bc93,9aae628c-fe5d-4c4b-a20d-ac978d00b3a6,1af5786a-f297-4d43-8bb2-e7e016fbf81a,5,2026,26,14,5,7,41,26,47,2026-05-16 01:13:43.588814+00,Brasil,VVEVV,1D,46.67,f
f7b55923-b17e-4c07-a9f1-724ccdb3d447,9aae628c-fe5d-4c4b-a20d-ac978d00b3a6,60410f7e-3f3a-405e-a814-fc3db81afa52,5,2026,26,11,5,10,34,31,38,2026-05-16 01:13:43.588814+00,Brasil,DDVVV,1L,53.33,f
769390be-f071-4141-b8c1-ae735e6f4789,9aae628c-fe5d-4c4b-a20d-ac978d00b3a6,b8ad696a-a426-49c2-bdc8-b01793b4210c,5,2026,26,15,8,3,37,21,53,2026-05-16 01:13:43.588814+00,Brasil,VDVVV,4L,20.00,f
f977fc52-971e-44a7-8dec-418455ae355d,9aae628c-fe5d-4c4b-a20d-ac978d00b3a6,872cf372-7e96-4aee-a2ba-f694f257a0a7,5,2026,26,9,9,8,33,30,36,2026-05-16 01:13:43.588814+00,Brasil,EVVVD,1W,46.67,f
659ace53-91af-4211-abf6-cc30c3f13f39,9aae628c-fe5d-4c4b-a20d-ac978d00b3a6,67b44376-00d2-46c6-bba2-27560ee476be,5,2026,26,15,8,3,37,19,53,2026-05-16 01:13:43.588814+00,Brasil,VEEDV,1D,33.33,f
d15a58bf-f44a-4752-94f9-c07c801ba22b,9aae628c-fe5d-4c4b-a20d-ac978d00b3a6,ae542d6a-cde6-4951-a156-62a013f9712c,5,2026,26,11,12,3,39,28,45,2026-05-16 01:13:43.588814+00,Brasil,VVEEV,1L,26.67,f
b0059a04-7c1a-44cb-8a87-8b098fba2d7c,9aae628c-fe5d-4c4b-a20d-ac978d00b3a6,78c5a96a-0ef8-43c4-b5d6-cd7fc0d74f66,5,2026,26,13,7,6,42,24,46,2026-05-16 01:13:43.588814+00,Brasil,VDVEV,2L,40.00,f
7ae9dc47-a224-41d9-a4dc-03a61347f78e,9aae628c-fe5d-4c4b-a20d-ac978d00b3a6,23741cad-693f-4b23-be85-11a8750a20a7,5,2026,26,12,6,8,38,33,42,2026-05-16 01:13:43.588814+00,Brasil,EDVVV,1W,40.00,f
570c1424-6823-4dd2-964a-30e749e068c6,9aae628c-fe5d-4c4b-a20d-ac978d00b3a6,d2a1744a-8377-443f-8c37-1f68bbb2c4da,5,2026,27,14,8,5,52,31,50,2026-05-16 01:13:43.588814+00,Brasil,EDVVD,1L,20.00,f
36f02fb8-c3c6-4d25-b36b-131af580870c,9aae628c-fe5d-4c4b-a20d-ac978d00b3a6,aa2c3270-5656-4939-be3d-96e080b9fd21,5,2026,27,14,4,9,44,33,46,2026-05-16 01:13:43.588814+00,Brasil,VVVVE,1W,26.67,f
7b179424-7d07-42a9-97d6-1c74d7c8b42a,9aae628c-fe5d-4c4b-a20d-ac978d00b3a6,0be6c81e-1451-48fe-8471-1f39678612ce,5,2026,27,15,7,5,46,32,52,2026-05-16 01:13:43.588814+00,Brasil,VVEVD,1L,33.33,f
e6ce4516-f7f7-4ba8-88c6-a8df8344de9e,9aae628c-fe5d-4c4b-a20d-ac978d00b3a6,f3f8ec4f-9900-42ab-93a3-f8f54cea374a,5,2026,27,13,4,10,42,34,43,2026-05-16 01:13:43.588814+00,Brasil,DVEVD,5W,60.00,f
be9230f9-6993-4c14-99dd-257d219d21f0,9aae628c-fe5d-4c4b-a20d-ac978d00b3a6,86e75d5d-31fd-483a-8c1e-3a4e0262a43e,5,2026,27,14,8,5,42,26,50,2026-05-16 01:13:43.588814+00,Brasil,VEEDD,3L,20.00,f
dbb8ac56-7223-48be-875d-0c068df659ca,9aae628c-fe5d-4c4b-a20d-ac978d00b3a6,d01330f7-9f01-4a98-a0ff-774f829f130f,5,2026,27,9,13,5,26,23,40,2026-05-16 01:13:43.588814+00,Brasil,EVEEE,1L,26.67,f
703d0958-6742-4f81-9c1a-f4904bb6d0e3,9aae628c-fe5d-4c4b-a20d-ac978d00b3a6,2af76dab-0f3b-4888-b45a-d82d2ead94b7,5,2026,27,11,8,8,39,35,41,2026-05-16 01:13:43.588814+00,Brasil,DEEDE,3W,73.33,f
361eea0c-ff4b-494f-861f-68091c5aa0a2,9aae628c-fe5d-4c4b-a20d-ac978d00b3a6,621b10fa-abcb-4afd-a9d9-22abe36cdb32,5,2026,27,9,8,10,29,27,35,2026-05-16 01:13:43.588814+00,Brasil,EDVVV,1L,33.33,f
df299c63-bfec-41c4-be88-1254e74f4609,9aae628c-fe5d-4c4b-a20d-ac978d00b3a6,6ad8ca44-353e-49bc-8c86-92611c3eb000,5,2026,27,13,7,7,41,30,46,2026-05-16 01:13:43.588814+00,Brasil,EDVEV,2W,40.00,f
715f6306-21eb-4e90-83ae-057bc0147474,9aae628c-fe5d-4c4b-a20d-ac978d00b3a6,8224e9ed-b09e-445e-b398-67d64f780b01,5,2026,27,12,8,7,41,34,44,2026-05-16 01:13:43.588814+00,Brasil,EDDVV,2L,33.33,f
e7ee8a85-3fef-4131-9f36-8782d2601d7c,9aae628c-fe5d-4c4b-a20d-ac978d00b3a6,1945cd3c-6ca2-4218-af62-3ac6e4173ec4,5,2026,27,11,10,6,37,31,43,2026-05-16 01:13:43.588814+00,Brasil,VEVDE,1L,46.67,f
3b17653e-9f39-4557-939f-320ce26e9b74,9aae628c-fe5d-4c4b-a20d-ac978d00b3a6,aff747c7-1fa9-4aa2-8f34-1c899d7201a0,5,2026,27,7,6,14,30,39,27,2026-05-16 01:13:43.588814+00,Brasil,DEVVV,2D,20.00,f
b055f591-524d-44db-ab8d-af6ce975a0f6,9aae628c-fe5d-4c4b-a20d-ac978d00b3a6,a75abdce-f606-4a11-be06-eca5e97ba547,5,2026,27,14,8,5,40,19,50,2026-05-16 01:13:43.588814+00,Brasil,VVVEV,1W,33.33,f
67b008bd-eec0-4682-a3ab-b9c398b93400,9aae628c-fe5d-4c4b-a20d-ac978d00b3a6,dea22a0f-f51f-4941-924e-af6a8c046ca0,5,2026,27,11,7,9,37,33,40,2026-05-16 01:13:43.588814+00,Brasil,VVEDE,2W,33.33,f
59e020a4-cb39-406a-9dfa-750acb79a138,9aae628c-fe5d-4c4b-a20d-ac978d00b3a6,8067d333-90ca-4c37-83a3-070d01d19f9c,5,2026,27,10,7,10,31,29,37,2026-05-16 01:13:43.588814+00,Brasil,VVEDE,1L,40.00,f
99cac269-d089-4aac-a078-f4434f9ca3e6,9aae628c-fe5d-4c4b-a20d-ac978d00b3a6,f798ddf3-cc7e-4192-bf39-ba02037de636,5,2026,27,9,6,12,28,37,33,2026-05-16 01:13:43.588814+00,Brasil,DDDVV,1L,53.33,f
531fa539-0e1b-4fe7-873d-55f8df696433,9aae628c-fe5d-4c4b-a20d-ac978d00b3a6,0ba1e022-1272-40f8-9c21-eb2c763026c0,5,2026,27,10,3,14,33,40,33,2026-05-16 01:13:43.588814+00,Brasil,DVDEV,1W,53.33,f
776861ba-e347-412c-a76f-a820cfe7192d,9aae628c-fe5d-4c4b-a20d-ac978d00b3a6,265f5197-ea45-4b9e-bd1a-4a7e2c6113bb,5,2026,27,8,8,11,26,32,32,2026-05-16 01:13:43.588814+00,Brasil,DVEED,2L,26.67,f
58d9b31c-bb91-40ab-852f-b4563986b5c4,9aae628c-fe5d-4c4b-a20d-ac978d00b3a6,ac71c79d-3be2-4d92-8033-1b27e9536f0b,5,2026,27,10,5,12,34,37,35,2026-05-16 01:13:43.588814+00,Brasil,VVDVV,1D,33.33,f
724b17d5-a286-4bc9-b77c-3545e30ece56,9aae628c-fe5d-4c4b-a20d-ac978d00b3a6,0dab71fa-a315-4ee7-bede-923510a32054,5,2026,27,7,7,13,33,40,28,2026-05-16 01:13:43.588814+00,Brasil,DVDVV,1L,46.67,f
b73983b9-ffad-459b-a891-be5b764b94b4,9aae628c-fe5d-4c4b-a20d-ac978d00b3a6,e98b5ea8-9546-4923-8a11-6dc53872fe88,5,2026,27,10,6,11,30,31,36,2026-05-16 01:13:43.588814+00,Brasil,VVDVD,2L,33.33,f
293e6348-77c0-484f-b61c-a6662f187499,9aae628c-fe5d-4c4b-a20d-ac978d00b3a6,566a8525-eac0-42ca-ab46-cc19b5a5d1f2,5,2026,27,7,5,15,30,41,26,2026-05-16 01:13:43.588814+00,Brasil,EVVDD,1D,53.33,f
d955d3d8-5550-4745-9e58-3b7ece0343c2,9aae628c-fe5d-4c4b-a20d-ac978d00b3a6,d1ee42b8-e3a8-45e5-97e6-308c4e6b4823,5,2026,27,12,8,7,34,28,44,2026-05-16 01:13:43.588814+00,Brasil,EDVEE,1W,33.33,f
35b2da2f-6067-4603-b78f-ec1e8afb9555,9aae628c-fe5d-4c4b-a20d-ac978d00b3a6,409cb3d6-d48d-413c-bd85-b1145e7ead4e,5,2026,26,6,5,15,26,47,23,2026-05-16 01:13:43.588814+00,Brasil,DDVVD,2W,40.00,f
39edde9d-d2d7-43bb-b0be-ac54443fb9a2,9aae628c-fe5d-4c4b-a20d-ac978d00b3a6,ae45200c-edce-4896-a633-0fd29ff3e5d3,5,2026,26,7,7,12,28,38,28,2026-05-16 01:13:43.588814+00,Brasil,VDVVD,2D,33.33,f
1971ae99-922d-4918-b0c7-89b1469d453f,9aae628c-fe5d-4c4b-a20d-ac978d00b3a6,46b3f112-3cc5-44de-9d28-73d085189197,5,2026,26,10,5,11,32,33,35,2026-05-16 01:13:43.588814+00,Brasil,DDEEE,3W,46.67,f
0ccc12b8-c916-4083-920c-492de493ee24,9aae628c-fe5d-4c4b-a20d-ac978d00b3a6,5ac3cc0f-d628-4a5d-803e-4896e0d81d89,5,2026,26,6,5,15,26,42,23,2026-05-16 01:13:43.588814+00,Brasil,VVEDV,3W,40.00,f
65644453-f0fe-4cf9-bce8-d0cfb2e09828,9aae628c-fe5d-4c4b-a20d-ac978d00b3a6,3c43da40-8301-4ae8-aa3c-86c69b5ec35f,5,2026,26,6,6,14,32,41,24,2026-05-16 01:13:43.588814+00,Brasil,VDDVD,2L,60.00,f
ded04c4b-e393-4db7-b768-f7cafd03deac,9aae628c-fe5d-4c4b-a20d-ac978d00b3a6,445dae24-c049-44da-9751-717944e7dc9e,5,2026,26,5,4,17,25,45,19,2026-05-16 01:13:43.588814+00,Brasil,VDDDD,1W,53.33,f
af05f1b9-8035-4439-bffd-169d1314e843,9aae628c-fe5d-4c4b-a20d-ac978d00b3a6,a27cdd07-de20-445a-a22c-527ef9f7e918,5,2026,26,7,4,15,31,47,25,2026-05-16 01:13:43.588814+00,Brasil,DDDDD,1L,40.00,f
b4e16c21-6703-4c0e-8e7a-030439d607e0,9aae628c-fe5d-4c4b-a20d-ac978d00b3a6,86565065-9546-46dd-81a0-0a34cc2520b1,5,2026,26,3,8,15,25,43,17,2026-05-16 01:13:43.588814+00,Brasil,DEEEE,4W,40.00,f
184e600a-04d0-4a99-99ae-fea6595bd510,9aae628c-fe5d-4c4b-a20d-ac978d00b3a6,0804026a-c72a-42de-98d7-a67f362f6af3,5,2026,29,4,6,19,23,56,18,2026-05-16 01:13:43.588814+00,Brasil,VDVED,1W,26.67,f
482f4abf-2060-456b-819c-a60287dee60e,b01ef2e0-298f-4313-a093-680715e25fec,e2669839-a2b3-4702-848b-796902c73397,5,2026,27,6,11,10,28,34,29,2026-05-16 01:13:41.090816+00,Brasil,DVVED,1W,33.33,f
d9d8e2cd-755e-47db-bd48-de2eecaa8475,b01ef2e0-298f-4313-a093-680715e25fec,4293c2d5-e6b3-4f35-92f9-3a8064a57946,5,2026,27,11,3,13,30,29,36,2026-05-16 01:13:41.090816+00,Brasil,VEDDV,1W,53.33,f
0f582481-342e-4dfe-9249-d9398b0115fb,b01ef2e0-298f-4313-a093-680715e25fec,da8a40a7-1583-4970-ac79-a5cdbaf84e67,5,2026,28,9,7,12,34,39,34,2026-05-16 01:13:41.090816+00,Brasil,VDDDV,2D,13.33,f
425a57d3-899a-4892-9b22-693a38fee75a,b01ef2e0-298f-4313-a093-680715e25fec,e5754f41-5d11-44f4-a4a6-d3d96898bc54,5,2026,27,10,8,9,30,35,38,2026-05-16 01:13:41.090816+00,Brasil,EVVDV,1D,40.00,f
4ed1f1e0-5763-41d3-bbf0-c6cee9fb72f4,b01ef2e0-298f-4313-a093-680715e25fec,ba41ea78-76ea-4cb4-9636-cf16997a183b,5,2026,29,13,11,5,44,34,50,2026-05-16 01:13:41.090816+00,Brasil,VEVVD,2L,6.67,f
b204ca33-c416-4aa3-a651-aca4b84047f3,b01ef2e0-298f-4313-a093-680715e25fec,f7d8ab83-ef25-424c-a7b3-e399bcc8cc70,5,2026,26,11,7,8,38,36,40,2026-05-16 01:13:41.090816+00,Brasil,EDDVV,1L,33.33,f
4c6cdd4b-07bc-43b9-a52c-98d29f74fbc1,b01ef2e0-298f-4313-a093-680715e25fec,ad3b9b9d-c270-469c-aa81-6f099e8248f4,5,2026,27,11,7,9,32,27,40,2026-05-16 01:13:41.090816+00,Brasil,DEEVV,1L,26.67,f
b68d65f7-6739-417c-a564-a0274b36f35e,b01ef2e0-298f-4313-a093-680715e25fec,037c9019-1a44-4d96-a94b-64fb41b058bf,5,2026,27,9,11,7,37,30,38,2026-05-16 01:13:41.090816+00,Brasil,VVEVV,1L,13.33,f
11c36e48-0e90-4831-9bcc-1245573ad101,b01ef2e0-298f-4313-a093-680715e25fec,6a1577e7-ebc0-4e46-ba91-c12df3624c05,5,2026,26,11,10,5,38,28,43,2026-05-16 01:13:41.090816+00,Brasil,DDVED,2W,26.67,f
d9a895a4-9695-4e11-8242-cae6a7f86897,b01ef2e0-298f-4313-a093-680715e25fec,2c35282b-ec1a-4b45-926c-72547d8c89aa,5,2026,26,11,7,8,37,33,40,2026-05-16 01:13:41.090816+00,Brasil,EVEED,1L,26.67,f
bbd026c6-11da-4b43-95cd-d0e01644dada,b01ef2e0-298f-4313-a093-680715e25fec,92e81598-c474-4b93-9209-91af93ad1510,5,2026,26,6,8,12,30,40,26,2026-05-16 01:13:41.090816+00,Brasil,DVDVV,1L,33.33,f
907d9261-07ed-4c48-b873-9e9ec72b7fea,b01ef2e0-298f-4313-a093-680715e25fec,52b34eb7-6757-49c1-94c4-219a75ad3e7e,5,2026,28,10,7,11,36,35,37,2026-05-16 01:13:41.090816+00,Brasil,VDEDD,5L,40.00,f
611da6ce-2a80-47e0-bf73-185e4aa82d26,b01ef2e0-298f-4313-a093-680715e25fec,9c927bd6-5f9e-44b4-9f71-e267789ef874,5,2026,26,5,10,11,32,38,25,2026-05-16 01:13:41.090816+00,Brasil,DDEVE,1L,26.67,f
74243774-e1d1-4883-9de8-e2f4bc404e1b,b01ef2e0-298f-4313-a093-680715e25fec,8e8e5739-6252-4672-924a-914065368c68,5,2026,28,14,3,11,42,36,45,2026-05-16 01:13:41.090816+00,Brasil,VDDVV,3L,26.67,f
9a6ea7e1-504a-4898-a4b6-d8e1266cb37a,b01ef2e0-298f-4313-a093-680715e25fec,fc9f3bf1-254d-4f58-bdef-7c62f1a4c0d5,5,2026,28,10,11,7,32,31,41,2026-05-16 01:13:41.090816+00,Brasil,EVEVE,1D,40.00,f
46532562-ced4-42ca-af3a-8104e61a2524,b01ef2e0-298f-4313-a093-680715e25fec,5a8a7f63-ebf9-432b-8f9b-0ea9eb5eef05,5,2026,28,5,9,14,30,45,24,2026-05-16 01:13:41.090816+00,Brasil,VEDVD,1D,40.00,f
50526e1f-c942-4381-987b-7dcc864a1d33,08284dd1-9064-4950-8f33-6c91cb68d532,e761d85a-8f1a-4c4c-9500-9d35d2c8a279,5,2026,1,0,0,1,0,1,0,2026-05-27 15:34:26.134187+00,Espanha,D,-,0.00,f
7515ff73-73fe-4eca-98d3-c5bd82ee6b11,08284dd1-9064-4950-8f33-6c91cb68d532,dda264cf-bf01-4653-be13-f1d5c3adeb7d,5,2026,1,0,1,0,0,0,1,2026-05-27 15:34:26.134187+00,Espanha,E,-,0.00,f
106194b5-8dff-4301-b0a0-f60a823022af,08284dd1-9064-4950-8f33-6c91cb68d532,af26f269-114f-44eb-9bb3-7c8f52f28fab,5,2026,1,0,1,0,0,0,1,2026-05-27 15:34:26.134187+00,Espanha,E,-,0.00,f
45e8046e-54d7-4a10-a5eb-0daddcb4ef08,08284dd1-9064-4950-8f33-6c91cb68d532,1106807b-0171-4219-b2f6-2be2dd8ac13e,5,2026,1,1,0,0,1,0,3,2026-05-27 15:34:26.134187+00,Espanha,V,-,0.00,f
9621ccb9-80bd-4e63-9d5d-f4a8c06d2e0f,08284dd1-9064-4950-8f33-6c91cb68d532,4243975b-db67-49fb-99bf-9e853395e0ed,5,2026,1,0,0,1,0,1,0,2026-05-27 15:34:26.134187+00,Espanha,D,-,0.00,f
462ec227-4139-423b-9185-7f0785b69684,08284dd1-9064-4950-8f33-6c91cb68d532,94095ddd-931a-4b34-b32f-5e3557141e03,5,2026,1,0,0,1,1,2,0,2026-05-27 15:34:26.134187+00,Espanha,D,-,0.00,f
71f3c95e-deef-440c-aef5-9c8745e24746,08284dd1-9064-4950-8f33-6c91cb68d532,ae78e0fc-5fd1-4303-90ea-177811c77cae,5,2026,1,0,0,1,0,1,0,2026-05-27 15:34:26.134187+00,Espanha,D,-,0.00,f
104e84c1-4820-4535-95e5-f80bb0ef8009,08284dd1-9064-4950-8f33-6c91cb68d532,9a365f66-a87b-4797-aafd-025c4b8201ca,5,2026,1,0,1,0,1,1,1,2026-05-27 15:34:26.134187+00,Espanha,E,-,0.00,f
ce39f646-fd1a-4a9a-92a0-5ff96df345be,08284dd1-9064-4950-8f33-6c91cb68d532,6bb25ae9-4acb-4f5d-98ac-350184844e26,5,2026,1,0,1,0,2,2,1,2026-05-27 15:34:26.134187+00,Espanha,E,-,0.00,f
7e085f34-ee22-407b-92ba-7a229c43a6f8,08284dd1-9064-4950-8f33-6c91cb68d532,2ec76b32-6fc1-450d-8e5b-e84a3bd29a87,5,2026,0,0,0,0,0,0,0,2026-05-27 15:34:26.134187+00,Espanha,-----,-,0.00,f
b99a3d1d-827d-46d7-9801-fb85854f6fc8,08284dd1-9064-4950-8f33-6c91cb68d532,b64abfdb-8dc0-4105-90be-c159d1092e52,5,2026,1,0,1,0,2,2,1,2026-05-27 15:34:26.134187+00,Espanha,E,-,0.00,f
1436744f-5e1d-4c85-97b2-71bb89b4c12f,08284dd1-9064-4950-8f33-6c91cb68d532,f278ad80-381c-4af1-a180-5f4a4dd18c1c,5,2026,1,0,1,0,1,1,1,2026-05-27 15:34:26.134187+00,Espanha,E,-,0.00,f
edd721c9-0b48-4c6c-a5ea-4ff4b8e03c1b,08284dd1-9064-4950-8f33-6c91cb68d532,e7a914a6-df67-4ed2-91cf-e271e0f52794,5,2026,1,1,0,0,1,0,3,2026-05-27 15:34:26.134187+00,Espanha,V,-,0.00,f
f1c96451-c3c8-4210-8e6d-a53002237b06,08284dd1-9064-4950-8f33-6c91cb68d532,bd00d2ff-251a-4f2c-a617-0c66e18a85ed,5,2026,1,1,0,0,2,1,3,2026-05-27 15:34:26.134187+00,Espanha,V,-,0.00,f
86540045-f2fd-4e98-ac6a-6f83073f435f,08284dd1-9064-4950-8f33-6c91cb68d532,e58f1240-81b9-4d01-b994-3a7abc2ad494,5,2026,1,1,0,0,1,0,3,2026-05-27 15:34:26.134187+00,Espanha,V,-,0.00,f
56367dc0-1346-4a46-9502-a0826527c161,08284dd1-9064-4950-8f33-6c91cb68d532,e74613c8-ac09-4913-b02e-e2e825fcaa7c,5,2026,4,0,4,0,4,4,4,2026-05-27 15:34:26.134187+00,Espanha,E,-,0.00,f
adac649d-cb2f-4576-a093-35283e6217bb,9aae628c-fe5d-4c4b-a20d-ac978d00b3a6,ce699a0d-2455-40a6-b2d7-8cabe87825db,5,2026,25,15,4,6,36,21,49,2026-05-16 01:13:43.588814+00,Brasil,VDVVV,1D,13.33,f
45a6a263-667a-43a5-9c5e-6547087d77b1,7c63df6b-bd80-4245-9129-e90193879589,d46ea0ce-e6fd-4b41-9e33-95368f4cb87d,5,2026,1,0,1,0,2,2,1,2026-05-16 01:13:48.488533+00,Brasil,E,2D,40.00,f
819236d6-f14f-4c92-a159-07756650bf7b,7c63df6b-bd80-4245-9129-e90193879589,e4594768-b0fc-4b84-b6e3-446e5ecee701,5,2026,1,0,0,1,0,2,0,2026-05-16 01:13:48.488533+00,Brasil,D,1W,40.00,f
793cf1fa-8157-4603-b1f1-a879cdce99d2,7c63df6b-bd80-4245-9129-e90193879589,c4adeac4-2dd2-4675-8c34-a49f544520a1,5,2026,1,0,0,1,0,2,0,2026-05-16 01:13:48.488533+00,Brasil,D,2D,20.00,f
eb1da46c-c06f-4369-9fd4-01c06bf01ea0,7c63df6b-bd80-4245-9129-e90193879589,a6d037de-3210-49ae-88a4-a7bf32621543,5,2026,1,1,0,0,2,0,3,2026-05-16 01:13:48.488533+00,Brasil,V,1L,20.00,f
93bf9417-bbca-47a7-89a9-ede4665064c7,7c63df6b-bd80-4245-9129-e90193879589,46f74550-4af8-47d8-afa7-f5591c4d29e7,5,2026,1,0,1,0,2,2,1,2026-05-16 01:13:48.488533+00,Brasil,E,3D,20.00,f
bb1c2e70-51cb-4b0f-97a8-78b403815839,7c63df6b-bd80-4245-9129-e90193879589,97410e6e-8c21-41c9-87b1-1033e8854843,5,2026,1,0,1,0,0,0,1,2026-05-16 01:13:48.488533+00,Brasil,E,1W,33.33,f
6ab332dd-41ed-445f-a000-cd71b7377cdd,7c63df6b-bd80-4245-9129-e90193879589,d669436d-4e3e-4400-ad48-bf6b7b45e665,5,2026,1,1,0,0,2,1,3,2026-05-16 01:13:48.488533+00,Brasil,V,2W,46.67,f
7a9a4de5-07a9-48c7-b8e1-b20045bef59c,7c63df6b-bd80-4245-9129-e90193879589,53f77ad5-9eda-48e0-83b7-afa42c63ec39,5,2026,1,1,0,0,2,1,3,2026-05-16 01:13:48.488533+00,Brasil,V,2D,40.00,f
940f40c7-103d-4acc-9fd4-ddc249ed2664,7c63df6b-bd80-4245-9129-e90193879589,322df9cf-3575-4d0d-b1d7-632b245df05b,5,2026,1,1,0,0,2,1,3,2026-05-16 01:13:48.488533+00,Brasil,V,1W,33.33,f
09104999-9c00-4c49-91cb-9bc8049f929d,7c63df6b-bd80-4245-9129-e90193879589,da472c08-493e-4228-bb7d-82d2893e845d,5,2026,1,0,1,0,0,0,1,2026-05-16 01:13:48.488533+00,Brasil,E,1L,13.33,f
2c8d2c5d-de66-4505-9774-76ead1dbb9ca,7c63df6b-bd80-4245-9129-e90193879589,82076cd7-8a27-4574-a021-78452d0cfa55,5,2026,1,1,0,0,2,0,3,2026-05-16 01:13:48.488533+00,Brasil,V,1D,40.00,f
ece201a8-e15a-4687-b405-9c0dfed26783,7c63df6b-bd80-4245-9129-e90193879589,0d027e3a-5dab-4387-9784-065ae02b1893,5,2026,1,0,1,0,2,2,1,2026-05-16 01:13:48.488533+00,Brasil,E,1W,26.67,f
d9395c57-7d5a-4e8f-bca7-8b62acad05d7,7c63df6b-bd80-4245-9129-e90193879589,08a607a7-47b5-4eb5-bbd6-b465518553d8,5,2026,1,1,0,0,1,0,3,2026-05-16 01:13:48.488533+00,Brasil,V,1W,33.33,f
2a68cb64-1378-4818-a5bb-9105d77d42b6,7c63df6b-bd80-4245-9129-e90193879589,4241908a-6b7d-48ba-8e91-5c8c43cbf09f,5,2026,1,0,0,1,0,1,0,2026-05-16 01:13:48.488533+00,Brasil,D,2W,60.00,f
cadff2ef-a02c-40c6-bf3d-735305047787,7c63df6b-bd80-4245-9129-e90193879589,66085f35-4941-490b-b6d6-93964282e801,5,2026,1,1,0,0,1,0,3,2026-05-16 01:13:48.488533+00,Brasil,V,2L,33.33,f
437ded6f-fd71-4a13-8b61-3822ee1c0030,7c63df6b-bd80-4245-9129-e90193879589,05d191a1-3645-4adc-abe9-ece1e84a85a2,5,2026,1,0,0,1,0,2,0,2026-05-16 01:13:48.488533+00,Brasil,D,2W,40.00,f
c616fdf5-8d54-47c8-8e20-784e0faa164d,7c63df6b-bd80-4245-9129-e90193879589,03773554-90ef-4ec3-800f-0ae1b53e895a,5,2026,1,0,1,0,2,2,1,2026-05-16 01:13:48.488533+00,Brasil,E,1D,46.67,f
949be41c-afb4-49ce-a96a-6ffea783510d,7c63df6b-bd80-4245-9129-e90193879589,5cc11615-d331-4a8a-af03-25c3c20a67da,5,2026,1,0,1,0,0,0,1,2026-05-16 01:13:48.488533+00,Brasil,E,1D,33.33,f
1d1ef454-a77a-4a9d-9196-fc94baab9498,7c63df6b-bd80-4245-9129-e90193879589,c9270b93-1e69-4c83-9a22-ca5a18b7927b,5,2026,1,0,1,0,2,2,1,2026-05-16 01:13:48.488533+00,Brasil,E,1D,33.33,f
c1a8d1df-ee22-4944-b9e6-68d5c7e4b88d,7c63df6b-bd80-4245-9129-e90193879589,6b9cb11f-849c-4e00-acc8-d3ced292c556,5,2026,1,0,1,0,2,2,1,2026-05-16 01:13:48.488533+00,Brasil,E,2W,40.00,f
7d384ef7-80fb-4d1b-9899-ed9bc2be8ebb,7c63df6b-bd80-4245-9129-e90193879589,13af54a7-1a38-4f61-a956-7eb3d010d4c6,5,2026,1,0,1,0,1,1,1,2026-05-16 01:13:48.488533+00,Brasil,E,1L,40.00,f
dab08d89-a536-4324-9a9d-47ff7a0e4cde,7c63df6b-bd80-4245-9129-e90193879589,12b3ce24-42ea-4a48-a8dd-3ce81e58acad,5,2026,1,0,1,0,2,2,1,2026-05-16 01:13:48.488533+00,Brasil,E,1W,40.00,f
f2206573-6397-4f64-bdca-b7db15ab7fb7,7c63df6b-bd80-4245-9129-e90193879589,1b5de26a-7c84-4ea2-9873-42dfbd3be081,5,2026,1,1,0,0,2,1,3,2026-05-16 01:13:48.488533+00,Brasil,V,1L,26.67,f
5415b299-f2b6-4321-ae8c-a8356c6cc237,7c63df6b-bd80-4245-9129-e90193879589,1ac65a02-b857-449b-a775-404df7575eac,5,2026,1,1,0,0,2,0,3,2026-05-16 01:13:48.488533+00,Brasil,V,2W,53.33,f
ea7e31cc-e26c-478f-849a-c1ad4941402a,7c63df6b-bd80-4245-9129-e90193879589,4f9816af-154c-4de0-a6ed-9acda2c1b6f8,5,2026,1,0,1,0,1,1,1,2026-05-16 01:13:48.488533+00,Brasil,E,1L,6.67,f
64d6437a-7449-4edc-955b-9cf0a99fd93e,7c63df6b-bd80-4245-9129-e90193879589,20cdff2c-ed52-4be3-b679-c349945ece20,5,2026,1,0,0,1,1,2,0,2026-05-16 01:13:48.488533+00,Brasil,D,2L,46.67,f
81f88cb5-130d-41ff-91ea-fc125d94afb5,7c63df6b-bd80-4245-9129-e90193879589,8f4edbf0-02d8-422f-a419-9fd64e361fd1,5,2026,0,0,0,0,0,0,0,2026-05-16 01:13:48.488533+00,Brasil,-----,1W,33.33,f
0faeb46e-a225-4871-92e6-090182e43e24,7c63df6b-bd80-4245-9129-e90193879589,2da6d18e-99c7-4d47-ac43-0a7c3abc04d6,5,2026,1,1,0,0,2,1,3,2026-05-16 01:13:48.488533+00,Brasil,V,1L,40.00,f
86b30c5b-e4d2-4453-a86d-f26db18dac7f,7c63df6b-bd80-4245-9129-e90193879589,1ce2b503-5a78-4499-af23-b37cfe95d0a0,5,2026,1,0,1,0,1,1,1,2026-05-16 01:13:48.488533+00,Brasil,E,1W,33.33,f
5ed97014-61a6-4dd8-a706-d886e89653be,7c63df6b-bd80-4245-9129-e90193879589,187c1472-e025-4bc5-a0ce-7d2ca54fc701,5,2026,1,0,0,1,0,2,0,2026-05-16 01:13:48.488533+00,Brasil,D,1L,20.00,f
cbda0d96-d441-429d-ba04-b288d5453b4c,7c63df6b-bd80-4245-9129-e90193879589,b16b0125-872f-4c54-837b-7c77683374bd,5,2026,1,0,0,1,1,2,0,2026-05-16 01:13:48.488533+00,Brasil,D,1W,20.00,f
19cac8df-2b37-4e49-a7ba-9dc42a903439,7c63df6b-bd80-4245-9129-e90193879589,231af63e-b857-4f31-9220-342cc26813db,5,2026,1,0,1,0,2,2,1,2026-05-16 01:13:48.488533+00,Brasil,E,1L,20.00,f
0d2238c9-fc2a-4aba-a564-5e626bd3f6c9,7c63df6b-bd80-4245-9129-e90193879589,67385d6d-c0bb-4055-b05c-1cd726f8dbd7,5,2026,1,0,1,0,1,1,1,2026-05-16 01:13:48.488533+00,Brasil,E,1L,40.00,f
3b9d896d-c2b3-4c5e-9f1e-95ee76053599,7c63df6b-bd80-4245-9129-e90193879589,77cdcd62-e0b2-4893-8b7d-039bbae4b43a,5,2026,1,0,1,0,2,2,1,2026-05-16 01:13:48.488533+00,Brasil,E,1D,60.00,f
89df1329-0634-4812-b79c-5a3afa01c13d,7c63df6b-bd80-4245-9129-e90193879589,117430da-c769-4281-9c9c-d57da7b8771e,5,2026,1,0,1,0,2,2,1,2026-05-16 01:13:48.488533+00,Brasil,E,1L,40.00,f
ad7faa86-c1dc-4e32-8102-aeeb1938dbb1,7c63df6b-bd80-4245-9129-e90193879589,2fea1b65-b34d-462d-b18f-e60d111588ee,5,2026,1,0,1,0,0,0,1,2026-05-16 01:13:48.488533+00,Brasil,E,3W,60.00,f
f9287204-4145-4985-825d-2abac8ad9572,7c63df6b-bd80-4245-9129-e90193879589,898963a8-b883-4ef6-8536-7ae19e3d66cf,5,2026,1,0,1,0,2,2,1,2026-05-16 01:13:48.488533+00,Brasil,E,3L,26.67,f
dd691d3d-5f13-4344-bb4c-10957870897c,7c63df6b-bd80-4245-9129-e90193879589,afd314dd-d074-4c2d-9773-283989423b95,5,2026,1,1,0,0,2,0,3,2026-05-16 01:13:48.488533+00,Brasil,V,1L,20.00,f
5d3a7326-ba7a-4bf8-9014-09ad83a39637,7c63df6b-bd80-4245-9129-e90193879589,c5a7362d-a751-429c-aa9d-fb5c64af2616,5,2026,1,0,0,1,0,1,0,2026-05-16 01:13:48.488533+00,Brasil,D,1L,46.67,f
502ca237-f480-4dd6-8d00-ff0e662f1512,7c63df6b-bd80-4245-9129-e90193879589,5da81541-7727-4c61-826b-5ba243aceb09,5,2026,1,1,0,0,1,0,3,2026-05-16 01:13:48.488533+00,Brasil,V,1L,53.33,f
e0c76301-5bbb-4db2-9f87-9477a80244d1,7c63df6b-bd80-4245-9129-e90193879589,fb36b6e2-d8e4-4014-892e-456b55cbf9ac,5,2026,1,0,0,1,0,1,0,2026-05-16 01:13:48.488533+00,Brasil,D,1W,53.33,f
b870f9fa-2da5-4941-97e6-bcac030103ec,7c63df6b-bd80-4245-9129-e90193879589,c639e152-dfc5-4c66-ae5f-7ef1ae859897,5,2026,1,0,1,0,2,2,1,2026-05-16 01:13:48.488533+00,Brasil,E,1W,53.33,f
565b56a2-835d-4c33-9187-93fcb592f580,7c63df6b-bd80-4245-9129-e90193879589,cf8bf64a-42a1-4068-a8cf-dcd610dfdf1d,5,2026,1,0,0,1,0,2,0,2026-05-16 01:13:48.488533+00,Brasil,D,1W,33.33,f
c59220ba-8c03-4bee-8351-39ab10809418,7c63df6b-bd80-4245-9129-e90193879589,de9a6d16-f211-45e8-af5c-90c41e7738c1,5,2026,1,0,1,0,0,0,1,2026-05-16 01:13:48.488533+00,Brasil,E,1W,40.00,f
adf84f9a-e307-4cd9-bc6c-11b1ab7e8943,7c63df6b-bd80-4245-9129-e90193879589,34194360-b255-4f01-afdb-77a3c6ef7231,5,2026,1,0,0,1,1,2,0,2026-05-16 01:13:48.488533+00,Brasil,D,2D,46.67,f
e315bd3d-b0c8-4052-96d5-529ed675b17c,7c63df6b-bd80-4245-9129-e90193879589,8bc7adab-93aa-4bb2-8a98-6dd497c38e9b,5,2026,1,0,0,1,1,2,0,2026-05-16 01:13:48.488533+00,Brasil,D,3W,40.00,f
926c4f14-608b-452c-bf4b-1445ef3554a4,7c63df6b-bd80-4245-9129-e90193879589,bca45152-c2af-436e-8dfc-27ee8dcc0b00,5,2026,1,0,0,1,1,2,0,2026-05-16 01:13:48.488533+00,Brasil,D,1W,40.00,f
193db686-603e-4bee-9c94-a4ee1dd3e6a2,7c63df6b-bd80-4245-9129-e90193879589,e834f79c-00fd-4b2c-b25f-a4f505ca29ac,5,2026,1,0,1,0,0,0,1,2026-05-16 01:13:48.488533+00,Brasil,E,2W,66.67,f
f393759e-863c-452e-b391-30b706bd5876,7c63df6b-bd80-4245-9129-e90193879589,7896ca0b-8307-4f1a-ad8b-5c9d3f2a104d,5,2026,1,0,1,0,2,2,1,2026-05-16 01:13:48.488533+00,Brasil,E,2L,33.33,f
9c758153-d4e0-4baf-b130-aed43fdc0e63,7c63df6b-bd80-4245-9129-e90193879589,98667dfb-c42b-414f-8a55-cb7c8e7d0f30,5,2026,1,0,0,1,0,2,0,2026-05-16 01:13:48.488533+00,Brasil,D,1L,26.67,f
fa7490ac-0a28-4c54-8fe6-b65d05ffbd43,7c63df6b-bd80-4245-9129-e90193879589,11788682-8db7-4bdd-9395-942a88d17fc0,5,2026,1,1,0,0,2,0,3,2026-05-16 01:13:48.488533+00,Brasil,V,2L,20.00,f
3fcf7800-382d-4d42-8958-a62dc05c9eb0,7c63df6b-bd80-4245-9129-e90193879589,3056ce7b-b0e7-4922-9cfa-9a13e12d2955,5,2026,1,1,0,0,2,0,3,2026-05-16 01:13:48.488533+00,Brasil,V,2L,33.33,f
c0d70545-ecfa-4a47-b391-589b5c33c437,7c63df6b-bd80-4245-9129-e90193879589,af7611d8-9499-4f78-ba88-3202e583b6e3,5,2026,1,0,1,0,2,2,1,2026-05-16 01:13:48.488533+00,Brasil,E,2L,20.00,f
97aaca1c-b7af-4442-867f-07476fc82766,7c63df6b-bd80-4245-9129-e90193879589,7a9d5628-cff1-4df6-9ab9-bd12a753ceee,5,2026,1,1,0,0,1,0,3,2026-05-16 01:13:48.488533+00,Brasil,V,2L,13.33,f
b0e9d699-525e-4ee4-a2b8-b7d1a7624210,7c63df6b-bd80-4245-9129-e90193879589,ce9501d5-164e-43f9-ac81-d153066ba202,5,2026,1,0,1,0,2,2,1,2026-05-16 01:13:48.488533+00,Brasil,E,5W,66.67,f
58e115ae-2076-4cc8-85af-625d3019be79,7c63df6b-bd80-4245-9129-e90193879589,56300bfe-5516-46c4-b07d-03cf0155815a,5,2026,1,0,0,1,1,2,0,2026-05-16 01:13:48.488533+00,Brasil,D,2D,53.33,f
7a977d38-85f2-4191-baab-823ef5a4c99c,7c63df6b-bd80-4245-9129-e90193879589,500544f5-d059-4b40-b514-e686ff9db450,5,2026,1,0,0,1,0,1,0,2026-05-16 01:13:48.488533+00,Brasil,D,1L,40.00,f
5b8954bb-4248-4098-b5ca-d9105ce550b4,7c63df6b-bd80-4245-9129-e90193879589,bb02e1b5-f790-424a-85d8-fea3ed0c4eed,5,2026,1,0,1,0,1,1,1,2026-05-16 01:13:48.488533+00,Brasil,E,1L,20.00,f
0fcd8c7c-bf8d-4b4f-8ed7-b50c7318ed3a,7c63df6b-bd80-4245-9129-e90193879589,34bdfb3c-75b1-4083-8b5c-dba8060f2314,5,2026,1,0,0,1,0,2,0,2026-05-16 01:13:48.488533+00,Brasil,D,1L,40.00,f
403a5254-a12f-4c96-a5e3-bcf8a88d5654,7c63df6b-bd80-4245-9129-e90193879589,6b096af6-d9e5-4fa0-a1cb-f57a8d6a447a,5,2026,1,1,0,0,1,0,3,2026-05-16 01:13:48.488533+00,Brasil,V,1W,53.33,f
a66ad9fe-9c6c-4d20-b45c-52e989aa8a0d,7c63df6b-bd80-4245-9129-e90193879589,bd8a0e5f-c20d-4322-ae8e-53bafca3e472,5,2026,1,0,1,0,0,0,1,2026-05-16 01:13:48.488533+00,Brasil,E,3L,20.00,f
d4fc55f7-50df-42af-a236-928325366a03,7c63df6b-bd80-4245-9129-e90193879589,d81828f2-dfae-4b41-b9c1-2ee2960aefdf,5,2026,1,1,0,0,2,0,3,2026-05-16 01:13:48.488533+00,Brasil,V,2L,26.67,f
9cef3a42-6a74-4a3a-923a-df4909d65470,7c63df6b-bd80-4245-9129-e90193879589,ba9f00d7-4f8c-4fb1-8cbc-a4ad4b674625,5,2026,1,0,1,0,0,0,1,2026-05-16 01:13:48.488533+00,Brasil,E,1L,46.67,f
44de6972-baf9-4d78-b701-3d9357ff5207,7c63df6b-bd80-4245-9129-e90193879589,a85755ca-cb31-4e0f-9be3-13931626e1f9,5,2026,1,1,0,0,2,0,3,2026-05-16 01:13:48.488533+00,Brasil,V,4D,26.67,f
c0375600-0bc6-4a9e-b6d1-746b90d8960c,7c63df6b-bd80-4245-9129-e90193879589,ddc2dd51-32bf-4537-8707-6576f59c6f67,5,2026,1,0,1,0,1,1,1,2026-05-16 01:13:48.488533+00,Brasil,E,1L,46.67,f
2f174f48-ef9d-4510-82ac-52284a427d4e,7c63df6b-bd80-4245-9129-e90193879589,5138da3c-5841-4f81-8c2d-2637b0541c11,5,2026,1,1,0,0,2,1,3,2026-05-16 01:13:48.488533+00,Brasil,V,2L,40.00,f
5ea82579-e8b1-43ee-aa8b-e9f5e18921a3,7c63df6b-bd80-4245-9129-e90193879589,67537807-7a46-4e4b-98c4-2225e38a19de,5,2026,1,0,0,1,1,2,0,2026-05-16 01:13:48.488533+00,Brasil,D,1D,46.67,f
da370a98-70dd-4c40-a95e-e528affb7de3,7c63df6b-bd80-4245-9129-e90193879589,fc6e8729-ec2d-4d7e-9a91-b19281d9d083,5,2026,1,0,1,0,1,1,1,2026-05-16 01:13:48.488533+00,Brasil,E,1L,60.00,f
3a9d62f7-7a8a-4178-a783-1424804dcdd3,7c63df6b-bd80-4245-9129-e90193879589,a6516e64-8d6f-42ec-b1da-d948be6e82c7,5,2026,1,0,0,1,0,2,0,2026-05-16 01:13:48.488533+00,Brasil,D,1D,46.67,f
c22a5f7a-5d12-4859-8b74-16757046a065,7c63df6b-bd80-4245-9129-e90193879589,d81f15ba-6041-4502-bca4-7be0e20bbd8e,5,2026,1,0,1,0,0,0,1,2026-05-16 01:13:48.488533+00,Brasil,E,5W,66.67,f
c03d3583-8fc0-4156-885a-a0ecea81274a,7c63df6b-bd80-4245-9129-e90193879589,fa4b39fa-a5b6-41b5-8b0e-b2be8ad1e44d,5,2026,1,0,0,1,0,2,0,2026-05-16 01:13:48.488533+00,Brasil,D,2W,46.67,f
d037da3d-c742-451c-b4e7-076d64f98df5,7c63df6b-bd80-4245-9129-e90193879589,10344e02-583a-4c9e-9b71-9635945ce482,5,2026,1,0,1,0,0,0,1,2026-05-16 01:13:48.488533+00,Brasil,E,2W,33.33,f
5d6cc1f3-a749-4062-9db3-4378dc39d3a7,7c63df6b-bd80-4245-9129-e90193879589,63c54b6c-df86-4167-97ae-2b3f6c5e15d5,5,2026,1,0,0,1,0,1,0,2026-05-16 01:13:48.488533+00,Brasil,D,5W,73.33,f
208bec2a-84d1-4423-8479-4ff20b91f30f,7c63df6b-bd80-4245-9129-e90193879589,d6836fbe-3203-4634-962f-3623c2333bc0,5,2026,1,1,0,0,2,0,3,2026-05-16 01:13:48.488533+00,Brasil,V,1W,46.67,f
2c248920-eaf5-4cab-8b33-c35d90e2f74f,7c63df6b-bd80-4245-9129-e90193879589,60cc3275-d872-4fdc-bf53-8a71594ebb48,5,2026,1,0,1,0,1,1,1,2026-05-16 01:13:48.488533+00,Brasil,E,1D,26.67,f
44ab0c45-a6cc-48f6-ad9f-35aa69b47cc9,7c63df6b-bd80-4245-9129-e90193879589,35fb741b-1a0d-410a-ae39-0cfea277e9a8,5,2026,1,1,0,0,1,0,3,2026-05-16 01:13:48.488533+00,Brasil,V,1D,33.33,f
f18d17e7-9ae1-4c2c-b315-54931941327e,7c63df6b-bd80-4245-9129-e90193879589,41af2f33-ca7c-467a-86bf-ed15c5d0b6e1,5,2026,1,1,0,0,2,1,3,2026-05-16 01:13:48.488533+00,Brasil,V,1D,40.00,f
60db4efb-2e3c-4443-ac64-bfb725dc751b,7c63df6b-bd80-4245-9129-e90193879589,1daad8b9-9876-414f-a451-e06bc1c850a3,5,2026,1,0,1,0,2,2,1,2026-05-16 01:13:48.488533+00,Brasil,E,1W,26.67,f
79b6ade2-3276-431c-9c55-d80be5a6a649,7c63df6b-bd80-4245-9129-e90193879589,9aa068cf-dd28-4355-802b-5f1491cd05d6,5,2026,1,0,0,1,0,1,0,2026-05-16 01:13:48.488533+00,Brasil,D,1D,13.33,f
758ad810-ff88-4995-9903-f2acec959480,7c63df6b-bd80-4245-9129-e90193879589,0534edf0-422b-47a2-bc86-1da454f8dbfb,5,2026,4,2,0,2,4,4,6,2026-05-16 01:13:48.488533+00,Brasil,V,1W,26.67,f
4104fb61-3f04-47eb-b640-5b2f00122925,33363f68-fc09-4fc7-941f-4ca6b89d4101,ace884f7-8e93-4515-97a7-58aa0bf1a9ae,5,2026,10,2,3,5,8,12,9,2026-05-16 01:13:50.896465+00,Brasil,VDDEV,1W,53.33,f
e48665dd-4ed1-4c1f-9966-b55b033b8d8a,33363f68-fc09-4fc7-941f-4ca6b89d4101,670361e6-28cc-483f-a169-f95a31a849c1,5,2026,11,4,2,5,9,12,14,2026-05-16 01:13:50.896465+00,Brasil,DVDDV,1W,33.33,f
2ffc797e-ae5c-41d4-956d-b5ee69e66f29,33363f68-fc09-4fc7-941f-4ca6b89d4101,fae51f40-6ff6-4268-a736-fed317cecbcc,5,2026,10,2,3,5,12,14,9,2026-05-16 01:13:50.896465+00,Brasil,VEEDD,1D,53.33,f
443902fb-6c11-48a0-b0e9-771d471e65b2,33363f68-fc09-4fc7-941f-4ca6b89d4101,c2a6e3f0-967b-426d-9ee5-ab348e0c2e8d,5,2026,10,3,3,4,9,12,12,2026-05-16 01:13:50.896465+00,Brasil,DVDEV,1D,46.67,f
8c8ab594-1261-4dae-bafd-aa797fef8c9e,33363f68-fc09-4fc7-941f-4ca6b89d4101,fb37cdfb-5f5c-4d89-a8c7-06bfcfda9832,5,2026,10,2,1,7,7,17,7,2026-05-16 01:13:50.896465+00,Brasil,DVDVD,2D,46.67,f
332744c3-e747-4a27-815c-7f51a1966e78,33363f68-fc09-4fc7-941f-4ca6b89d4101,d7470398-9f93-42f1-92fe-b6a5477382ca,5,2026,9,1,4,4,7,13,7,2026-05-16 01:13:50.896465+00,Brasil,EVDDE,1D,20.00,f
bdf8bce9-0218-4f70-80fb-9fd84d258cb9,33363f68-fc09-4fc7-941f-4ca6b89d4101,1e56961e-d0f2-4ce6-af3d-e2023eb7e741,5,2026,9,2,1,6,7,15,7,2026-05-16 01:13:50.896465+00,Brasil,DDVDD,1L,20.00,f
24fae8a3-44d6-418c-ba4e-1f9235dd78cb,33363f68-fc09-4fc7-941f-4ca6b89d4101,43fd9437-a87f-49fb-8176-b0b8470abb78,5,2026,9,2,3,4,8,12,9,2026-05-16 01:13:50.896465+00,Brasil,DEDDV,1D,46.67,f
756ca978-4d71-45c6-8196-94fb482be1f7,33363f68-fc09-4fc7-941f-4ca6b89d4101,78fe978a-a63c-4cba-99b2-1583bcfc0af4,5,2026,9,2,5,2,11,12,11,2026-05-16 01:13:50.896465+00,Brasil,VEDDE,1D,53.33,f
d58f21a4-9ab5-4b53-9f9f-6cbc48821fcd,33363f68-fc09-4fc7-941f-4ca6b89d4101,7712b7cf-10c8-4dd3-ae63-5302cb5f9d2d,5,2026,9,1,3,5,9,14,6,2026-05-16 01:13:50.896465+00,Brasil,DDEDE,1L,26.67,f
90a79050-41d5-4d0d-98a6-4274319fd725,33363f68-fc09-4fc7-941f-4ca6b89d4101,c9410117-abc8-412b-a1ab-09cac4fb6660,5,2026,9,3,3,3,13,10,12,2026-05-16 01:13:50.896465+00,Brasil,DEDEV,1D,26.67,f
9333035c-8234-4e44-b00d-a82423dff96d,33363f68-fc09-4fc7-941f-4ca6b89d4101,1a211217-a85f-453c-be3f-72f89fe64f94,5,2026,9,4,1,4,11,11,13,2026-05-16 01:13:50.896465+00,Brasil,DDVDV,2D,26.67,f
f3e8844d-82c3-4213-9a7e-6928e293ece7,33363f68-fc09-4fc7-941f-4ca6b89d4101,6147b606-199c-4af7-85f4-ea8f2be56ac8,5,2026,9,5,2,2,12,8,17,2026-05-16 01:13:50.896465+00,Brasil,DVVVV,1L,40.00,f
a30c672c-bc5b-4239-8cd9-fb8f38a4eaea,33363f68-fc09-4fc7-941f-4ca6b89d4101,596f7b57-127f-4538-a43d-4d41e3346f7e,5,2026,9,4,4,1,14,7,16,2026-05-16 01:13:50.896465+00,Brasil,VEVEE,1L,46.67,f
f3dd919f-d101-45cb-8318-f922e23ef35c,33363f68-fc09-4fc7-941f-4ca6b89d4101,00f6f45c-20bc-4d75-88cc-833867973d0c,5,2026,10,8,1,1,16,6,25,2026-05-16 01:13:50.896465+00,Brasil,VEVVD,1D,53.33,f
bfbda409-9e4b-4644-ae08-c3143832e8a7,33363f68-fc09-4fc7-941f-4ca6b89d4101,5caadff5-7aa6-45db-9f14-b20f5079ba92,5,2026,10,5,3,2,13,8,18,2026-05-16 01:13:50.896465+00,Brasil,VVVVV,1L,26.67,f
1182386d-dff2-400c-873d-adb89bedd6e6,33363f68-fc09-4fc7-941f-4ca6b89d4101,8a3b4ebd-c355-43e6-8869-786975db1850,5,2026,10,2,2,6,8,14,8,2026-05-16 01:13:50.896465+00,Brasil,VEDED,2W,60.00,f
2e78a29c-6ac8-4112-be55-55e052f76c20,33363f68-fc09-4fc7-941f-4ca6b89d4101,d4282946-3b36-4ca3-bdd5-c03fea3a69cd,5,2026,10,3,5,2,14,13,14,2026-05-16 01:13:50.896465+00,Brasil,VEVDD,3L,33.33,f
6388e4e4-5b1f-43e7-8798-439acd07cb13,33363f68-fc09-4fc7-941f-4ca6b89d4101,f68cfe89-e560-4fba-9832-fbaca5ee2b61,5,2026,10,5,1,4,18,14,16,2026-05-16 01:13:50.896465+00,Brasil,DVVED,2D,33.33,f
f04d26c4-c5dc-4e76-9492-728768fbe9c8,33363f68-fc09-4fc7-941f-4ca6b89d4101,8f74dc80-f1ca-4ff3-922b-b6ac1748ce1a,5,2026,10,3,1,6,11,14,10,2026-05-16 01:13:50.896465+00,Brasil,VDVED,1D,26.67,f
f7799593-be7b-4e2e-80cd-5fc9b8994591,33363f68-fc09-4fc7-941f-4ca6b89d4101,8604f126-75b4-4410-aeb9-16287dc873a7,5,2026,10,7,1,2,16,6,22,2026-05-16 01:13:50.896465+00,Brasil,VVVDE,1W,33.33,f
9f3e31c9-3923-4a7e-b069-a43a3f2b3960,33363f68-fc09-4fc7-941f-4ca6b89d4101,cd2e6027-697c-4f6c-88c4-ce7056bc9bd1,5,2026,10,3,3,4,15,15,12,2026-05-16 01:13:50.896465+00,Brasil,EDDEV,1W,6.67,f
01e40cd7-1268-405f-abfc-3c7764d48ce8,33363f68-fc09-4fc7-941f-4ca6b89d4101,5a52821c-780f-41b9-a8d2-c3a2ea06a61d,5,2026,10,1,2,7,6,15,5,2026-05-16 01:13:50.896465+00,Brasil,DDVEE,1D,40.00,f
9994a731-e6e8-4eac-a4fa-133c80770027,33363f68-fc09-4fc7-941f-4ca6b89d4101,af183d78-bffa-430d-9c6b-374f3b139a85,5,2026,10,6,2,2,15,8,20,2026-05-16 01:13:50.896465+00,Brasil,VVVVE,1D,33.33,f
3a7d4a57-9726-4f1e-a9e4-5cc1d2ef0ce4,33363f68-fc09-4fc7-941f-4ca6b89d4101,7c9690f8-303e-4087-af2d-5eebc75533f5,5,2026,10,5,2,3,12,9,17,2026-05-16 01:13:50.896465+00,Brasil,VDVVE,1W,53.33,f
f4e338b7-99f9-4d29-ac04-c2e0eee423f2,33363f68-fc09-4fc7-941f-4ca6b89d4101,97e4c6aa-fc84-4c8b-a0ed-c36ba8a95900,5,2026,10,7,1,2,19,10,22,2026-05-16 01:13:50.896465+00,Brasil,VVDDV,1D,60.00,f
32f5f25e-3d89-45fa-9b01-ddca4607dca8,33363f68-fc09-4fc7-941f-4ca6b89d4101,c48c851a-1be1-412f-bdea-356b3fa1a529,5,2026,10,3,4,3,14,13,13,2026-05-16 01:13:50.896465+00,Brasil,VEDDE,4D,13.33,f
f4036eef-a5bb-41a8-ab2e-80016b091563,33363f68-fc09-4fc7-941f-4ca6b89d4101,f6b8f21a-77ba-4ca0-9a3d-3cc664690f43,5,2026,10,3,3,4,14,15,12,2026-05-16 01:13:50.896465+00,Brasil,EEDED,1D,20.00,f
f060fab1-95af-4876-8dc6-8778cd956861,33363f68-fc09-4fc7-941f-4ca6b89d4101,2511a916-0770-4796-b770-05b73ba9c98c,5,2026,10,6,1,3,15,8,19,2026-05-16 01:13:50.896465+00,Brasil,VEVVD,4W,66.67,f
db42e9e0-a710-414d-ad19-3ae63578cb31,33363f68-fc09-4fc7-941f-4ca6b89d4101,da3feb74-029b-41f7-af66-f268b6c6f931,5,2026,10,6,1,3,14,9,19,2026-05-16 01:13:50.896465+00,Brasil,VVVDV,1D,53.33,f
340aaf3d-24eb-401b-becd-4353484fe23b,33363f68-fc09-4fc7-941f-4ca6b89d4101,43ed5a04-6cb5-4213-9077-4e97b8b8a0fd,5,2026,9,6,1,2,17,9,19,2026-05-16 01:13:50.896465+00,Brasil,VDDEV,1D,33.33,f
c88b8740-5388-408b-a5c9-ade5c9b4f510,33363f68-fc09-4fc7-941f-4ca6b89d4101,edc94d93-3ea7-4cf3-ab83-51b8d74e064a,5,2026,10,7,2,1,16,9,23,2026-05-16 01:13:50.896465+00,Brasil,VEVVV,2W,40.00,f
4bc16463-d9a1-4864-8946-87137bfe5133,33363f68-fc09-4fc7-941f-4ca6b89d4101,2c81ba2b-e20a-4bad-8af0-2e1a83a2df47,5,2026,10,7,1,2,21,10,22,2026-05-16 01:13:50.896465+00,Brasil,VVEVV,1D,46.67,f
4f873c67-cd8b-44be-953d-178f2d25d33d,33363f68-fc09-4fc7-941f-4ca6b89d4101,b474327c-b820-4c09-8273-61757231ec73,5,2026,10,9,1,0,21,4,28,2026-05-16 01:13:50.896465+00,Brasil,EVVVV,2L,26.67,f
1d472b8c-fd6e-4a36-8fbb-e0d6d64700f8,33363f68-fc09-4fc7-941f-4ca6b89d4101,e108b412-9e0a-4b57-939d-f5a85b83dd56,5,2026,10,5,4,1,19,15,19,2026-05-16 01:13:50.896465+00,Brasil,EDVVV,2W,40.00,f
8f733a96-ba94-4287-82a2-273c32d87330,33363f68-fc09-4fc7-941f-4ca6b89d4101,a8179faa-0416-4bff-87f8-4f8da1775d0b,5,2026,10,1,5,4,13,17,8,2026-05-16 01:13:50.896465+00,Brasil,EVEED,1L,40.00,f
f0b80396-8db9-4a6c-bd98-3066758f158f,33363f68-fc09-4fc7-941f-4ca6b89d4101,613b3b72-396d-401f-b43a-23ce7c847ec7,5,2026,10,9,1,0,22,6,28,2026-05-16 01:13:50.896465+00,Brasil,VVVEV,2D,26.67,f
33fbb582-e05c-42c8-b191-86f75c3fad9d,33363f68-fc09-4fc7-941f-4ca6b89d4101,eae55379-99bd-4103-92b7-ae4a5148aeb9,5,2026,10,6,2,2,15,9,20,2026-05-16 01:13:50.896465+00,Brasil,VDVVE,2L,20.00,f
0486cecc-137f-43ad-a457-52cd5c410fdc,33363f68-fc09-4fc7-941f-4ca6b89d4101,d0cc37a1-c9f8-4550-bffd-f0fc09dd7309,5,2026,10,5,2,3,14,10,17,2026-05-16 01:13:50.896465+00,Brasil,VVVDE,1L,53.33,f
9876030b-3184-436b-b921-e3a020c64a59,33363f68-fc09-4fc7-941f-4ca6b89d4101,6c1c0c8a-f9b0-4d72-9d04-99a65be3f7e4,5,2026,10,7,0,3,17,10,21,2026-05-16 01:13:50.896465+00,Brasil,VVVDV,2L,26.67,f
8068faa5-fdba-4f6c-9a69-c6dc28f176e4,33363f68-fc09-4fc7-941f-4ca6b89d4101,df107002-5ad9-41ea-a8c2-cf0f23d0dd86,5,2026,10,8,2,0,16,4,26,2026-05-16 01:13:50.896465+00,Brasil,VVEVV,1D,40.00,f
45b57381-2a72-4d48-8506-573058e48eb4,33363f68-fc09-4fc7-941f-4ca6b89d4101,004668df-8dd7-44de-8cb0-dde44fbb4abb,5,2026,10,6,0,4,15,11,18,2026-05-16 01:13:50.896465+00,Brasil,VVVDV,1D,13.33,f
716a509e-2d00-4ebb-a877-06325c6bb995,33363f68-fc09-4fc7-941f-4ca6b89d4101,a95c36e9-a0d3-48e0-b229-16ed4b9fa8f4,5,2026,10,7,3,0,22,12,24,2026-05-16 01:13:50.896465+00,Brasil,VVEVV,1W,26.67,f
56d8c235-a7d5-421d-ad24-358c598cc276,33363f68-fc09-4fc7-941f-4ca6b89d4101,db6bc0c9-32a2-4e61-9cdb-ff50c26b5779,5,2026,10,6,2,2,16,7,20,2026-05-16 01:13:50.896465+00,Brasil,VDVEV,1D,40.00,f
930b24ca-82bd-4c35-919e-63d08c6310c9,33363f68-fc09-4fc7-941f-4ca6b89d4101,b6e5c717-8a6f-4cb9-af64-42367c4cd5ab,5,2026,10,3,3,4,10,10,12,2026-05-16 01:13:50.896465+00,Brasil,VVEDE,3L,26.67,f
71d46369-4e6b-44ab-a1e1-1a1a3b58d78e,33363f68-fc09-4fc7-941f-4ca6b89d4101,2bba4b31-3b84-4311-a8f8-76155ba755a0,5,2026,11,4,4,3,12,12,16,2026-05-16 01:13:50.896465+00,Brasil,VVDDV,1L,40.00,f
7002da79-f993-4b31-9d4f-b7895d097b5a,33363f68-fc09-4fc7-941f-4ca6b89d4101,e785d3c9-2b11-40e6-875d-4e2e2c6d10d8,5,2026,11,6,2,3,17,9,20,2026-05-16 01:13:50.896465+00,Brasil,VEVDV,2L,13.33,f
d8aa880b-665c-4042-b9d9-0af605c89e9d,33363f68-fc09-4fc7-941f-4ca6b89d4101,08b54f25-10ac-440d-900d-ae8c8a9d52b0,5,2026,11,6,1,4,14,9,19,2026-05-16 01:13:50.896465+00,Brasil,VVVVD,2W,33.33,f
999de707-ad3c-4c94-a073-ad5b6feff26f,33363f68-fc09-4fc7-941f-4ca6b89d4101,1ac7e6d4-aeef-4096-8378-43dbec0a8619,5,2026,11,7,0,4,15,9,21,2026-05-16 01:13:50.896465+00,Brasil,VVDDV,2D,13.33,f
7f6f652b-d149-41c1-be44-2bcb36a4386a,33363f68-fc09-4fc7-941f-4ca6b89d4101,a57c8ea5-f333-4e75-a27a-26189265d5d8,5,2026,10,5,0,5,12,13,15,2026-05-16 01:13:50.896465+00,Brasil,VVVVD,1W,33.33,f
5c53e6bc-9a3d-4aa6-acc7-f5b2baf72a86,33363f68-fc09-4fc7-941f-4ca6b89d4101,8975c63e-9f2f-48a7-b289-a67a14ba2723,5,2026,10,3,4,3,14,15,13,2026-05-16 01:13:50.896465+00,Brasil,EDVDV,1L,20.00,f
af8ae0c7-cfd9-48a5-955a-09614e329015,33363f68-fc09-4fc7-941f-4ca6b89d4101,25a64ed8-127c-47c6-b78b-1a07dbb915a5,5,2026,9,4,0,5,9,15,12,2026-05-16 01:13:50.896465+00,Brasil,DVDDD,4D,26.67,f
0af30127-8f66-4a81-8618-08e7c9a413c3,33363f68-fc09-4fc7-941f-4ca6b89d4101,90b4f962-83bd-4dcf-941b-6aeb89abe648,5,2026,9,2,4,3,8,12,10,2026-05-16 01:13:50.896465+00,Brasil,DVVEE,1L,6.67,f
c9123ec2-da04-4c10-8ccb-5daeb6aa91df,33363f68-fc09-4fc7-941f-4ca6b89d4101,093cb2fa-1fda-45f0-b6ae-d402b4f6a830,5,2026,9,5,0,4,11,12,15,2026-05-16 01:13:50.896465+00,Brasil,DDVDV,2W,40.00,f
83bc8a65-ebeb-42cc-8667-6b0417daba9f,33363f68-fc09-4fc7-941f-4ca6b89d4101,667527f6-0735-4784-bdfb-05c7154b4fae,5,2026,10,4,1,5,9,13,13,2026-05-16 01:13:50.896465+00,Brasil,DDVED,1D,40.00,f
041bce60-62f9-4907-8942-76f7bd3610e5,33363f68-fc09-4fc7-941f-4ca6b89d4101,6764baf0-e6a8-44ee-af61-3e5f35c1e661,5,2026,10,2,1,7,10,16,7,2026-05-16 01:13:50.896465+00,Brasil,DDDVD,3L,40.00,f
df8474b5-5d0d-49aa-a20e-28e1723a19f7,33363f68-fc09-4fc7-941f-4ca6b89d4101,1dfc5930-3b92-4abf-a8aa-6eb8b9d73ab2,5,2026,10,1,3,6,9,19,6,2026-05-16 01:13:50.896465+00,Brasil,DDEDE,1W,26.67,f
a2c5b99e-96bb-428b-ab7e-fc5351e84252,33363f68-fc09-4fc7-941f-4ca6b89d4101,f1ba5c12-2a54-4675-ad40-d7c29476aeea,5,2026,10,3,2,5,14,15,11,2026-05-16 01:13:50.896465+00,Brasil,DVDVE,1D,46.67,f
40a17126-6afc-48bc-b0ab-a13b055065ca,33363f68-fc09-4fc7-941f-4ca6b89d4101,a6ada126-f28a-4cb5-9e42-2df02f4e9ac7,5,2026,10,1,1,8,10,22,4,2026-05-16 01:13:50.896465+00,Brasil,DDEVD,1D,66.67,f
1f86df31-466d-4171-804c-3d29b83437af,33363f68-fc09-4fc7-941f-4ca6b89d4101,22bc87d5-64e6-4ceb-a183-8cd971a83f36,5,2026,10,1,0,9,8,19,3,2026-05-16 01:13:50.896465+00,Brasil,DDDDV,1W,40.00,f
ba5bf302-1a70-482c-8132-551bb5a36022,33363f68-fc09-4fc7-941f-4ca6b89d4101,55694771-af2a-4af5-b057-69a5157adc4a,5,2026,10,2,1,7,14,17,7,2026-05-16 01:13:50.896465+00,Brasil,DDDED,1L,40.00,f
32db5d2f-8a81-4c1d-9b00-1c761aa8414c,33363f68-fc09-4fc7-941f-4ca6b89d4101,92803ffc-b28c-4b11-adfd-cdaa1d68960a,5,2026,10,1,1,8,9,20,4,2026-05-16 01:13:50.896465+00,Brasil,DDDED,1D,40.00,f
70e38301-491e-4c7f-a98d-510d85657a4f,33363f68-fc09-4fc7-941f-4ca6b89d4101,68ccc10a-a2da-4588-8bc5-a54363e38e05,5,2026,10,1,0,9,6,23,3,2026-05-16 01:13:50.896465+00,Brasil,DDDDD,3D,26.67,f
becaca6b-2674-4bf0-9151-cad2c2339fa6,33363f68-fc09-4fc7-941f-4ca6b89d4101,f69eb143-d9cf-4c04-a3e2-61aaa64cdcf5,5,2026,10,2,1,7,10,17,7,2026-05-16 01:13:50.896465+00,Brasil,DVEDD,2D,33.33,f
c8b7dca9-8e39-4fff-9ed5-39b18877f53d,33363f68-fc09-4fc7-941f-4ca6b89d4101,0a4a0f90-4084-44d7-b151-22338e849e71,5,2026,10,2,2,6,9,20,8,2026-05-16 01:13:50.896465+00,Brasil,DDDDD,1W,53.33,f
cf889b64-e258-4828-bef2-5bd6f328b5dd,33363f68-fc09-4fc7-941f-4ca6b89d4101,5eeae42a-ed49-4ee3-b6f5-8af85b76d2e8,5,2026,10,2,3,5,12,16,9,2026-05-16 01:13:50.896465+00,Brasil,DDDDD,1L,46.67,f
3f342b2f-6882-4ed7-93e8-12cd58cf19a4,33363f68-fc09-4fc7-941f-4ca6b89d4101,04890c3f-bc34-48a2-83be-6794cd4e6ef3,5,2026,11,4,3,4,12,11,15,2026-05-16 01:13:50.896465+00,Brasil,DVEEV,1W,53.33,f
7e2a3d0e-86f2-4a4e-a054-86f86b8f73cb,33363f68-fc09-4fc7-941f-4ca6b89d4101,b0bc673d-1f15-42fa-ab0e-7ec076cd6a03,5,2026,10,2,2,6,12,20,8,2026-05-16 01:13:50.896465+00,Brasil,EDDVV,2W,46.67,f
51df5532-1be7-47cc-b8d5-dc94ba10ee12,33363f68-fc09-4fc7-941f-4ca6b89d4101,c6d3384b-e337-44a8-9209-f1cf8090a70c,5,2026,10,4,3,3,15,15,15,2026-05-16 01:13:50.896465+00,Brasil,EDVDE,2W,46.67,f
403005c3-db40-479f-b6a4-77af046ddb4d,33363f68-fc09-4fc7-941f-4ca6b89d4101,1a983e6e-9212-4c45-9a46-4a8c65973567,5,2026,10,3,4,3,10,11,13,2026-05-16 01:13:50.896465+00,Brasil,EEDED,1W,33.33,f
f2d43d1b-4de0-4f0c-892a-1ce831830b66,33363f68-fc09-4fc7-941f-4ca6b89d4101,2bb0f47d-3f57-4e12-87ff-d43b4debde3b,5,2026,10,4,1,5,10,15,13,2026-05-16 01:13:50.896465+00,Brasil,DVDVE,1L,26.67,f
6a1006ca-75ab-4216-9d9b-7ba16972538a,33363f68-fc09-4fc7-941f-4ca6b89d4101,a321601d-90f9-478c-82eb-1567e19d4b74,5,2026,10,5,1,4,15,13,16,2026-05-16 01:13:50.896465+00,Brasil,DDVVE,1D,13.33,f
122b73ca-4fb8-4e8d-a80e-c605735d8e21,33363f68-fc09-4fc7-941f-4ca6b89d4101,6791de37-117e-4990-b71b-c22318df25e9,5,2026,10,2,2,6,11,17,8,2026-05-16 01:13:50.896465+00,Brasil,DEVDE,4D,40.00,f
e3988c8c-b559-4124-b9b6-826a2368ab88,33363f68-fc09-4fc7-941f-4ca6b89d4101,1d18e731-72d1-467a-b8ed-47eb90876948,5,2026,10,4,3,3,12,13,15,2026-05-16 01:13:50.896465+00,Brasil,DEVDD,1L,40.00,f
46650cd4-3d0d-4894-a766-e440544e1803,33363f68-fc09-4fc7-941f-4ca6b89d4101,5f235e7a-215e-4017-b719-542ca2cdc03a,5,2026,10,2,3,5,8,11,9,2026-05-16 01:13:50.896465+00,Brasil,DEDEE,2L,26.67,f
b4e78ae5-a2a6-4be6-b627-54233992ea3f,33363f68-fc09-4fc7-941f-4ca6b89d4101,c622bb95-e540-467a-8505-d4ac963f43df,5,2026,10,3,3,4,12,16,12,2026-05-16 01:13:50.896465+00,Brasil,EDDEV,2D,26.67,f
4bad2755-828d-4bb0-ae8d-636573cd8072,33363f68-fc09-4fc7-941f-4ca6b89d4101,d2c6e661-75f9-4bd6-9735-089565591445,5,2026,10,6,0,4,10,11,18,2026-05-16 01:13:50.896465+00,Brasil,DVDVV,1W,33.33,f
55976bd2-58ee-4da0-ac08-cff3452e2956,33363f68-fc09-4fc7-941f-4ca6b89d4101,295940cb-d8dd-484a-aeb5-5955642345ad,5,2026,10,4,4,2,15,13,16,2026-05-16 01:13:50.896465+00,Brasil,DDVEV,1W,33.33,f
24007877-70a9-4241-a435-277be264cc8b,33363f68-fc09-4fc7-941f-4ca6b89d4101,fedc5aa7-73d3-419f-9428-5d600617d7c8,5,2026,12,5,2,5,17,13,17,2026-05-16 01:13:50.896465+00,Brasil,VVVED,1D,46.67,f
62bb9402-f508-4292-91e4-9f7490d3d193,33363f68-fc09-4fc7-941f-4ca6b89d4101,6b50ce8c-7392-4db5-9f7a-a1a9ac443543,5,2026,11,3,0,8,14,25,9,2026-05-16 01:13:50.896465+00,Brasil,DDDVD,1D,33.33,f
