id,league_id,team_id,points,played,wins,draws,losses,goals_for,goals_against,goal_diff,season_year,updated_at
24d9c314-9936-41c9-b683-f006a8a18476,edb83ebc-95c3-4f26-99b3-0b758a5d08c6,d1214869-a00f-4636-928e-afe7dd170a76,9,10,2,3,5,16,24,-8,2026,2026-05-26 22:35:05.160972+00
d0901bde-d3ca-44e4-9cf6-24fbe35ca02c,edb83ebc-95c3-4f26-99b3-0b758a5d08c6,b0eab5aa-8bf0-4787-abdf-5175f5efc4a6,9,10,2,3,5,13,20,-7,2026,2026-05-26 22:35:05.409467+00
b8cd0b9a-8a56-43b0-b304-5549888d9dca,edb83ebc-95c3-4f26-99b3-0b758a5d08c6,bb59e55f-4963-4b32-bf38-ca3373b50e18,15,10,4,3,3,21,17,4,2026,2026-05-26 22:35:05.409467+00
9251b8de-b620-4e67-9620-6867d0971f43,edb83ebc-95c3-4f26-99b3-0b758a5d08c6,0035bd89-7792-4b23-bcb5-1fa96ce04999,15,10,4,3,3,27,21,6,2026,2026-05-26 22:35:05.611949+00
2ffc0763-d56f-4e15-8362-69b9ccac7e52,edb83ebc-95c3-4f26-99b3-0b758a5d08c6,12186b51-785f-48e2-bf98-5297049f5151,13,10,4,1,5,21,28,-7,2026,2026-05-26 22:35:05.611949+00
d42e4282-828a-4313-aa6d-e7030fb4635b,edb83ebc-95c3-4f26-99b3-0b758a5d08c6,11204548-ef56-41bb-8525-c39645e56c14,12,10,3,3,4,14,14,0,2026,2026-05-26 22:35:05.934583+00
49a96862-8373-45cb-b528-8aeea6be7790,edb83ebc-95c3-4f26-99b3-0b758a5d08c6,5e6795fa-b8fb-45ea-a395-cb5b37d41b63,6,10,1,3,6,14,22,-8,2026,2026-05-26 22:35:05.934583+00
f12606ac-e0ec-4930-bcdf-b851e2d618f2,9aae628c-fe5d-4c4b-a20d-ac978d00b3a6,86565065-9546-46dd-81a0-0a34cc2520b1,16,25,3,7,15,23,41,-18,2026,2026-05-27 17:39:25.377347+00
ede91cae-8f06-4a17-ae81-7b4b6a3a1ddd,9aae628c-fe5d-4c4b-a20d-ac978d00b3a6,f798ddf3-cc7e-4192-bf39-ba02037de636,32,26,9,5,12,26,35,-9,2026,2026-05-27 17:39:26.461308+00
e3648ea2-4a10-48fe-872c-36fd1768dda8,b01ef2e0-298f-4313-a093-680715e25fec,8e8e5739-6252-4672-924a-914065368c68,42,27,13,3,11,40,36,4,2026,2026-05-27 17:39:37.819246+00
5001a13a-c872-4a08-8802-974a3020d02c,9aae628c-fe5d-4c4b-a20d-ac978d00b3a6,2c8df76c-a28d-4753-b794-9bb1b5a7f162,43,24,12,7,5,32,26,6,2026,2026-05-27 17:39:18.226535+00
4e03c2e8-5cef-419d-b082-fa9ed834787b,9aae628c-fe5d-4c4b-a20d-ac978d00b3a6,0804026a-c72a-42de-98d7-a67f362f6af3,12,26,2,6,18,18,52,-34,2026,2026-05-27 17:39:27.224161+00
f689ab1c-56ef-4668-a8b7-6b9cc03e8236,9aae628c-fe5d-4c4b-a20d-ac978d00b3a6,0ba1e022-1272-40f8-9c21-eb2c763026c0,33,26,10,3,13,32,38,-6,2026,2026-05-27 17:39:26.557741+00
a0b7b483-9788-48cc-925d-fe570b27130c,9aae628c-fe5d-4c4b-a20d-ac978d00b3a6,d15a1705-2a36-46a8-aec8-8913c3919e58,40,24,12,4,8,27,21,6,2026,2026-05-27 17:39:17.530539+00
00eb304c-2639-4fa4-a346-442453c46f9a,9aae628c-fe5d-4c4b-a20d-ac978d00b3a6,5d8606ac-4c37-4a2b-8c05-11cd052f3e66,31,24,8,7,9,33,30,3,2026,2026-05-27 17:39:21.264156+00
db0daf60-9e04-42b5-a29b-62d1b1789b71,9aae628c-fe5d-4c4b-a20d-ac978d00b3a6,3c43da40-8301-4ae8-aa3c-86c69b5ec35f,23,25,6,5,14,31,40,-9,2026,2026-05-27 17:39:26.557741+00
7d3853c8-f62a-4c08-a315-d791bdc0507e,9aae628c-fe5d-4c4b-a20d-ac978d00b3a6,ad703211-2cf4-4146-9945-1183a37ad515,38,24,11,5,8,28,25,3,2026,2026-05-27 17:39:17.637244+00
8379562a-0012-429d-9595-bba6c533c7da,9aae628c-fe5d-4c4b-a20d-ac978d00b3a6,dba149bf-a1f1-43cc-af05-c455da75d115,42,24,13,3,8,33,25,8,2026,2026-05-27 17:39:22.054863+00
fb6e4a23-761a-4cb0-8287-9dd589955d98,9aae628c-fe5d-4c4b-a20d-ac978d00b3a6,a9771059-dbd0-4c33-8254-3aaf14885c9c,45,24,14,3,7,33,25,8,2026,2026-05-27 17:39:22.140009+00
d8ba885d-7673-4118-8fd8-4134dd6ed734,edb83ebc-95c3-4f26-99b3-0b758a5d08c6,a33d67f9-f5ce-4f0e-8759-11e3bd705ac6,17,10,5,2,3,21,18,3,2026,2026-05-26 22:35:03.832505+00
9b7e22e3-6233-4174-807e-ed141a9c603c,edb83ebc-95c3-4f26-99b3-0b758a5d08c6,e0e4ca78-504f-497c-8096-ff4d4e9ee041,8,10,2,2,6,17,25,-8,2026,2026-05-26 22:35:03.832505+00
a0beb44a-62ff-48d7-97ae-abe6ef31f474,edb83ebc-95c3-4f26-99b3-0b758a5d08c6,fae5418f-5618-4583-a774-fe4643550fd2,12,10,2,6,2,19,18,1,2026,2026-05-26 22:35:04.502311+00
a369e172-22c9-4e37-8fd8-1c708a2fef5c,edb83ebc-95c3-4f26-99b3-0b758a5d08c6,c76f139d-344d-4254-9516-933e540cbb2c,16,10,4,4,2,21,17,4,2026,2026-05-26 22:35:04.502311+00
65875bdf-5bed-4297-bc00-50ff029cd083,edb83ebc-95c3-4f26-99b3-0b758a5d08c6,b5b52f3a-7a6e-4cd6-9332-c2b874e3398b,18,11,5,3,3,22,21,1,2026,2026-05-26 22:35:04.725068+00
1714643b-1b7a-4c5a-9c34-f75b0fa13d1a,edb83ebc-95c3-4f26-99b3-0b758a5d08c6,47bddd3b-af10-40b5-ae88-3ae340f13758,16,11,4,4,3,19,17,2,2026,2026-05-26 22:35:04.725068+00
e6a40cd2-8c65-4def-a66b-14b00a702f5e,edb83ebc-95c3-4f26-99b3-0b758a5d08c6,3df8e77c-b4c6-4719-bdf4-e6a4006c0655,17,10,5,2,3,30,24,6,2026,2026-05-26 22:35:04.935141+00
fe4d065f-7d4f-4125-b970-31110f157dad,edb83ebc-95c3-4f26-99b3-0b758a5d08c6,e1fc94b5-ade4-4e17-81e2-49026b5a2a38,18,10,6,0,4,25,19,6,2026,2026-05-26 22:35:04.935141+00
210912de-0f52-4ec8-9786-0bbd3a3290a3,edb83ebc-95c3-4f26-99b3-0b758a5d08c6,77d699bb-b99d-4204-b605-2fe9b4d62196,20,10,6,2,2,22,17,5,2026,2026-05-26 22:35:05.160972+00
eae3885e-8dda-4857-8f84-e8e89377d976,9aae628c-fe5d-4c4b-a20d-ac978d00b3a6,265f5197-ea45-4b9e-bd1a-4a7e2c6113bb,29,26,7,8,11,24,32,-8,2026,2026-05-27 17:39:26.648123+00
d3c42cdc-f5d0-4549-a97f-51ec309b3ba2,9aae628c-fe5d-4c4b-a20d-ac978d00b3a6,bf87d9e5-a845-4fae-bbe9-167ec1788d91,32,24,9,5,10,28,28,0,2026,2026-05-27 17:39:22.438833+00
f02634f7-32e5-451a-9c97-2162bbe1d99f,9aae628c-fe5d-4c4b-a20d-ac978d00b3a6,a36e75c7-b78c-4244-a2f6-c954543cb4f7,31,24,9,4,11,30,33,-3,2026,2026-05-27 17:39:22.569294+00
8584a667-c904-472d-af5e-78e552f63fba,9aae628c-fe5d-4c4b-a20d-ac978d00b3a6,237f1cc6-a446-4ee0-a66f-2b751b60a89a,39,24,11,6,7,38,28,10,2026,2026-05-27 17:39:22.754275+00
0132fde7-da98-4854-93bb-17cb38a55373,9aae628c-fe5d-4c4b-a20d-ac978d00b3a6,06487a77-e3fe-4f2f-b318-92b4c19193a8,30,24,7,9,8,21,23,-2,2026,2026-05-27 17:39:23.326029+00
99257bf6-d91e-4769-b397-faf8002c26ff,9aae628c-fe5d-4c4b-a20d-ac978d00b3a6,5ac3cc0f-d628-4a5d-803e-4896e0d81d89,23,25,6,5,14,26,41,-15,2026,2026-05-27 17:39:26.648123+00
4026bc08-7f34-43b6-8941-a9a3500406c4,9aae628c-fe5d-4c4b-a20d-ac978d00b3a6,ac71c79d-3be2-4d92-8033-1b27e9536f0b,34,26,10,4,12,33,36,-3,2026,2026-05-27 17:39:26.746464+00
0e7071fc-0070-4bb2-b2f6-9e6a80dd72dd,9aae628c-fe5d-4c4b-a20d-ac978d00b3a6,6eb1798e-59d7-4c98-9d08-722e1abc2993,29,24,8,5,11,25,30,-5,2026,2026-05-27 17:39:23.465586+00
7b4340c2-7e4a-444d-886c-7adad1958d32,9aae628c-fe5d-4c4b-a20d-ac978d00b3a6,7ad7bdce-336e-4b68-bcd0-18b9e911f919,21,24,5,6,13,28,45,-17,2026,2026-05-27 17:39:23.577499+00
f2ba336a-b57b-412d-9975-94a0d34c5d99,9aae628c-fe5d-4c4b-a20d-ac978d00b3a6,5be26380-e0f8-41a2-a0f3-f69c6e3db57f,31,24,8,7,9,26,28,-2,2026,2026-05-27 17:39:23.76321+00
5d9ff82e-d2c7-4c1c-81a5-1aad1711f516,9aae628c-fe5d-4c4b-a20d-ac978d00b3a6,bddac3a2-4334-45e8-9cd5-8bfcee924f53,17,24,4,5,15,20,39,-19,2026,2026-05-27 17:39:24.651612+00
ae457311-23ea-443e-9ba1-db17b02362fd,9aae628c-fe5d-4c4b-a20d-ac978d00b3a6,e98b5ea8-9546-4923-8a11-6dc53872fe88,35,26,10,5,11,29,30,-1,2026,2026-05-27 17:39:26.941542+00
52b881c3-59a0-4fd6-9e40-a7de8a8c8a3b,9aae628c-fe5d-4c4b-a20d-ac978d00b3a6,c05dc09f-5817-47b5-9050-94372983cfbe,26,25,7,5,13,33,40,-7,2026,2026-05-27 17:39:24.940315+00
78c5ecc7-2ddc-40b3-a76d-0aae9c3a8392,9aae628c-fe5d-4c4b-a20d-ac978d00b3a6,409cb3d6-d48d-413c-bd85-b1145e7ead4e,22,25,6,4,15,24,45,-21,2026,2026-05-27 17:39:26.941542+00
1290cb99-354b-4818-90fe-9d5c8c7e5fce,9aae628c-fe5d-4c4b-a20d-ac978d00b3a6,ec80af92-4794-4554-9053-4869298174c6,33,26,10,3,13,29,35,-6,2026,2026-05-27 17:39:27.03431+00
a78ac671-e453-4259-a11d-4da2c75d46de,9aae628c-fe5d-4c4b-a20d-ac978d00b3a6,566a8525-eac0-42ca-ab46-cc19b5a5d1f2,25,26,7,4,15,28,39,-11,2026,2026-05-27 17:39:27.127783+00
ae40912f-db2d-4def-b7eb-f4a9e2dfd1b4,9aae628c-fe5d-4c4b-a20d-ac978d00b3a6,d1ee42b8-e3a8-45e5-97e6-308c4e6b4823,41,25,11,8,6,31,25,6,2026,2026-05-27 17:39:27.127783+00
4e92771f-5057-4979-ba19-d73d3e256972,b01ef2e0-298f-4313-a093-680715e25fec,52b34eb7-6757-49c1-94c4-219a75ad3e7e,36,27,10,6,11,34,33,1,2026,2026-05-27 17:39:38.21519+00
894ce2a6-e34e-4cc0-98bc-e66d3cd6175c,b01ef2e0-298f-4313-a093-680715e25fec,92e81598-c474-4b93-9209-91af93ad1510,25,25,6,7,12,30,40,-10,2026,2026-05-27 17:39:38.21519+00
8463da26-ad89-4612-8b74-3a9512ea9bc8,b01ef2e0-298f-4313-a093-680715e25fec,2c35282b-ec1a-4b45-926c-72547d8c89aa,37,25,10,7,8,35,33,2,2026,2026-05-27 17:39:38.27926+00
4a132da0-e05c-405c-ac93-7ddacf3743eb,b01ef2e0-298f-4313-a093-680715e25fec,037c9019-1a44-4d96-a94b-64fb41b058bf,36,25,9,9,7,33,26,7,2026,2026-05-27 17:39:38.322453+00
27a4d72e-18ea-4f21-8417-8c0f13072cc9,9aae628c-fe5d-4c4b-a20d-ac978d00b3a6,11df1949-ea85-4eeb-b986-eff923672557,40,24,12,4,8,37,21,16,2026,2026-05-27 17:39:17.333534+00
3afdce9d-9a11-4b78-8e58-f369bf7dd7f6,5fcb1150-e2f4-461d-a294-1ca566b59b50,3cb424e1-5708-4ab2-b390-72e3e3505f3e,42,26,13,3,10,33,27,6,2026,2026-05-27 18:42:09.682462+00
22cfef6d-91ee-476a-86bb-ed64a7c01437,b01ef2e0-298f-4313-a093-680715e25fec,da8a40a7-1583-4970-ac79-a5cdbaf84e67,33,27,9,6,12,32,37,-5,2026,2026-05-27 17:39:37.559326+00
425c55eb-13c3-4a14-b1dc-9e79d63b0fdb,5fcb1150-e2f4-461d-a294-1ca566b59b50,bebb82cd-0c53-4fd4-a0f3-44ec8b5301d4,31,26,8,7,11,27,30,-3,2026,2026-05-27 18:42:09.682462+00
018c850e-3c97-43d5-b10a-42424a6062d9,5fcb1150-e2f4-461d-a294-1ca566b59b50,56de45a2-5e64-4806-8a44-7a7bc1bf4c2a,31,26,6,13,7,31,33,-2,2026,2026-05-27 18:42:09.682462+00
8e07e844-4b18-4551-9d99-9c5cd1977589,5fcb1150-e2f4-461d-a294-1ca566b59b50,4d3eccdb-eb34-42b9-912d-5884fc290420,34,26,8,10,8,24,27,-3,2026,2026-05-27 18:42:09.682462+00
46cfb71c-4079-4f1e-88d0-4789693d79dc,5fcb1150-e2f4-461d-a294-1ca566b59b50,6941a9c6-8d2d-4029-9df0-8eb3c4255493,27,26,7,6,13,31,41,-10,2026,2026-05-27 18:42:09.682462+00
ecb417e9-c040-4370-b648-8c5d46165a1e,5fcb1150-e2f4-461d-a294-1ca566b59b50,7dc383db-4160-4a08-b4b0-a3fa14a23cdd,34,26,10,4,12,28,33,-5,2026,2026-05-27 18:42:09.682462+00
bb71f6e3-b2fc-4107-b614-e49380155e2d,5fcb1150-e2f4-461d-a294-1ca566b59b50,e9557a9f-32d7-40cb-bed3-1ae214cf9f9a,41,26,11,8,7,34,26,8,2026,2026-05-27 18:42:09.682462+00
ba0384c2-b978-4fe8-b16a-553d2d74b2c3,5fcb1150-e2f4-461d-a294-1ca566b59b50,e6731bf1-a9d0-45a6-914e-b00a927467ba,32,26,9,5,12,34,41,-7,2026,2026-05-27 18:42:09.682462+00
74ab0567-e382-491d-ba5e-781a9a379fe8,c6633490-aa31-4fe7-a342-42bfe744343b,ccd6a4b6-d81e-4095-b634-bd86586fabbb,30,27,8,6,13,35,41,-6,2026,2026-05-27 21:06:42.887934+00
4d907021-0b1b-48f7-b997-fb599f84a8d9,c6633490-aa31-4fe7-a342-42bfe744343b,c668151f-e0f4-451d-b735-c6bba3d2aa6a,39,27,11,6,10,32,36,-4,2026,2026-05-27 21:06:42.887934+00
a2995575-f879-4c05-8efe-7d96a12ad9d8,5fcb1150-e2f4-461d-a294-1ca566b59b50,72e21302-fce5-440a-b886-266ebfe52e1d,35,26,10,5,11,33,33,0,2026,2026-05-27 18:42:09.682462+00
971436c0-1f9c-4ff8-9872-69160663213b,5fcb1150-e2f4-461d-a294-1ca566b59b50,4da724a1-9168-49f5-81fa-3d7f1c6fd2ab,30,26,9,3,14,31,31,0,2026,2026-05-27 18:42:09.682462+00
ada3c751-7799-45cf-91d9-5ab3c67b7d00,5fcb1150-e2f4-461d-a294-1ca566b59b50,8305b3ff-2c35-4e13-9a48-454918b92a70,42,26,12,6,8,37,34,3,2026,2026-05-27 18:42:09.682462+00
1c705883-1430-4014-8211-8f0a98640002,5fcb1150-e2f4-461d-a294-1ca566b59b50,e2e1156f-c2c7-419d-84f1-1b1d463c3360,29,26,6,11,9,30,37,-7,2026,2026-05-27 18:42:09.682462+00
2a656be0-4b63-4b2e-9aae-e326a359bc48,5fcb1150-e2f4-461d-a294-1ca566b59b50,29fdce07-39fd-4f94-b5eb-7de51f61eb53,36,26,9,9,8,33,30,3,2026,2026-05-27 18:42:09.682462+00
a333426c-1cbf-4dba-933e-16c8c6b8de3c,5fcb1150-e2f4-461d-a294-1ca566b59b50,d1f81151-30ec-4138-981d-c071c30df225,34,26,10,4,12,29,35,-6,2026,2026-05-27 18:42:09.682462+00
4fc39f00-8e9a-4f59-beca-cfc250be1a63,5fcb1150-e2f4-461d-a294-1ca566b59b50,e8a3a1a0-00f6-4c0a-9dbb-393b11a45d41,50,26,15,5,6,47,32,15,2026,2026-05-27 18:42:09.682462+00
0f718a01-9d02-455d-8764-d0a1de99c66c,5fcb1150-e2f4-461d-a294-1ca566b59b50,a503d9ad-11f1-447f-89af-7a98f095298d,44,26,13,5,8,32,24,8,2026,2026-05-27 18:42:09.682462+00
485770a3-1cf8-4397-b321-d3845570e976,c6633490-aa31-4fe7-a342-42bfe744343b,4596d76b-315b-4119-939a-8de1a67a4bca,31,26,8,7,11,32,35,-3,2026,2026-05-27 21:06:42.887934+00
191ccde1-5cd0-4300-9fe2-e527c6b1dc6b,b01ef2e0-298f-4313-a093-680715e25fec,5a8a7f63-ebf9-432b-8f9b-0ea9eb5eef05,24,27,5,9,13,30,43,-13,2026,2026-05-27 17:39:37.92727+00
82e901b0-6406-4118-85f3-0efcc2dba82c,b01ef2e0-298f-4313-a093-680715e25fec,ba41ea78-76ea-4cb4-9636-cf16997a183b,46,26,12,10,4,39,29,10,2026,2026-05-27 17:39:38.367637+00
40898c46-23a3-43f7-865d-17eefc49efc3,9aae628c-fe5d-4c4b-a20d-ac978d00b3a6,ce699a0d-2455-40a6-b2d7-8cabe87825db,49,25,15,4,6,36,21,15,2026,2026-05-27 17:39:17.333534+00
3cb1c966-5ec6-4118-b9d3-8332b0e99255,9aae628c-fe5d-4c4b-a20d-ac978d00b3a6,b8ad696a-a426-49c2-bdc8-b01793b4210c,50,25,14,8,3,36,21,15,2026,2026-05-27 17:39:22.569294+00
1d00b982-ad42-4b9e-b208-09d477ac9fe7,9aae628c-fe5d-4c4b-a20d-ac978d00b3a6,2af76dab-0f3b-4888-b45a-d82d2ead94b7,38,26,10,8,8,38,35,3,2026,2026-05-27 17:39:24.558844+00
57d45383-9f38-4b7e-9190-950d49afb688,9aae628c-fe5d-4c4b-a20d-ac978d00b3a6,8067d333-90ca-4c37-83a3-070d01d19f9c,36,26,10,6,10,31,29,2,2026,2026-05-27 17:39:26.33576+00
5e70f1b8-82e4-4786-a35d-ddafa57e65bc,9aae628c-fe5d-4c4b-a20d-ac978d00b3a6,a27cdd07-de20-445a-a22c-527ef9f7e918,22,25,6,4,15,29,46,-17,2026,2026-05-27 17:39:26.33576+00
f72a5224-5f82-4aeb-b575-9774e6857e4f,9aae628c-fe5d-4c4b-a20d-ac978d00b3a6,46b3f112-3cc5-44de-9d28-73d085189197,34,25,10,4,11,31,32,-1,2026,2026-05-27 17:39:26.746464+00
66a0dc98-90ba-4514-be9c-89be5354839c,64c7f702-f2e2-4987-b82a-9d550d446f2e,3b99115f-85e1-4030-84f5-693222d4d9c2,37,26,10,7,9,31,28,3,2026,2026-05-27 18:42:09.682462+00
76129279-992b-42a9-81a3-599512557431,85e98474-9e1e-422a-a371-96f0209b7a4a,56126c54-1a1c-4d31-9b1f-72bef1d0ddd1,32,27,8,8,11,36,41,-5,2026,2026-05-27 18:43:45.672623+00
92c6e4e1-e381-4e1f-9c5b-24a2738c6418,85e98474-9e1e-422a-a371-96f0209b7a4a,29c0c282-a24b-44c5-9186-e2f4f9915e27,36,27,11,3,13,38,38,0,2026,2026-05-27 18:43:45.672623+00
ca8ebf5f-3f57-4bbf-add1-b75c12b7ff02,85e98474-9e1e-422a-a371-96f0209b7a4a,67a6a4f6-39b6-4b08-908a-82c50f98d6e4,44,27,12,8,7,41,30,11,2026,2026-05-27 18:43:45.672623+00
d514fe8e-18a5-4d89-9fce-f7810e1c4708,64c7f702-f2e2-4987-b82a-9d550d446f2e,4de337ca-c295-402c-8330-0913de6cb119,36,26,10,6,10,31,30,1,2026,2026-05-27 18:42:09.682462+00
a6d50f4e-3c08-4d87-ac05-c402ffd7df50,64c7f702-f2e2-4987-b82a-9d550d446f2e,ec81d16d-46d5-4a41-822e-19576a5d65d8,22,26,5,7,14,20,31,-11,2026,2026-05-27 18:42:09.682462+00
39c02469-7c1e-491f-9a7c-ad5e3787f789,33363f68-fc09-4fc7-941f-4ca6b89d4101,596f7b57-127f-4538-a43d-4d41e3346f7e,13,8,3,4,1,12,6,6,2026,2026-05-27 17:40:20.60555+00
cdb0e0bf-b776-432b-bd21-a80f266db08d,64c7f702-f2e2-4987-b82a-9d550d446f2e,f29fadd1-d173-4ab4-a412-0d7cc4aa20d2,39,26,11,6,9,35,31,4,2026,2026-05-27 18:42:09.682462+00
bea26c77-0939-42ed-aad9-0064192c0389,64c7f702-f2e2-4987-b82a-9d550d446f2e,8c74f7f0-f5bc-4170-adbc-c0b044828450,33,26,9,6,11,26,30,-4,2026,2026-05-27 18:42:09.682462+00
e1a23d59-470e-4838-8ca8-ce3cfe2653ef,64c7f702-f2e2-4987-b82a-9d550d446f2e,5b01c2c8-1e67-4f79-8f68-a4af8340126f,29,26,8,5,13,29,37,-8,2026,2026-05-27 18:42:09.682462+00
e31521e6-9c04-465b-8214-4d1512315717,64c7f702-f2e2-4987-b82a-9d550d446f2e,393d9235-5d36-45f6-98db-cd4966e62e32,39,26,11,6,9,36,29,7,2026,2026-05-27 18:42:09.682462+00
0124907a-99b1-4caa-bcce-8c4d6104278f,64c7f702-f2e2-4987-b82a-9d550d446f2e,848e1d6b-9a47-4c65-aad2-a6585c807f08,40,26,12,4,10,32,32,0,2026,2026-05-27 18:42:09.682462+00
b42268ee-e763-4a56-a738-268e52be597f,64c7f702-f2e2-4987-b82a-9d550d446f2e,02ab4005-d36c-4fef-90e2-1fb0af790162,39,26,10,9,7,38,30,8,2026,2026-05-27 18:42:09.682462+00
46405786-0e29-49b0-82d8-2a82f5e334bb,64c7f702-f2e2-4987-b82a-9d550d446f2e,264b3d8e-9934-4c71-842e-11bca8d2672c,43,26,13,4,9,30,24,6,2026,2026-05-27 18:42:09.682462+00
13b78a0b-9ce8-4d8b-9de1-4b65b38189a9,64c7f702-f2e2-4987-b82a-9d550d446f2e,11c396de-7715-4f28-bb87-d4d775de3abc,39,26,12,3,11,31,36,-5,2026,2026-05-27 18:42:09.682462+00
d76a9a9f-59f8-42e5-8f08-8111d5e69aec,b01ef2e0-298f-4313-a093-680715e25fec,ad3b9b9d-c270-469c-aa81-6f099e8248f4,40,26,11,7,8,32,26,6,2026,2026-05-27 17:39:37.819246+00
bcb389bc-3c46-4194-84a6-196128153276,b01ef2e0-298f-4313-a093-680715e25fec,fc9f3bf1-254d-4f58-bdef-7c62f1a4c0d5,40,27,10,10,7,32,31,1,2026,2026-05-27 17:39:37.874142+00
cc7b05d3-1096-4738-92a2-383eb51f23ca,b01ef2e0-298f-4313-a093-680715e25fec,6a1577e7-ebc0-4e46-ba91-c12df3624c05,42,25,11,9,5,36,26,10,2026,2026-05-27 17:39:38.322453+00
e3ec0768-7ddb-4d56-aaf4-2196b0655990,64c7f702-f2e2-4987-b82a-9d550d446f2e,555f456f-c410-4a44-a5f3-ca5be3880f39,31,26,8,7,11,24,28,-4,2026,2026-05-27 18:42:09.682462+00
eb1bb6f0-ff12-4550-9cda-e3d19a737d31,64c7f702-f2e2-4987-b82a-9d550d446f2e,db2da291-7f64-4160-99a5-5ade37b4e344,43,26,12,7,7,33,28,5,2026,2026-05-27 18:42:09.682462+00
9a0bd2fe-e688-400a-ac0f-7bf9b7d72466,64c7f702-f2e2-4987-b82a-9d550d446f2e,a3e33f6a-4994-403b-ae69-97a34844afd4,42,26,11,9,6,30,23,7,2026,2026-05-27 18:42:09.682462+00
732281ce-1f2b-496d-b6f8-e3c050f8ecae,64c7f702-f2e2-4987-b82a-9d550d446f2e,a5c46b29-10ec-4f11-8f60-0a88b4c089de,19,26,3,10,13,27,39,-12,2026,2026-05-27 18:42:09.682462+00
4f8d3073-523d-4b19-b2cb-adcc2d37c903,64c7f702-f2e2-4987-b82a-9d550d446f2e,332b701f-ad37-4daf-9837-69eb51e795b8,44,26,14,2,10,33,30,3,2026,2026-05-27 18:42:09.682462+00
5d2304d4-6b7b-44bc-b4db-7739df46c8cd,c6633490-aa31-4fe7-a342-42bfe744343b,b6c4d896-81d4-44be-9b5d-8723e9fbf102,38,26,10,8,8,37,36,1,2026,2026-05-27 21:06:42.887934+00
e95759f7-bfbf-4cb2-9818-22c6aa957c47,c6633490-aa31-4fe7-a342-42bfe744343b,57e2f7e3-e51c-4034-817e-f4ca045ef1f9,36,26,10,6,10,38,38,0,2026,2026-05-27 21:06:42.887934+00
7ce1bcfc-d3fa-45a0-9aef-b2e46d29e532,c6633490-aa31-4fe7-a342-42bfe744343b,9f669fba-aee1-4463-a6ac-ab603f4e9bfe,44,27,13,5,9,38,32,6,2026,2026-05-27 21:06:42.887934+00
6cfb82ae-d4a0-4878-99bb-93cfa344fa26,c6633490-aa31-4fe7-a342-42bfe744343b,f9aaf215-5012-4ebc-a3cc-61086ab7e8d3,36,27,11,3,13,32,38,-6,2026,2026-05-27 21:06:42.887934+00
d4b1fbd8-d940-47ec-8d62-127efbb0820c,9aae628c-fe5d-4c4b-a20d-ac978d00b3a6,773f8368-4f9b-4371-8bdc-ccab5255e128,44,24,11,11,2,36,22,14,2026,2026-05-27 17:39:12.615246+00
06d35490-1ce0-4ebb-81fb-7969ab58edba,c6633490-aa31-4fe7-a342-42bfe744343b,3be87666-d9f7-4832-85ca-7442000fbbe9,38,27,11,5,11,40,43,-3,2026,2026-05-27 21:06:42.887934+00
2fb1fb70-3ebc-420c-8196-107390fa87ab,9aae628c-fe5d-4c4b-a20d-ac978d00b3a6,a756525a-3319-47f9-a75c-8c690e600108,43,25,12,7,6,37,25,12,2026,2026-05-27 17:39:17.432915+00
0a8fc735-1692-4ca5-abbd-17f5390334d7,9aae628c-fe5d-4c4b-a20d-ac978d00b3a6,8d70275e-8328-4b91-a62a-bc43b77f67b6,25,24,6,7,11,28,31,-3,2026,2026-05-27 17:39:17.432915+00
994ce97a-4801-4e0d-aa94-047f8720a777,9aae628c-fe5d-4c4b-a20d-ac978d00b3a6,dea22a0f-f51f-4941-924e-af6a8c046ca0,37,26,10,7,9,36,33,3,2026,2026-05-27 17:39:25.377347+00
a62d5858-5f7e-479b-aa16-7f1b449884ff,9aae628c-fe5d-4c4b-a20d-ac978d00b3a6,0dab71fa-a315-4ee7-bede-923510a32054,25,26,6,7,13,32,40,-8,2026,2026-05-27 17:39:26.833585+00
0cbe41b7-f36c-43d7-9ecf-5b56d767db7d,9aae628c-fe5d-4c4b-a20d-ac978d00b3a6,36baa1ef-e950-44f9-b0e4-aeb5bc1bfb2a,24,25,6,6,13,24,38,-14,2026,2026-05-27 17:39:27.03431+00
e7eb7f2f-6bd6-4ed4-a016-d4ef2262da97,e7a86a61-9a63-45ad-9e1b-a76dee440860,1bf87597-386d-4269-891e-115eaccc3161,36,27,10,6,11,31,31,0,2026,2026-05-27 21:06:46.34373+00
a9f77a03-e917-4fb0-abe2-289e7aaadc61,e7a86a61-9a63-45ad-9e1b-a76dee440860,c22e19e8-a9b3-4b9c-aaff-8bad96b4980d,50,27,15,5,7,47,33,14,2026,2026-05-27 21:06:46.34373+00
0215b9c9-1afe-45e4-a61d-8548ebf344e8,e7a86a61-9a63-45ad-9e1b-a76dee440860,540450e1-671b-4edb-b176-1202a161b619,29,27,7,8,12,26,35,-9,2026,2026-05-27 21:06:46.34373+00
2fa02957-32ce-4ba6-a3f1-1efc984297dd,e7a86a61-9a63-45ad-9e1b-a76dee440860,6b4ef4d6-165f-4b6d-be85-6899f6c85df6,41,27,11,8,8,36,32,4,2026,2026-05-27 21:06:46.34373+00
63f2a269-a246-47ae-8be3-a7815c0cbdbe,e7a86a61-9a63-45ad-9e1b-a76dee440860,d0ec6a43-6908-45a3-835a-66e1c79e94f9,32,27,9,5,13,34,44,-10,2026,2026-05-27 21:06:46.34373+00
1a879920-017d-4dc1-bdbd-5783096a620c,e7a86a61-9a63-45ad-9e1b-a76dee440860,62c86d0e-2799-4ec1-8acc-94974e5127a4,39,27,11,6,10,32,29,3,2026,2026-05-27 21:06:46.34373+00
db5fc647-49c0-40b3-b2b0-9f1acc00536f,e7a86a61-9a63-45ad-9e1b-a76dee440860,c578320e-8b78-485a-8401-01d96501f817,29,27,8,5,14,31,33,-2,2026,2026-05-27 21:06:46.34373+00
13fa43fb-09dc-460a-af7b-f0063a6ce41e,ea55523a-ea06-4df5-9a35-57015ba3b315,b2a2592a-190e-4330-a6a5-22a71027c26c,43,27,12,7,8,33,24,9,2026,2026-05-27 21:06:57.439773+00
e667d885-2f20-4aaa-bf4f-57fca01500b2,ea55523a-ea06-4df5-9a35-57015ba3b315,56a3ee5f-f8da-4047-819f-bd6385161079,29,27,8,5,14,30,38,-8,2026,2026-05-27 21:06:57.439773+00
6c75d648-6a5c-4849-8a56-fc5787c1bdee,ea55523a-ea06-4df5-9a35-57015ba3b315,9ec5750b-177f-40e9-836a-d660acc97164,44,27,12,8,7,36,31,5,2026,2026-05-27 21:06:57.439773+00
54e47039-23ca-4316-8c53-b0755f57cf59,85e98474-9e1e-422a-a371-96f0209b7a4a,69e492cc-90c8-4cf1-aade-5803b82cd9d5,44,27,13,5,9,38,29,9,2026,2026-05-27 18:43:45.672623+00
b0d13ffa-5eb1-4471-83cc-ebbb897422f1,b01ef2e0-298f-4313-a093-680715e25fec,9c927bd6-5f9e-44b4-9f71-e267789ef874,25,25,5,10,10,32,36,-4,2026,2026-05-27 17:39:37.92727+00
2f639045-51f1-40aa-bd16-f4dddf0f04c8,b01ef2e0-298f-4313-a093-680715e25fec,e5754f41-5d11-44f4-a4a6-d3d96898bc54,37,26,10,7,9,28,33,-5,2026,2026-05-27 17:39:38.27926+00
320ec738-13b1-4f30-b3ae-281722fa9d7a,93fd0ad6-688d-44bc-a701-3152afe1b197,07aff4e2-bfb1-4642-9fef-76d182d48cec,40,27,11,7,9,46,38,8,2026,2026-05-27 21:06:54.146552+00
df0b5f56-78a9-4eb0-becf-d5e8aa9b3de1,93fd0ad6-688d-44bc-a701-3152afe1b197,4973da91-8ad1-42ba-abb1-bccfb8b84c05,46,27,14,4,9,44,35,9,2026,2026-05-27 21:06:54.146552+00
80b3d0b1-dc05-4a33-8d22-800c305f7190,93fd0ad6-688d-44bc-a701-3152afe1b197,eca20355-f2b7-40ac-954a-2d8c69a99bd2,49,27,15,4,8,35,27,8,2026,2026-05-27 21:06:54.146552+00
1934810e-8ade-44fb-a77c-4bc920dcad9f,93fd0ad6-688d-44bc-a701-3152afe1b197,1f9a3ea3-46a1-447d-9bb8-8ee88389104b,42,27,12,6,9,36,30,6,2026,2026-05-27 21:06:54.146552+00
bbd0e4bc-9e96-4fc3-8b39-3d7b832929c9,93fd0ad6-688d-44bc-a701-3152afe1b197,6c1064a2-749a-416c-85c7-d0ddc3e7e757,29,27,7,8,12,31,40,-9,2026,2026-05-27 21:06:54.146552+00
e8cf9adc-a056-4c5b-a1ee-4a11fa76c9e3,c8fd86b1-50fd-4dd0-aa63-576d3028bf2e,fa22ef8e-b5bb-4b15-b1ac-e1eba4e78a11,44,26,13,5,8,42,34,8,2026,2026-05-27 19:58:50.14721+00
dec05671-3c2d-4316-b9df-86a7ecb7a76b,c8fd86b1-50fd-4dd0-aa63-576d3028bf2e,101b0596-0a74-47c7-8f70-94549ed3850a,33,27,8,9,10,25,31,-6,2026,2026-05-27 19:58:50.14721+00
1ec9a88a-30f1-44fa-8d0c-b2ba33ee8c78,9aae628c-fe5d-4c4b-a20d-ac978d00b3a6,d41ad6dd-04e9-4f5e-a0a5-0f8e78122df2,40,25,11,7,7,38,29,9,2026,2026-05-27 17:39:17.530539+00
656c8c42-fc34-4b10-b9e4-b71fb3c698f4,9aae628c-fe5d-4c4b-a20d-ac978d00b3a6,ad9105d8-6b80-4bf5-b606-9f751ccbc673,37,25,10,7,8,25,22,3,2026,2026-05-27 17:39:21.264156+00
5330854d-70b9-470a-a645-8572ecbdef51,9aae628c-fe5d-4c4b-a20d-ac978d00b3a6,23741cad-693f-4b23-be85-11a8750a20a7,42,25,12,6,7,38,32,6,2026,2026-05-27 17:39:23.577499+00
326fbf3a-eb08-4838-b0c7-ffaf10836b0a,9aae628c-fe5d-4c4b-a20d-ac978d00b3a6,aa2c3270-5656-4939-be3d-96e080b9fd21,43,26,13,4,9,43,33,10,2026,2026-05-27 17:39:23.864386+00
bfdba6dd-7ee5-4e2e-9487-e8b7d20a08c4,9aae628c-fe5d-4c4b-a20d-ac978d00b3a6,65f6f25d-50c3-4f55-9586-38fad043d7fd,27,24,7,6,11,30,39,-9,2026,2026-05-27 17:39:23.968668+00
c96997bd-dd7c-42ce-896e-fa9b3634130f,9aae628c-fe5d-4c4b-a20d-ac978d00b3a6,bb500ff3-7022-41b9-99ee-4474ed493b18,27,24,8,3,13,28,35,-7,2026,2026-05-27 17:39:24.156137+00
a33b9849-f2d8-4eb6-8a40-fca276ea442b,9aae628c-fe5d-4c4b-a20d-ac978d00b3a6,33ff8868-a9c5-4d72-9300-3a6dc0608c69,31,26,8,7,11,30,35,-5,2026,2026-05-27 17:39:24.940315+00
5f32bceb-30a0-44dd-9e9a-9ce72e424921,9aae628c-fe5d-4c4b-a20d-ac978d00b3a6,50c4bd4b-340a-4121-8445-7cc900d7343f,35,25,10,5,10,29,33,-4,2026,2026-05-27 17:39:25.189271+00
74bdccd9-fdb5-4865-8539-797a80c942c0,9aae628c-fe5d-4c4b-a20d-ac978d00b3a6,a75abdce-f606-4a11-be06-eca5e97ba547,50,26,14,8,4,39,17,22,2026,2026-05-27 17:39:25.28288+00
f7cb001d-40ca-44b8-a7e8-d4b560780a37,c8fd86b1-50fd-4dd0-aa63-576d3028bf2e,03205468-8d1a-4c66-94cb-28ff69540aa6,45,27,13,6,8,38,35,3,2026,2026-05-27 19:58:50.14721+00
c6cc0843-e5b8-485c-b231-2a12441a7906,c8fd86b1-50fd-4dd0-aa63-576d3028bf2e,8caaa686-2d48-417f-8da9-78fd840cbfc2,35,27,8,11,8,31,37,-6,2026,2026-05-27 19:58:50.14721+00
d86e7cd0-db99-43ea-a330-307ae367bbac,c8fd86b1-50fd-4dd0-aa63-576d3028bf2e,543df64a-61d1-4266-81ec-70ea36cb7b1b,39,27,12,3,12,37,35,2,2026,2026-05-27 19:58:50.14721+00
fb61ed72-d2a5-4abc-b608-e4f4f3877b0c,85e98474-9e1e-422a-a371-96f0209b7a4a,1a6469e9-84d6-4baf-816c-24ab9743cc41,37,27,11,4,12,40,43,-3,2026,2026-05-27 18:43:45.672623+00
cd47a300-393c-4f2c-8cbf-63062731fca1,b01ef2e0-298f-4313-a093-680715e25fec,4293c2d5-e6b3-4f35-92f9-3a8064a57946,33,26,10,3,13,29,29,0,2026,2026-05-27 17:39:36.303674+00
f1200dcd-5ab7-418f-9bdd-67ff0f4d9445,ea55523a-ea06-4df5-9a35-57015ba3b315,e1fee8b8-87d1-446b-9e74-50b1714cec56,31,27,8,7,12,35,35,0,2026,2026-05-27 21:06:57.439773+00
984739d2-a0b2-4711-a697-8960e35cf9b3,ea55523a-ea06-4df5-9a35-57015ba3b315,e046473b-c893-469d-8655-864cfe0524d1,36,27,10,6,11,38,38,0,2026,2026-05-27 21:06:57.439773+00
b46da301-8f91-4833-8c49-fcb301aacb95,ea55523a-ea06-4df5-9a35-57015ba3b315,8c17e7a6-da83-4976-bd4d-2e5f20e88bbc,46,27,13,7,7,42,33,9,2026,2026-05-27 21:06:57.439773+00
44921ada-b4a1-4a62-810c-0ee7301c573c,ea55523a-ea06-4df5-9a35-57015ba3b315,5a8b8199-d5b6-4ba3-86c8-3da5be51e75a,30,27,8,6,13,29,38,-9,2026,2026-05-27 21:06:57.439773+00
352d54fd-9eaf-406c-b319-a4db2ce86187,ea55523a-ea06-4df5-9a35-57015ba3b315,65c758e0-8394-4962-8b40-9caa3940429c,38,27,11,5,11,31,36,-5,2026,2026-05-27 21:06:57.439773+00
2b78200d-3828-4756-961d-d695fcf87a6d,ea55523a-ea06-4df5-9a35-57015ba3b315,02e3f068-b15a-447a-b339-a9c644bf3ffd,37,27,10,7,10,39,38,1,2026,2026-05-27 21:06:57.439773+00
36eae58d-0ff9-4caa-a4ef-56d4455266eb,ea55523a-ea06-4df5-9a35-57015ba3b315,859994f5-621d-4d35-8324-ea4afcb366c9,42,27,11,9,7,36,30,6,2026,2026-05-27 21:06:57.439773+00
95f6e884-061e-4641-8e76-8dea64678e4a,33363f68-fc09-4fc7-941f-4ca6b89d4101,8975c63e-9f2f-48a7-b289-a67a14ba2723,12,9,3,3,3,12,13,-1,2026,2026-05-27 17:40:26.559928+00
6d22ad3d-e6dd-464c-ab76-ab35dcf6d756,33363f68-fc09-4fc7-941f-4ca6b89d4101,c9410117-abc8-412b-a1ab-09cac4fb6660,12,8,3,3,2,13,9,4,2026,2026-05-27 17:40:26.989181+00
3549bfeb-cdd1-48d2-8c9a-2d16a4c1f2ef,33363f68-fc09-4fc7-941f-4ca6b89d4101,af183d78-bffa-430d-9c6b-374f3b139a85,19,9,6,1,2,15,8,7,2026,2026-05-27 17:40:28.062947+00
5fba1a1e-c525-4a3d-aefc-e9e50f164e46,33363f68-fc09-4fc7-941f-4ca6b89d4101,d2c6e661-75f9-4bd6-9735-089565591445,15,9,5,0,4,8,11,-3,2026,2026-05-27 17:40:28.665052+00
eccc8b97-e987-4ea4-9060-867975c9f84a,33363f68-fc09-4fc7-941f-4ca6b89d4101,43ed5a04-6cb5-4213-9077-4e97b8b8a0fd,19,9,6,1,2,17,9,8,2026,2026-05-27 17:40:30.528764+00
db2f51ff-439a-4753-9b2e-a4ba3db37a76,33363f68-fc09-4fc7-941f-4ca6b89d4101,d0cc37a1-c9f8-4550-bffd-f0fc09dd7309,14,9,4,2,3,12,9,3,2026,2026-05-27 17:40:31.869815+00
aadb1578-38ab-4ee5-af18-add586f6b6e6,33363f68-fc09-4fc7-941f-4ca6b89d4101,f69eb143-d9cf-4c04-a3e2-61aaa64cdcf5,4,9,1,1,7,9,17,-8,2026,2026-05-27 17:40:32.012539+00
de68665a-625e-4a5c-a8ce-dc6f08d5fce3,9aae628c-fe5d-4c4b-a20d-ac978d00b3a6,d4d9801e-2c33-4f46-a3b9-11823afe3c52,41,25,12,5,8,34,27,7,2026,2026-05-27 17:39:17.637244+00
42efbb8e-9334-4814-9d63-280a6dd3cb2a,9aae628c-fe5d-4c4b-a20d-ac978d00b3a6,949d2c89-7233-4568-93ca-d9c731422caf,43,25,12,7,6,35,22,13,2026,2026-05-27 17:39:22.054863+00
4c33037e-e364-435e-a519-2aa2c374ff77,9aae628c-fe5d-4c4b-a20d-ac978d00b3a6,872cf372-7e96-4aee-a2ba-f694f257a0a7,35,25,9,8,8,32,29,3,2026,2026-05-27 17:39:22.754275+00
e579d041-6046-405a-b16d-ded8a4b0a9ad,9aae628c-fe5d-4c4b-a20d-ac978d00b3a6,4d9d6565-995d-43b0-9cd3-210ec10e198e,47,24,13,8,3,37,21,16,2026,2026-05-27 17:39:23.156363+00
480d6dda-f56e-4e11-bc9f-6cda062549f5,9aae628c-fe5d-4c4b-a20d-ac978d00b3a6,77c1be40-ee9f-4f42-8586-8c673d7de96e,17,24,3,8,13,19,37,-18,2026,2026-05-27 17:39:24.34897+00
d41c52ec-1cf4-47e7-8051-cd4f7014f2a7,9aae628c-fe5d-4c4b-a20d-ac978d00b3a6,d01330f7-9f01-4a98-a0ff-774f829f130f,40,26,9,13,4,25,21,4,2026,2026-05-27 17:39:24.453682+00
9dfe9201-4ff6-49b9-9196-fd4a10b2b808,9aae628c-fe5d-4c4b-a20d-ac978d00b3a6,77c07339-55b5-46a3-bbd7-1370625a6cf3,38,24,11,5,8,34,30,4,2026,2026-05-27 17:39:24.558844+00
1d1f90ca-f8d4-43d8-a57d-f44a3237101f,9aae628c-fe5d-4c4b-a20d-ac978d00b3a6,38dd072c-fd87-4bb7-aad3-f21218cacc7f,26,24,6,8,10,24,30,-6,2026,2026-05-27 17:39:24.749003+00
33c92f92-4130-4b2d-bab8-2cb080368c01,9aae628c-fe5d-4c4b-a20d-ac978d00b3a6,8224e9ed-b09e-445e-b398-67d64f780b01,43,26,12,7,7,40,33,7,2026,2026-05-27 17:39:24.84426+00
38607288-d6e1-4c32-8a96-815d446b212b,9aae628c-fe5d-4c4b-a20d-ac978d00b3a6,aff747c7-1fa9-4aa2-8f34-1c899d7201a0,27,26,7,6,13,29,37,-8,2026,2026-05-27 17:39:25.189271+00
6f3e74d9-a390-4790-8bd6-d4aab0515aee,33363f68-fc09-4fc7-941f-4ca6b89d4101,db6bc0c9-32a2-4e61-9cdb-ff50c26b5779,19,9,6,1,2,16,7,9,2026,2026-05-27 17:40:32.722546+00
46c62ad2-638a-4819-8381-4d314b75a685,33363f68-fc09-4fc7-941f-4ca6b89d4101,1dfc5930-3b92-4abf-a8aa-6eb8b9d73ab2,6,9,1,3,5,9,17,-8,2026,2026-05-27 17:40:33.154816+00
4957bbd2-7b53-49b5-911f-2e16e13b22bc,33363f68-fc09-4fc7-941f-4ca6b89d4101,08b54f25-10ac-440d-900d-ae8c8a9d52b0,19,10,6,1,3,13,7,6,2026,2026-05-27 17:40:33.335376+00
43672172-4423-4198-862c-12c794f29225,b01ef2e0-298f-4313-a093-680715e25fec,e2669839-a2b3-4702-848b-796902c73397,29,27,6,11,10,28,34,-6,2026,2026-05-27 17:39:37.559326+00
6169ca98-9349-4747-90e0-9c4010bb90e7,b01ef2e0-298f-4313-a093-680715e25fec,f7d8ab83-ef25-424c-a7b3-e399bcc8cc70,39,25,11,6,8,36,34,2,2026,2026-05-27 17:39:37.874142+00
ef5c0de6-13f0-4e0f-88a6-f61ec16a0eaa,85e98474-9e1e-422a-a371-96f0209b7a4a,cc8990e9-ec35-4c56-8f08-51aa25a603b4,26,27,7,5,15,25,40,-15,2026,2026-05-27 18:43:45.672623+00
c24281e5-46ea-4c36-bd87-f5a99dcec223,85e98474-9e1e-422a-a371-96f0209b7a4a,702f9d8e-e4ef-4f18-8d5d-f4b182f6b300,41,27,12,5,10,37,36,1,2026,2026-05-27 18:43:45.672623+00
5b31c7b6-209f-4747-b506-b469f7974867,85e98474-9e1e-422a-a371-96f0209b7a4a,68548974-2653-4c89-9c9e-45a464eefa62,33,27,9,6,12,32,34,-2,2026,2026-05-27 18:43:45.672623+00
b0a8fabb-828d-4305-ac75-073d4beed600,85e98474-9e1e-422a-a371-96f0209b7a4a,699d407e-e2b6-443f-8094-21d898d39e6a,45,27,13,6,8,37,32,5,2026,2026-05-27 18:43:45.672623+00
ebbbb607-2452-4ad4-9fc8-1f6d34073ef1,85e98474-9e1e-422a-a371-96f0209b7a4a,a66f2071-0159-4e15-8552-980d67fbaf2f,35,27,10,5,12,40,42,-2,2026,2026-05-27 18:43:45.672623+00
73d142dd-1298-4899-ab76-6a4c93572066,85e98474-9e1e-422a-a371-96f0209b7a4a,41c6b305-8433-48ed-a523-b27d937be3c0,25,27,6,7,14,30,38,-8,2026,2026-05-27 18:43:45.672623+00
4d52797a-85f1-4252-92a3-09862cd3c0bc,85e98474-9e1e-422a-a371-96f0209b7a4a,ae347f48-df43-4ab5-ad85-30c1f4e29a02,39,27,11,6,10,39,36,3,2026,2026-05-27 18:43:45.672623+00
bd416637-2dfc-40b3-ba11-c64a2745952b,33363f68-fc09-4fc7-941f-4ca6b89d4101,5caadff5-7aa6-45db-9f14-b20f5079ba92,17,9,5,2,2,12,7,5,2026,2026-05-27 17:40:26.854039+00
3d269efe-ecae-4c2f-abd6-0a3a46f18242,33363f68-fc09-4fc7-941f-4ca6b89d4101,78fe978a-a63c-4cba-99b2-1583bcfc0af4,10,8,2,4,2,9,10,-1,2026,2026-05-27 17:40:27.311907+00
caace284-a7b2-4a21-a3e5-88319ce9f6ef,33363f68-fc09-4fc7-941f-4ca6b89d4101,8604f126-75b4-4410-aeb9-16287dc873a7,22,9,7,1,1,16,4,12,2026,2026-05-27 17:40:27.582524+00
9245d4b3-6590-4754-af7b-38ca390a16a6,33363f68-fc09-4fc7-941f-4ca6b89d4101,c2a6e3f0-967b-426d-9ee5-ab348e0c2e8d,9,9,2,3,4,7,11,-4,2026,2026-05-27 17:40:28.255241+00
71672967-e0d8-451c-82ea-89b8492d7042,33363f68-fc09-4fc7-941f-4ca6b89d4101,f6b8f21a-77ba-4ca0-9a3d-3cc664690f43,12,9,3,3,3,14,13,1,2026,2026-05-27 17:40:28.872614+00
aecc2d2e-e294-4a0f-884c-b20b8f966cbf,33363f68-fc09-4fc7-941f-4ca6b89d4101,a321601d-90f9-478c-82eb-1567e19d4b74,13,9,4,1,4,13,12,1,2026,2026-05-27 17:40:30.659321+00
cf731079-2621-4b90-8a48-7aa973764ccc,33363f68-fc09-4fc7-941f-4ca6b89d4101,e108b412-9e0a-4b57-939d-f5a85b83dd56,18,9,5,3,1,19,15,4,2026,2026-05-27 17:40:31.27471+00
9587c1a1-9438-48e9-a877-302d78ddaef1,33363f68-fc09-4fc7-941f-4ca6b89d4101,04890c3f-bc34-48a2-83be-6794cd4e6ef3,12,9,3,3,3,10,9,1,2026,2026-05-27 17:40:31.534193+00
b50de177-e190-4a14-a980-ea2ebf5c6edf,33363f68-fc09-4fc7-941f-4ca6b89d4101,22bc87d5-64e6-4ceb-a183-8cd971a83f36,3,9,1,0,8,7,17,-10,2026,2026-05-27 17:40:32.722546+00
cc17aadb-39e8-4e5e-ba47-8d1ecd0a2008,85e98474-9e1e-422a-a371-96f0209b7a4a,d88f5997-c030-4133-8035-2dcb0c2aa4ac,34,27,9,7,11,40,41,-1,2026,2026-05-27 18:43:45.672623+00
4174078d-5f90-4850-9a35-e32074b3b764,85e98474-9e1e-422a-a371-96f0209b7a4a,23c0d290-59a4-4097-abfa-6912dcbe639e,37,27,10,7,10,32,33,-1,2026,2026-05-27 18:43:45.672623+00
8bf5f7b5-406a-475e-8ae0-3a8e3c1d71cc,33363f68-fc09-4fc7-941f-4ca6b89d4101,b6e5c717-8a6f-4cb9-af64-42367c4cd5ab,12,9,3,3,3,10,9,1,2026,2026-05-27 17:40:32.883432+00
bb5fa2bf-b3d1-477f-9793-5dfc95662b32,33363f68-fc09-4fc7-941f-4ca6b89d4101,e785d3c9-2b11-40e6-875d-4e2e2c6d10d8,20,10,6,2,2,17,7,10,2026,2026-05-27 17:40:33.154816+00
35902cce-474e-417b-a2cb-a6ec6d4ce8e3,33363f68-fc09-4fc7-941f-4ca6b89d4101,6b50ce8c-7392-4db5-9f7a-a1a9ac443543,6,9,2,0,7,12,21,-9,2026,2026-05-27 17:40:34.016694+00
802bc72e-e1a7-4779-a004-023bea7b6949,85e98474-9e1e-422a-a371-96f0209b7a4a,4f46a157-7bdc-4c1a-b61b-2372156b830a,55,27,17,4,6,42,27,15,2026,2026-05-27 18:43:45.672623+00
b9c1ac5a-1f4d-4fd4-a947-67779e9ef01c,85e98474-9e1e-422a-a371-96f0209b7a4a,b41010d3-24d8-4d32-9817-4a27ea3a8ce6,40,27,12,4,11,34,41,-7,2026,2026-05-27 18:43:45.672623+00
b7e3f224-d2ec-462c-bb77-020f076d1ad7,9aae628c-fe5d-4c4b-a20d-ac978d00b3a6,802bebc4-4a2d-4e1b-92be-d897404d91a2,43,25,13,4,8,32,26,6,2026,2026-05-27 17:39:18.226535+00
0f1ce29d-f314-4712-bcb7-58285df17cc3,9aae628c-fe5d-4c4b-a20d-ac978d00b3a6,bbe1ba48-6aab-4392-afac-f74629937390,35,24,10,5,9,30,27,3,2026,2026-05-27 17:39:23.864386+00
431a0d70-fb3a-46fe-83d9-97b736d38736,9aae628c-fe5d-4c4b-a20d-ac978d00b3a6,1945cd3c-6ca2-4218-af62-3ac6e4173ec4,42,26,11,9,6,35,29,6,2026,2026-05-27 17:39:25.096096+00
32fa4360-a166-4c30-ad8a-2e2c3e733c8e,9aae628c-fe5d-4c4b-a20d-ac978d00b3a6,726211bb-01c9-4c66-bc99-21266f7e0e28,12,25,1,9,15,22,50,-28,2026,2026-05-27 17:39:25.28288+00
71332bf8-26aa-411d-88bb-dd92e8ae796e,9aae628c-fe5d-4c4b-a20d-ac978d00b3a6,ae45200c-edce-4896-a633-0fd29ff3e5d3,25,25,6,7,12,27,38,-11,2026,2026-05-27 17:39:26.833585+00
10e9654e-b5a9-4e71-ae68-3aaf8347152c,c6633490-aa31-4fe7-a342-42bfe744343b,8c674111-5fd3-4589-a926-dea91944c3f1,53,27,15,8,4,44,26,18,2026,2026-05-27 21:06:42.887934+00
cf88d008-cb6f-4cd8-97fd-15f437e7648d,c6633490-aa31-4fe7-a342-42bfe744343b,c7706623-96cf-427e-812a-30e49c690c69,27,27,6,9,12,31,40,-9,2026,2026-05-27 21:06:42.887934+00
5a1dd1e8-2a77-43fa-a447-cd76cc31808e,c6633490-aa31-4fe7-a342-42bfe744343b,3662947f-56d8-456a-8972-75dee6332e38,32,27,8,8,11,36,35,1,2026,2026-05-27 21:06:42.887934+00
7fbf897b-468e-4483-a71e-cbbeb2be6e44,c6633490-aa31-4fe7-a342-42bfe744343b,388640d0-7a3d-4365-b98a-b1c46c5c2f79,39,27,11,6,10,35,37,-2,2026,2026-05-27 21:06:42.887934+00
ea47d42f-89d5-4c0f-92e2-3bc6c0964a37,c6633490-aa31-4fe7-a342-42bfe744343b,d57a260b-11d7-4ddd-baa4-66a3ce56bdb9,30,26,8,6,12,28,33,-5,2026,2026-05-27 21:06:42.887934+00
9a95372b-dc62-4ba0-9a85-010ddf6d9233,c6633490-aa31-4fe7-a342-42bfe744343b,c60af403-73b8-467e-b999-0590d10a47f9,41,27,10,11,6,39,33,6,2026,2026-05-27 21:06:42.887934+00
0c7dddd9-9078-4c59-9270-b1c04360a7de,c6633490-aa31-4fe7-a342-42bfe744343b,8b0e91ca-fa06-466f-9a3a-851738794f12,43,27,13,4,10,39,33,6,2026,2026-05-27 21:06:42.887934+00
18168105-f158-441f-a083-b0818bafd527,c6633490-aa31-4fe7-a342-42bfe744343b,491d9474-68a6-4cd4-be2f-5b1451170c60,33,27,9,6,12,38,38,0,2026,2026-05-27 21:06:42.887934+00
03283179-e685-4159-a419-88b3b6322b16,9aae628c-fe5d-4c4b-a20d-ac978d00b3a6,621b10fa-abcb-4afd-a9d9-22abe36cdb32,35,26,9,8,9,29,26,3,2026,2026-05-27 17:39:24.651612+00
cb7c9adb-e866-4847-a4eb-2e453f9c133b,9aae628c-fe5d-4c4b-a20d-ac978d00b3a6,6ad8ca44-353e-49bc-8c86-92611c3eb000,45,26,13,6,7,41,30,11,2026,2026-05-27 17:39:24.749003+00
02adde77-a05e-466f-9f27-7d1a6d883ff0,9aae628c-fe5d-4c4b-a20d-ac978d00b3a6,445dae24-c049-44da-9751-717944e7dc9e,19,25,5,4,16,25,43,-18,2026,2026-05-27 17:39:26.461308+00
6debd37c-35d4-4919-8d70-c9d1414b2212,33363f68-fc09-4fc7-941f-4ca6b89d4101,1a211217-a85f-453c-be3f-72f89fe64f94,13,8,4,1,3,11,9,2,2026,2026-05-27 17:40:26.854039+00
383c68ff-8cf9-43bb-9400-0bc0e68e660f,33363f68-fc09-4fc7-941f-4ca6b89d4101,5a52821c-780f-41b9-a8d2-c3a2ea06a61d,5,9,1,2,6,5,13,-8,2026,2026-05-27 17:40:27.928695+00
ec954927-7206-4247-8c19-442ced9c8aed,33363f68-fc09-4fc7-941f-4ca6b89d4101,ace884f7-8e93-4515-97a7-58aa0bf1a9ae,9,9,2,3,4,7,10,-3,2026,2026-05-27 17:40:27.928695+00
518c883f-4cad-4aeb-9217-940834230862,33363f68-fc09-4fc7-941f-4ca6b89d4101,97e4c6aa-fc84-4c8b-a0ed-c36ba8a95900,19,9,6,1,2,17,9,8,2026,2026-05-27 17:40:28.466735+00
7cf6ceef-0bd7-4b71-a29a-280d69e9b7ba,33363f68-fc09-4fc7-941f-4ca6b89d4101,c622bb95-e540-467a-8505-d4ac963f43df,9,9,2,3,4,10,15,-5,2026,2026-05-27 17:40:28.872614+00
d1095a11-d2f1-441f-91f3-baac1884087e,c8fd86b1-50fd-4dd0-aa63-576d3028bf2e,a1e0ccca-acb7-487c-a461-f59ca6a8e1f0,47,27,14,5,8,36,32,4,2026,2026-05-27 19:58:50.14721+00
ba5b397b-2cb9-4113-9c82-f668c40746c5,c8fd86b1-50fd-4dd0-aa63-576d3028bf2e,92b95421-321e-404c-8b19-d4575c8b2c7b,24,26,6,6,14,28,42,-14,2026,2026-05-27 19:58:50.14721+00
be55178d-1173-4320-9fe6-ed93ab6d6dab,c8fd86b1-50fd-4dd0-aa63-576d3028bf2e,eb0716a5-1e29-4ee4-b0f8-e75fcf8d3ec9,30,27,8,6,13,27,34,-7,2026,2026-05-27 19:58:50.14721+00
0a0d2454-d29b-4c86-b4bc-4f56fca4823a,c8fd86b1-50fd-4dd0-aa63-576d3028bf2e,675ff650-fd41-4dc8-ba62-671f05dc014b,39,27,11,6,10,34,29,5,2026,2026-05-27 19:58:50.14721+00
4ced1de2-00f6-4c47-85d9-2a70f79120a8,c8fd86b1-50fd-4dd0-aa63-576d3028bf2e,1deca4b1-8348-41b0-8abf-b3b30af61021,30,27,8,6,13,27,32,-5,2026,2026-05-27 19:58:50.14721+00
e8eddd84-fd50-486a-aa4a-91517d798540,c8fd86b1-50fd-4dd0-aa63-576d3028bf2e,9f70ce0b-2839-47ad-931d-874c43304ed6,38,27,10,8,9,41,37,4,2026,2026-05-27 19:58:50.14721+00
cbf9df1b-b319-4a8b-a4ed-faba2708599c,c8fd86b1-50fd-4dd0-aa63-576d3028bf2e,f487cc95-5b79-4b5f-b8c4-9dbbf7eafbf5,27,27,6,9,12,28,36,-8,2026,2026-05-27 19:58:50.14721+00
54c9e5c6-d257-4825-af04-1dd6f006dbfe,e7a86a61-9a63-45ad-9e1b-a76dee440860,847284fe-eb50-42e0-b086-106a47fac339,38,27,11,5,11,28,30,-2,2026,2026-05-27 21:06:46.34373+00
4bb84339-9775-45cb-b532-847d35b55195,e7a86a61-9a63-45ad-9e1b-a76dee440860,8cf3fe99-168d-48c1-adc1-3734ac16d594,47,27,13,8,6,33,22,11,2026,2026-05-27 21:06:46.34373+00
01fcef5f-03b9-4adb-a39d-d36ad7d3181d,e7a86a61-9a63-45ad-9e1b-a76dee440860,76792390-abf2-48a0-8a55-818d50431b52,34,27,9,7,11,36,35,1,2026,2026-05-27 21:06:46.34373+00
6de7606b-03b5-47fb-9ba7-95ac532d03fd,9aae628c-fe5d-4c4b-a20d-ac978d00b3a6,1af5786a-f297-4d43-8bb2-e7e016fbf81a,47,25,14,5,6,41,24,17,2026,2026-05-27 17:39:22.140009+00
5c9ae050-7ec2-405d-bb04-ddd36963afe8,9aae628c-fe5d-4c4b-a20d-ac978d00b3a6,60410f7e-3f3a-405e-a814-fc3db81afa52,37,25,11,4,10,34,31,3,2026,2026-05-27 17:39:22.438833+00
0551134a-59e5-4a47-8328-d2b8e65b5d55,9aae628c-fe5d-4c4b-a20d-ac978d00b3a6,67b44376-00d2-46c6-bba2-27560ee476be,52,25,15,7,3,37,19,18,2026,2026-05-27 17:39:23.156363+00
7385d06b-1d5e-4d00-bb1a-8dfde16ea85a,9aae628c-fe5d-4c4b-a20d-ac978d00b3a6,86e75d5d-31fd-483a-8c1e-3a4e0262a43e,49,26,14,7,5,41,25,16,2026,2026-05-27 17:39:24.34897+00
01104a92-4ff1-4549-a612-6e12197670bc,e7a86a61-9a63-45ad-9e1b-a76dee440860,e6e6be0d-4cd1-4dbd-a502-86676d26c636,38,27,10,8,9,33,34,-1,2026,2026-05-27 21:06:46.34373+00
49c52786-eedb-463c-adf9-a54a502edbed,e7a86a61-9a63-45ad-9e1b-a76dee440860,db2b689d-91ab-4527-805a-7e228bb82bce,40,27,11,7,9,35,33,2,2026,2026-05-27 21:06:46.34373+00
28a34f71-b94d-4935-bd97-1d29dff113b6,e7a86a61-9a63-45ad-9e1b-a76dee440860,f9ddfe3d-1ff1-499d-8761-4e1be0f506a8,41,27,12,5,10,32,30,2,2026,2026-05-27 21:06:46.34373+00
527fbb6e-2de9-4e6e-83c6-e15fcd145384,e7a86a61-9a63-45ad-9e1b-a76dee440860,4fa17e67-4814-4010-831a-b142e358c565,26,27,6,8,13,29,38,-9,2026,2026-05-27 21:06:46.34373+00
2325e50d-aec2-41cb-a2fb-8487befe02ea,e7a86a61-9a63-45ad-9e1b-a76dee440860,3a259630-d3b2-4e2d-bebb-07e023da84fa,39,27,11,6,10,35,39,-4,2026,2026-05-27 21:06:46.34373+00
6296293d-7e9d-4bf2-a608-8e5a0be65d46,e7a86a61-9a63-45ad-9e1b-a76dee440860,017399fa-b2c2-4af0-9900-7551eb47914a,37,27,10,7,10,36,36,0,2026,2026-05-27 21:06:46.34373+00
2a0aff7c-b7d9-459c-91c3-6b69c0b9ae62,33363f68-fc09-4fc7-941f-4ca6b89d4101,90b4f962-83bd-4dcf-941b-6aeb89abe648,9,8,2,3,3,8,12,-4,2026,2026-05-27 17:40:26.265118+00
9e215eb4-ee09-4d09-82d3-305289257cc5,33363f68-fc09-4fc7-941f-4ca6b89d4101,6147b606-199c-4af7-85f4-ea8f2be56ac8,16,8,5,1,2,12,8,4,2026,2026-05-27 17:40:26.729888+00
9205b58f-5101-4d20-89d7-4081d3692380,33363f68-fc09-4fc7-941f-4ca6b89d4101,f68cfe89-e560-4fba-9832-fbaca5ee2b61,16,9,5,1,3,18,12,6,2026,2026-05-27 17:40:27.311907+00
09b63abc-a6b6-4d98-95d8-56f0f77b6bb7,33363f68-fc09-4fc7-941f-4ca6b89d4101,8f74dc80-f1ca-4ff3-922b-b6ac1748ce1a,10,9,3,1,5,10,12,-2,2026,2026-05-27 17:40:27.474951+00
0b72b7e3-f649-4fc1-a05a-431dcca69d24,33363f68-fc09-4fc7-941f-4ca6b89d4101,43fd9437-a87f-49fb-8176-b0b8470abb78,9,8,2,3,3,8,10,-2,2026,2026-05-27 17:40:27.474951+00
d755dda2-a1da-435c-a6ac-debfbb74c39e,33363f68-fc09-4fc7-941f-4ca6b89d4101,1e56961e-d0f2-4ce6-af3d-e2023eb7e741,6,8,2,0,6,7,15,-8,2026,2026-05-27 17:40:27.582524+00
265d1901-6ceb-4c9f-b87f-34babd0a768b,33363f68-fc09-4fc7-941f-4ca6b89d4101,d7470398-9f93-42f1-92fe-b6a5477382ca,7,8,1,4,3,7,11,-4,2026,2026-05-27 17:40:27.739953+00
e49d0da5-4e33-4464-b310-465ba1d289e7,33363f68-fc09-4fc7-941f-4ca6b89d4101,7c9690f8-303e-4087-af2d-5eebc75533f5,17,9,5,2,2,12,8,4,2026,2026-05-27 17:40:28.255241+00
effcb3a2-470a-41ed-b612-5173657fd27c,33363f68-fc09-4fc7-941f-4ca6b89d4101,295940cb-d8dd-484a-aeb5-5955642345ad,13,9,3,4,2,14,13,1,2026,2026-05-27 17:40:28.466735+00
6a58163a-b311-4206-ab5b-94752070675f,33363f68-fc09-4fc7-941f-4ca6b89d4101,5f235e7a-215e-4017-b719-542ca2cdc03a,6,9,1,3,5,7,11,-4,2026,2026-05-27 17:40:30.027601+00
cafbd66b-b705-4b55-9c1d-d43bc02b74ad,33363f68-fc09-4fc7-941f-4ca6b89d4101,1d18e731-72d1-467a-b8ed-47eb90876948,12,9,3,3,3,10,12,-2,2026,2026-05-27 17:40:30.359617+00
a117ba1c-4d74-4184-9fd5-6a9f9aca0197,9aae628c-fe5d-4c4b-a20d-ac978d00b3a6,ae542d6a-cde6-4951-a156-62a013f9712c,45,25,11,12,2,39,26,13,2026,2026-05-27 17:39:23.326029+00
a76d242e-f6f2-447e-9d3c-d00ffe6dc511,9aae628c-fe5d-4c4b-a20d-ac978d00b3a6,f3f8ec4f-9900-42ab-93a3-f8f54cea374a,40,26,12,4,10,41,34,7,2026,2026-05-27 17:39:24.156137+00
4b682f0f-2ccf-4c6f-a497-f6db0c8de11f,c8fd86b1-50fd-4dd0-aa63-576d3028bf2e,4ca1b397-0a70-42c2-9650-5849c6642b69,40,27,11,7,9,35,29,6,2026,2026-05-27 19:58:50.14721+00
160c90a6-b180-4001-9107-a5e9c676308a,c8fd86b1-50fd-4dd0-aa63-576d3028bf2e,f0d85a14-476a-4813-b90e-6a7a781bcaa8,43,27,12,7,8,43,33,10,2026,2026-05-27 19:58:50.14721+00
6a397fd6-0158-42f8-9676-9c8d96c88905,c8fd86b1-50fd-4dd0-aa63-576d3028bf2e,d2435abd-7266-47eb-810d-5c32b279c8a3,33,27,9,6,12,28,33,-5,2026,2026-05-27 19:58:50.14721+00
1cd0a4c2-f376-4888-ad03-3c317f604a13,c8fd86b1-50fd-4dd0-aa63-576d3028bf2e,4bbc3686-57cc-42b9-8cb1-81d6e29deb86,46,27,14,4,9,34,25,9,2026,2026-05-27 19:58:50.14721+00
aaebdc12-2d43-4064-a1e9-18c9c2369b0f,33363f68-fc09-4fc7-941f-4ca6b89d4101,093cb2fa-1fda-45f0-b6ae-d402b4f6a830,12,8,4,0,4,9,12,-3,2026,2026-05-27 17:40:26.097347+00
ba1f2c30-b806-4241-8622-e941ccf11602,33363f68-fc09-4fc7-941f-4ca6b89d4101,b0bc673d-1f15-42fa-ab0e-7ec076cd6a03,7,9,2,1,6,10,18,-8,2026,2026-05-27 17:40:31.41308+00
3f8b5ad7-54d9-4f9c-93e2-7670c33db2ed,7aa825f2-541c-45aa-a1b9-f6f246cef603,7d5b4fce-d54f-4034-a189-97c3688f5e05,36,27,10,6,11,33,35,-2,2026,2026-05-27 21:06:50.375876+00
2114beba-ab35-4529-a4c3-6784c0879052,7aa825f2-541c-45aa-a1b9-f6f246cef603,742d3f8b-c821-4598-a5af-b3a7e3cd14a3,40,27,11,7,9,29,27,2,2026,2026-05-27 21:06:50.375876+00
e77bae5f-b43b-41af-b506-43e3caf67b4a,33363f68-fc09-4fc7-941f-4ca6b89d4101,a8179faa-0416-4bff-87f8-4f8da1775d0b,8,9,1,5,3,12,15,-3,2026,2026-05-27 17:40:31.41308+00
152b6528-9765-4cc7-9de6-215290de40a8,33363f68-fc09-4fc7-941f-4ca6b89d4101,613b3b72-396d-401f-b43a-23ce7c847ec7,25,9,8,1,0,21,6,15,2026,2026-05-27 17:40:31.534193+00
1475bb70-1c3a-4772-8ad9-78030e39491c,33363f68-fc09-4fc7-941f-4ca6b89d4101,eae55379-99bd-4103-92b7-ae4a5148aeb9,19,9,6,1,2,15,9,6,2026,2026-05-27 17:40:31.692956+00
2993c6e7-3fae-4e09-9522-b9edfbc7c81e,33363f68-fc09-4fc7-941f-4ca6b89d4101,a95c36e9-a0d3-48e0-b229-16ed4b9fa8f4,21,9,6,3,0,20,12,8,2026,2026-05-27 17:40:32.577524+00
34409a70-f1f0-4480-8315-a8c792acc9db,33363f68-fc09-4fc7-941f-4ca6b89d4101,55694771-af2a-4af5-b057-69a5157adc4a,4,9,1,1,7,12,17,-5,2026,2026-05-27 17:40:32.577524+00
d083a6b3-fcf4-4410-ac0e-5b3197664b7e,7aa825f2-541c-45aa-a1b9-f6f246cef603,af2e3213-a848-4b49-9afc-f3d69544f91c,32,27,7,11,9,37,43,-6,2026,2026-05-27 21:06:50.375876+00
49842744-c340-4911-9748-6a7fdc10f092,7aa825f2-541c-45aa-a1b9-f6f246cef603,32d0afa8-c726-4912-b5bc-ce8701b71060,45,27,13,6,8,38,28,10,2026,2026-05-27 21:06:50.375876+00
b057c78a-82e1-4275-b592-571395584573,7aa825f2-541c-45aa-a1b9-f6f246cef603,3a0bec57-eb39-45f5-80d6-14fc4aa48f3f,39,27,10,9,8,34,23,11,2026,2026-05-27 21:06:50.375876+00
fef1df52-3ae3-42e6-8ba1-f315c02207f1,7aa825f2-541c-45aa-a1b9-f6f246cef603,6bff4c6d-07ed-4799-8fb1-a47288b70e31,35,27,9,8,10,34,37,-3,2026,2026-05-27 21:06:50.375876+00
112f8077-3715-45ae-833a-1b2523b0fcc4,9aae628c-fe5d-4c4b-a20d-ac978d00b3a6,78c5a96a-0ef8-43c4-b5d6-cd7fc0d74f66,46,25,13,7,5,42,23,19,2026,2026-05-27 17:39:23.465586+00
de6b648c-8191-4c07-a136-06ac8bd0889d,9aae628c-fe5d-4c4b-a20d-ac978d00b3a6,d2a1744a-8377-443f-8c37-1f68bbb2c4da,50,26,14,8,4,52,29,23,2026,2026-05-27 17:39:23.76321+00
8da8723c-87ef-41a4-84eb-afe2d1d18097,9aae628c-fe5d-4c4b-a20d-ac978d00b3a6,0be6c81e-1451-48fe-8471-1f39678612ce,52,26,15,7,4,46,30,16,2026,2026-05-27 17:39:23.968668+00
804b4946-42b5-4cb7-91dc-1aeb4b35d279,9aae628c-fe5d-4c4b-a20d-ac978d00b3a6,53a2c5c0-a501-485a-b2d7-7d209fe4a7f1,22,25,5,7,13,25,39,-14,2026,2026-05-27 17:39:25.096096+00
87857e34-4478-4aab-a7f6-da6dc99b3958,33363f68-fc09-4fc7-941f-4ca6b89d4101,a57c8ea5-f333-4e75-a27a-26189265d5d8,12,9,4,0,5,10,12,-2,2026,2026-05-27 17:40:26.435399+00
a143c444-3fde-4a40-b235-90582f5cb084,33363f68-fc09-4fc7-941f-4ca6b89d4101,25a64ed8-127c-47c6-b78b-1a07dbb915a5,9,8,3,0,5,7,15,-8,2026,2026-05-27 17:40:26.435399+00
22827de6-6914-479a-a0ae-e5ebab4c943e,33363f68-fc09-4fc7-941f-4ca6b89d4101,00f6f45c-20bc-4d75-88cc-833867973d0c,22,9,7,1,1,14,6,8,2026,2026-05-27 17:40:26.729888+00
95844a47-acc1-41ac-95d2-983be058e846,33363f68-fc09-4fc7-941f-4ca6b89d4101,c48c851a-1be1-412f-bdea-356b3fa1a529,12,9,3,3,3,14,13,1,2026,2026-05-27 17:40:28.665052+00
d7e58ecc-e53c-4a2a-970f-3d3e0e255a37,33363f68-fc09-4fc7-941f-4ca6b89d4101,da3feb74-029b-41f7-af66-f268b6c6f931,18,9,6,0,3,13,8,5,2026,2026-05-27 17:40:30.359617+00
3e62573f-c53f-4eeb-8e66-f56d19ae8377,33363f68-fc09-4fc7-941f-4ca6b89d4101,6791de37-117e-4990-b71b-c22318df25e9,8,9,2,2,5,11,15,-4,2026,2026-05-27 17:40:30.528764+00
3107a5d4-de4f-430c-92cf-dcb8e772c6fa,33363f68-fc09-4fc7-941f-4ca6b89d4101,8a3b4ebd-c355-43e6-8869-786975db1850,5,9,1,2,6,7,14,-7,2026,2026-05-27 17:40:26.989181+00
15962894-d23f-460a-8ae7-19cd5d03ec8b,33363f68-fc09-4fc7-941f-4ca6b89d4101,d4282946-3b36-4ca3-bdd5-c03fea3a69cd,13,9,3,4,2,14,13,1,2026,2026-05-27 17:40:27.154143+00
f0e055f1-7d0a-4270-8a15-f4cfc947d84d,33363f68-fc09-4fc7-941f-4ca6b89d4101,7712b7cf-10c8-4dd3-ae63-5302cb5f9d2d,6,8,1,3,4,8,12,-4,2026,2026-05-27 17:40:27.154143+00
0efb48ce-78e2-4f30-81ef-08a41d3d3965,33363f68-fc09-4fc7-941f-4ca6b89d4101,cd2e6027-697c-4f6c-88c4-ce7056bc9bd1,12,9,3,3,3,14,13,1,2026,2026-05-27 17:40:27.739953+00
fe46ca47-f850-4f03-8de0-8ee4cf3ae656,33363f68-fc09-4fc7-941f-4ca6b89d4101,fb37cdfb-5f5c-4d89-a8c7-06bfcfda9832,7,9,2,1,6,7,15,-8,2026,2026-05-27 17:40:28.062947+00
f4f55cb4-577a-48b4-967a-3252563040d6,9aae628c-fe5d-4c4b-a20d-ac978d00b3a6,db839460-4fa1-43f8-9475-83fe6bcbd773,30,24,9,3,12,24,37,-13,2026,2026-05-27 17:39:24.453682+00
cec757c3-17bf-4014-bec7-0476566aefa1,9aae628c-fe5d-4c4b-a20d-ac978d00b3a6,708a6bea-a054-49ea-a2a0-7d423e8b6e19,19,25,3,10,12,25,40,-15,2026,2026-05-27 17:39:24.84426+00
d7bd885f-92be-4563-a0c2-924807070126,33363f68-fc09-4fc7-941f-4ca6b89d4101,2511a916-0770-4796-b770-05b73ba9c98c,19,9,6,1,2,15,6,9,2026,2026-05-27 17:40:30.027601+00
c0311ae5-38b6-41b7-ad89-9b80a864ca37,33363f68-fc09-4fc7-941f-4ca6b89d4101,edc94d93-3ea7-4cf3-ab83-51b8d74e064a,22,9,7,1,1,15,8,7,2026,2026-05-27 17:40:30.659321+00
314aba7e-7ec1-4e14-954f-725d58e85b12,7aa825f2-541c-45aa-a1b9-f6f246cef603,cf0fb181-8238-43da-b174-ef05d2342a8d,33,27,9,6,12,32,36,-4,2026,2026-05-27 21:06:50.375876+00
984becc2-aa36-4a5c-b946-c7f2ee0829ee,7aa825f2-541c-45aa-a1b9-f6f246cef603,37895b7f-bac3-403c-821c-fbc0982e44c3,33,27,8,9,10,34,38,-4,2026,2026-05-27 21:06:50.375876+00
d914707c-4be3-4d17-9e2f-33f82b5ad248,7aa825f2-541c-45aa-a1b9-f6f246cef603,b19d00de-53e6-4eb1-8a3d-04e88152d99d,37,27,10,7,10,33,30,3,2026,2026-05-27 21:06:50.375876+00
98128bda-5147-4dae-8ec5-53c87e547bcc,7aa825f2-541c-45aa-a1b9-f6f246cef603,79314bee-2470-4307-8728-54799e271734,48,27,15,3,9,43,32,11,2026,2026-05-27 21:06:50.375876+00
aeabf0b6-6330-4293-8c67-ae40b41efd4d,7aa825f2-541c-45aa-a1b9-f6f246cef603,3cbdbc16-0213-45a3-815f-0b6c9baebf90,30,27,6,12,9,29,35,-6,2026,2026-05-27 21:06:50.375876+00
c93df49b-71f9-499a-b242-464cfb15d8e0,7aa825f2-541c-45aa-a1b9-f6f246cef603,41ebc99a-27ff-46b5-8606-c5c7b279ba71,38,27,10,8,9,29,28,1,2026,2026-05-27 21:06:50.375876+00
f99912e9-1a98-4822-a7ae-a1807c17a05f,7aa825f2-541c-45aa-a1b9-f6f246cef603,c0b72413-0b3f-4dce-b8c7-fa20c8a4d7c4,27,27,6,9,12,24,40,-16,2026,2026-05-27 21:06:50.375876+00
cf0d25f4-d9f6-435d-8e3e-b2c9dee79fe3,7aa825f2-541c-45aa-a1b9-f6f246cef603,ee7b2dfe-cf12-48c6-8561-ab45bf107f14,46,27,13,7,7,35,29,6,2026,2026-05-27 21:06:50.375876+00
dd02340a-120f-4a60-bbd8-9291f4659f5a,7aa825f2-541c-45aa-a1b9-f6f246cef603,079dae07-d67b-4681-a3c9-8fbd04a73a77,31,27,8,7,12,38,41,-3,2026,2026-05-27 21:06:50.375876+00
2a2746d7-209a-4fa7-9b83-93733ba08868,7aa825f2-541c-45aa-a1b9-f6f246cef603,2c8b9d3a-9b1d-48ab-aac6-5b1b503b9e79,38,27,11,5,11,31,31,0,2026,2026-05-27 21:06:50.375876+00
15ce9462-28da-42df-a847-c672157ec115,93fd0ad6-688d-44bc-a701-3152afe1b197,649b8f27-4d8b-4b91-8b18-f478d940b235,41,27,12,5,10,44,39,5,2026,2026-05-27 21:06:54.146552+00
e14e912f-1d9b-4d82-bf34-e93ea256ba8f,93fd0ad6-688d-44bc-a701-3152afe1b197,c72be4a1-12cb-406f-ab06-ada23ab90dbd,39,27,11,6,10,29,31,-2,2026,2026-05-27 21:06:54.146552+00
b3db85dc-d9f4-4ae3-883c-a773e4c52c90,93fd0ad6-688d-44bc-a701-3152afe1b197,b0cbd58d-58e6-4981-b9a5-c6a0e50276c5,30,27,8,6,13,31,41,-10,2026,2026-05-27 21:06:54.146552+00
f08584d6-59d3-4caf-bd07-7d6c8c63b6c4,93fd0ad6-688d-44bc-a701-3152afe1b197,be9564f6-00e8-4e1c-b9b8-9229fa8101ad,26,27,6,8,13,30,42,-12,2026,2026-05-27 21:06:54.146552+00
24ad9748-ebf5-46a5-ac91-dc65e5264c47,93fd0ad6-688d-44bc-a701-3152afe1b197,3f1309ed-2a3c-48df-9a17-b1b38bc8c714,40,27,12,4,11,40,32,8,2026,2026-05-27 21:06:54.146552+00
d8a1eddd-1f93-4db6-8f22-642bbaf54ce0,93fd0ad6-688d-44bc-a701-3152afe1b197,f2f7ff09-9087-47d5-81ee-1c1b465916de,43,27,12,7,8,37,31,6,2026,2026-05-27 21:06:54.146552+00
d981a1f4-4917-4494-ad62-a2bd5c8caa7b,93fd0ad6-688d-44bc-a701-3152afe1b197,f47295b9-189c-4eb1-b75f-48051cf62095,40,27,11,7,9,31,26,5,2026,2026-05-27 21:06:54.146552+00
1e0c6dcc-201f-431d-a7ae-fd10c66076b7,93fd0ad6-688d-44bc-a701-3152afe1b197,9023c5c2-42aa-4460-80ae-6976caf2ead1,26,27,6,8,13,21,34,-13,2026,2026-05-27 21:06:54.146552+00
5c8c59bf-fe04-4a86-bc8b-afc5bbfef9b2,93fd0ad6-688d-44bc-a701-3152afe1b197,6164ff9c-d75b-4ebd-bbc3-168b2f7445ed,30,27,7,9,11,38,45,-7,2026,2026-05-27 21:06:54.146552+00
9dc2ac43-8257-473f-b0e8-a4c922e7a8de,93fd0ad6-688d-44bc-a701-3152afe1b197,cf13e836-6d8e-4903-a022-b7fd8b2efe69,38,27,10,8,9,34,34,0,2026,2026-05-27 21:06:54.146552+00
9363753c-9ef9-48fe-920c-11dfd17f7c97,93fd0ad6-688d-44bc-a701-3152afe1b197,07cdc29b-7f68-4a0f-8b4d-fe05163846f1,37,27,10,7,10,34,36,-2,2026,2026-05-27 21:06:54.146552+00
00ce1b73-47f9-471c-8ded-c0e91fe1b28d,33363f68-fc09-4fc7-941f-4ca6b89d4101,2c81ba2b-e20a-4bad-8af0-2e1a83a2df47,19,9,6,1,2,19,10,9,2026,2026-05-27 17:40:30.812963+00
79a440d5-e4df-47da-ac1f-4162715dad13,33363f68-fc09-4fc7-941f-4ca6b89d4101,2bb0f47d-3f57-4e12-87ff-d43b4debde3b,13,9,4,1,4,9,13,-4,2026,2026-05-27 17:40:30.812963+00
f8914c04-18db-4809-98b6-037ebc23d1bd,33363f68-fc09-4fc7-941f-4ca6b89d4101,5eeae42a-ed49-4ee3-b6f5-8af85b76d2e8,8,9,2,2,5,10,14,-4,2026,2026-05-27 17:40:31.692956+00
5b425a8d-e95d-489d-937e-8c2b74971fa6,33363f68-fc09-4fc7-941f-4ca6b89d4101,670361e6-28cc-483f-a169-f95a31a849c1,13,10,4,1,5,9,12,-3,2026,2026-05-27 17:40:33.636782+00
fed3077c-736e-4c29-a914-a24c86e3e40e,33363f68-fc09-4fc7-941f-4ca6b89d4101,fae51f40-6ff6-4268-a736-fed317cecbcc,9,9,2,3,4,11,12,-1,2026,2026-05-27 17:40:33.636782+00
ae6054bb-3a67-449a-a126-246ec0cba855,ea55523a-ea06-4df5-9a35-57015ba3b315,dcac32b4-acf2-4711-81f6-eac988d64865,31,27,7,10,10,31,35,-4,2026,2026-05-27 21:06:57.439773+00
da3ab7c4-794c-4de0-8684-d9a828609ce5,ea55523a-ea06-4df5-9a35-57015ba3b315,b9b35982-ee66-43f7-a60f-bf8914d434c2,40,27,11,7,9,33,29,4,2026,2026-05-27 21:06:57.439773+00
27db8b5d-809b-4713-b5a9-e1bbc56d533d,ea55523a-ea06-4df5-9a35-57015ba3b315,afa8c666-20eb-4986-a54a-64db18e51f8d,37,27,10,7,10,38,37,1,2026,2026-05-27 21:06:57.439773+00
0871b89f-afb2-4ace-9057-6a694cef1e4e,ea55523a-ea06-4df5-9a35-57015ba3b315,8d2f6234-bafa-4657-8ac2-33e61f3437fb,40,27,12,4,11,36,39,-3,2026,2026-05-27 21:06:57.439773+00
b0a6514c-efb7-49b0-87d4-f8bc3f606e3f,ea55523a-ea06-4df5-9a35-57015ba3b315,37e34d61-ba61-43cd-80f0-0e217e63656e,44,27,12,8,7,31,26,5,2026,2026-05-27 21:06:57.439773+00
0adb15af-7b69-4fb9-89d6-444b9e7eb5c7,ea55523a-ea06-4df5-9a35-57015ba3b315,6c371508-e4ab-47ec-a249-5ab7619c5f96,25,27,6,7,14,30,41,-11,2026,2026-05-27 21:06:57.439773+00
70b5ad0f-fc83-40d7-ba24-0577f1b6c94d,33363f68-fc09-4fc7-941f-4ca6b89d4101,b474327c-b820-4c09-8273-61757231ec73,25,9,8,1,0,19,4,15,2026,2026-05-27 17:40:30.987555+00
4d26e8c7-a24a-4df0-a546-416b6be3d741,33363f68-fc09-4fc7-941f-4ca6b89d4101,1a983e6e-9212-4c45-9a46-4a8c65973567,13,9,3,4,2,10,10,0,2026,2026-05-27 17:40:30.987555+00
0f89b1e4-52b6-4468-9962-6daae67df584,33363f68-fc09-4fc7-941f-4ca6b89d4101,0a4a0f90-4084-44d7-b151-22338e849e71,7,9,2,1,6,7,18,-11,2026,2026-05-27 17:40:31.869815+00
9fab309c-33c7-48b8-9e92-308330b8d5fa,33363f68-fc09-4fc7-941f-4ca6b89d4101,a6ada126-f28a-4cb5-9e42-2df02f4e9ac7,4,9,1,1,7,10,21,-11,2026,2026-05-27 17:40:32.883432+00
5d31ff25-5c8b-41fe-9d9a-1facb925e67c,79f27b92-63fa-4fe7-8b0d-49d1fd9a3951,16fc5ebc-c874-4644-aab2-791740be7dbd,38,27,11,5,11,30,28,2,2026,2026-05-27 21:08:28.562105+00
8a2628c4-028e-476c-a460-74d773983d46,79f27b92-63fa-4fe7-8b0d-49d1fd9a3951,df49dd75-fee2-406c-b842-545526e309d7,31,27,9,4,14,37,41,-4,2026,2026-05-27 21:08:28.562105+00
1c5c09f8-eabf-4f8b-bfd0-3ea2ff64f4de,79f27b92-63fa-4fe7-8b0d-49d1fd9a3951,c1e4fa90-8bb4-4bd7-929b-95cae3bd7057,42,27,11,9,7,34,33,1,2026,2026-05-27 21:08:28.562105+00
8c4ce318-f4c9-4170-8c00-33f60134c06d,79f27b92-63fa-4fe7-8b0d-49d1fd9a3951,cf0f12e1-a85b-40dd-90e3-5a52bb811be7,43,27,12,7,8,33,24,9,2026,2026-05-27 21:08:28.562105+00
c9b58b50-af1a-49aa-bdc5-4103a9b30835,79f27b92-63fa-4fe7-8b0d-49d1fd9a3951,f0085f39-8ff4-45b2-a126-e0c0d62e22f8,20,27,5,5,17,23,39,-16,2026,2026-05-27 21:08:28.562105+00
16230911-3d2a-44c1-b10c-dd4311e795d9,79f27b92-63fa-4fe7-8b0d-49d1fd9a3951,a8fe7d49-7d5a-4f7d-a238-0fcbb6a44b64,40,27,10,10,7,36,29,7,2026,2026-05-27 21:08:28.562105+00
68f7347c-ab9b-4dd2-b3d8-2397b864cd98,79f27b92-63fa-4fe7-8b0d-49d1fd9a3951,edc9dd76-3a70-4db2-9513-f84d8d3f2444,35,27,9,8,10,25,30,-5,2026,2026-05-27 21:08:28.562105+00
6d2edce6-ab73-428c-a7be-06ab423d4bad,79f27b92-63fa-4fe7-8b0d-49d1fd9a3951,7c32b931-a964-4ce3-a6e6-28f5da55285c,31,27,8,7,12,32,38,-6,2026,2026-05-27 21:08:28.562105+00
2250a490-c233-4dfa-b3ff-9b19d2091915,79f27b92-63fa-4fe7-8b0d-49d1fd9a3951,926f792c-2992-4fcb-8553-c1493854e856,45,27,13,6,8,39,33,6,2026,2026-05-27 21:08:28.562105+00
a89b5a49-8658-4840-8e27-e4940050475c,79f27b92-63fa-4fe7-8b0d-49d1fd9a3951,ec87dd44-04c7-4372-85a0-0a16fc5ee896,45,27,12,9,6,37,26,11,2026,2026-05-27 21:08:28.562105+00
beb11141-2149-4526-b293-b6a407099214,79f27b92-63fa-4fe7-8b0d-49d1fd9a3951,bfe6f6db-4d0c-4baa-911d-aff8a6b23fcb,41,27,13,2,12,37,36,1,2026,2026-05-27 21:08:28.562105+00
f30ef722-f3a2-4454-84c8-bdaa1becf8ff,79f27b92-63fa-4fe7-8b0d-49d1fd9a3951,1b8023b9-509a-4b2e-8621-a1d0e882f03e,38,27,9,11,7,29,28,1,2026,2026-05-27 21:08:28.562105+00
1e3618e7-25a4-4c32-99f6-be411266837a,79f27b92-63fa-4fe7-8b0d-49d1fd9a3951,68593062-6421-4cf4-b3f0-0dc2a3d1c5fd,40,27,11,7,9,34,29,5,2026,2026-05-27 21:08:28.562105+00
9d044741-390c-4b6d-aa6a-dc1ddcaacf1f,79f27b92-63fa-4fe7-8b0d-49d1fd9a3951,90b28674-f639-457b-9884-a7e88e8e85c3,41,27,11,8,8,30,25,5,2026,2026-05-27 21:08:28.562105+00
7fd2f403-f262-4b2c-91d2-75b8cb5918c2,79f27b92-63fa-4fe7-8b0d-49d1fd9a3951,f4f42caf-729d-4ba4-a74a-39d0b26a7d8e,30,27,8,6,13,32,42,-10,2026,2026-05-27 21:08:28.562105+00
097c1c7c-9528-498d-9776-1b8c34b06886,79f27b92-63fa-4fe7-8b0d-49d1fd9a3951,f6fdeda7-01a2-40ed-a647-9e26487242b6,32,27,8,8,11,28,35,-7,2026,2026-05-27 21:08:28.562105+00
a852d160-90ca-4fe9-93da-5a727b5e268f,bfcbb2dc-20ea-4129-8d0a-66beb1d8138a,9c9341ab-6129-4241-98cc-fa8effc0c966,44,27,12,8,7,36,27,9,2026,2026-05-27 21:30:56.04605+00
ff35438f-bdf8-4f75-bc4f-acc2bb9ccf59,bfcbb2dc-20ea-4129-8d0a-66beb1d8138a,874c83bc-2e4c-4f73-93ea-23191a8216fc,43,26,12,7,7,32,22,10,2026,2026-05-27 21:30:56.04605+00
82aee225-89fc-4778-9ce0-738692f27f27,bfcbb2dc-20ea-4129-8d0a-66beb1d8138a,af6c651d-f15e-4fa2-88e0-7a3009fe0b9a,34,26,10,4,12,31,28,3,2026,2026-05-27 21:30:56.04605+00
b7ad5fb7-3a68-44cf-aed2-54d3c9cf22d3,bfcbb2dc-20ea-4129-8d0a-66beb1d8138a,4782dd9b-8153-4b49-96a3-d9fe4bdb8d22,42,26,10,12,4,42,31,11,2026,2026-05-27 21:30:56.04605+00
584f60ae-5667-4e65-a309-6a56d020e80a,bfcbb2dc-20ea-4129-8d0a-66beb1d8138a,ab0f24c3-0969-44e4-be83-fb5d07f83052,37,26,10,7,9,34,27,7,2026,2026-05-27 21:30:56.04605+00
6a3fac42-325f-4345-92f2-55d10f13cc00,bfcbb2dc-20ea-4129-8d0a-66beb1d8138a,d45143af-39f0-43c8-bf93-5bd122b74562,33,27,8,9,10,31,33,-2,2026,2026-05-27 21:30:56.04605+00
e901c16b-1218-4296-bca6-c99c3fc3c029,bfcbb2dc-20ea-4129-8d0a-66beb1d8138a,f7ffcfcb-65c3-48b0-b8ea-9bb4355a3dbe,28,27,6,10,11,38,46,-8,2026,2026-05-27 21:30:56.04605+00
4cf3e825-173b-4109-be44-c7e23e89511e,bfcbb2dc-20ea-4129-8d0a-66beb1d8138a,bec4bf24-b055-4309-afc0-6400c087d1ba,25,27,6,7,14,24,33,-9,2026,2026-05-27 21:30:56.04605+00
4b37f27b-2a93-4e3f-adfe-3ea3541e7132,33363f68-fc09-4fc7-941f-4ca6b89d4101,c6d3384b-e337-44a8-9209-f1cf8090a70c,14,9,4,2,3,13,13,0,2026,2026-05-27 17:40:31.27471+00
86542f02-ea8c-4424-b498-cb9d9ce74141,33363f68-fc09-4fc7-941f-4ca6b89d4101,6c1c0c8a-f9b0-4d72-9d04-99a65be3f7e4,18,9,6,0,3,15,9,6,2026,2026-05-27 17:40:32.012539+00
c977d529-2757-4d74-92d9-64c310106d3a,33363f68-fc09-4fc7-941f-4ca6b89d4101,df107002-5ad9-41ea-a8c2-cf0f23d0dd86,23,9,7,2,0,14,4,10,2026,2026-05-27 17:40:32.203414+00
99594c53-5b82-4b16-ad0a-30aafa4fa5d7,33363f68-fc09-4fc7-941f-4ca6b89d4101,68ccc10a-a2da-4588-8bc5-a54363e38e05,0,9,0,0,9,4,22,-18,2026,2026-05-27 17:40:32.203414+00
50fb0fe6-9e85-4be5-9492-db616f9ce62e,33363f68-fc09-4fc7-941f-4ca6b89d4101,004668df-8dd7-44de-8cb0-dde44fbb4abb,15,9,5,0,4,13,10,3,2026,2026-05-27 17:40:32.388447+00
658db6a3-fd53-4cf0-9fb8-e4d7bb8fd32b,33363f68-fc09-4fc7-941f-4ca6b89d4101,92803ffc-b28c-4b11-adfd-cdaa1d68960a,4,9,1,1,7,8,18,-10,2026,2026-05-27 17:40:32.388447+00
ca2a0a82-9635-48a4-948c-de3c404e52d6,bfcbb2dc-20ea-4129-8d0a-66beb1d8138a,bc75469d-a2e8-4e4a-b0a6-3167283b0d0d,34,27,9,7,11,38,41,-3,2026,2026-05-27 21:30:56.04605+00
e6cee991-3bb7-4b50-9054-1a2a8288f23d,bfcbb2dc-20ea-4129-8d0a-66beb1d8138a,08fcf3ce-adf1-4bda-a369-05d3c34e7d63,42,26,12,6,8,37,31,6,2026,2026-05-27 21:30:56.04605+00
e21ae843-ae6d-40a3-af06-039c544d8978,d1f21b06-0e13-4b57-97c2-36a37e5a33f4,c3c844e6-4fba-4ae4-8a9f-fdd66a28cdef,34,26,10,4,12,29,35,-6,2026,2026-05-27 18:40:56.456228+00
8f674a93-2285-495b-8f7a-12093dd604d5,d1f21b06-0e13-4b57-97c2-36a37e5a33f4,41e4f0b8-74a7-4c8c-809c-6c2a5c87f78c,30,26,9,3,14,31,31,0,2026,2026-05-27 18:40:56.456228+00
4cda84c9-599d-4ae4-ad83-e4137ada11a0,d1f21b06-0e13-4b57-97c2-36a37e5a33f4,91acf5d3-326a-4d26-b40c-5d904eb6b80d,44,26,13,5,8,32,24,8,2026,2026-05-27 18:40:56.456228+00
4f255f5e-8240-45cf-b99f-de2bbd5bcb78,d1f21b06-0e13-4b57-97c2-36a37e5a33f4,896b6431-bb5e-4a21-9600-ae4c3fca1c3f,42,26,12,6,8,37,34,3,2026,2026-05-27 18:40:56.456228+00
cabf5de1-b3fc-4101-a41f-d40f99557575,d1f21b06-0e13-4b57-97c2-36a37e5a33f4,62e79ed3-295a-43c5-b97a-82de08c48d84,35,26,10,5,11,33,33,0,2026,2026-05-27 18:40:56.456228+00
84067cb6-e3f1-4f12-8134-af3fc096e950,d1f21b06-0e13-4b57-97c2-36a37e5a33f4,0fec855e-75b4-45c1-abfc-f4ea0c3b7478,42,26,13,3,10,33,27,6,2026,2026-05-27 18:40:56.456228+00
4e4964bc-2e1b-46a8-96d1-2791d72bad19,d1f21b06-0e13-4b57-97c2-36a37e5a33f4,f6ac8dec-c1be-492f-aeca-9154325cc0c0,41,26,11,8,7,34,26,8,2026,2026-05-27 18:40:56.456228+00
98e1645c-0290-4c69-ae8b-9267a674c98e,d1f21b06-0e13-4b57-97c2-36a37e5a33f4,5ff096dd-1deb-4f96-bcd4-4d5995eca842,27,26,7,6,13,31,41,-10,2026,2026-05-27 18:40:56.456228+00
0413f359-52c1-4013-af57-b1bd6a5dcd86,d1f21b06-0e13-4b57-97c2-36a37e5a33f4,bb3a15c5-fd6d-4812-833c-c4d423cbe8dd,31,26,8,7,11,27,30,-3,2026,2026-05-27 18:40:56.456228+00
881f65df-be69-4972-b853-8b1309094aa9,d1f21b06-0e13-4b57-97c2-36a37e5a33f4,d45a9bea-5b06-416c-b8ff-132485269a92,32,26,9,5,12,34,41,-7,2026,2026-05-27 18:40:56.456228+00
b4b7f0ca-7fb7-438d-af70-bc3b047e1d57,d1f21b06-0e13-4b57-97c2-36a37e5a33f4,1f3dd152-0d0c-42ef-b11f-4d27f80cca1e,34,26,8,10,8,24,27,-3,2026,2026-05-27 18:40:56.456228+00
7daea6fe-c8b2-4883-93a5-011710fbd3cf,d1f21b06-0e13-4b57-97c2-36a37e5a33f4,c4ba7230-a8af-4d3e-9c38-9e7f200ea3da,29,26,6,11,9,30,37,-7,2026,2026-05-27 18:40:56.456228+00
1a1bf94f-9138-447f-bd0b-1a76258e76a6,d1f21b06-0e13-4b57-97c2-36a37e5a33f4,645342d3-bcf2-4518-ae4d-1b4186d09ee5,34,26,10,4,12,28,33,-5,2026,2026-05-27 18:40:56.456228+00
cad58a11-5d4c-4c11-a1c5-afffc5bff492,d1f21b06-0e13-4b57-97c2-36a37e5a33f4,e551513d-4b07-4f23-beee-cf4759330805,50,26,15,5,6,47,32,15,2026,2026-05-27 18:40:56.456228+00
7d203bd7-c01b-426a-94ec-c60c99527c09,bfcbb2dc-20ea-4129-8d0a-66beb1d8138a,ffacbb5e-5aa1-40d0-8826-7426d47fdbba,42,26,13,3,10,28,27,1,2026,2026-05-27 21:30:56.04605+00
97ada777-d151-4f93-8348-911bedb4a86d,bfcbb2dc-20ea-4129-8d0a-66beb1d8138a,3800ff14-d21e-4a47-b772-afa75aef7bc1,37,27,11,4,12,29,35,-6,2026,2026-05-27 21:30:56.04605+00
ba33ee33-4951-4199-b437-bc9c32b86247,bfcbb2dc-20ea-4129-8d0a-66beb1d8138a,f6d31d21-c668-4d78-922c-1982ca6925d1,37,27,9,10,8,34,33,1,2026,2026-05-27 21:30:56.04605+00
27436cad-9293-4f65-9658-f751a0d5a45e,bfcbb2dc-20ea-4129-8d0a-66beb1d8138a,cab04908-aeb0-425f-89be-ee38533bcce8,35,27,10,5,12,28,39,-11,2026,2026-05-27 21:30:56.04605+00
fd9f60e8-107b-4120-b609-0d1b025c7240,bfcbb2dc-20ea-4129-8d0a-66beb1d8138a,0f7b0a9f-1164-4780-88d0-65b9766885f0,39,26,11,6,9,28,31,-3,2026,2026-05-27 21:30:56.04605+00
a914c67d-c8fb-401c-806d-26de7e2ce867,bfcbb2dc-20ea-4129-8d0a-66beb1d8138a,47a47811-7170-4fc6-8964-ef1681b66b20,28,26,7,7,12,28,34,-6,2026,2026-05-27 21:30:56.04605+00
379c77b6-b4a0-4e10-a5a2-8cd6a5ca03f3,d1f21b06-0e13-4b57-97c2-36a37e5a33f4,4759171b-7e95-4f57-b076-9c8178b50816,31,27,6,13,8,32,36,-4,2026,2026-05-27 21:32:52.086021+00
05d37db5-4c57-467a-b900-b9ce40bb81d8,d1f21b06-0e13-4b57-97c2-36a37e5a33f4,054b3b0c-cef4-4f88-913c-26bc2cd0b00a,39,27,10,9,8,36,31,5,2026,2026-05-27 21:32:52.086021+00
170d7549-50c8-4627-ad54-25daac0b0a37,33363f68-fc09-4fc7-941f-4ca6b89d4101,2bba4b31-3b84-4311-a8f8-76155ba755a0,15,10,4,3,3,11,11,0,2026,2026-05-27 17:40:33.00121+00
962454cb-ef97-4044-bb74-044cad7206cc,33363f68-fc09-4fc7-941f-4ca6b89d4101,f1ba5c12-2a54-4675-ad40-d7c29476aeea,11,9,3,2,4,13,13,0,2026,2026-05-27 17:40:33.00121+00
43896c95-67a3-47f0-96bb-2de95ce131f4,33363f68-fc09-4fc7-941f-4ca6b89d4101,fedc5aa7-73d3-419f-9428-5d600617d7c8,11,10,3,2,5,13,13,0,2026,2026-05-27 17:40:34.016694+00
14768f5a-d437-4387-a965-3e90be42c42d,33363f68-fc09-4fc7-941f-4ca6b89d4101,6764baf0-e6a8-44ee-af61-3e5f35c1e661,7,9,2,1,6,10,15,-5,2026,2026-05-27 17:40:33.335376+00
2d175ae1-492e-4465-9286-fab44c03ad38,64e5de8e-a3ed-4c96-9172-8865d31ab74d,51cabbb1-b5d5-4117-982f-e973811606d5,32,26,9,5,12,32,34,-2,2026,2026-05-27 18:40:56.456228+00
606a9b7f-0df3-4c17-aeda-b5d0d30bc2c2,64e5de8e-a3ed-4c96-9172-8865d31ab74d,cfee354c-580e-40cf-92dd-9b2449af9d2b,23,26,6,5,15,27,41,-14,2026,2026-05-27 18:40:56.456228+00
c47cc634-e471-46db-8a49-cee5db96316f,64e5de8e-a3ed-4c96-9172-8865d31ab74d,b6bf378f-ab99-4890-b0e9-a91e83c6f948,40,26,12,4,10,33,34,-1,2026,2026-05-27 18:40:56.456228+00
2de005e5-6459-4119-b0c4-cd9cfc4f3d8f,64e5de8e-a3ed-4c96-9172-8865d31ab74d,579214fb-88d8-433d-8759-58bae9a2b80b,29,26,8,5,13,28,36,-8,2026,2026-05-27 18:40:56.456228+00
ca54c374-a44a-4b21-a079-f9d5decd2bf1,64e5de8e-a3ed-4c96-9172-8865d31ab74d,86006b38-35ef-4bf5-98b9-b98548e4fad9,30,26,7,9,10,24,29,-5,2026,2026-05-27 18:40:56.456228+00
24632308-91c8-4623-9840-8d886d646cb1,64e5de8e-a3ed-4c96-9172-8865d31ab74d,c703e072-22ba-4b11-9d23-5dbf8c58099d,35,26,10,5,11,23,28,-5,2026,2026-05-27 18:40:56.456228+00
3ab4cd59-66c5-4f01-baf9-ae5041b8cde3,64e5de8e-a3ed-4c96-9172-8865d31ab74d,6e84c4fd-307e-47cb-8cf0-b5db8a0e3daa,41,26,13,2,11,35,30,5,2026,2026-05-27 18:40:56.456228+00
fb0324e2-055e-4a03-b430-15ba2712be09,64e5de8e-a3ed-4c96-9172-8865d31ab74d,09c3dd43-a0c6-4e7a-8967-a1f7d3143901,44,26,13,5,8,28,22,6,2026,2026-05-27 18:40:56.456228+00
7858528a-22d3-45f7-90a8-b5105c980ed1,64e5de8e-a3ed-4c96-9172-8865d31ab74d,3c2b6baa-0d15-4c9f-bf21-adde3ed9dd28,48,26,14,6,6,39,27,12,2026,2026-05-27 18:40:56.456228+00
9b01146a-6554-46bb-8ea4-670808b1c205,64e5de8e-a3ed-4c96-9172-8865d31ab74d,a425cb88-8c0b-4437-8064-1460169dc775,35,26,9,8,9,30,29,1,2026,2026-05-27 18:40:56.456228+00
25b9fc7d-860f-4c91-a19e-c2640371d75c,64e5de8e-a3ed-4c96-9172-8865d31ab74d,96a9a8cc-8a55-4f93-9d1b-d8cafe5e08d5,46,26,14,4,8,33,22,11,2026,2026-05-27 18:40:56.456228+00
5af5e6bf-2f3a-4410-b1bb-c0800f255a88,64e5de8e-a3ed-4c96-9172-8865d31ab74d,a1c95037-a1cc-4fe5-87f8-702a103c2941,30,26,8,6,12,28,38,-10,2026,2026-05-27 18:40:56.456228+00
805678ef-08e0-4ba2-b3d9-074ece32f0ce,64e5de8e-a3ed-4c96-9172-8865d31ab74d,5d101a10-e7f2-414b-8adc-b7b54e0badb3,41,26,10,11,5,35,26,9,2026,2026-05-27 18:40:56.456228+00
1ae1b65f-f529-4fda-aa48-07674cc649e3,64e5de8e-a3ed-4c96-9172-8865d31ab74d,720d3709-8f1b-4dec-b6da-6ccd339c2cc0,30,26,7,9,10,28,29,-1,2026,2026-05-27 18:40:56.456228+00
319d08a6-473c-4336-81fe-92dc73b6a4e0,64e5de8e-a3ed-4c96-9172-8865d31ab74d,8cdd615d-e723-4353-af83-a68f1aa34758,37,26,11,4,11,38,35,3,2026,2026-05-27 18:40:56.456228+00
bbb45453-9375-4346-8139-ee117cf59a7e,64e5de8e-a3ed-4c96-9172-8865d31ab74d,c7bfff05-5bda-4e36-acd1-53266a890b98,37,26,11,4,11,24,25,-1,2026,2026-05-27 18:40:56.456228+00
987f4291-aa69-4796-8790-1017cb206757,33363f68-fc09-4fc7-941f-4ca6b89d4101,1ac7e6d4-aeef-4096-8378-43dbec0a8619,18,10,6,0,4,13,9,4,2026,2026-05-27 17:40:33.837605+00
802fd172-b02f-4086-9831-42d86e767c09,33363f68-fc09-4fc7-941f-4ca6b89d4101,667527f6-0735-4784-bdfb-05c7154b4fae,10,9,3,1,5,7,13,-6,2026,2026-05-27 17:40:33.837605+00
e9a86c6f-5117-4c8b-a5ce-e3a1fa0d3205,804b1ca5-8e2c-4210-b7bb-19a1a2d65bcd,2b798dfa-c703-4f54-8441-e294f423ab6b,21,26,4,9,13,30,44,-14,2026,2026-05-27 18:40:56.456228+00
e6e410c3-c3cc-4ad8-87f4-dd015199255e,804b1ca5-8e2c-4210-b7bb-19a1a2d65bcd,115118f7-bd98-45e3-8811-9847972bc4b2,50,26,15,5,6,38,24,14,2026,2026-05-27 18:40:56.456228+00
ffccf77c-8e12-4f10-956f-1df4b6934a91,804b1ca5-8e2c-4210-b7bb-19a1a2d65bcd,d6c9952d-df4c-43a6-8158-bf735890d048,44,26,14,2,10,38,27,11,2026,2026-05-27 18:40:56.456228+00
07740c0b-0142-423c-944a-52177c133f30,804b1ca5-8e2c-4210-b7bb-19a1a2d65bcd,634ce0db-9ef3-4792-8e2b-54628dffd0ed,35,26,9,8,9,27,26,1,2026,2026-05-27 18:40:56.456228+00
4fa75d3b-d42d-4d1c-8946-6865822b4057,804b1ca5-8e2c-4210-b7bb-19a1a2d65bcd,e97c5c91-d76e-491e-bf76-4cb279fd2907,27,26,6,9,11,26,39,-13,2026,2026-05-27 18:40:56.456228+00
4f6b2f71-9e6a-4280-a6af-90c1ad2e19ba,804b1ca5-8e2c-4210-b7bb-19a1a2d65bcd,e0966d10-0ac1-4f8e-afcb-ddd42c175ed6,42,26,12,6,8,35,28,7,2026,2026-05-27 18:40:56.456228+00
8b2e06f5-c6d9-4caa-aaf2-a5a6825bef4d,804b1ca5-8e2c-4210-b7bb-19a1a2d65bcd,9030d13d-2702-4900-917c-5d86e0fa6c1f,43,26,13,4,9,39,33,6,2026,2026-05-27 18:40:56.456228+00
515bd2fa-95c7-4676-a019-c9ee8e26b593,804b1ca5-8e2c-4210-b7bb-19a1a2d65bcd,739783c7-f61c-45ce-ba12-c53cc2f2f854,48,26,14,6,6,42,31,11,2026,2026-05-27 18:40:56.456228+00
835fee90-888c-486f-8d56-0dc26bc5c365,804b1ca5-8e2c-4210-b7bb-19a1a2d65bcd,368662b5-0f8a-4aa4-b4ed-4d179f6b62b0,35,26,10,5,11,38,40,-2,2026,2026-05-27 18:40:56.456228+00
648e5d67-955b-462c-b1fc-3d90584642f1,804b1ca5-8e2c-4210-b7bb-19a1a2d65bcd,763fccac-be4a-424b-86c3-61d8bc7c6cd5,35,26,10,5,11,27,31,-4,2026,2026-05-27 18:40:56.456228+00
9f8a7780-f8f4-4ba2-be91-d4342e3dfd70,804b1ca5-8e2c-4210-b7bb-19a1a2d65bcd,6933951b-c8fe-4a65-ba3c-38639ad6d26e,28,26,6,10,10,29,34,-5,2026,2026-05-27 18:40:56.456228+00
5ed25584-26f3-419a-b802-90a61f4700a4,804b1ca5-8e2c-4210-b7bb-19a1a2d65bcd,d648f58d-90aa-498c-ba24-26392daa1da0,36,26,10,6,10,34,36,-2,2026,2026-05-27 18:40:56.456228+00
4473c192-1a02-41cb-bbd3-59cf02b6c1db,804b1ca5-8e2c-4210-b7bb-19a1a2d65bcd,b757f95b-2f27-4681-b47d-11159a6f195f,35,26,10,5,11,36,38,-2,2026,2026-05-27 18:40:56.456228+00
78d97618-e5a9-4db7-a605-8b63fa418dc7,804b1ca5-8e2c-4210-b7bb-19a1a2d65bcd,f7879a8e-2b3c-4e1c-b450-c50e9c3c5f79,28,26,7,7,12,22,30,-8,2026,2026-05-27 18:40:56.456228+00
0622cd9e-c923-45e7-a446-bf6a57ba24b5,804b1ca5-8e2c-4210-b7bb-19a1a2d65bcd,5c7ee25e-eb45-46ee-8f1f-2f8a51c1f17b,35,26,10,5,11,38,39,-1,2026,2026-05-27 18:40:56.456228+00
40c29d04-f08c-4c9a-b1ce-8639057ffef8,804b1ca5-8e2c-4210-b7bb-19a1a2d65bcd,0a29c80a-cbbb-4def-81da-5955af9dc77d,34,26,10,4,12,41,40,1,2026,2026-05-27 18:40:56.456228+00
d8b74e0d-acee-4fa3-844b-e040f7425a65,d4398ee7-b67f-4e96-babd-7443ea048870,16630a36-a23a-4b1b-a727-853f2dee6af1,39,26,11,6,9,40,36,4,2026,2026-05-27 18:40:56.456228+00
90a1fb3e-ca51-44b1-9f39-037f3f6c1994,d4398ee7-b67f-4e96-babd-7443ea048870,dd5bcd16-ae57-4ea9-b745-841efb2cd0f2,37,26,10,7,9,35,33,2,2026,2026-05-27 18:40:56.456228+00
3b10c5e5-d8eb-437d-8ea7-1631ecab062b,d4398ee7-b67f-4e96-babd-7443ea048870,c5e50915-e52d-43ee-9758-0478950c58d2,42,26,13,3,10,40,30,10,2026,2026-05-27 18:40:56.456228+00
34efb435-7b8c-43f8-8305-4b679532d03f,d4398ee7-b67f-4e96-babd-7443ea048870,ba6283de-0931-4c11-8f3b-802223dc42f0,31,26,9,4,13,32,36,-4,2026,2026-05-27 18:40:56.456228+00
12a24156-a44b-4f86-8c16-7e338e7fb771,d4398ee7-b67f-4e96-babd-7443ea048870,6c6d0026-3c27-4ca0-9b20-8f426b8ab7c4,46,26,14,4,8,31,28,3,2026,2026-05-27 18:40:56.456228+00
82312563-56d1-48fe-a580-4215f5649980,d4398ee7-b67f-4e96-babd-7443ea048870,5514bf1c-dcdd-4b08-b7ed-f1b1e4282b13,41,26,11,8,7,37,29,8,2026,2026-05-27 18:40:56.456228+00
dd66625a-1762-400a-b223-0baa592242cc,d4398ee7-b67f-4e96-babd-7443ea048870,dec3b2f1-fca0-4210-aaa6-ec475851c465,25,26,5,10,11,19,31,-12,2026,2026-05-27 18:40:56.456228+00
546c4187-f50e-430b-8bf7-d9e7b222f50d,d4398ee7-b67f-4e96-babd-7443ea048870,a296326a-e343-4f9d-9c21-01febf2fc7f6,42,26,11,9,6,37,29,8,2026,2026-05-27 18:40:56.456228+00
fb675a7a-ab73-48de-9c84-b87b66330eff,d4398ee7-b67f-4e96-babd-7443ea048870,2ce9f40d-7b81-4ca0-b3fe-33ab605602d2,35,26,10,5,11,37,35,2,2026,2026-05-27 18:40:56.456228+00
8a6d988d-14bd-47b2-a60f-8d61ffc00afd,d4398ee7-b67f-4e96-babd-7443ea048870,290f5d2c-292d-4894-acbc-5a4645f8ee73,39,26,12,3,11,34,29,5,2026,2026-05-27 18:40:56.456228+00
b7bcd88a-3027-43c5-8b81-c390f804df78,d4398ee7-b67f-4e96-babd-7443ea048870,d518422e-47fb-45a3-97d9-932bf47fbf9b,42,26,12,6,8,34,26,8,2026,2026-05-27 18:40:56.456228+00
f905e29f-22e9-4cfc-842b-41088002aa72,d4398ee7-b67f-4e96-babd-7443ea048870,25f76692-94c3-473d-a8cb-51a918df3b1c,27,26,7,6,13,28,39,-11,2026,2026-05-27 18:40:56.456228+00
62d4d770-c0c8-4f81-b2ec-71caeb9b958d,d4398ee7-b67f-4e96-babd-7443ea048870,c98390f6-378c-4181-ae98-ca73ed8be831,36,26,10,6,10,34,32,2,2026,2026-05-27 18:40:56.456228+00
feaf9cac-d7a4-4bb2-aa6d-db7dcf955f7f,d4398ee7-b67f-4e96-babd-7443ea048870,3c2afeab-8bc3-4f94-b25b-569773a46d05,27,26,7,6,13,20,29,-9,2026,2026-05-27 18:40:56.456228+00
b0ecc7a4-bcc3-4e5a-a003-773db89f2912,d4398ee7-b67f-4e96-babd-7443ea048870,6c36f1a7-cc73-47ce-86db-a344d2df0f2c,41,26,10,11,5,30,26,4,2026,2026-05-27 18:40:56.456228+00
9263b7fe-e36b-44d9-a6b4-61a8a2026060,d4398ee7-b67f-4e96-babd-7443ea048870,cef97648-4730-4df8-9804-c0876159995f,26,26,8,2,16,23,43,-20,2026,2026-05-27 18:40:56.456228+00
50f787e1-3bdb-4dcf-9c1c-bbde09108ce3,d38e0b1b-3e3a-4e1e-bdb1-63b660a45f87,539ac74d-4625-4c66-b0a9-ddfae957cd46,28,26,7,7,12,27,32,-5,2026,2026-05-27 18:40:56.456228+00
9fb73d96-0ef4-4ea5-9956-a347dba87f0b,d38e0b1b-3e3a-4e1e-bdb1-63b660a45f87,36baf13f-563c-40dc-8fd8-7017956891f3,34,26,9,7,10,36,33,3,2026,2026-05-27 18:40:56.456228+00
1e3c964f-4d47-4d6c-8502-309e252d01d5,d38e0b1b-3e3a-4e1e-bdb1-63b660a45f87,f88be032-4942-46b4-87f4-1660c2702989,41,26,12,5,9,37,32,5,2026,2026-05-27 18:40:56.456228+00
b22ceb2e-436a-445a-abae-fa0f99a1684c,d38e0b1b-3e3a-4e1e-bdb1-63b660a45f87,ab9813a4-08ff-4f03-ab58-86842bdfc9e2,36,26,10,6,10,29,32,-3,2026,2026-05-27 18:40:56.456228+00
933f17bb-2147-4ee8-b756-7e2c5ea6dd65,d38e0b1b-3e3a-4e1e-bdb1-63b660a45f87,f53aa80b-30fb-4391-929f-57d674c9d54e,32,26,9,5,12,35,39,-4,2026,2026-05-27 18:40:56.456228+00
8627ad2b-fad7-43d0-bee9-143479531205,d38e0b1b-3e3a-4e1e-bdb1-63b660a45f87,fac6f5bb-9fb5-4743-a80e-a61b69a15485,38,26,11,5,10,31,32,-1,2026,2026-05-27 18:40:56.456228+00
ad225a40-c7ab-427c-a4c9-5e2f5162d573,d38e0b1b-3e3a-4e1e-bdb1-63b660a45f87,5a98e7bd-327a-45de-b0fe-9c0d5ceb075f,34,26,9,7,10,28,32,-4,2026,2026-05-27 18:40:56.456228+00
17b484b2-eaf1-4207-9e3f-8445383a59c7,d38e0b1b-3e3a-4e1e-bdb1-63b660a45f87,a75f833c-2e67-42c4-b61b-3a7040ce517d,20,26,4,8,14,23,42,-19,2026,2026-05-27 18:40:56.456228+00
0ae613f8-58c2-4869-96d7-4fedb6cb2b9e,d38e0b1b-3e3a-4e1e-bdb1-63b660a45f87,a0c51eee-9d73-48e7-bac1-8e69e0484c2f,43,26,12,7,7,36,32,4,2026,2026-05-27 18:40:56.456228+00
c3601bca-e964-4d8b-88d0-0055ed81f436,d38e0b1b-3e3a-4e1e-bdb1-63b660a45f87,6e62c6f5-cb9a-45d0-a0ef-cce4f4d5b110,33,26,10,3,13,31,36,-5,2026,2026-05-27 18:40:56.456228+00
5f38ec3b-f0cb-4078-9f50-4f4d8907e358,d38e0b1b-3e3a-4e1e-bdb1-63b660a45f87,8c5f395d-88ce-44b0-980e-0ffd1ec6ae77,44,26,13,5,8,37,27,10,2026,2026-05-27 18:40:56.456228+00
08321079-9bf0-4b72-b738-9acddbdbda97,d38e0b1b-3e3a-4e1e-bdb1-63b660a45f87,2e6b0384-7f8f-4ac2-ae7b-3284ac1628a9,36,26,11,3,12,34,38,-4,2026,2026-05-27 18:40:56.456228+00
ce8016fa-ae7d-4222-9f97-880f3638634e,d38e0b1b-3e3a-4e1e-bdb1-63b660a45f87,9c669a45-7675-4781-96fc-8c668e722294,44,26,13,5,8,35,27,8,2026,2026-05-27 18:40:56.456228+00
3c35dd0c-a9b2-4cea-bb00-e562a8d1e352,d38e0b1b-3e3a-4e1e-bdb1-63b660a45f87,937529c3-f7ed-4cd7-9441-08613ad310fc,40,26,12,4,10,36,34,2,2026,2026-05-27 18:40:56.456228+00
88a365f6-8874-4856-a2d6-3a8506b20e8a,d38e0b1b-3e3a-4e1e-bdb1-63b660a45f87,7c91a55e-3013-419b-a0e2-9635a76294f9,36,26,10,6,10,32,28,4,2026,2026-05-27 18:40:56.456228+00
6fb8eee9-157f-49b1-bb95-36c71cc7965f,d38e0b1b-3e3a-4e1e-bdb1-63b660a45f87,70dde02c-d40e-4b94-8528-d9eb2e908e52,39,26,10,9,7,29,20,9,2026,2026-05-27 18:40:56.456228+00
f9dcc4a2-30e3-48cd-a10c-608c7d74c834,b7a15c6f-9e3d-4a07-a0bf-cd6dc1586953,a185d565-9d1b-4987-a25a-4e0e65aa4793,34,26,9,7,10,30,29,1,2026,2026-05-27 18:40:56.456228+00
e91085af-712e-4a18-8799-cb81ac137fe4,b7a15c6f-9e3d-4a07-a0bf-cd6dc1586953,58f583f3-2f59-4633-ba33-72cc63e28749,39,26,12,3,11,32,37,-5,2026,2026-05-27 18:40:56.456228+00
e2f05d4e-07a7-4c53-8f2f-5a0493805760,b7a15c6f-9e3d-4a07-a0bf-cd6dc1586953,1b7bd0ab-c4e0-4ca5-8d84-03168f4ba7e3,40,26,12,4,10,39,37,2,2026,2026-05-27 18:40:56.456228+00
7e08cb9f-1ce4-4340-9f4a-8d668bceaf7b,b7a15c6f-9e3d-4a07-a0bf-cd6dc1586953,1d1ff11c-3819-4bcd-b79f-07ff4e5630a1,36,26,11,3,12,35,33,2,2026,2026-05-27 18:40:56.456228+00
b77d3c5b-902e-45e6-84d8-f56bdf981e99,b7a15c6f-9e3d-4a07-a0bf-cd6dc1586953,efb8c9b5-fbd5-4b3a-af6e-844c35f8dbcb,34,26,10,4,12,36,40,-4,2026,2026-05-27 18:40:56.456228+00
34d6f24d-66ba-410f-aa02-700d9fdc121d,b7a15c6f-9e3d-4a07-a0bf-cd6dc1586953,dd56918f-6777-4ac3-b2fe-72333aeb4d7c,30,26,8,6,12,34,38,-4,2026,2026-05-27 18:40:56.456228+00
2fe3eee5-cb4f-4fa3-891a-e42a80ba41c7,b7a15c6f-9e3d-4a07-a0bf-cd6dc1586953,2b360452-7d49-406b-a481-0b9b0a96434d,35,26,9,8,9,24,28,-4,2026,2026-05-27 18:40:56.456228+00
1108ed5e-d656-46e6-b046-16d22cf556cc,b7a15c6f-9e3d-4a07-a0bf-cd6dc1586953,6e48083f-0713-4bcd-bfee-2bffea4b79a0,32,26,10,2,14,35,35,0,2026,2026-05-27 18:40:56.456228+00
8909e22c-fb4e-4720-8647-00b8fa565ffc,b7a15c6f-9e3d-4a07-a0bf-cd6dc1586953,a7378e03-9ad5-4bb6-9d69-42c20d55bf2b,38,26,11,5,10,32,36,-4,2026,2026-05-27 18:40:56.456228+00
237e2620-1c25-4f75-9f8f-c849c67acdd3,b7a15c6f-9e3d-4a07-a0bf-cd6dc1586953,13c365c9-47a2-4c75-afd3-c3dc6fedc058,36,26,10,6,10,28,32,-4,2026,2026-05-27 18:40:56.456228+00
cc986814-2c11-4bd8-ba31-d7317b3329ef,b7a15c6f-9e3d-4a07-a0bf-cd6dc1586953,1853fee9-9587-4d84-8312-ab04472f39f9,39,26,10,9,7,28,25,3,2026,2026-05-27 18:40:56.456228+00
ad55e02f-e14f-4182-ad74-221a94ccfce4,b7a15c6f-9e3d-4a07-a0bf-cd6dc1586953,ab071a28-27ff-4506-acfa-2b997d461259,35,26,10,5,11,38,39,-1,2026,2026-05-27 18:40:56.456228+00
d33d2426-2e03-4651-b604-3a0f193f7d39,b7a15c6f-9e3d-4a07-a0bf-cd6dc1586953,10b0fbe6-3d2b-4285-b7bc-8c9da31a48eb,44,26,13,5,8,32,17,15,2026,2026-05-27 18:40:56.456228+00
a4c5ee84-b86a-45d6-9546-afd876679f17,b7a15c6f-9e3d-4a07-a0bf-cd6dc1586953,81635ea9-cc89-418f-beeb-c8475dc03960,42,26,13,3,10,37,29,8,2026,2026-05-27 18:40:56.456228+00
f23dca2e-62b4-4b80-887e-bde6878e65fd,b7a15c6f-9e3d-4a07-a0bf-cd6dc1586953,72db32e5-7834-4e7f-9752-4b41dc70bbd0,36,26,9,9,8,32,31,1,2026,2026-05-27 18:40:56.456228+00
8b2dca6e-a713-4878-9e29-0647944eaf2a,b7a15c6f-9e3d-4a07-a0bf-cd6dc1586953,b67c48a9-3074-4d56-b806-846b1d0130e0,32,26,9,5,12,36,42,-6,2026,2026-05-27 18:40:56.456228+00
63b5cb00-5d60-4b2e-8eee-3ea63534c45f,ae1f4d86-4a28-406c-907f-abce9c7e15f2,26592d60-bab3-42cd-be70-466c52187883,32,26,9,5,12,23,29,-6,2026,2026-05-27 18:40:56.456228+00
5ac1e524-861a-4380-ab94-464478cd153e,ae1f4d86-4a28-406c-907f-abce9c7e15f2,c7ea5d60-414e-4d5c-a034-34665055956d,38,26,10,8,8,37,30,7,2026,2026-05-27 18:40:56.456228+00
b28fb588-7314-426c-a98a-4a3be61529a9,ae1f4d86-4a28-406c-907f-abce9c7e15f2,d583f7b6-71d9-4420-9335-b3b22efad34f,43,26,11,10,5,32,26,6,2026,2026-05-27 18:40:56.456228+00
cf94b2e4-4c92-47c3-9b67-7577ed008384,ae1f4d86-4a28-406c-907f-abce9c7e15f2,956b2fb6-38df-42e5-9a73-3c43e11f4bbc,33,26,9,6,11,26,35,-9,2026,2026-05-27 18:40:56.456228+00
441e9b79-838c-45c7-a92a-5512536d1535,ae1f4d86-4a28-406c-907f-abce9c7e15f2,17e28878-90d9-44e5-acb7-96d75009cab5,37,26,11,4,11,31,31,0,2026,2026-05-27 18:40:56.456228+00
c1818b02-e177-437f-af0d-7c261520cdb8,ae1f4d86-4a28-406c-907f-abce9c7e15f2,ae9ce661-7742-4e2a-923e-937db00ebecb,32,26,8,8,10,34,35,-1,2026,2026-05-27 18:40:56.456228+00
8477fa82-abe3-4686-b6e3-e6c74fbbadcd,ae1f4d86-4a28-406c-907f-abce9c7e15f2,4a993ac4-b328-4396-9cc9-9b4fe5138dd1,31,26,9,4,13,36,36,0,2026,2026-05-27 18:40:56.456228+00
dd483f86-34bf-4613-ad79-9cd89a6d38e2,ae1f4d86-4a28-406c-907f-abce9c7e15f2,1e450ef1-99be-457f-81c3-e7725018cd27,45,26,13,6,7,30,26,4,2026,2026-05-27 18:40:56.456228+00
8f3883d0-9a86-4a7b-ac92-d6f9fc71c62a,ae1f4d86-4a28-406c-907f-abce9c7e15f2,1d059a07-0c6f-47cd-806d-7468df1cae3f,29,26,8,5,13,30,34,-4,2026,2026-05-27 18:40:56.456228+00
a55a1b18-b3c8-4bb9-a56e-3041991c23fc,ae1f4d86-4a28-406c-907f-abce9c7e15f2,32a3932a-d5d7-4014-b8fe-4355a4185910,42,26,12,6,8,38,28,10,2026,2026-05-27 18:40:56.456228+00
80084e40-48d8-47da-89ce-6add0eb4122e,ae1f4d86-4a28-406c-907f-abce9c7e15f2,d98a49af-0998-4473-907e-f331919da2b9,25,26,7,4,15,17,29,-12,2026,2026-05-27 18:40:56.456228+00
0a04f0b1-761c-4b94-a4cf-d8958cc5a29f,ae1f4d86-4a28-406c-907f-abce9c7e15f2,95b826e3-1f32-439d-99fe-d934a3f046a6,42,26,12,6,8,32,29,3,2026,2026-05-27 18:40:56.456228+00
05f43fb1-77fc-48bf-90be-a4f80bef59f5,ae1f4d86-4a28-406c-907f-abce9c7e15f2,0b2e8a1e-25c1-4b8d-a0cc-2976f59fa18f,32,26,9,5,12,32,38,-6,2026,2026-05-27 18:40:56.456228+00
7d1f253c-60de-40ff-b30f-8206ef27397e,ae1f4d86-4a28-406c-907f-abce9c7e15f2,bb55b918-4a1c-479e-9dfb-0a518ab8d1a5,44,26,12,8,6,34,26,8,2026,2026-05-27 18:40:56.456228+00
1d31585d-8f06-4ca3-91f3-87f062e0046d,ae1f4d86-4a28-406c-907f-abce9c7e15f2,6cd37e7f-4cf3-41d9-b87a-d0c70ea74240,40,26,11,7,8,32,23,9,2026,2026-05-27 18:40:56.456228+00
099a06c4-def5-4406-a6a4-9ea02d39b0f3,ae1f4d86-4a28-406c-907f-abce9c7e15f2,e3113bd5-b8de-41f9-9e3c-116e60437551,30,26,8,6,12,25,34,-9,2026,2026-05-27 18:40:56.456228+00
feb14e1a-a54a-4030-a30e-e43745bc4ec7,07253b9f-5456-4514-9d9c-b50187d63967,782bbe8e-794d-47db-8633-25938f8d20ed,44,26,12,8,6,41,25,16,2026,2026-05-27 18:42:09.682462+00
d61c06c0-3b9e-4ca6-837e-ce061f334c38,07253b9f-5456-4514-9d9c-b50187d63967,0eb1d572-a1da-44e0-919c-a7679c96c5b9,37,26,11,4,11,38,40,-2,2026,2026-05-27 18:42:09.682462+00
159ed57f-8286-412f-9f24-643e60f38808,07253b9f-5456-4514-9d9c-b50187d63967,dc50b6a8-bd4a-426f-a405-0db766c77d72,26,26,7,5,14,25,39,-14,2026,2026-05-27 18:42:09.682462+00
32b1893d-4fe4-4e8e-a4f3-d1b401916200,07253b9f-5456-4514-9d9c-b50187d63967,bb4a3216-e9c5-4a6f-85ab-91618a81d9ec,32,26,9,5,12,37,40,-3,2026,2026-05-27 18:42:09.682462+00
42ba7dea-d739-4fd0-8b6c-7124497f453f,07253b9f-5456-4514-9d9c-b50187d63967,b9956abf-9e4c-4b3e-afe6-91163e4a609f,41,26,12,5,9,36,34,2,2026,2026-05-27 18:42:09.682462+00
61c485ee-c1c0-4327-92bb-626e391a3b9f,07253b9f-5456-4514-9d9c-b50187d63967,c4d88259-6473-4541-b3ab-7277f4e8ece1,37,26,11,4,11,32,40,-8,2026,2026-05-27 18:42:09.682462+00
fdc61d7f-39ce-4011-a721-b9bb8a223dcd,07253b9f-5456-4514-9d9c-b50187d63967,42fd51b7-bab8-42cb-92ab-58299fa7a171,52,26,16,4,6,39,25,14,2026,2026-05-27 18:42:09.682462+00
6436e689-c5e9-41c6-bab6-a663ee22c1d1,07253b9f-5456-4514-9d9c-b50187d63967,4f41dc29-7309-422e-99f9-0a6ff0f595d2,32,26,8,8,10,33,37,-4,2026,2026-05-27 18:42:09.682462+00
c5ba7827-17e8-4ae8-927f-7838beb3f34a,07253b9f-5456-4514-9d9c-b50187d63967,3d988a55-ca61-4b79-9470-4b85e282a848,22,26,5,7,14,26,35,-9,2026,2026-05-27 18:42:09.682462+00
5fba0ab0-846d-4cc9-9d08-ca325ed47500,07253b9f-5456-4514-9d9c-b50187d63967,e383fb12-1218-4dab-ad13-f89d58f52368,31,26,8,7,11,38,40,-2,2026,2026-05-27 18:42:09.682462+00
c38ce1c5-8907-4bfe-82cb-948707a90795,07253b9f-5456-4514-9d9c-b50187d63967,c1453047-cf91-4483-a21e-f024ed970b67,39,26,11,6,9,37,33,4,2026,2026-05-27 18:42:09.682462+00
845a2277-fcf2-4004-9ae1-5007b1b7e623,07253b9f-5456-4514-9d9c-b50187d63967,2d52e617-8443-44ce-8dda-c9dcfa11d515,33,26,10,3,13,33,38,-5,2026,2026-05-27 18:42:09.682462+00
68f3abb6-5a6f-443e-9fd2-e682f96b77bc,07253b9f-5456-4514-9d9c-b50187d63967,2bc4f6a2-0399-4e4a-b427-d1b7e873e03e,36,26,10,6,10,30,31,-1,2026,2026-05-27 18:42:09.682462+00
35d3dcff-6d24-4e04-8a57-21ac8e50bb64,07253b9f-5456-4514-9d9c-b50187d63967,88affc33-3f33-4f03-ba2b-9539ced9cfe7,32,26,9,5,12,30,32,-2,2026,2026-05-27 18:42:09.682462+00
9f38a4c6-a487-4a0f-8a32-3fda8abb2c5d,07253b9f-5456-4514-9d9c-b50187d63967,9c210bae-b863-49dc-b66d-e1f6c47812f8,45,26,13,6,7,36,30,6,2026,2026-05-27 18:42:09.682462+00
48b77891-39f5-464f-9f14-c53528d26541,07253b9f-5456-4514-9d9c-b50187d63967,ad0ef2e0-a009-49dc-827e-c3a50d32999d,41,26,12,5,9,37,29,8,2026,2026-05-27 18:42:09.682462+00
51e33d4c-bc9a-40aa-b284-d641e9891f89,0769b8c1-4e8d-496b-998b-ab26b2b0d1fa,0cd6275e-5fbf-4e13-bec7-51a74920fda9,38,26,12,2,12,34,34,0,2026,2026-05-27 18:42:09.682462+00
29abc875-8635-4bb3-8b83-3f901bf77ed1,0769b8c1-4e8d-496b-998b-ab26b2b0d1fa,e615fb16-d6e7-4b7b-bdff-bf7dce072072,36,26,10,6,10,40,42,-2,2026,2026-05-27 18:42:09.682462+00
3b6428a0-5901-452e-b0ef-840854b35ba0,0769b8c1-4e8d-496b-998b-ab26b2b0d1fa,41525157-fe4c-426b-a2b9-50070cac86fb,40,26,11,7,8,34,30,4,2026,2026-05-27 18:42:09.682462+00
262b5925-1511-4643-b0b4-4cf62ac1dc5e,0769b8c1-4e8d-496b-998b-ab26b2b0d1fa,34d5cc0f-31f9-4952-8a06-2d743c8d47db,39,26,11,6,9,31,30,1,2026,2026-05-27 18:42:09.682462+00
3ee2e83d-bbef-4f8c-a95d-7a883ae6b504,0769b8c1-4e8d-496b-998b-ab26b2b0d1fa,3738ef7e-b553-49cf-8859-df9bad8b2160,31,26,7,10,9,27,35,-8,2026,2026-05-27 18:42:09.682462+00
531fc5db-afcc-477e-9e49-d02fb9c2b40e,0769b8c1-4e8d-496b-998b-ab26b2b0d1fa,433cb048-5102-4004-9cdc-182901fdeecb,44,26,14,2,10,44,33,11,2026,2026-05-27 18:42:09.682462+00
8d05130c-bd1b-4b9f-95ac-8bb894cae0a8,0769b8c1-4e8d-496b-998b-ab26b2b0d1fa,f0bbee25-9235-4a3d-b363-56c37424f5de,37,26,9,10,7,30,26,4,2026,2026-05-27 18:42:09.682462+00
b4a2c870-edc3-4fdc-9b55-45288b280ac8,0769b8c1-4e8d-496b-998b-ab26b2b0d1fa,84602e69-f137-4f62-a4f4-4d5a3bcdcf74,34,26,8,10,8,25,26,-1,2026,2026-05-27 18:42:09.682462+00
464fce11-4721-4959-ac6f-cd095e4540d1,0769b8c1-4e8d-496b-998b-ab26b2b0d1fa,3c792ed6-2df1-4569-bca6-45e667253e8b,27,26,6,9,11,26,31,-5,2026,2026-05-27 18:42:09.682462+00
e802239b-2d73-4dc1-a55e-d0b91330d7e3,0769b8c1-4e8d-496b-998b-ab26b2b0d1fa,cd2e9a10-231b-4369-889e-c2a518d220f8,27,26,6,9,11,28,37,-9,2026,2026-05-27 18:42:09.682462+00
86fc7dda-9277-4a68-bf83-1c470b26e06b,0769b8c1-4e8d-496b-998b-ab26b2b0d1fa,2a636261-1fc0-4397-ac4e-5052135e5fea,46,26,13,7,6,35,23,12,2026,2026-05-27 18:42:09.682462+00
7329d9f8-4ca1-43a9-b086-21b6d318f1da,0769b8c1-4e8d-496b-998b-ab26b2b0d1fa,d3a26b66-5155-4d23-861f-66c07ee38e69,34,26,9,7,10,32,33,-1,2026,2026-05-27 18:42:09.682462+00
8eed9839-45b0-41be-955b-a83cdab56ffd,0769b8c1-4e8d-496b-998b-ab26b2b0d1fa,6c899078-fc65-48f3-86e4-cc5b3be6a271,21,26,5,6,15,20,39,-19,2026,2026-05-27 18:42:09.682462+00
9fa7715c-6ca1-4294-bd4b-479dc804a844,0769b8c1-4e8d-496b-998b-ab26b2b0d1fa,d8486c5c-fc05-4637-99f5-ea489e1083e2,37,26,10,7,9,40,30,10,2026,2026-05-27 18:42:09.682462+00
01324200-f85e-421f-a67e-2828b4035a43,0769b8c1-4e8d-496b-998b-ab26b2b0d1fa,97e3a17b-6cf8-4ce8-b346-fb36c158b789,29,26,6,11,9,30,36,-6,2026,2026-05-27 18:42:09.682462+00
1edd98a7-0a06-466e-8306-af14e98df0d8,0769b8c1-4e8d-496b-998b-ab26b2b0d1fa,86146d3a-c094-4959-a981-0d59d8734590,47,26,14,5,7,38,29,9,2026,2026-05-27 18:42:09.682462+00
f68c1862-d736-4ec1-bda1-e4297a33a5a0,084b02de-b070-4ab8-a952-9290fb2646cd,7f859e11-875a-4435-8257-aea8c1b2bb6c,38,26,10,8,8,40,35,5,2026,2026-05-27 18:42:09.682462+00
34c2c012-9b60-446a-8573-d83e4ae41aa5,084b02de-b070-4ab8-a952-9290fb2646cd,6d5c7f78-0d28-4c97-b1f8-30dbfdae2e17,35,26,8,11,7,30,34,-4,2026,2026-05-27 18:42:09.682462+00
aafdba0b-0bbc-4b8f-95c0-5e9a1816f46f,084b02de-b070-4ab8-a952-9290fb2646cd,72ae8e43-98d8-4793-be45-2e93aff6dcd0,24,26,6,6,14,28,42,-14,2026,2026-05-27 18:42:09.682462+00
e48b6ad6-c09e-4380-9214-8e641cd4b8df,084b02de-b070-4ab8-a952-9290fb2646cd,0ed6e10d-ec65-409a-8f3f-49dbcc8b41b0,30,26,8,6,12,26,29,-3,2026,2026-05-27 18:42:09.682462+00
7af3f5d9-6bc9-46e9-a370-cc89f6614713,084b02de-b070-4ab8-a952-9290fb2646cd,b9c1c739-4c10-49fd-8e12-ba82fce4defd,40,26,11,7,8,39,32,7,2026,2026-05-27 18:42:09.682462+00
af382fca-122c-4a8e-960c-53161ad54859,084b02de-b070-4ab8-a952-9290fb2646cd,b8a0dee7-1025-4f6b-ad4b-048f6905a136,30,26,8,6,12,27,33,-6,2026,2026-05-27 18:42:09.682462+00
c8fa9405-7cb5-4d9a-ad74-5e886d549b71,084b02de-b070-4ab8-a952-9290fb2646cd,029d59b9-8a59-4ea9-abe2-4f846cb8c574,45,26,13,6,7,37,33,4,2026,2026-05-27 18:42:09.682462+00
7b1d4dec-0d70-459a-a83a-af7e83f7b01d,084b02de-b070-4ab8-a952-9290fb2646cd,12fd5779-3ef5-4485-892b-e3ff7c2beacc,43,26,13,4,9,31,25,6,2026,2026-05-27 18:42:09.682462+00
74b14215-cd75-49df-a5c0-126027c34f54,084b02de-b070-4ab8-a952-9290fb2646cd,b8b8ceee-6279-4a99-98ca-a9b2c44b1742,30,26,8,6,12,27,33,-6,2026,2026-05-27 18:42:09.682462+00
73ddad07-6aa4-4b5a-b5f1-c9212ea66ad6,084b02de-b070-4ab8-a952-9290fb2646cd,8d892c9d-5df5-4aa4-a42b-03496ae333a2,47,26,14,5,7,35,28,7,2026,2026-05-27 18:42:09.682462+00
aac9405d-58b5-4acb-bb29-74b74d98dc03,084b02de-b070-4ab8-a952-9290fb2646cd,4fed1257-83d0-465d-b681-04e431e7600b,36,26,10,6,10,31,28,3,2026,2026-05-27 18:42:09.682462+00
fedc3a7e-db78-42c0-a284-4f0356d60352,084b02de-b070-4ab8-a952-9290fb2646cd,0540b554-3969-4f76-953a-6b98cf53b6fe,30,26,7,9,10,22,30,-8,2026,2026-05-27 18:42:09.682462+00
10883784-4190-472d-818e-4a76aad4c6d4,084b02de-b070-4ab8-a952-9290fb2646cd,4618cab1-fcb0-40f3-8136-e206483e8c61,39,26,12,3,11,37,32,5,2026,2026-05-27 18:42:09.682462+00
e4d4cb28-ba7a-4735-89f6-868bb2c7c43a,084b02de-b070-4ab8-a952-9290fb2646cd,3b24b670-28b8-4dfd-95ca-1c12ff49155b,37,26,10,7,9,33,28,5,2026,2026-05-27 18:42:09.682462+00
9267c581-62b0-4e1c-b8eb-4661a98da89d,084b02de-b070-4ab8-a952-9290fb2646cd,e0c06721-b4cb-4aec-b53d-d5d19fa17bc3,44,26,13,5,8,42,34,8,2026,2026-05-27 18:42:09.682462+00
3d2a01ac-ef7f-4dee-b7ac-53e55131cb06,084b02de-b070-4ab8-a952-9290fb2646cd,df767831-6034-4542-a91e-e9cf8d5f81b2,24,26,5,9,12,26,35,-9,2026,2026-05-27 18:42:09.682462+00
ce69ff0b-199d-4a90-8780-d54b678ae324,1a8524d5-c4b1-4487-8718-dfedc8ea76ef,350aed8a-e01e-486a-b17a-022016bd1402,35,26,8,11,7,27,32,-5,2026,2026-05-27 18:42:09.682462+00
f033b587-da9c-45d9-8c3e-943b3cb01e27,1a8524d5-c4b1-4487-8718-dfedc8ea76ef,16988374-677f-425f-b755-ee9043d0ebdf,41,26,10,11,5,29,23,6,2026,2026-05-27 18:42:09.682462+00
232d3a7f-429c-4e5e-b458-1af78bf77b5f,1a8524d5-c4b1-4487-8718-dfedc8ea76ef,22522543-cef2-4a8c-96cc-b2ce4aa17f17,29,26,5,14,7,32,33,-1,2026,2026-05-27 18:42:09.682462+00
2fd4d479-1c4c-4782-bcb3-21df11d65ad2,1a8524d5-c4b1-4487-8718-dfedc8ea76ef,34da52aa-111f-472d-ab97-b625702d4ffc,38,26,10,8,8,32,29,3,2026,2026-05-27 18:42:09.682462+00
da8f5b6d-22a2-4e75-9c35-8f6c03620692,1a8524d5-c4b1-4487-8718-dfedc8ea76ef,5c6cec0b-6f64-4cc9-a5ae-e5967aaf7701,36,26,10,6,10,28,33,-5,2026,2026-05-27 18:42:09.682462+00
8b6e4f01-39bc-4729-ab30-56ef82a74e5a,1a8524d5-c4b1-4487-8718-dfedc8ea76ef,8ef05acf-2ab7-45d2-ad34-a977f652ca29,36,26,10,6,10,32,28,4,2026,2026-05-27 18:42:09.682462+00
ff798f46-f086-4fc6-b30d-1fab93607e67,1a8524d5-c4b1-4487-8718-dfedc8ea76ef,7cd23ce9-7cb6-43eb-ae3f-53826ac7a2a8,30,26,7,9,10,29,33,-4,2026,2026-05-27 18:42:09.682462+00
e68e2f29-eb6e-48af-a385-2068542f77fb,1a8524d5-c4b1-4487-8718-dfedc8ea76ef,d9a42991-dd70-45e8-b104-3ba3efa1057d,41,26,11,8,7,44,35,9,2026,2026-05-27 18:42:09.682462+00
4baf27d1-deea-48b8-8b11-9c024fc181da,1a8524d5-c4b1-4487-8718-dfedc8ea76ef,9aec77ce-03e8-4044-bb8d-3fcc0b336942,30,26,7,9,10,28,34,-6,2026,2026-05-27 18:42:09.682462+00
76a9330a-b456-4fa9-8b7b-26326f09b10e,1a8524d5-c4b1-4487-8718-dfedc8ea76ef,0f44ed05-6e92-4199-92b0-4d652dc12443,38,26,11,5,10,36,34,2,2026,2026-05-27 18:42:09.682462+00
1aca9fd1-8b20-4299-9efb-4cbfd95e1c41,1a8524d5-c4b1-4487-8718-dfedc8ea76ef,acc06d5f-19fb-46c4-b742-8d0a94be7d79,28,26,6,10,10,28,38,-10,2026,2026-05-27 18:42:09.682462+00
4da0ba88-f736-4fbb-b4c9-9e7a4785ab82,1a8524d5-c4b1-4487-8718-dfedc8ea76ef,19e5553b-5227-4e8f-8d96-5aaa36f62119,33,26,9,6,11,32,35,-3,2026,2026-05-27 18:42:09.682462+00
3901822b-7891-4fbd-9f16-e1ae1843a879,1a8524d5-c4b1-4487-8718-dfedc8ea76ef,0618f297-db42-4469-924a-5d55428cd365,43,26,12,7,7,39,31,8,2026,2026-05-27 18:42:09.682462+00
610b96b9-41d4-41c2-8868-715389b9314f,1a8524d5-c4b1-4487-8718-dfedc8ea76ef,a0ef5d9a-8e44-4483-b2dc-c35a384154e0,36,26,11,3,12,37,38,-1,2026,2026-05-27 18:42:09.682462+00
9bac9554-0276-4f56-954f-f80d647b4640,1a8524d5-c4b1-4487-8718-dfedc8ea76ef,29168681-3063-49fb-8787-b05bd53e5aa1,32,26,9,5,12,37,38,-1,2026,2026-05-27 18:42:09.682462+00
08dd6170-626b-411c-adf4-744c409cf4e8,1a8524d5-c4b1-4487-8718-dfedc8ea76ef,20d4477a-6f34-41f3-955e-b18ea7b2815d,37,26,11,4,11,32,28,4,2026,2026-05-27 18:42:09.682462+00
22cd0a52-8798-4ea5-a710-5f64f1adf0ae,243d4d25-b6b7-4466-9f8e-557c4ecbb1b5,7da79810-5219-4a43-86c5-c1a91fdee90c,26,26,6,8,12,30,39,-9,2026,2026-05-27 18:42:09.682462+00
506a02b1-4de7-4684-957b-ad09b55fa466,243d4d25-b6b7-4466-9f8e-557c4ecbb1b5,5f320f87-3e60-4b61-bab2-3ea911ff755f,40,26,10,10,6,38,32,6,2026,2026-05-27 18:42:09.682462+00
06d620ef-519e-4499-9764-3995fdc20075,243d4d25-b6b7-4466-9f8e-557c4ecbb1b5,afe04074-a2ba-4281-9eb9-288f3297a39d,29,26,8,5,13,34,40,-6,2026,2026-05-27 18:42:09.682462+00
f40f71ba-2c26-431d-8081-abd6905831a1,243d4d25-b6b7-4466-9f8e-557c4ecbb1b5,1d8bdca0-c37d-495b-a612-e9921856155b,35,26,10,5,11,38,42,-4,2026,2026-05-27 18:42:09.682462+00
5c7122ce-4455-438d-bc75-f854f7199b51,243d4d25-b6b7-4466-9f8e-557c4ecbb1b5,10b85109-c14c-4fe6-bd25-405af941861a,32,26,8,8,10,35,31,4,2026,2026-05-27 18:42:09.682462+00
199b32de-e2fd-419f-997f-6c97410547bc,243d4d25-b6b7-4466-9f8e-557c4ecbb1b5,14bc85c5-f9e3-4538-b0ce-d9e6d5177f2d,39,26,11,6,9,31,32,-1,2026,2026-05-27 18:42:09.682462+00
90861f19-b99d-41d9-9afb-2c3c47e50358,243d4d25-b6b7-4466-9f8e-557c4ecbb1b5,792b8114-c698-46d1-a66f-e10810ddb36b,38,26,11,5,10,31,35,-4,2026,2026-05-27 18:42:09.682462+00
b489a8c2-715d-4921-8e31-45b9804e971c,243d4d25-b6b7-4466-9f8e-557c4ecbb1b5,2d5fad5d-810f-4106-ba7e-a1c04dd021aa,31,26,8,7,11,32,35,-3,2026,2026-05-27 18:42:09.682462+00
812aa1fa-8cb7-47eb-b30a-7ca10db4c3bb,243d4d25-b6b7-4466-9f8e-557c4ecbb1b5,5c6d723b-78bc-4328-a452-4c7adabd4757,38,26,10,8,8,37,36,1,2026,2026-05-27 18:42:09.682462+00
932b01d6-ce4c-481d-9ded-eae96cb05052,243d4d25-b6b7-4466-9f8e-557c4ecbb1b5,be98d3c4-4039-4fc0-8281-c9d37710cb3e,30,26,8,6,12,28,33,-5,2026,2026-05-27 18:42:09.682462+00
b1c6a7c7-21d0-461e-8818-2403d1256d61,243d4d25-b6b7-4466-9f8e-557c4ecbb1b5,4f3cec7d-6165-487b-8dfc-f73765f01f6d,43,26,13,4,9,38,31,7,2026,2026-05-27 18:42:09.682462+00
43e70888-bb42-4534-b47e-7f44a0d06da4,243d4d25-b6b7-4466-9f8e-557c4ecbb1b5,2e446b5a-38ac-4884-a343-ee7f37ebcd78,30,26,8,6,12,34,37,-3,2026,2026-05-27 18:42:09.682462+00
fa168ecd-d6e3-45f7-a7e4-f840d6ed6fe4,243d4d25-b6b7-4466-9f8e-557c4ecbb1b5,ea1f818f-5f75-4b9d-95f0-18933233a6d3,33,26,10,3,13,30,37,-7,2026,2026-05-27 18:42:09.682462+00
b3fd5129-5b41-43d0-ac53-f0ebc732ebbb,243d4d25-b6b7-4466-9f8e-557c4ecbb1b5,3243adf0-a968-4ae4-8826-4581750cd96b,36,26,10,6,10,38,38,0,2026,2026-05-27 18:42:09.682462+00
db4267df-7e0c-4830-af90-44acf6e0961e,243d4d25-b6b7-4466-9f8e-557c4ecbb1b5,535b3539-f902-4177-9305-13a0417aec64,50,26,14,8,4,39,22,17,2026,2026-05-27 18:42:09.682462+00
b5576e06-c88f-41fa-a5ba-2907d6999fb0,243d4d25-b6b7-4466-9f8e-557c4ecbb1b5,58bd9273-5de9-4e77-9a24-875ea9d9b271,44,26,13,5,8,37,30,7,2026,2026-05-27 18:42:09.682462+00
f6057584-8396-461b-9dc4-3f968b75b5a7,2b83984c-107c-4d30-8c53-95c2a46c397f,89c75f5a-c68c-4a7d-a36a-f41732a48dd4,29,26,7,8,11,25,33,-8,2026,2026-05-27 18:42:09.682462+00
30326137-f684-4edc-9cc3-e4f283b7d180,2b83984c-107c-4d30-8c53-95c2a46c397f,00be6ec4-a082-471a-b9cf-b93054f66bee,34,26,9,7,10,34,35,-1,2026,2026-05-27 18:42:09.682462+00
3d750e50-e9c2-4c1b-940a-4b052c285156,2b83984c-107c-4d30-8c53-95c2a46c397f,ef728843-6bd8-4697-b4cc-6aa6ac86e20f,37,26,10,7,9,32,33,-1,2026,2026-05-27 18:42:09.682462+00
659090d6-d4bb-43bf-9baf-2707c1f59461,2b83984c-107c-4d30-8c53-95c2a46c397f,a5323424-71f3-4def-947b-5b5a8a7dda64,36,26,10,6,10,30,29,1,2026,2026-05-27 18:42:09.682462+00
a354c888-474f-4ed1-b104-e0805b550c1f,2b83984c-107c-4d30-8c53-95c2a46c397f,b16b2844-3b3f-4cee-89fb-a961f5ff8988,34,26,9,7,10,34,32,2,2026,2026-05-27 18:42:09.682462+00
5e193314-a128-41bc-b015-e5e35a3c36a7,2b83984c-107c-4d30-8c53-95c2a46c397f,c565d5b2-a6ef-42cb-9057-a983099069a4,46,26,13,7,6,32,21,11,2026,2026-05-27 18:42:09.682462+00
151b6be6-aafd-4a89-84ed-5816633418ef,2b83984c-107c-4d30-8c53-95c2a46c397f,c1227546-e7cb-4af2-9428-91ddcbdf362c,37,26,11,4,11,27,29,-2,2026,2026-05-27 18:42:09.682462+00
acddef63-7e18-4f9b-b1bf-28a764d71afb,2b83984c-107c-4d30-8c53-95c2a46c397f,cd0cd548-f0d8-4876-ad95-35896770408d,29,26,8,5,13,32,43,-11,2026,2026-05-27 18:42:09.682462+00
c4559a6e-2aa0-4b55-9fdd-e3381603b6c8,2b83984c-107c-4d30-8c53-95c2a46c397f,c9ad221d-9aa6-4f7f-aab6-45602b89e863,50,26,15,5,6,45,28,17,2026,2026-05-27 18:42:09.682462+00
67d50d6a-45a9-4369-902a-fe464a257594,2b83984c-107c-4d30-8c53-95c2a46c397f,24ffec6a-7af8-49c8-9b78-99bdf9e7fce6,33,26,9,6,11,28,29,-1,2026,2026-05-27 18:42:09.682462+00
b222e3f8-3693-4026-8113-b9a978d648ec,2b83984c-107c-4d30-8c53-95c2a46c397f,f76302da-e282-4a4d-b30b-9f917c25e5d0,40,26,12,4,10,31,29,2,2026,2026-05-27 18:42:09.682462+00
4ef90609-b66b-460a-abd0-c6f077067296,2b83984c-107c-4d30-8c53-95c2a46c397f,e1d4512f-ec78-4edc-903d-e19359749ab9,37,26,10,7,9,30,31,-1,2026,2026-05-27 18:42:09.682462+00
fd9564e1-568d-4c94-a800-d64a8fb76315,2b83984c-107c-4d30-8c53-95c2a46c397f,3f17b298-2533-4055-89ac-f74dbd81569a,26,26,6,8,12,29,36,-7,2026,2026-05-27 18:42:09.682462+00
163ce783-f8f4-43af-87c7-35f28d3e5d6e,2b83984c-107c-4d30-8c53-95c2a46c397f,cbdcecfd-23e8-48d1-9607-d9835963e6ea,29,26,8,5,13,30,31,-1,2026,2026-05-27 18:42:09.682462+00
5fc21a1a-b07b-4284-97ca-208b5625d38c,2b83984c-107c-4d30-8c53-95c2a46c397f,a96c80f4-e873-47b5-8ba9-32bae2e6ea28,40,26,11,7,8,35,31,4,2026,2026-05-27 18:42:09.682462+00
fffcec2f-a287-4ddf-aaec-d9b56f9147e5,2b83984c-107c-4d30-8c53-95c2a46c397f,3ac5b99c-e410-43ea-8932-ad1a1205fd8c,38,26,11,5,10,34,38,-4,2026,2026-05-27 18:42:09.682462+00
f46d1b38-6d9e-45c8-a0b5-8fecba34ceb1,2e8ece26-676a-4998-bbd4-c07fa5e49694,e548370e-a281-4808-a8e8-e0a412681c8d,33,26,9,6,11,30,37,-7,2026,2026-05-27 18:42:09.682462+00
3584644f-4886-479d-a786-8d13ef567905,2e8ece26-676a-4998-bbd4-c07fa5e49694,c8f6c882-3148-45b7-b9ec-ade0a25424ec,33,26,10,3,13,41,42,-1,2026,2026-05-27 18:42:09.682462+00
e7e32124-a0c1-4a96-b1db-4b7595a7534d,2e8ece26-676a-4998-bbd4-c07fa5e49694,00669814-8d24-46a6-972c-0a7ddd32944b,44,26,13,5,8,36,29,7,2026,2026-05-27 18:42:09.682462+00
291df1c3-c7e3-41b6-9d91-584a61e6c3c0,2e8ece26-676a-4998-bbd4-c07fa5e49694,e4cad510-6d7e-4161-85a0-6c548b4d4cb1,42,26,12,6,8,35,36,-1,2026,2026-05-27 18:42:09.682462+00
f6c392df-b93f-485b-af42-8420966ca09d,2e8ece26-676a-4998-bbd4-c07fa5e49694,36569faa-67a9-4a20-ba48-53c72df0deaa,40,26,11,7,8,40,32,8,2026,2026-05-27 18:42:09.682462+00
f18e6627-5d6a-4c02-a66e-08bf9913314d,2e8ece26-676a-4998-bbd4-c07fa5e49694,08c46c2e-615c-4438-b187-b6da355905bd,36,26,10,6,10,34,29,5,2026,2026-05-27 18:42:09.682462+00
7f6b7498-7397-4a62-83f8-a85043dcfa48,2e8ece26-676a-4998-bbd4-c07fa5e49694,267976d2-5a56-4a53-9e0e-93ca3f3547c7,39,26,11,6,9,37,31,6,2026,2026-05-27 18:42:09.682462+00
12fe4edf-adfc-4273-8a3f-2793f083f2d6,2e8ece26-676a-4998-bbd4-c07fa5e49694,4bd97227-cfb1-4fa7-8fa5-19030169b684,32,26,7,11,8,34,34,0,2026,2026-05-27 18:42:09.682462+00
be4b617c-47e4-441e-8c2b-95b8bb9157e5,2e8ece26-676a-4998-bbd4-c07fa5e49694,90ca9503-9fa4-4bc6-b47e-f5ce22f9b3c8,47,26,14,5,7,41,31,10,2026,2026-05-27 18:42:09.682462+00
bbfd7ecc-a92d-4dcf-aea1-57422d2b85d0,2e8ece26-676a-4998-bbd4-c07fa5e49694,13a83aa6-f1f0-46a3-aa31-82cc4ba0cc8e,32,26,8,8,10,32,34,-2,2026,2026-05-27 18:42:09.682462+00
dfc86255-b69c-41d7-b8d7-7db50b2764e4,2e8ece26-676a-4998-bbd4-c07fa5e49694,fbce30d9-3c12-4229-babb-5df223f86e97,34,26,11,1,14,27,37,-10,2026,2026-05-27 18:42:09.682462+00
b42b84c3-139d-4868-9a5a-36b98f4a1b3b,2e8ece26-676a-4998-bbd4-c07fa5e49694,0fd634f5-a6b1-4552-896f-4ed482d96e86,36,26,10,6,10,36,38,-2,2026,2026-05-27 18:42:09.682462+00
251d6617-59fb-4769-840e-05588d03457b,2e8ece26-676a-4998-bbd4-c07fa5e49694,b2c968b1-6d42-468f-8213-188157df9b94,21,26,4,9,13,25,38,-13,2026,2026-05-27 18:42:09.682462+00
4bf7ceec-66e2-4113-9d4b-16477a98114a,2e8ece26-676a-4998-bbd4-c07fa5e49694,7118a0d8-c3a4-4700-8840-196d602cbab4,32,26,8,8,10,25,32,-7,2026,2026-05-27 18:42:09.682462+00
8ee3f864-502b-4e52-b322-4a627ff03bbc,2e8ece26-676a-4998-bbd4-c07fa5e49694,8610869f-e8f4-401f-accc-9b725f19fd7d,37,26,10,7,9,43,41,2,2026,2026-05-27 18:42:09.682462+00
1a76bc4a-794f-421a-9e88-80ac0cd6595b,2e8ece26-676a-4998-bbd4-c07fa5e49694,4232a132-52ab-4a7e-be2e-537cf9c252d6,34,26,8,10,8,29,24,5,2026,2026-05-27 18:42:09.682462+00
74493c7d-7f56-413c-95cb-2b120ff8f5d5,302c0d3e-1ed4-4794-a61d-be1f6a748f6d,169dfbec-be67-4067-9f2f-6f74859709d7,31,26,7,10,9,30,39,-9,2026,2026-05-27 18:42:09.682462+00
57791b8f-9bb2-4e48-93b5-46569d018a68,302c0d3e-1ed4-4794-a61d-be1f6a748f6d,616bb332-5319-4cfb-8a23-555f3684176b,33,26,10,3,13,36,38,-2,2026,2026-05-27 18:42:09.682462+00
8ee127b7-0042-4fcf-8802-1eb05e8f6fa7,302c0d3e-1ed4-4794-a61d-be1f6a748f6d,57658811-7865-47cd-abc3-ae6c8e7cec8b,28,26,7,7,12,26,35,-9,2026,2026-05-27 18:42:09.682462+00
6adfcbdb-02a5-43d0-9aae-c8cf752311bd,302c0d3e-1ed4-4794-a61d-be1f6a748f6d,4f7692e9-86cf-41c7-a58b-de4751bc4e6e,47,26,14,5,7,46,30,16,2026,2026-05-27 18:42:09.682462+00
3e9982f1-4b81-4d4d-a281-f4d0ac1991f1,302c0d3e-1ed4-4794-a61d-be1f6a748f6d,0004bb25-159b-4f31-b2b0-7598b21563cf,41,26,12,5,9,32,34,-2,2026,2026-05-27 18:42:09.682462+00
4e48965d-e3eb-4250-ab10-febb63a62169,302c0d3e-1ed4-4794-a61d-be1f6a748f6d,971230dd-e3c7-4615-bd2a-6cf16cf41934,32,26,8,8,10,26,28,-2,2026,2026-05-27 18:42:09.682462+00
c11d86fc-4f67-4540-b683-f03f94c179b1,302c0d3e-1ed4-4794-a61d-be1f6a748f6d,f32478b0-d44c-44dd-8f82-fb4a5065e47f,26,26,5,11,10,31,35,-4,2026,2026-05-27 18:42:09.682462+00
6f86528e-9688-468c-81c3-c0f19af4cf64,302c0d3e-1ed4-4794-a61d-be1f6a748f6d,0d6ce4a0-662d-406f-9f7d-1e15dbf7db9f,32,26,8,8,10,25,25,0,2026,2026-05-27 18:42:09.682462+00
6bf28003-3ba7-4812-8727-de38cc51de5b,302c0d3e-1ed4-4794-a61d-be1f6a748f6d,89b063bc-2cf3-4bea-aa10-10058754ea76,30,26,9,3,14,35,37,-2,2026,2026-05-27 18:42:09.682462+00
fc5a1586-0197-49d5-8a6a-b5eb7024f11d,302c0d3e-1ed4-4794-a61d-be1f6a748f6d,2df5f08e-697e-476a-ae48-2c40a34c25b0,44,26,12,8,6,35,27,8,2026,2026-05-27 18:42:09.682462+00
23acafb7-76ea-42ec-bbb9-79faa21e4222,302c0d3e-1ed4-4794-a61d-be1f6a748f6d,d4349b03-75d6-4fa9-8cb9-85a0e59c5872,32,26,9,5,12,29,35,-6,2026,2026-05-27 18:42:09.682462+00
dac669c2-4e2f-4ebe-823e-d4a093bde628,302c0d3e-1ed4-4794-a61d-be1f6a748f6d,b0b678cb-805f-4164-9cc3-f6cf33b0c4a2,38,26,11,5,10,31,35,-4,2026,2026-05-27 18:42:09.682462+00
7f935d4a-9dba-413a-b57c-8855c8609249,302c0d3e-1ed4-4794-a61d-be1f6a748f6d,f2fb958e-3861-4ffe-aa82-325ebd4e00ab,43,26,12,7,7,33,27,6,2026,2026-05-27 18:42:09.682462+00
4b612bbd-29d3-4f1b-9bbf-09d7b431d1cd,302c0d3e-1ed4-4794-a61d-be1f6a748f6d,4e916563-0f77-4d77-91cb-7adfaafe9f8f,39,26,11,6,9,38,33,5,2026,2026-05-27 18:42:09.682462+00
3228f49c-4ab3-4dff-b402-8f154bed0d67,302c0d3e-1ed4-4794-a61d-be1f6a748f6d,113f308e-da43-4a2e-96e4-2983166d7c44,39,26,11,6,9,32,27,5,2026,2026-05-27 18:42:09.682462+00
0d923901-fa02-4306-863e-91968ff0b2e0,302c0d3e-1ed4-4794-a61d-be1f6a748f6d,79f477e9-2331-4b30-8dfa-0420b8bff704,36,26,9,9,8,32,32,0,2026,2026-05-27 18:42:09.682462+00
8490421e-62bb-48f4-935d-57e37f60348f,49a69c34-b1c3-49d0-80a5-70bcc69e6408,f53b4a3e-eac7-4e8a-abdb-589516d8ba79,33,26,9,6,11,30,33,-3,2026,2026-05-27 18:42:09.682462+00
8a93e514-5677-4e1f-8663-0fe3f758f6c4,49a69c34-b1c3-49d0-80a5-70bcc69e6408,f6406898-d4ec-48ca-8169-3cb8aee72b48,43,26,12,7,7,34,29,5,2026,2026-05-27 18:42:09.682462+00
5471c14d-d268-41c0-8447-138b67a2ab6c,49a69c34-b1c3-49d0-80a5-70bcc69e6408,9e0c92ea-6d6e-447a-8ba1-8df6606dfd01,45,26,14,3,9,40,30,10,2026,2026-05-27 18:42:09.682462+00
19345b5c-26fb-4857-a7a2-dc78cce59a7d,49a69c34-b1c3-49d0-80a5-70bcc69e6408,db602e98-9396-4032-9721-f1b0c3bb8c67,34,26,9,7,10,28,27,1,2026,2026-05-27 18:42:09.682462+00
3a95fd85-d0b3-4ac8-a091-14596a15ec53,49a69c34-b1c3-49d0-80a5-70bcc69e6408,25379900-34f0-4b5f-8d72-407790d6add6,42,26,12,6,8,35,27,8,2026,2026-05-27 18:42:09.682462+00
70ca384b-b6db-4c13-9d52-1504e27755eb,49a69c34-b1c3-49d0-80a5-70bcc69e6408,a955fc64-a162-4a3e-8ca8-eabf0ecd6f5d,36,26,10,6,10,33,33,0,2026,2026-05-27 18:42:09.682462+00
708254ad-2231-45af-b8af-6d1e9ca8728a,49a69c34-b1c3-49d0-80a5-70bcc69e6408,b0d22ca1-a116-4797-a8ac-89ad22d71b26,32,26,7,11,8,34,38,-4,2026,2026-05-27 18:42:09.682462+00
561b69e3-6da7-4b0e-b068-203d797deba0,49a69c34-b1c3-49d0-80a5-70bcc69e6408,155b822d-0eef-4a64-be68-e8d732e574cf,37,26,11,4,11,28,28,0,2026,2026-05-27 18:42:09.682462+00
ca877591-3f1e-475a-bea3-0e1a4799d47a,49a69c34-b1c3-49d0-80a5-70bcc69e6408,66d89999-676e-4b1a-aad6-aaaf7bc13ef3,40,26,11,7,8,29,26,3,2026,2026-05-27 18:42:09.682462+00
ff902374-8079-43df-84a9-161c87f42db4,49a69c34-b1c3-49d0-80a5-70bcc69e6408,5c280de8-c850-4248-98d7-83369c42657c,30,26,6,12,8,27,32,-5,2026,2026-05-27 18:42:09.682462+00
84df7e3b-a3a2-48b6-9071-555dd9b05437,49a69c34-b1c3-49d0-80a5-70bcc69e6408,ebce5547-e8b7-4629-a6be-280d6c1d56a7,24,26,5,9,12,22,40,-18,2026,2026-05-27 18:42:09.682462+00
62047a4f-9420-492e-a54b-f53ba0ebbee2,49a69c34-b1c3-49d0-80a5-70bcc69e6408,61c3f8f1-5fb1-4127-87e8-9a2e7e9128b5,34,26,9,7,10,31,34,-3,2026,2026-05-27 18:42:09.682462+00
50f460ba-1fdc-4587-89e8-a76f715d2771,49a69c34-b1c3-49d0-80a5-70bcc69e6408,038c4cc4-2560-41a4-860b-ac71b7f07a5b,31,26,8,7,11,37,39,-2,2026,2026-05-27 18:42:09.682462+00
f15a6902-e965-4bef-b386-db8483475312,49a69c34-b1c3-49d0-80a5-70bcc69e6408,3d8655c1-0c95-4982-9c85-b2868d12a266,30,26,7,9,10,31,36,-5,2026,2026-05-27 18:42:09.682462+00
ff1914c9-d0b0-47eb-a802-c2dc1a098b28,49a69c34-b1c3-49d0-80a5-70bcc69e6408,5ddc5691-7d96-430d-a543-835d01310d2c,38,26,10,8,8,28,25,3,2026,2026-05-27 18:42:09.682462+00
5bd073f3-f584-4252-acdc-623c21dce70b,49a69c34-b1c3-49d0-80a5-70bcc69e6408,48153cb6-5407-41a0-aaf1-924524474356,36,26,9,9,8,32,22,10,2026,2026-05-27 18:42:09.682462+00
c57699a6-5f2b-4521-940c-d876b8a0fe10,4a9301d7-f57d-4ca2-ab67-59dbdd450074,a397d7ba-10f2-4938-b369-d9be8c35ce5e,43,26,13,4,9,34,29,5,2026,2026-05-27 18:42:09.682462+00
bfce463a-39a9-4f99-be08-f098ccf3becc,4a9301d7-f57d-4ca2-ab67-59dbdd450074,a7137ff6-b865-4739-879b-d4ef8313dbdc,34,26,10,4,12,31,36,-5,2026,2026-05-27 18:42:09.682462+00
8f966e15-9975-4339-8195-78de6e2baf05,4a9301d7-f57d-4ca2-ab67-59dbdd450074,48d51f24-c561-44c2-b584-8f2c9f03833a,25,26,6,7,13,27,35,-8,2026,2026-05-27 18:42:09.682462+00
2f9d5f29-01b2-478f-81dc-48c9e3bb5d31,4a9301d7-f57d-4ca2-ab67-59dbdd450074,b39feca1-1c41-412f-b395-f87fe616ca1d,35,26,10,5,11,25,26,-1,2026,2026-05-27 18:42:09.682462+00
fa862aec-d0ce-4502-ae64-0f60559737dd,4a9301d7-f57d-4ca2-ab67-59dbdd450074,761f6151-7c59-4563-809f-5815f97e2adc,37,26,10,7,9,36,28,8,2026,2026-05-27 18:42:09.682462+00
6f8a08aa-ab80-4c16-9b40-029039c5e551,4a9301d7-f57d-4ca2-ab67-59dbdd450074,2538c4b4-8b22-4d93-813e-14f332d829eb,37,26,11,4,11,40,35,5,2026,2026-05-27 18:42:09.682462+00
fdb45910-bf93-4418-b99b-931b0853a05d,4a9301d7-f57d-4ca2-ab67-59dbdd450074,eee7fbd6-6654-498a-9ff9-f4e4b7696c76,36,26,10,6,10,32,37,-5,2026,2026-05-27 18:42:09.682462+00
05c66be1-67d5-4e93-87b8-f2a302b1a40d,4a9301d7-f57d-4ca2-ab67-59dbdd450074,78b62a98-5ca9-46bb-b28b-59feab90086e,45,26,12,9,5,38,30,8,2026,2026-05-27 18:42:09.682462+00
21b30b33-9984-461b-b241-3105b8d9c868,4a9301d7-f57d-4ca2-ab67-59dbdd450074,4365f9f4-3ee4-4d65-83b7-9b145a95f4ca,42,26,11,9,6,32,26,6,2026,2026-05-27 18:42:09.682462+00
f2df4f53-2b1e-4e62-a683-6eb5847ebac5,4a9301d7-f57d-4ca2-ab67-59dbdd450074,9a949908-8cf3-4549-a2f2-614c83bf1103,31,26,9,4,13,24,26,-2,2026,2026-05-27 18:42:09.682462+00
280f22c3-84ae-4cac-9631-a6dea80563df,4a9301d7-f57d-4ca2-ab67-59dbdd450074,d1399219-822b-42a6-8b01-abf6b7ab8ccb,28,26,8,4,14,27,42,-15,2026,2026-05-27 18:42:09.682462+00
84ebfaa4-c421-4303-8e43-b6f73b22d589,4a9301d7-f57d-4ca2-ab67-59dbdd450074,fc6dbd8b-8cbc-4049-b024-b19852ace699,39,26,11,6,9,37,29,8,2026,2026-05-27 18:42:09.682462+00
622a46be-e558-4bd2-a2d4-14bdf34b2e69,4a9301d7-f57d-4ca2-ab67-59dbdd450074,e8afff90-5eb1-4b9a-8e55-b61b7330b0c0,25,26,5,10,11,28,44,-16,2026,2026-05-27 18:42:09.682462+00
723cef08-12d5-41ba-88ca-db1040118712,4a9301d7-f57d-4ca2-ab67-59dbdd450074,27045fb1-f613-45eb-84af-de7e52e985d2,50,26,15,5,6,40,27,13,2026,2026-05-27 18:42:09.682462+00
43e05571-e927-4a2b-8919-de94c87cfe9b,4a9301d7-f57d-4ca2-ab67-59dbdd450074,03a335da-cb48-4530-92d6-66bd42d1927d,42,26,12,6,8,40,32,8,2026,2026-05-27 18:42:09.682462+00
694fad36-16cf-4a3c-b89a-c390d9cdec97,4a9301d7-f57d-4ca2-ab67-59dbdd450074,ccfc2209-0003-4683-b69b-6c801ba46806,27,26,7,6,13,26,35,-9,2026,2026-05-27 18:42:09.682462+00
a08182aa-f11e-4be9-9061-07a4ebdbe1c0,50c28c45-bd75-4608-bc94-05e8dca7e2bd,ac56e334-783c-4986-b877-25c0c406600c,41,26,12,5,9,43,37,6,2026,2026-05-27 18:42:09.682462+00
c712323b-3c13-4e4c-95a0-bd3d8840c8a4,50c28c45-bd75-4608-bc94-05e8dca7e2bd,e2f2092e-ce48-494e-93b1-56e6aefd4b33,46,26,14,4,8,31,25,6,2026,2026-05-27 18:42:09.682462+00
8e565740-d251-42a6-978d-f0f1dc4d20da,50c28c45-bd75-4608-bc94-05e8dca7e2bd,dd66bd75-35ad-43b7-8e99-259a0ea8cba9,38,26,11,5,10,27,29,-2,2026,2026-05-27 18:42:09.682462+00
43000aa8-94d2-4760-8e6b-b02af0d55903,50c28c45-bd75-4608-bc94-05e8dca7e2bd,16b8c93b-9010-40ff-a40b-7a70220d28f7,40,26,11,7,8,42,33,9,2026,2026-05-27 18:42:09.682462+00
671c999d-f073-4a4a-b05f-f6ed6b3ee1b8,50c28c45-bd75-4608-bc94-05e8dca7e2bd,bf65e64f-ede5-42a6-b3cb-214371260923,26,26,6,8,12,26,37,-11,2026,2026-05-27 18:42:09.682462+00
2f357260-5894-415f-8887-fb22bfd6b9b2,50c28c45-bd75-4608-bc94-05e8dca7e2bd,2618d0de-0d02-48de-875c-e92f725db792,39,26,11,6,9,34,29,5,2026,2026-05-27 18:42:09.682462+00
bfe4cfd4-00a5-439d-abe9-299d83c4b5a4,50c28c45-bd75-4608-bc94-05e8dca7e2bd,19486bde-b665-4fdd-be0c-0155fb68f401,37,26,10,7,9,31,31,0,2026,2026-05-27 18:42:09.682462+00
7cba28cf-eb13-4d53-9068-0e988d5ecd1a,50c28c45-bd75-4608-bc94-05e8dca7e2bd,e11a213c-deb4-4255-8ed3-eb341a16684a,37,26,10,7,9,32,32,0,2026,2026-05-27 18:42:09.682462+00
4f2da751-9875-4960-9983-52e9a4c3c1d8,50c28c45-bd75-4608-bc94-05e8dca7e2bd,d3b5fef4-7144-4dac-ac4e-fbcde614b2f6,27,26,7,6,13,29,40,-11,2026,2026-05-27 18:42:09.682462+00
d6f95e4f-1d37-41f3-ab92-7666ee85b045,50c28c45-bd75-4608-bc94-05e8dca7e2bd,682e01ea-2939-4ed5-9faa-d8a6062282e2,43,26,13,4,9,39,31,8,2026,2026-05-27 18:42:09.682462+00
9b02445c-8480-4923-8847-24787974a494,50c28c45-bd75-4608-bc94-05e8dca7e2bd,e83e93d2-ad8c-4926-868a-b32e6a5e274d,43,26,12,7,7,36,29,7,2026,2026-05-27 18:42:09.682462+00
fc0f1040-6383-4f3e-ae72-a6c221a2b997,50c28c45-bd75-4608-bc94-05e8dca7e2bd,d8cd4ce7-9153-45cd-808b-e7257a06a403,26,26,6,8,12,28,38,-10,2026,2026-05-27 18:42:09.682462+00
d12c0205-69e0-4bd3-98ba-22db47b2d2e7,50c28c45-bd75-4608-bc94-05e8dca7e2bd,76dfa291-d7e5-4191-afd8-2f8f8edaae77,27,26,6,9,11,35,44,-9,2026,2026-05-27 18:42:09.682462+00
625e31b2-d77c-48eb-955d-346da71cfcd5,50c28c45-bd75-4608-bc94-05e8dca7e2bd,eaa49957-43ed-42b2-a550-2dcefaa813ae,39,26,11,6,9,31,26,5,2026,2026-05-27 18:42:09.682462+00
67ae3fce-6c12-4cbc-8b5e-226250aa8c57,50c28c45-bd75-4608-bc94-05e8dca7e2bd,c4253ca4-ca23-4248-9a88-e1e89944002b,25,26,6,7,13,21,34,-13,2026,2026-05-27 18:42:09.682462+00
61b207d3-0987-4745-b804-e73d3a24f227,50c28c45-bd75-4608-bc94-05e8dca7e2bd,514d26fd-9840-49dd-a546-b5f7357321f7,40,26,12,4,10,39,29,10,2026,2026-05-27 18:42:09.682462+00
7a9d795a-0e6f-4048-a282-fee1696277c1,57e43d90-fe3d-4965-b4a3-e3c2e1096cdb,37b6174f-1a3b-4660-a01f-a907aa8df62d,35,26,10,5,11,29,35,-6,2026,2026-05-27 18:42:09.682462+00
8d8a671c-3de1-44fd-a55c-d6ac0985f13b,57e43d90-fe3d-4965-b4a3-e3c2e1096cdb,ea6463d5-547e-4345-9558-087456dc2c0b,36,26,10,6,10,38,37,1,2026,2026-05-27 18:42:09.682462+00
fcf0888d-4219-44a1-a0fd-7246ae075a5b,57e43d90-fe3d-4965-b4a3-e3c2e1096cdb,2140e852-fa49-4fc3-acae-652a95bb30f4,26,26,7,5,14,27,36,-9,2026,2026-05-27 18:42:09.682462+00
9002113c-85e0-4198-aea1-6a08e096d424,57e43d90-fe3d-4965-b4a3-e3c2e1096cdb,e574688a-eb96-40d0-809f-d6861bb9cb82,40,26,11,7,8,33,27,6,2026,2026-05-27 18:42:09.682462+00
d023ea81-f00d-4002-895c-8f65e0b1fce2,57e43d90-fe3d-4965-b4a3-e3c2e1096cdb,7da1edf5-51d1-4cc6-bbe7-e351bcdba888,37,26,11,4,11,33,39,-6,2026,2026-05-27 18:42:09.682462+00
9d39cfd2-f8f5-458b-91a0-57c3e77cfd1d,57e43d90-fe3d-4965-b4a3-e3c2e1096cdb,279e8811-5519-4860-83ea-2643a52335c2,30,26,8,6,12,28,35,-7,2026,2026-05-27 18:42:09.682462+00
c8c40416-046b-46e6-ab51-975728434e16,57e43d90-fe3d-4965-b4a3-e3c2e1096cdb,b33d86ae-1590-4914-9819-934c4f9e5092,36,26,10,6,10,34,33,1,2026,2026-05-27 18:42:09.682462+00
9b37ab6c-1be7-4716-a999-7f34770d7913,57e43d90-fe3d-4965-b4a3-e3c2e1096cdb,74dafd19-4419-4ec2-bbc1-46c951feac58,22,26,5,7,14,27,40,-13,2026,2026-05-27 18:42:09.682462+00
15fc03ab-ae48-48ca-b519-ab44825f81fc,57e43d90-fe3d-4965-b4a3-e3c2e1096cdb,ffb033f7-5f97-4d92-b56a-13766d235865,31,26,8,7,11,35,32,3,2026,2026-05-27 18:42:09.682462+00
ce368453-4f93-4d16-939b-766c8a34e1d8,57e43d90-fe3d-4965-b4a3-e3c2e1096cdb,7a1e424e-34ed-4f9b-8fb1-fecd6cb5733f,42,26,11,9,6,34,27,7,2026,2026-05-27 18:42:09.682462+00
b931a5f7-705b-4be8-9d91-d3c028cad502,57e43d90-fe3d-4965-b4a3-e3c2e1096cdb,0ced7975-fe15-4312-8a2a-75e8a9dc2497,37,26,10,7,9,38,36,2,2026,2026-05-27 18:42:09.682462+00
d89bc5ec-2893-4397-9945-11541165ba42,57e43d90-fe3d-4965-b4a3-e3c2e1096cdb,e420d92f-1671-4143-b950-521675550715,40,26,11,7,8,31,24,7,2026,2026-05-27 18:42:09.682462+00
77f28dec-ccc9-404f-bd2b-0bdc2222c12e,57e43d90-fe3d-4965-b4a3-e3c2e1096cdb,b1a62a58-3c18-43b1-aaa8-16a75adc32f2,41,26,11,8,7,35,31,4,2026,2026-05-27 18:42:09.682462+00
8ac10230-bde7-4499-a9e8-37cad26e22aa,57e43d90-fe3d-4965-b4a3-e3c2e1096cdb,1b87c035-be8e-4a1c-95b5-56faab948fe6,41,26,11,8,7,29,25,4,2026,2026-05-27 18:42:09.682462+00
f89f3c22-f045-47d7-93cf-41f492c8be75,57e43d90-fe3d-4965-b4a3-e3c2e1096cdb,e7922495-b485-4cb5-82a7-a69a7a56576a,30,26,7,9,10,27,31,-4,2026,2026-05-27 18:42:09.682462+00
e0825c4e-410d-428b-bb68-fbaf483e784b,57e43d90-fe3d-4965-b4a3-e3c2e1096cdb,7aeecaac-4033-4d64-b1e9-82ef2ea4c3a7,46,26,13,7,6,41,31,10,2026,2026-05-27 18:42:09.682462+00
da9247b5-4f6d-4dc1-98ba-d1575b425238,5a4a45be-5695-475d-b0c1-38896c4e48c1,2cf9ab44-a4a8-40a4-91aa-a1a982faf9fa,41,26,11,8,7,29,23,6,2026,2026-05-27 18:42:09.682462+00
d17f866c-4e08-4e3e-9555-1682a4ce752f,5a4a45be-5695-475d-b0c1-38896c4e48c1,fca9e183-b7bb-44ce-bdef-276cdf02be71,29,26,7,8,11,25,34,-9,2026,2026-05-27 18:42:09.682462+00
4c85f750-aa27-4783-bf44-36d76792b30c,5a4a45be-5695-475d-b0c1-38896c4e48c1,39c6476b-261f-4ce3-9917-e22c4b2a8b69,44,26,13,5,8,35,29,6,2026,2026-05-27 18:42:09.682462+00
0ccbc482-79b8-4df5-bbd5-505899daa5ca,5a4a45be-5695-475d-b0c1-38896c4e48c1,2783eb93-4d3a-4e28-8484-04b9735edef9,30,26,8,6,12,28,34,-6,2026,2026-05-27 18:42:09.682462+00
b7ac93f2-a041-4ad2-85b8-3de63185abbb,5a4a45be-5695-475d-b0c1-38896c4e48c1,d9ef9269-5adb-4349-b0b8-19c1cced627f,34,26,9,7,10,25,30,-5,2026,2026-05-27 18:42:09.682462+00
59490b45-3dd5-4bee-9f10-dc95779b8ff1,5a4a45be-5695-475d-b0c1-38896c4e48c1,4af40b57-cc4f-449b-b491-3e1a7f77572e,41,26,13,2,11,37,33,4,2026,2026-05-27 18:42:09.682462+00
68bb8461-ebbf-4513-8696-254fda7b48c7,5a4a45be-5695-475d-b0c1-38896c4e48c1,f54bf2dd-ce0c-45aa-90fa-a84fc0bfedb7,27,26,7,6,13,30,41,-11,2026,2026-05-27 18:42:09.682462+00
8dc5c794-0334-4939-ba29-4b332d0885a9,5a4a45be-5695-475d-b0c1-38896c4e48c1,6a470e23-b1a7-427a-97c5-7310ec6bf1eb,28,26,8,4,14,35,40,-5,2026,2026-05-27 18:42:09.682462+00
402cf3c7-1ec3-4a08-9ee2-e1a888a04c59,5a4a45be-5695-475d-b0c1-38896c4e48c1,141c0d59-1774-4378-b4e6-a1f501167e4b,39,26,11,6,9,32,27,5,2026,2026-05-27 18:42:09.682462+00
cb429059-93aa-4edf-91f2-6a97f192b53d,5a4a45be-5695-475d-b0c1-38896c4e48c1,3da94ad8-abfb-4116-b575-e891dfcf0a45,39,26,10,9,7,34,27,7,2026,2026-05-27 18:42:09.682462+00
a83e91ce-f174-4e79-8ec6-292c258bb017,5a4a45be-5695-475d-b0c1-38896c4e48c1,dcd1f786-2f40-40f5-9964-68dcc004d97e,20,26,5,5,16,22,37,-15,2026,2026-05-27 18:42:09.682462+00
1720a2da-9f8c-4226-a818-364d1c202900,5a4a45be-5695-475d-b0c1-38896c4e48c1,0f12ed21-b2be-4f69-a7aa-e11239a18599,35,26,8,11,7,26,28,-2,2026,2026-05-27 18:42:09.682462+00
ab9d8d9e-4c28-4cb5-83a1-d222d1eeb507,5a4a45be-5695-475d-b0c1-38896c4e48c1,599f003e-0860-4b1a-8b47-178ee6644af1,43,26,12,7,7,32,22,10,2026,2026-05-27 18:42:09.682462+00
c487c28a-f541-4ec5-8e72-570ac4821fec,5a4a45be-5695-475d-b0c1-38896c4e48c1,57625b9f-13b3-4d42-8562-8359a6023180,42,26,11,9,6,33,30,3,2026,2026-05-27 18:42:09.682462+00
cc798365-116f-4530-869e-dad37f08ec2e,5a4a45be-5695-475d-b0c1-38896c4e48c1,0212e70d-40be-4c47-9830-f9e95d421feb,35,26,10,5,11,28,27,1,2026,2026-05-27 18:42:09.682462+00
b3a0db35-5bc4-4996-b4cd-21ef3097b479,5a4a45be-5695-475d-b0c1-38896c4e48c1,8f8fb947-9875-40ee-a073-64aa44176db8,44,26,12,8,6,37,26,11,2026,2026-05-27 18:42:09.682462+00
b22231f3-4edf-4681-90f8-69497ed58600,5e43c346-16d9-464e-952e-9b0468d5e880,5d3454f6-e262-403f-9207-c858e611f018,43,26,12,7,7,32,22,10,2026,2026-05-27 18:42:09.682462+00
fd5484d8-c294-4f4a-95ab-8c60cc6be5ff,5e43c346-16d9-464e-952e-9b0468d5e880,6c4f4a7d-81af-43c8-87d9-362af58400ea,37,26,10,7,9,34,27,7,2026,2026-05-27 18:42:09.682462+00
5b92a9ba-8fd5-4870-9d2e-98ddba991a9c,5e43c346-16d9-464e-952e-9b0468d5e880,0ba1cd5f-3b96-49f2-bf72-53de8aad4459,42,26,12,6,8,37,31,6,2026,2026-05-27 18:42:09.682462+00
de133b7f-5490-4be3-bd73-b2bae7d550e0,5e43c346-16d9-464e-952e-9b0468d5e880,7244bb3c-18b6-4f5f-ad04-b359a6477ca3,34,26,10,4,12,31,28,3,2026,2026-05-27 18:42:09.682462+00
d5c9d189-e92f-4ec4-a4eb-0f3dd0e71513,5e43c346-16d9-464e-952e-9b0468d5e880,2c514dd6-0121-4ddf-baad-e03f7058254a,39,26,11,6,9,28,31,-3,2026,2026-05-27 18:42:09.682462+00
e1c9e8a3-24e2-480d-91e0-11371604eb3a,5e43c346-16d9-464e-952e-9b0468d5e880,da43e5a8-cee7-4d6f-b73a-4e537245e9a0,42,26,13,3,10,28,27,1,2026,2026-05-27 18:42:09.682462+00
77db48e7-6204-48c3-b9da-7c1e73f924c5,5e43c346-16d9-464e-952e-9b0468d5e880,83c245ef-3e15-4d36-abb1-837ad9276549,31,26,8,7,11,34,39,-5,2026,2026-05-27 18:42:09.682462+00
12d72199-8a8c-45db-9c44-20a4856d23f8,5e43c346-16d9-464e-952e-9b0468d5e880,2efb516b-e5d2-45dc-9be8-5ef90e93aaab,34,26,10,4,12,25,33,-8,2026,2026-05-27 18:42:09.682462+00
61cc8bdd-800b-4856-87be-d2c9e31d6908,5e43c346-16d9-464e-952e-9b0468d5e880,d30f065d-e609-4383-ade2-30f1a2d444ee,28,26,6,10,10,36,42,-6,2026,2026-05-27 18:42:09.682462+00
0ef6d665-881e-4efd-9443-702c9e41fdfe,5e43c346-16d9-464e-952e-9b0468d5e880,ce57c4de-bac4-4811-98c7-c478d8097773,30,26,7,9,10,28,33,-5,2026,2026-05-27 18:42:09.682462+00
0fcbe69c-e0d7-42e6-8656-0f2b8c4d89c7,5e43c346-16d9-464e-952e-9b0468d5e880,3a41cf78-7ba8-4d02-a6a0-a91c2e7fd385,42,26,10,12,4,42,31,11,2026,2026-05-27 18:42:09.682462+00
f7b2d86d-9232-43f7-836c-69c814ceb100,5e43c346-16d9-464e-952e-9b0468d5e880,50447be3-cd3a-404c-8421-abb508a69c19,28,26,7,7,12,28,34,-6,2026,2026-05-27 18:42:09.682462+00
82217a33-44b1-429a-bca3-951bfabd0743,5e43c346-16d9-464e-952e-9b0468d5e880,d2d57761-e0d5-453c-9601-205b9d12a120,36,26,9,9,8,31,30,1,2026,2026-05-27 18:42:09.682462+00
4b58bd4e-2889-4387-9f98-d00cf8ae13a0,5e43c346-16d9-464e-952e-9b0468d5e880,b0e60327-9b80-42ff-aefe-9d463e087856,35,26,10,5,11,28,36,-8,2026,2026-05-27 18:42:09.682462+00
2799be33-08cd-4808-97bc-cdde115fe2e5,5e43c346-16d9-464e-952e-9b0468d5e880,8652b375-5fcc-403e-ac96-e51de92ce977,24,26,6,6,14,21,30,-9,2026,2026-05-27 18:42:09.682462+00
14ff20ff-7534-4faf-974d-48fb612f5d5a,5e43c346-16d9-464e-952e-9b0468d5e880,62d6eec0-edbe-4612-9d12-784868cdd60a,44,26,12,8,6,34,23,11,2026,2026-05-27 18:42:09.682462+00
