id,user_id,league_id,name,logo,is_bot,strength,created_at,updated_at,country
47bddd3b-af10-40b5-ae88-3ae340f13758,e60b679b-7e44-484c-a91c-7b7c1ceba32e,edb83ebc-95c3-4f26-99b3-0b758a5d08c6,MANAGER FC,"",f,66,2026-05-06 22:09:41.932284+00,2026-05-18 00:40:20.726862+00,Brasil
c76f139d-344d-4254-9516-933e540cbb2c,fa156d76-dbb9-473c-8a51-a059f6741bd8,edb83ebc-95c3-4f26-99b3-0b758a5d08c6,Time inicial teste,"",f,69,2026-05-06 22:09:41.932284+00,2026-05-26 00:41:37.205355+00,Brasil
22f56f5e-c665-453e-9a39-3e8443b90780,,bfb3dd23-0355-4393-a36d-a6fbe4b1859f,Flamengo,,t,60,2026-05-11 03:29:18.471288+00,2026-05-11 03:29:18.471288+00,Argentina
67034e92-def7-407e-b914-d33f65078fd9,,bfb3dd23-0355-4393-a36d-a6fbe4b1859f,Flamengo,,t,66,2026-05-11 03:29:18.471288+00,2026-05-11 03:29:18.471288+00,Argentina
6813515c-9dbe-4199-ab18-d79bbc1373a5,,bfb3dd23-0355-4393-a36d-a6fbe4b1859f,Flamengo,,t,50,2026-05-11 03:29:18.471288+00,2026-05-11 03:29:18.471288+00,Argentina
c33d8f52-d465-4541-b507-821be1c73a8b,,bfb3dd23-0355-4393-a36d-a6fbe4b1859f,Flamengo,,t,78,2026-05-11 03:29:18.471288+00,2026-05-11 03:29:18.471288+00,Argentina
e9282584-632a-493a-b792-a3bb3989137d,,bfb3dd23-0355-4393-a36d-a6fbe4b1859f,Flamengo,,t,68,2026-05-11 03:29:18.471288+00,2026-05-11 03:29:18.471288+00,Argentina
65e3284e-812e-4f98-8ea3-66632d6120fe,,bfb3dd23-0355-4393-a36d-a6fbe4b1859f,Flamengo,,t,50,2026-05-11 03:29:18.471288+00,2026-05-11 03:29:18.471288+00,Argentina
538d8f7a-4207-4035-bdad-a944ec433f83,,bfb3dd23-0355-4393-a36d-a6fbe4b1859f,Flamengo,,t,70,2026-05-11 03:29:18.471288+00,2026-05-11 03:29:18.471288+00,Argentina
9640ce04-fa37-4a8a-9399-2c9c4ddf8383,,bfb3dd23-0355-4393-a36d-a6fbe4b1859f,Flamengo,,t,65,2026-05-11 03:29:18.471288+00,2026-05-11 03:29:18.471288+00,Argentina
5898682f-3f10-470c-b2dd-3139c4a5945c,,bfb3dd23-0355-4393-a36d-a6fbe4b1859f,Flamengo,,t,67,2026-05-11 03:29:18.471288+00,2026-05-11 03:29:18.471288+00,Argentina
9fb014a9-2259-45a6-afa4-04a301741ab9,,bfb3dd23-0355-4393-a36d-a6fbe4b1859f,Flamengo,,t,54,2026-05-11 03:29:18.471288+00,2026-05-11 03:29:18.471288+00,Argentina
ced75594-8106-4f32-a323-2ec8c283fd7f,,bfb3dd23-0355-4393-a36d-a6fbe4b1859f,Palmeiras,,t,76,2026-05-11 03:29:18.471288+00,2026-05-11 03:29:18.471288+00,Argentina
e1c97321-c2ec-4b1b-8852-6c238147007e,,bfb3dd23-0355-4393-a36d-a6fbe4b1859f,Palmeiras,,t,57,2026-05-11 03:29:18.471288+00,2026-05-11 03:29:18.471288+00,Argentina
7770ea99-e76b-4ded-9eb0-c02257472aae,,bfb3dd23-0355-4393-a36d-a6fbe4b1859f,Palmeiras,,t,60,2026-05-11 03:29:18.471288+00,2026-05-11 03:29:18.471288+00,Argentina
2fc248ea-f712-4538-ad21-b60346e6bbe8,,bfb3dd23-0355-4393-a36d-a6fbe4b1859f,Palmeiras,,t,65,2026-05-11 03:29:18.471288+00,2026-05-11 03:29:18.471288+00,Argentina
3142975b-2d1d-4dbd-9717-b54ec6881fee,,bfb3dd23-0355-4393-a36d-a6fbe4b1859f,Palmeiras,,t,75,2026-05-11 03:29:18.471288+00,2026-05-11 03:29:18.471288+00,Argentina
7858c6c7-b652-4b23-bfdb-caef3303bd4e,,bfb3dd23-0355-4393-a36d-a6fbe4b1859f,Palmeiras,,t,54,2026-05-11 03:29:18.471288+00,2026-05-11 03:29:18.471288+00,Argentina
c75283cd-1c8b-450a-a93c-e4aeda2fdc22,,bfb3dd23-0355-4393-a36d-a6fbe4b1859f,Palmeiras,,t,65,2026-05-11 03:29:18.471288+00,2026-05-11 03:29:18.471288+00,Argentina
a1af0205-c082-4f9e-8a8a-ba3dc6acd46a,,bfb3dd23-0355-4393-a36d-a6fbe4b1859f,Palmeiras,,t,70,2026-05-11 03:29:18.471288+00,2026-05-11 03:29:18.471288+00,Argentina
a7ab8c7e-460c-438c-9958-17392c1c57d3,,bfb3dd23-0355-4393-a36d-a6fbe4b1859f,Palmeiras,,t,74,2026-05-11 03:29:18.471288+00,2026-05-11 03:29:18.471288+00,Argentina
4a862006-d528-480c-b74b-32c350d3fadd,,bfb3dd23-0355-4393-a36d-a6fbe4b1859f,Palmeiras,,t,61,2026-05-11 03:29:18.471288+00,2026-05-11 03:29:18.471288+00,Argentina
66e84322-a789-400e-861f-66575797eb5f,,bfb3dd23-0355-4393-a36d-a6fbe4b1859f,São Paulo,,t,57,2026-05-11 03:29:18.471288+00,2026-05-11 03:29:18.471288+00,Argentina
fcf25e9f-d0af-4eb0-9edd-01b4dc729034,,bfb3dd23-0355-4393-a36d-a6fbe4b1859f,São Paulo,,t,70,2026-05-11 03:29:18.471288+00,2026-05-11 03:29:18.471288+00,Argentina
71bc5ee3-ea86-458a-9fd5-1678a0a40361,,bfb3dd23-0355-4393-a36d-a6fbe4b1859f,São Paulo,,t,57,2026-05-11 03:29:18.471288+00,2026-05-11 03:29:18.471288+00,Argentina
3d54656f-24c8-45de-a4cb-601e66884389,,bfb3dd23-0355-4393-a36d-a6fbe4b1859f,São Paulo,,t,65,2026-05-11 03:29:18.471288+00,2026-05-11 03:29:18.471288+00,Argentina
7ef65de8-1ee9-4294-aa99-9ab2d218a2dd,,bfb3dd23-0355-4393-a36d-a6fbe4b1859f,São Paulo,,t,76,2026-05-11 03:29:18.471288+00,2026-05-11 03:29:18.471288+00,Argentina
7c265936-4558-470b-b08c-6322999dd57f,,bfb3dd23-0355-4393-a36d-a6fbe4b1859f,São Paulo,,t,78,2026-05-11 03:29:18.471288+00,2026-05-11 03:29:18.471288+00,Argentina
f39dc063-d03c-4a00-b6c5-a09421100a94,,bfb3dd23-0355-4393-a36d-a6fbe4b1859f,São Paulo,,t,72,2026-05-11 03:29:18.471288+00,2026-05-11 03:29:18.471288+00,Argentina
c36d8d1b-96bf-456f-962e-1ad1b14b22cf,,bfb3dd23-0355-4393-a36d-a6fbe4b1859f,São Paulo,,t,62,2026-05-11 03:29:18.471288+00,2026-05-11 03:29:18.471288+00,Argentina
b70851e0-a45c-4248-b0af-03fb5c2ae665,,bfb3dd23-0355-4393-a36d-a6fbe4b1859f,São Paulo,,t,67,2026-05-11 03:29:18.471288+00,2026-05-11 03:29:18.471288+00,Argentina
ca3ec9cc-96eb-4345-9c0e-f8bf7e665e59,,bfb3dd23-0355-4393-a36d-a6fbe4b1859f,São Paulo,,t,68,2026-05-11 03:29:18.471288+00,2026-05-11 03:29:18.471288+00,Argentina
8aeb18df-a14f-4a6c-8c40-a48d0cc605de,,bfb3dd23-0355-4393-a36d-a6fbe4b1859f,Argentina Bot 40,,t,76,2026-05-11 03:29:18.471288+00,2026-05-11 03:29:18.471288+00,Argentina
463568db-2822-4088-9118-10c997ebf7ad,,bfb3dd23-0355-4393-a36d-a6fbe4b1859f,Argentina Bot 41,,t,58,2026-05-11 03:29:18.471288+00,2026-05-11 03:29:18.471288+00,Argentina
c0c01833-ca80-42a7-8bed-26b1e83490d3,,bfb3dd23-0355-4393-a36d-a6fbe4b1859f,Argentina Bot 42,,t,68,2026-05-11 03:29:18.471288+00,2026-05-11 03:29:18.471288+00,Argentina
8c23bc1a-01cd-4d6f-ab8c-0498f95e486d,,bfb3dd23-0355-4393-a36d-a6fbe4b1859f,Argentina Bot 43,,t,64,2026-05-11 03:29:18.471288+00,2026-05-11 03:29:18.471288+00,Argentina
c786b592-5f9f-4834-a778-60a2393ce1d6,,bfb3dd23-0355-4393-a36d-a6fbe4b1859f,Argentina Bot 44,,t,73,2026-05-11 03:29:18.471288+00,2026-05-11 03:29:18.471288+00,Argentina
ac6cb076-1f88-4c6a-b87c-ebf024cd0ea2,,bfb3dd23-0355-4393-a36d-a6fbe4b1859f,Argentina Bot 45,,t,67,2026-05-11 03:29:18.471288+00,2026-05-11 03:29:18.471288+00,Argentina
44ce6b18-76a3-47a2-bf84-2f56f7dd6b09,,bfb3dd23-0355-4393-a36d-a6fbe4b1859f,Argentina Bot 46,,t,71,2026-05-11 03:29:18.471288+00,2026-05-11 03:29:18.471288+00,Argentina
5e40a71c-d508-4f57-9247-b8feec2aeecd,,bfb3dd23-0355-4393-a36d-a6fbe4b1859f,Argentina Bot 47,,t,62,2026-05-11 03:29:18.471288+00,2026-05-11 03:29:18.471288+00,Argentina
cb74d205-e5b8-4a71-b4f1-1ba50683bc87,,bfb3dd23-0355-4393-a36d-a6fbe4b1859f,Argentina Bot 48,,t,65,2026-05-11 03:29:18.471288+00,2026-05-11 03:29:18.471288+00,Argentina
b7702fef-3227-49cb-a216-2a75b15e323d,,bfb3dd23-0355-4393-a36d-a6fbe4b1859f,Argentina Bot 49,,t,68,2026-05-11 03:29:18.471288+00,2026-05-11 03:29:18.471288+00,Argentina
79f7f1a5-bd22-43ed-a7af-b5bbe02a679a,,bfb3dd23-0355-4393-a36d-a6fbe4b1859f,Argentina Bot 50,,t,57,2026-05-11 03:29:18.471288+00,2026-05-11 03:29:18.471288+00,Argentina
1ba975e7-59cb-47fd-9e51-c51d7a4b3521,,bfb3dd23-0355-4393-a36d-a6fbe4b1859f,Argentina Bot 51,,t,63,2026-05-11 03:29:18.471288+00,2026-05-11 03:29:18.471288+00,Argentina
594630e7-6f47-4f79-a726-6fe450e4ea45,,bfb3dd23-0355-4393-a36d-a6fbe4b1859f,Argentina Bot 52,,t,74,2026-05-11 03:29:18.471288+00,2026-05-11 03:29:18.471288+00,Argentina
f5a50f67-ba74-4d9c-8cf7-c6d2fef04972,,bfb3dd23-0355-4393-a36d-a6fbe4b1859f,Argentina Bot 53,,t,69,2026-05-11 03:29:18.471288+00,2026-05-11 03:29:18.471288+00,Argentina
dd398985-8443-45c6-a287-98c13d2f8b3c,,bfb3dd23-0355-4393-a36d-a6fbe4b1859f,Argentina Bot 54,,t,59,2026-05-11 03:29:18.471288+00,2026-05-11 03:29:18.471288+00,Argentina
83e55f3f-3623-4bd9-8604-5fe7bd4f02cd,,bfb3dd23-0355-4393-a36d-a6fbe4b1859f,Argentina Bot 55,,t,63,2026-05-11 03:29:18.471288+00,2026-05-11 03:29:18.471288+00,Argentina
c35bd12d-aec9-4d2c-bc3e-eeaf04cca92e,,bfb3dd23-0355-4393-a36d-a6fbe4b1859f,Argentina Bot 56,,t,70,2026-05-11 03:29:18.471288+00,2026-05-11 03:29:18.471288+00,Argentina
1704cbc2-682e-4a4e-81a1-a2ceb873b034,,bfb3dd23-0355-4393-a36d-a6fbe4b1859f,Argentina Bot 57,,t,64,2026-05-11 03:29:18.471288+00,2026-05-11 03:29:18.471288+00,Argentina
b5a11215-9622-4a6f-9e1c-2b9c3bd4274e,,bfb3dd23-0355-4393-a36d-a6fbe4b1859f,Argentina Bot 58,,t,77,2026-05-11 03:29:18.471288+00,2026-05-11 03:29:18.471288+00,Argentina
c2da59be-3a03-4172-bbd9-55be2ce47568,,bfb3dd23-0355-4393-a36d-a6fbe4b1859f,Argentina Bot 59,,t,73,2026-05-11 03:29:18.471288+00,2026-05-11 03:29:18.471288+00,Argentina
401bee32-219e-415b-b012-68c308ec2d97,,bfb3dd23-0355-4393-a36d-a6fbe4b1859f,Argentina Bot 60,,t,75,2026-05-11 03:29:18.471288+00,2026-05-11 03:29:18.471288+00,Argentina
b9b2678f-6409-422c-ac44-fe720327b43f,,bfb3dd23-0355-4393-a36d-a6fbe4b1859f,Argentina Bot 61,,t,77,2026-05-11 03:29:18.471288+00,2026-05-11 03:29:18.471288+00,Argentina
a3442ae3-9d2c-4df1-a417-c3c7261c93e0,,bfb3dd23-0355-4393-a36d-a6fbe4b1859f,Argentina Bot 62,,t,67,2026-05-11 03:29:18.471288+00,2026-05-11 03:29:18.471288+00,Argentina
be3d4f4b-af26-4bcb-a367-ab1f051c16ab,,bfb3dd23-0355-4393-a36d-a6fbe4b1859f,Argentina Bot 63,,t,52,2026-05-11 03:29:18.471288+00,2026-05-11 03:29:18.471288+00,Argentina
ec8f2d28-5226-49e5-8d13-2cb9a7db7d6e,,bfb3dd23-0355-4393-a36d-a6fbe4b1859f,Argentina Bot 64,,t,57,2026-05-11 03:29:18.471288+00,2026-05-11 03:29:18.471288+00,Argentina
d46ea0ce-e6fd-4b41-9e33-95368f4cb87d,,7c63df6b-bd80-4245-9129-e90193879589,Flamengo,,t,62,2026-05-11 03:29:18.471288+00,2026-05-11 03:29:18.471288+00,Alemanha
e4594768-b0fc-4b84-b6e3-446e5ecee701,,7c63df6b-bd80-4245-9129-e90193879589,Palmeiras,,t,63,2026-05-11 03:29:18.471288+00,2026-05-11 03:29:18.471288+00,Alemanha
350aed8a-e01e-486a-b17a-022016bd1402,,1a8524d5-c4b1-4487-8718-dfedc8ea76ef,Wanderers Sharks BOT,🚀,t,86,2026-05-27 18:08:29.407521+00,2026-05-27 18:08:29.407521+00,Peru
b0eab5aa-8bf0-4787-abdf-5175f5efc4a6,,edb83ebc-95c3-4f26-99b3-0b758a5d08c6,Grêmio,,t,70,2026-05-06 22:09:41.932284+00,2026-05-06 22:09:41.932284+00,Brasil
12186b51-785f-48e2-bf98-5297049f5151,,edb83ebc-95c3-4f26-99b3-0b758a5d08c6,Internacional,,t,74,2026-05-06 22:09:41.932284+00,2026-05-06 22:09:41.932284+00,Brasil
b5b52f3a-7a6e-4cd6-9332-c2b874e3398b,0d476bb0-aebd-4e9f-96d2-6c5d4a76cb6a,edb83ebc-95c3-4f26-99b3-0b758a5d08c6,Manager FC,⚽,f,79,2026-05-06 22:09:41.932284+00,2026-05-15 23:14:14.524841+00,Brasil
16988374-677f-425f-b755-ee9043d0ebdf,,1a8524d5-c4b1-4487-8718-dfedc8ea76ef,Wolves CF BOT,🐃,t,86,2026-05-27 18:08:29.407521+00,2026-05-27 18:08:29.407521+00,Peru
77d699bb-b99d-4204-b605-2fe9b4d62196,320fcbb8-c3eb-43e7-a3eb-0f302b46897f,edb83ebc-95c3-4f26-99b3-0b758a5d08c6,a,solid,f,78,2026-05-06 22:09:41.932284+00,2026-05-10 17:43:12.284697+00,Brasil
22522543-cef2-4a8c-96cc-b2ce4aa17f17,,1a8524d5-c4b1-4487-8718-dfedc8ea76ef,FC Hawks BOT,👑,t,86,2026-05-27 18:08:29.407521+00,2026-05-27 18:08:29.407521+00,Peru
34da52aa-111f-472d-ab97-b625702d4ffc,,1a8524d5-c4b1-4487-8718-dfedc8ea76ef,SC Galaxy BOT,🦁,t,86,2026-05-27 18:08:29.407521+00,2026-05-27 18:08:29.407521+00,Peru
d9ec0992-1e6a-465a-abbe-0f8b3d7a77fc,,bfb3dd23-0355-4393-a36d-a6fbe4b1859f,Flamengo,,t,57,2026-05-11 03:29:18.471288+00,2026-05-11 03:29:18.471288+00,Argentina
6eeec439-cbc2-46d9-8d1f-77afb3a1bc13,,bfb3dd23-0355-4393-a36d-a6fbe4b1859f,Palmeiras,,t,56,2026-05-11 03:29:18.471288+00,2026-05-11 03:29:18.471288+00,Argentina
7413ba4c-6e92-4603-b5ed-abcf2a89a0aa,,bfb3dd23-0355-4393-a36d-a6fbe4b1859f,São Paulo,,t,63,2026-05-11 03:29:18.471288+00,2026-05-11 03:29:18.471288+00,Argentina
22cf3671-c91e-4367-bd91-2527a7f00f60,,bfb3dd23-0355-4393-a36d-a6fbe4b1859f,Argentina Bot 4,,t,60,2026-05-11 03:29:18.471288+00,2026-05-11 03:29:18.471288+00,Argentina
2a042f6e-15bd-4b67-9aef-5bbcc06d614e,,bfb3dd23-0355-4393-a36d-a6fbe4b1859f,Argentina Bot 5,,t,74,2026-05-11 03:29:18.471288+00,2026-05-11 03:29:18.471288+00,Argentina
a6bf5b14-31e1-4370-a4fd-53e1c9d41b6c,,bfb3dd23-0355-4393-a36d-a6fbe4b1859f,Argentina Bot 6,,t,68,2026-05-11 03:29:18.471288+00,2026-05-11 03:29:18.471288+00,Argentina
4bd7b28c-f155-4375-8eff-60ad2af129fe,,bfb3dd23-0355-4393-a36d-a6fbe4b1859f,Argentina Bot 7,,t,68,2026-05-11 03:29:18.471288+00,2026-05-11 03:29:18.471288+00,Argentina
357e9411-6d82-4c03-979c-6bc5a785d0ba,,bfb3dd23-0355-4393-a36d-a6fbe4b1859f,Argentina Bot 8,,t,78,2026-05-11 03:29:18.471288+00,2026-05-11 03:29:18.471288+00,Argentina
95fdb9c5-8897-4ec5-ae83-bf83b8d221ce,,bfb3dd23-0355-4393-a36d-a6fbe4b1859f,Argentina Bot 9,,t,63,2026-05-11 03:29:18.471288+00,2026-05-11 03:29:18.471288+00,Argentina
c4adeac4-2dd2-4675-8c34-a49f544520a1,,7c63df6b-bd80-4245-9129-e90193879589,São Paulo,,t,58,2026-05-11 03:29:18.471288+00,2026-05-11 03:29:18.471288+00,Alemanha
a6d037de-3210-49ae-88a4-a7bf32621543,,7c63df6b-bd80-4245-9129-e90193879589,Alemanha Bot 4,,t,56,2026-05-11 03:29:18.471288+00,2026-05-11 03:29:18.471288+00,Alemanha
46f74550-4af8-47d8-afa7-f5591c4d29e7,,7c63df6b-bd80-4245-9129-e90193879589,Alemanha Bot 5,,t,50,2026-05-11 03:29:18.471288+00,2026-05-11 03:29:18.471288+00,Alemanha
97410e6e-8c21-41c9-87b1-1033e8854843,,7c63df6b-bd80-4245-9129-e90193879589,Alemanha Bot 6,,t,74,2026-05-11 03:29:18.471288+00,2026-05-11 03:29:18.471288+00,Alemanha
d669436d-4e3e-4400-ad48-bf6b7b45e665,,7c63df6b-bd80-4245-9129-e90193879589,Alemanha Bot 7,,t,71,2026-05-11 03:29:18.471288+00,2026-05-11 03:29:18.471288+00,Alemanha
53f77ad5-9eda-48e0-83b7-afa42c63ec39,,7c63df6b-bd80-4245-9129-e90193879589,Alemanha Bot 8,,t,72,2026-05-11 03:29:18.471288+00,2026-05-11 03:29:18.471288+00,Alemanha
322df9cf-3575-4d0d-b1d7-632b245df05b,,7c63df6b-bd80-4245-9129-e90193879589,Alemanha Bot 9,,t,61,2026-05-11 03:29:18.471288+00,2026-05-11 03:29:18.471288+00,Alemanha
da472c08-493e-4228-bb7d-82d2893e845d,,7c63df6b-bd80-4245-9129-e90193879589,Flamengo,,t,65,2026-05-11 03:29:18.471288+00,2026-05-11 03:29:18.471288+00,Alemanha
82076cd7-8a27-4574-a021-78452d0cfa55,,7c63df6b-bd80-4245-9129-e90193879589,Flamengo,,t,62,2026-05-11 03:29:18.471288+00,2026-05-11 03:29:18.471288+00,Alemanha
0d027e3a-5dab-4387-9784-065ae02b1893,,7c63df6b-bd80-4245-9129-e90193879589,Flamengo,,t,72,2026-05-11 03:29:18.471288+00,2026-05-11 03:29:18.471288+00,Alemanha
08a607a7-47b5-4eb5-bbd6-b465518553d8,,7c63df6b-bd80-4245-9129-e90193879589,Flamengo,,t,57,2026-05-11 03:29:18.471288+00,2026-05-11 03:29:18.471288+00,Alemanha
4241908a-6b7d-48ba-8e91-5c8c43cbf09f,,7c63df6b-bd80-4245-9129-e90193879589,Flamengo,,t,75,2026-05-11 03:29:18.471288+00,2026-05-11 03:29:18.471288+00,Alemanha
66085f35-4941-490b-b6d6-93964282e801,,7c63df6b-bd80-4245-9129-e90193879589,Flamengo,,t,59,2026-05-11 03:29:18.471288+00,2026-05-11 03:29:18.471288+00,Alemanha
05d191a1-3645-4adc-abe9-ece1e84a85a2,,7c63df6b-bd80-4245-9129-e90193879589,Flamengo,,t,74,2026-05-11 03:29:18.471288+00,2026-05-11 03:29:18.471288+00,Alemanha
03773554-90ef-4ec3-800f-0ae1b53e895a,,7c63df6b-bd80-4245-9129-e90193879589,Flamengo,,t,78,2026-05-11 03:29:18.471288+00,2026-05-11 03:29:18.471288+00,Alemanha
5cc11615-d331-4a8a-af03-25c3c20a67da,,7c63df6b-bd80-4245-9129-e90193879589,Flamengo,,t,56,2026-05-11 03:29:18.471288+00,2026-05-11 03:29:18.471288+00,Alemanha
c9270b93-1e69-4c83-9a22-ca5a18b7927b,,7c63df6b-bd80-4245-9129-e90193879589,Flamengo,,t,66,2026-05-11 03:29:18.471288+00,2026-05-11 03:29:18.471288+00,Alemanha
6b9cb11f-849c-4e00-acc8-d3ced292c556,,7c63df6b-bd80-4245-9129-e90193879589,Palmeiras,,t,69,2026-05-11 03:29:18.471288+00,2026-05-11 03:29:18.471288+00,Alemanha
13af54a7-1a38-4f61-a956-7eb3d010d4c6,,7c63df6b-bd80-4245-9129-e90193879589,Palmeiras,,t,61,2026-05-11 03:29:18.471288+00,2026-05-11 03:29:18.471288+00,Alemanha
12b3ce24-42ea-4a48-a8dd-3ce81e58acad,,7c63df6b-bd80-4245-9129-e90193879589,Palmeiras,,t,57,2026-05-11 03:29:18.471288+00,2026-05-11 03:29:18.471288+00,Alemanha
1b5de26a-7c84-4ea2-9873-42dfbd3be081,,7c63df6b-bd80-4245-9129-e90193879589,Palmeiras,,t,67,2026-05-11 03:29:18.471288+00,2026-05-11 03:29:18.471288+00,Alemanha
1ac65a02-b857-449b-a775-404df7575eac,,7c63df6b-bd80-4245-9129-e90193879589,Palmeiras,,t,78,2026-05-11 03:29:18.471288+00,2026-05-11 03:29:18.471288+00,Alemanha
4f9816af-154c-4de0-a6ed-9acda2c1b6f8,,7c63df6b-bd80-4245-9129-e90193879589,Palmeiras,,t,69,2026-05-11 03:29:18.471288+00,2026-05-11 03:29:18.471288+00,Alemanha
20cdff2c-ed52-4be3-b679-c349945ece20,,7c63df6b-bd80-4245-9129-e90193879589,Palmeiras,,t,66,2026-05-11 03:29:18.471288+00,2026-05-11 03:29:18.471288+00,Alemanha
8f4edbf0-02d8-422f-a419-9fd64e361fd1,,7c63df6b-bd80-4245-9129-e90193879589,Palmeiras,,t,75,2026-05-11 03:29:18.471288+00,2026-05-11 03:29:18.471288+00,Alemanha
2da6d18e-99c7-4d47-ac43-0a7c3abc04d6,,7c63df6b-bd80-4245-9129-e90193879589,Palmeiras,,t,59,2026-05-11 03:29:18.471288+00,2026-05-11 03:29:18.471288+00,Alemanha
1ce2b503-5a78-4499-af23-b37cfe95d0a0,,7c63df6b-bd80-4245-9129-e90193879589,Palmeiras,,t,50,2026-05-11 03:29:18.471288+00,2026-05-11 03:29:18.471288+00,Alemanha
187c1472-e025-4bc5-a0ce-7d2ca54fc701,,7c63df6b-bd80-4245-9129-e90193879589,São Paulo,,t,52,2026-05-11 03:29:18.471288+00,2026-05-11 03:29:18.471288+00,Alemanha
b16b0125-872f-4c54-837b-7c77683374bd,,7c63df6b-bd80-4245-9129-e90193879589,São Paulo,,t,54,2026-05-11 03:29:18.471288+00,2026-05-11 03:29:18.471288+00,Alemanha
231af63e-b857-4f31-9220-342cc26813db,,7c63df6b-bd80-4245-9129-e90193879589,São Paulo,,t,56,2026-05-11 03:29:18.471288+00,2026-05-11 03:29:18.471288+00,Alemanha
67385d6d-c0bb-4055-b05c-1cd726f8dbd7,,7c63df6b-bd80-4245-9129-e90193879589,São Paulo,,t,73,2026-05-11 03:29:18.471288+00,2026-05-11 03:29:18.471288+00,Alemanha
77cdcd62-e0b2-4893-8b7d-039bbae4b43a,,7c63df6b-bd80-4245-9129-e90193879589,São Paulo,,t,66,2026-05-11 03:29:18.471288+00,2026-05-11 03:29:18.471288+00,Alemanha
117430da-c769-4281-9c9c-d57da7b8771e,,7c63df6b-bd80-4245-9129-e90193879589,São Paulo,,t,69,2026-05-11 03:29:18.471288+00,2026-05-11 03:29:18.471288+00,Alemanha
2fea1b65-b34d-462d-b18f-e60d111588ee,,7c63df6b-bd80-4245-9129-e90193879589,São Paulo,,t,76,2026-05-11 03:29:18.471288+00,2026-05-11 03:29:18.471288+00,Alemanha
898963a8-b883-4ef6-8536-7ae19e3d66cf,,7c63df6b-bd80-4245-9129-e90193879589,São Paulo,,t,50,2026-05-11 03:29:18.471288+00,2026-05-11 03:29:18.471288+00,Alemanha
afd314dd-d074-4c2d-9773-283989423b95,,7c63df6b-bd80-4245-9129-e90193879589,São Paulo,,t,77,2026-05-11 03:29:18.471288+00,2026-05-11 03:29:18.471288+00,Alemanha
c5a7362d-a751-429c-aa9d-fb5c64af2616,,7c63df6b-bd80-4245-9129-e90193879589,São Paulo,,t,77,2026-05-11 03:29:18.471288+00,2026-05-11 03:29:18.471288+00,Alemanha
5da81541-7727-4c61-826b-5ba243aceb09,,7c63df6b-bd80-4245-9129-e90193879589,Alemanha Bot 40,,t,59,2026-05-11 03:29:18.471288+00,2026-05-11 03:29:18.471288+00,Alemanha
fb36b6e2-d8e4-4014-892e-456b55cbf9ac,,7c63df6b-bd80-4245-9129-e90193879589,Alemanha Bot 41,,t,74,2026-05-11 03:29:18.471288+00,2026-05-11 03:29:18.471288+00,Alemanha
c639e152-dfc5-4c66-ae5f-7ef1ae859897,,7c63df6b-bd80-4245-9129-e90193879589,Alemanha Bot 42,,t,77,2026-05-11 03:29:18.471288+00,2026-05-11 03:29:18.471288+00,Alemanha
cf8bf64a-42a1-4068-a8cf-dcd610dfdf1d,,7c63df6b-bd80-4245-9129-e90193879589,Alemanha Bot 43,,t,65,2026-05-11 03:29:18.471288+00,2026-05-11 03:29:18.471288+00,Alemanha
de9a6d16-f211-45e8-af5c-90c41e7738c1,,7c63df6b-bd80-4245-9129-e90193879589,Alemanha Bot 44,,t,58,2026-05-11 03:29:18.471288+00,2026-05-11 03:29:18.471288+00,Alemanha
34194360-b255-4f01-afdb-77a3c6ef7231,,7c63df6b-bd80-4245-9129-e90193879589,Alemanha Bot 45,,t,77,2026-05-11 03:29:18.471288+00,2026-05-11 03:29:18.471288+00,Alemanha
8bc7adab-93aa-4bb2-8a98-6dd497c38e9b,,7c63df6b-bd80-4245-9129-e90193879589,Alemanha Bot 46,,t,66,2026-05-11 03:29:18.471288+00,2026-05-11 03:29:18.471288+00,Alemanha
3df8e77c-b4c6-4719-bdf4-e6a4006c0655,3b612347-aa9f-41f8-9bee-59f26c562344,edb83ebc-95c3-4f26-99b3-0b758a5d08c6,FLM,⚽,f,66,2026-05-06 22:09:41.932284+00,2026-05-10 17:37:18.508668+00,Brasil
a33d67f9-f5ce-4f0e-8759-11e3bd705ac6,e9e8a10a-6572-4369-a9c6-bdb3e6143f8c,edb83ebc-95c3-4f26-99b3-0b758a5d08c6,FLM Team Fc,⚽,f,79,2026-05-06 22:09:41.932284+00,2026-05-10 17:37:18.508668+00,Brasil
11204548-ef56-41bb-8525-c39645e56c14,68123140-4a25-44c0-adff-ea148c54423c,edb83ebc-95c3-4f26-99b3-0b758a5d08c6,ADM FC,⚽,f,67,2026-05-06 22:09:41.932284+00,2026-05-10 17:37:18.508668+00,Brasil
bb59e55f-4963-4b32-bf38-ca3373b50e18,c9544dd0-3729-480b-bd00-315d75a45711,edb83ebc-95c3-4f26-99b3-0b758a5d08c6,ABC FC,⚽,f,70,2026-05-06 22:09:41.932284+00,2026-05-10 17:37:18.508668+00,Brasil
0035bd89-7792-4b23-bcb5-1fa96ce04999,1c4c75aa-2561-441e-9c0e-9655aa005e34,edb83ebc-95c3-4f26-99b3-0b758a5d08c6,Real Zaragola,⚽,f,65,2026-05-06 22:09:41.932284+00,2026-05-10 17:37:18.508668+00,Espanha
d1214869-a00f-4636-928e-afe7dd170a76,74125438-d6d6-471b-9669-b06add2421de,edb83ebc-95c3-4f26-99b3-0b758a5d08c6,UNC SPORT CLUB,⚽,f,74,2026-05-06 22:09:41.932284+00,2026-05-10 17:37:18.508668+00,Espanha
5c6cec0b-6f64-4cc9-a5ae-e5967aaf7701,,1a8524d5-c4b1-4487-8718-dfedc8ea76ef,AC Thunder BOT,🔥,t,86,2026-05-27 18:08:29.407521+00,2026-05-27 18:08:29.407521+00,Peru
8ef05acf-2ab7-45d2-ad34-a977f652ca29,,1a8524d5-c4b1-4487-8718-dfedc8ea76ef,United CF BOT,🎯,t,86,2026-05-27 18:08:29.407521+00,2026-05-27 18:08:29.407521+00,Peru
7cd23ce9-7cb6-43eb-ae3f-53826ac7a2a8,,1a8524d5-c4b1-4487-8718-dfedc8ea76ef,CD City BOT,🐊,t,86,2026-05-27 18:08:29.407521+00,2026-05-27 18:08:29.407521+00,Peru
1f9a3ea3-46a1-447d-9bb8-8ee88389104b,,93fd0ad6-688d-44bc-a701-3152afe1b197,United CF BOT,👑,t,86,2026-05-27 18:08:29.407521+00,2026-05-27 18:08:29.407521+00,Escócia
07cdc29b-7f68-4a0f-8b4d-fe05163846f1,,93fd0ad6-688d-44bc-a701-3152afe1b197,Atlético City BOT,🚀,t,86,2026-05-27 18:08:29.407521+00,2026-05-27 18:08:29.407521+00,Escócia
6c1064a2-749a-416c-85c7-d0ddc3e7e757,,93fd0ad6-688d-44bc-a701-3152afe1b197,Athletic FC BOT,🐉,t,86,2026-05-27 18:08:29.407521+00,2026-05-27 18:08:29.407521+00,Escócia
07aff4e2-bfb1-4642-9fef-76d182d48cec,,93fd0ad6-688d-44bc-a701-3152afe1b197,Sporting Royal BOT,🦏,t,86,2026-05-27 18:08:29.407521+00,2026-05-27 18:08:29.407521+00,Escócia
f47295b9-189c-4eb1-b75f-48051cf62095,,93fd0ad6-688d-44bc-a701-3152afe1b197,Olympic Athletic BOT,🌟,t,86,2026-05-27 18:08:29.407521+00,2026-05-27 18:08:29.407521+00,Escócia
9023c5c2-42aa-4460-80ae-6976caf2ead1,,93fd0ad6-688d-44bc-a701-3152afe1b197,Olympic Wanderers BOT,🐉,t,86,2026-05-27 18:08:29.407521+00,2026-05-27 18:08:29.407521+00,Escócia
eca20355-f2b7-40ac-954a-2d8c69a99bd2,,93fd0ad6-688d-44bc-a701-3152afe1b197,Pioneers CF BOT,⚡,t,86,2026-05-27 18:08:29.407521+00,2026-05-27 18:08:29.407521+00,Escócia
c72be4a1-12cb-406f-ab06-ada23ab90dbd,,93fd0ad6-688d-44bc-a701-3152afe1b197,United Phoenix BOT,⚔️,t,86,2026-05-27 18:08:29.407521+00,2026-05-27 18:08:29.407521+00,Escócia
cf13e836-6d8e-4903-a022-b7fd8b2efe69,,93fd0ad6-688d-44bc-a701-3152afe1b197,City Lions BOT,🐘,t,86,2026-05-27 18:08:29.407521+00,2026-05-27 18:08:29.407521+00,Escócia
b0cbd58d-58e6-4981-b9a5-c6a0e50276c5,,93fd0ad6-688d-44bc-a701-3152afe1b197,Tigers Athletic BOT,🦌,t,86,2026-05-27 18:08:29.407521+00,2026-05-27 18:08:29.407521+00,Escócia
f2f7ff09-9087-47d5-81ee-1c1b465916de,,93fd0ad6-688d-44bc-a701-3152afe1b197,Wanderers Sharks BOT,🦈,t,86,2026-05-27 18:08:29.407521+00,2026-05-27 18:08:29.407521+00,Escócia
3f1309ed-2a3c-48df-9a17-b1b38bc8c714,,93fd0ad6-688d-44bc-a701-3152afe1b197,FC Hawks BOT,🌟,t,86,2026-05-27 18:08:29.407521+00,2026-05-27 18:08:29.407521+00,Escócia
be9564f6-00e8-4e1c-b9b8-9229fa8101ad,,93fd0ad6-688d-44bc-a701-3152afe1b197,Stars FC BOT,🛡️,t,86,2026-05-27 18:08:29.407521+00,2026-05-27 18:08:29.407521+00,Escócia
6164ff9c-d75b-4ebd-bbc3-168b2f7445ed,,93fd0ad6-688d-44bc-a701-3152afe1b197,SC Galaxy BOT,⚡,t,86,2026-05-27 18:08:29.407521+00,2026-05-27 18:08:29.407521+00,Escócia
4973da91-8ad1-42ba-abb1-bccfb8b84c05,,93fd0ad6-688d-44bc-a701-3152afe1b197,Storm Athletic BOT,🐉,t,86,2026-05-27 18:08:29.407521+00,2026-05-27 18:08:29.407521+00,Escócia
649b8f27-4d8b-4b91-8b18-f478d940b235,,93fd0ad6-688d-44bc-a701-3152afe1b197,CD City BOT,🐎,t,86,2026-05-27 18:08:29.407521+00,2026-05-27 18:08:29.407521+00,Escócia
dcac32b4-acf2-4711-81f6-eac988d64865,,ea55523a-ea06-4df5-9a35-57015ba3b315,Santiago CF BOT,🦁,t,86,2026-05-27 18:08:29.407521+00,2026-05-27 18:08:29.407521+00,Chile
8c17e7a6-da83-4976-bd4d-2e5f20e88bbc,,ea55523a-ea06-4df5-9a35-57015ba3b315,Atlético Valparaíso BOT,👑,t,86,2026-05-27 18:08:29.407521+00,2026-05-27 18:08:29.407521+00,Chile
6c371508-e4ab-47ec-a249-5ab7619c5f96,,ea55523a-ea06-4df5-9a35-57015ba3b315,Temuco Athletic BOT,🚀,t,86,2026-05-27 18:08:29.407521+00,2026-05-27 18:08:29.407521+00,Chile
02e3f068-b15a-447a-b339-a9c644bf3ffd,,ea55523a-ea06-4df5-9a35-57015ba3b315,Olympic Rancagua BOT,🦁,t,86,2026-05-27 18:08:29.407521+00,2026-05-27 18:08:29.407521+00,Chile
37e34d61-ba61-43cd-80f0-0e217e63656e,,ea55523a-ea06-4df5-9a35-57015ba3b315,Iquique CF BOT,🦈,t,86,2026-05-27 18:08:29.407521+00,2026-05-27 18:08:29.407521+00,Chile
9ec5750b-177f-40e9-836a-d660acc97164,,ea55523a-ea06-4df5-9a35-57015ba3b315,United Talca BOT,🦌,t,86,2026-05-27 18:08:29.407521+00,2026-05-27 18:08:29.407521+00,Chile
65c758e0-8394-4962-8b40-9caa3940429c,,ea55523a-ea06-4df5-9a35-57015ba3b315,Arica FC BOT,🐅,t,86,2026-05-27 18:08:29.407521+00,2026-05-27 18:08:29.407521+00,Chile
56a3ee5f-f8da-4047-819f-bd6385161079,,ea55523a-ea06-4df5-9a35-57015ba3b315,La Serena Athletic BOT,🐊,t,86,2026-05-27 18:08:29.407521+00,2026-05-27 18:08:29.407521+00,Chile
b9b35982-ee66-43f7-a60f-bf8914d434c2,,ea55523a-ea06-4df5-9a35-57015ba3b315,Wanderers Calama BOT,🐺,t,86,2026-05-27 18:08:29.407521+00,2026-05-27 18:08:29.407521+00,Chile
859994f5-621d-4d35-8324-ea4afcb366c9,,ea55523a-ea06-4df5-9a35-57015ba3b315,Coquimbo CF BOT,🐊,t,86,2026-05-27 18:08:29.407521+00,2026-05-27 18:08:29.407521+00,Chile
afa8c666-20eb-4986-a54a-64db18e51f8d,,ea55523a-ea06-4df5-9a35-57015ba3b315,FC Osorno BOT,⭐,t,86,2026-05-27 18:08:29.407521+00,2026-05-27 18:08:29.407521+00,Chile
8d2f6234-bafa-4657-8ac2-33e61f3437fb,,ea55523a-ea06-4df5-9a35-57015ba3b315,Valdivia FC BOT,🦈,t,86,2026-05-27 18:08:29.407521+00,2026-05-27 18:08:29.407521+00,Chile
e1fee8b8-87d1-446b-9e74-50b1714cec56,,ea55523a-ea06-4df5-9a35-57015ba3b315,SC Punta Arenas BOT,🦁,t,86,2026-05-27 18:08:29.407521+00,2026-05-27 18:08:29.407521+00,Chile
e046473b-c893-469d-8655-864cfe0524d1,,ea55523a-ea06-4df5-9a35-57015ba3b315,Quilpué Athletic BOT,🎯,t,86,2026-05-27 18:08:29.407521+00,2026-05-27 18:08:29.407521+00,Chile
5a8b8199-d5b6-4ba3-86c8-3da5be51e75a,,ea55523a-ea06-4df5-9a35-57015ba3b315,AC Copiapó BOT,🐊,t,86,2026-05-27 18:08:29.407521+00,2026-05-27 18:08:29.407521+00,Chile
b2a2592a-190e-4330-a6a5-22a71027c26c,,ea55523a-ea06-4df5-9a35-57015ba3b315,Santiago CF BOT,🛡️,t,86,2026-05-27 18:08:29.407521+00,2026-05-27 18:08:29.407521+00,Chile
7c32b931-a964-4ce3-a6e6-28f5da55285c,,79f27b92-63fa-4fe7-8b0d-49d1fd9a3951,United CF BOT,🦅,t,86,2026-05-27 18:08:29.407521+00,2026-05-27 18:08:29.407521+00,Uruguai
f4f42caf-729d-4ba4-a74a-39d0b26a7d8e,,79f27b92-63fa-4fe7-8b0d-49d1fd9a3951,Atlético City BOT,🏆,t,86,2026-05-27 18:08:29.407521+00,2026-05-27 18:08:29.407521+00,Uruguai
f0085f39-8ff4-45b2-a126-e0c0d62e22f8,,79f27b92-63fa-4fe7-8b0d-49d1fd9a3951,Athletic FC BOT,🐅,t,86,2026-05-27 18:08:29.407521+00,2026-05-27 18:08:29.407521+00,Uruguai
ec87dd44-04c7-4372-85a0-0a16fc5ee896,,79f27b92-63fa-4fe7-8b0d-49d1fd9a3951,Sporting Royal BOT,🔥,t,86,2026-05-27 18:08:29.407521+00,2026-05-27 18:08:29.407521+00,Uruguai
f6fdeda7-01a2-40ed-a647-9e26487242b6,,79f27b92-63fa-4fe7-8b0d-49d1fd9a3951,Olympic Athletic BOT,🐂,t,86,2026-05-27 18:08:29.407521+00,2026-05-27 18:08:29.407521+00,Uruguai
df49dd75-fee2-406c-b842-545526e309d7,,79f27b92-63fa-4fe7-8b0d-49d1fd9a3951,Olympic Wanderers BOT,🐊,t,86,2026-05-27 18:08:29.407521+00,2026-05-27 18:08:29.407521+00,Uruguai
edc9dd76-3a70-4db2-9513-f84d8d3f2444,,79f27b92-63fa-4fe7-8b0d-49d1fd9a3951,Pioneers CF BOT,💎,t,86,2026-05-27 18:08:29.407521+00,2026-05-27 18:08:29.407521+00,Uruguai
90b28674-f639-457b-9884-a7e88e8e85c3,,79f27b92-63fa-4fe7-8b0d-49d1fd9a3951,United Phoenix BOT,⚔️,t,86,2026-05-27 18:08:29.407521+00,2026-05-27 18:08:29.407521+00,Uruguai
16fc5ebc-c874-4644-aab2-791740be7dbd,,79f27b92-63fa-4fe7-8b0d-49d1fd9a3951,Eagles FC BOT,🐺,t,86,2026-05-27 18:08:29.407521+00,2026-05-27 18:08:29.407521+00,Uruguai
1b8023b9-509a-4b2e-8621-a1d0e882f03e,,79f27b92-63fa-4fe7-8b0d-49d1fd9a3951,City Lions BOT,🐘,t,86,2026-05-27 18:08:29.407521+00,2026-05-27 18:08:29.407521+00,Uruguai
bfe6f6db-4d0c-4baa-911d-aff8a6b23fcb,,79f27b92-63fa-4fe7-8b0d-49d1fd9a3951,Tigers Athletic BOT,⚔️,t,86,2026-05-27 18:08:29.407521+00,2026-05-27 18:08:29.407521+00,Uruguai
926f792c-2992-4fcb-8553-c1493854e856,,79f27b92-63fa-4fe7-8b0d-49d1fd9a3951,Wolves CF BOT,🦈,t,86,2026-05-27 18:08:29.407521+00,2026-05-27 18:08:29.407521+00,Uruguai
68593062-6421-4cf4-b3f0-0dc2a3d1c5fd,,79f27b92-63fa-4fe7-8b0d-49d1fd9a3951,Stars FC BOT,🐅,t,86,2026-05-27 18:08:29.407521+00,2026-05-27 18:08:29.407521+00,Uruguai
cf0f12e1-a85b-40dd-90e3-5a52bb811be7,,79f27b92-63fa-4fe7-8b0d-49d1fd9a3951,Storm Athletic BOT,🦈,t,86,2026-05-27 18:08:29.407521+00,2026-05-27 18:08:29.407521+00,Uruguai
a8fe7d49-7d5a-4f7d-a238-0fcbb6a44b64,,79f27b92-63fa-4fe7-8b0d-49d1fd9a3951,AC Thunder BOT,💎,t,86,2026-05-27 18:08:29.407521+00,2026-05-27 18:08:29.407521+00,Uruguai
c1e4fa90-8bb4-4bd7-929b-95cae3bd7057,,79f27b92-63fa-4fe7-8b0d-49d1fd9a3951,United CF BOT,⚽,t,86,2026-05-27 18:08:29.407521+00,2026-05-27 18:08:29.407521+00,Uruguai
ab0f24c3-0969-44e4-be83-fb5d07f83052,,bfcbb2dc-20ea-4129-8d0a-66beb1d8138a,New York CF BOT,⭐,t,86,2026-05-27 18:08:29.407521+00,2026-05-27 18:08:29.407521+00,Estados Unidos
9c9341ab-6129-4241-98cc-fa8effc0c966,,bfcbb2dc-20ea-4129-8d0a-66beb1d8138a,Atlético Los Angeles BOT,🐘,t,86,2026-05-27 18:08:29.407521+00,2026-05-27 18:08:29.407521+00,Estados Unidos
f7ffcfcb-65c3-48b0-b8ea-9bb4355a3dbe,,bfcbb2dc-20ea-4129-8d0a-66beb1d8138a,Chicago FC BOT,🐅,t,86,2026-05-27 18:08:29.407521+00,2026-05-27 18:08:29.407521+00,Estados Unidos
af6c651d-f15e-4fa2-88e0-7a3009fe0b9a,,bfcbb2dc-20ea-4129-8d0a-66beb1d8138a,Phoenix Athletic BOT,🛡️,t,86,2026-05-27 18:08:29.407521+00,2026-05-27 18:08:29.407521+00,Estados Unidos
4782dd9b-8153-4b49-96a3-d9fe4bdb8d22,,bfcbb2dc-20ea-4129-8d0a-66beb1d8138a,Olympic Philadelphia BOT,👑,t,86,2026-05-27 18:08:29.407521+00,2026-05-27 18:08:29.407521+00,Estados Unidos
d45143af-39f0-43c8-bf93-5bd122b74562,,bfcbb2dc-20ea-4129-8d0a-66beb1d8138a,San Antonio CF BOT,🔥,t,86,2026-05-27 18:08:29.407521+00,2026-05-27 18:08:29.407521+00,Estados Unidos
874c83bc-2e4c-4f73-93ea-23191a8216fc,,bfcbb2dc-20ea-4129-8d0a-66beb1d8138a,United San Diego BOT,🚀,t,86,2026-05-27 18:08:29.407521+00,2026-05-27 18:08:29.407521+00,Estados Unidos
bec4bf24-b055-4309-afc0-6400c087d1ba,,bfcbb2dc-20ea-4129-8d0a-66beb1d8138a,Dallas FC BOT,🏰,t,86,2026-05-27 18:08:29.407521+00,2026-05-27 18:08:29.407521+00,Estados Unidos
47a47811-7170-4fc6-8964-ef1681b66b20,,bfcbb2dc-20ea-4129-8d0a-66beb1d8138a,Miami Athletic BOT,🏆,t,86,2026-05-27 18:08:29.407521+00,2026-05-27 18:08:29.407521+00,Estados Unidos
bc75469d-a2e8-4e4a-b0a6-3167283b0d0d,,bfcbb2dc-20ea-4129-8d0a-66beb1d8138a,Wanderers Atlanta BOT,🐅,t,86,2026-05-27 18:08:29.407521+00,2026-05-27 18:08:29.407521+00,Estados Unidos
08fcf3ce-adf1-4bda-a369-05d3c34e7d63,,bfcbb2dc-20ea-4129-8d0a-66beb1d8138a,Boston CF BOT,🦌,t,86,2026-05-27 18:08:29.407521+00,2026-05-27 18:08:29.407521+00,Estados Unidos
3800ff14-d21e-4a47-b772-afa75aef7bc1,,bfcbb2dc-20ea-4129-8d0a-66beb1d8138a,SC Portland BOT,🐎,t,86,2026-05-27 18:08:29.407521+00,2026-05-27 18:08:29.407521+00,Estados Unidos
0f7b0a9f-1164-4780-88d0-65b9766885f0,,bfcbb2dc-20ea-4129-8d0a-66beb1d8138a,Tampa Athletic BOT,👑,t,86,2026-05-27 18:08:29.407521+00,2026-05-27 18:08:29.407521+00,Estados Unidos
cab04908-aeb0-425f-89be-ee38533bcce8,,bfcbb2dc-20ea-4129-8d0a-66beb1d8138a,AC Nashville BOT,🦌,t,86,2026-05-27 18:08:29.407521+00,2026-05-27 18:08:29.407521+00,Estados Unidos
ffacbb5e-5aa1-40d0-8826-7426d47fdbba,,bfcbb2dc-20ea-4129-8d0a-66beb1d8138a,New York CF BOT,🐘,t,86,2026-05-27 18:08:29.407521+00,2026-05-27 18:08:29.407521+00,Estados Unidos
f6d31d21-c668-4d78-922c-1982ca6925d1,,bfcbb2dc-20ea-4129-8d0a-66beb1d8138a,CD Los Angeles BOT,🐉,t,86,2026-05-27 18:08:29.407521+00,2026-05-27 18:08:29.407521+00,Estados Unidos
c3c844e6-4fba-4ae4-8a9f-fdd66a28cdef,,d1f21b06-0e13-4b57-97c2-36a37e5a33f4,Riyadh CF BOT,🐺,t,86,2026-05-27 18:08:29.407521+00,2026-05-27 18:08:29.407521+00,Arábia Saudita
41e4f0b8-74a7-4c8c-809c-6c2a5c87f78c,,d1f21b06-0e13-4b57-97c2-36a37e5a33f4,Mecca FC BOT,🛡️,t,86,2026-05-27 18:08:29.407521+00,2026-05-27 18:08:29.407521+00,Arábia Saudita
91acf5d3-326a-4d26-b40c-5d904eb6b80d,,d1f21b06-0e13-4b57-97c2-36a37e5a33f4,Sporting Medina BOT,🦅,t,86,2026-05-27 18:08:29.407521+00,2026-05-27 18:08:29.407521+00,Arábia Saudita
896b6431-bb5e-4a21-9600-ae4c3fca1c3f,,d1f21b06-0e13-4b57-97c2-36a37e5a33f4,Dammam Athletic BOT,🦈,t,86,2026-05-27 18:08:29.407521+00,2026-05-27 18:08:29.407521+00,Arábia Saudita
62e79ed3-295a-43c5-b97a-82de08c48d84,,d1f21b06-0e13-4b57-97c2-36a37e5a33f4,Olympic Khobar BOT,🐃,t,86,2026-05-27 18:08:29.407521+00,2026-05-27 18:08:29.407521+00,Arábia Saudita
0fec855e-75b4-45c1-abfc-f4ea0c3b7478,,d1f21b06-0e13-4b57-97c2-36a37e5a33f4,Tabuk CF BOT,🐎,t,86,2026-05-27 18:08:29.407521+00,2026-05-27 18:08:29.407521+00,Arábia Saudita
f6ac8dec-c1be-492f-aeca-9154325cc0c0,,d1f21b06-0e13-4b57-97c2-36a37e5a33f4,Khamis Mushait FC BOT,🛡️,t,86,2026-05-27 18:08:29.407521+00,2026-05-27 18:08:29.407521+00,Arábia Saudita
5ff096dd-1deb-4f96-bcd4-4d5995eca842,,d1f21b06-0e13-4b57-97c2-36a37e5a33f4,City Hofuf BOT,⚽,t,86,2026-05-27 18:08:29.407521+00,2026-05-27 18:08:29.407521+00,Arábia Saudita
bb3a15c5-fd6d-4812-833c-c4d423cbe8dd,,d1f21b06-0e13-4b57-97c2-36a37e5a33f4,Hail Athletic BOT,🌟,t,86,2026-05-27 18:08:29.407521+00,2026-05-27 18:08:29.407521+00,Arábia Saudita
d45a9bea-5b06-416c-b8ff-132485269a92,,d1f21b06-0e13-4b57-97c2-36a37e5a33f4,Wanderers Najran BOT,🐘,t,86,2026-05-27 18:08:29.407521+00,2026-05-27 18:08:29.407521+00,Arábia Saudita
1f3dd152-0d0c-42ef-b11f-4d27f80cca1e,,d1f21b06-0e13-4b57-97c2-36a37e5a33f4,Yanbu CF BOT,🦈,t,86,2026-05-27 18:08:29.407521+00,2026-05-27 18:08:29.407521+00,Arábia Saudita
c4ba7230-a8af-4d3e-9c38-9e7f200ea3da,,d1f21b06-0e13-4b57-97c2-36a37e5a33f4,FC Abha BOT,🐂,t,86,2026-05-27 18:08:29.407521+00,2026-05-27 18:08:29.407521+00,Arábia Saudita
054b3b0c-cef4-4f88-913c-26bc2cd0b00a,,d1f21b06-0e13-4b57-97c2-36a37e5a33f4,Jubail FC BOT,⚽,t,86,2026-05-27 18:08:29.407521+00,2026-05-27 18:08:29.407521+00,Arábia Saudita
645342d3-bcf2-4518-ae4d-1b4186d09ee5,,d1f21b06-0e13-4b57-97c2-36a37e5a33f4,SC Taif BOT,🐺,t,86,2026-05-27 18:08:29.407521+00,2026-05-27 18:08:29.407521+00,Arábia Saudita
e551513d-4b07-4f23-beee-cf4759330805,,d1f21b06-0e13-4b57-97c2-36a37e5a33f4,Qatif Athletic BOT,⚽,t,86,2026-05-27 18:08:29.407521+00,2026-05-27 18:08:29.407521+00,Arábia Saudita
4759171b-7e95-4f57-b076-9c8178b50816,,d1f21b06-0e13-4b57-97c2-36a37e5a33f4,CD Jeddah BOT,🏰,t,86,2026-05-27 18:08:29.407521+00,2026-05-27 18:08:29.407521+00,Arábia Saudita
37b6174f-1a3b-4660-a01f-a907aa8df62d,,57e43d90-fe3d-4965-b4a3-e3c2e1096cdb,London CF BOT,🦏,t,86,2026-05-27 18:08:29.407521+00,2026-05-27 18:08:29.407521+00,Inglaterra
ea6463d5-547e-4345-9558-087456dc2c0b,,57e43d90-fe3d-4965-b4a3-e3c2e1096cdb,Atlético Manchester BOT,🐅,t,86,2026-05-27 18:08:29.407521+00,2026-05-27 18:08:29.407521+00,Inglaterra
2140e852-fa49-4fc3-acae-652a95bb30f4,,57e43d90-fe3d-4965-b4a3-e3c2e1096cdb,Liverpool FC BOT,⚽,t,86,2026-05-27 18:08:29.407521+00,2026-05-27 18:08:29.407521+00,Inglaterra
e574688a-eb96-40d0-809f-d6861bb9cb82,,57e43d90-fe3d-4965-b4a3-e3c2e1096cdb,Sporting Birmingham BOT,🏰,t,86,2026-05-27 18:08:29.407521+00,2026-05-27 18:08:29.407521+00,Inglaterra
7da1edf5-51d1-4cc6-bbe7-e351bcdba888,,57e43d90-fe3d-4965-b4a3-e3c2e1096cdb,Leeds Athletic BOT,🐂,t,86,2026-05-27 18:08:29.407521+00,2026-05-27 18:08:29.407521+00,Inglaterra
279e8811-5519-4860-83ea-2643a52335c2,,57e43d90-fe3d-4965-b4a3-e3c2e1096cdb,Olympic Newcastle BOT,🐺,t,86,2026-05-27 18:08:29.407521+00,2026-05-27 18:08:29.407521+00,Inglaterra
b33d86ae-1590-4914-9819-934c4f9e5092,,57e43d90-fe3d-4965-b4a3-e3c2e1096cdb,Sheffield CF BOT,🏆,t,86,2026-05-27 18:08:29.407521+00,2026-05-27 18:08:29.407521+00,Inglaterra
74dafd19-4419-4ec2-bbc1-46c951feac58,,57e43d90-fe3d-4965-b4a3-e3c2e1096cdb,United Bristol BOT,🌟,t,86,2026-05-27 18:08:29.407521+00,2026-05-27 18:08:29.407521+00,Inglaterra
ffb033f7-5f97-4d92-b56a-13766d235865,,57e43d90-fe3d-4965-b4a3-e3c2e1096cdb,Coventry Athletic BOT,⚡,t,86,2026-05-27 18:08:29.407521+00,2026-05-27 18:08:29.407521+00,Inglaterra
7a1e424e-34ed-4f9b-8fb1-fecd6cb5733f,,57e43d90-fe3d-4965-b4a3-e3c2e1096cdb,Stoke CF BOT,🚀,t,86,2026-05-27 18:08:29.407521+00,2026-05-27 18:08:29.407521+00,Inglaterra
0ced7975-fe15-4312-8a2a-75e8a9dc2497,,57e43d90-fe3d-4965-b4a3-e3c2e1096cdb,FC Derby BOT,⚔️,t,86,2026-05-27 18:08:29.407521+00,2026-05-27 18:08:29.407521+00,Inglaterra
e420d92f-1671-4143-b950-521675550715,,57e43d90-fe3d-4965-b4a3-e3c2e1096cdb,SC Sunderland BOT,🏰,t,86,2026-05-27 18:08:29.407521+00,2026-05-27 18:08:29.407521+00,Inglaterra
b1a62a58-3c18-43b1-aaa8-16a75adc32f2,,57e43d90-fe3d-4965-b4a3-e3c2e1096cdb,Bradford Athletic BOT,🐉,t,86,2026-05-27 18:08:29.407521+00,2026-05-27 18:08:29.407521+00,Inglaterra
1b87c035-be8e-4a1c-95b5-56faab948fe6,,57e43d90-fe3d-4965-b4a3-e3c2e1096cdb,AC Plymouth BOT,🐉,t,86,2026-05-27 18:08:29.407521+00,2026-05-27 18:08:29.407521+00,Inglaterra
e7922495-b485-4cb5-82a7-a69a7a56576a,,57e43d90-fe3d-4965-b4a3-e3c2e1096cdb,London CF BOT,🐂,t,86,2026-05-27 18:08:29.407521+00,2026-05-27 18:08:29.407521+00,Inglaterra
7aeecaac-4033-4d64-b1e9-82ef2ea4c3a7,,57e43d90-fe3d-4965-b4a3-e3c2e1096cdb,CD Manchester BOT,🐘,t,86,2026-05-27 18:08:29.407521+00,2026-05-27 18:08:29.407521+00,Inglaterra
169dfbec-be67-4067-9f2f-6f74859709d7,,302c0d3e-1ed4-4794-a61d-be1f6a748f6d,München CF BOT,🐺,t,86,2026-05-27 18:08:29.407521+00,2026-05-27 18:08:29.407521+00,Alemanha
616bb332-5319-4cfb-8a23-555f3684176b,,302c0d3e-1ed4-4794-a61d-be1f6a748f6d,Atlético Berlin BOT,🦌,t,86,2026-05-27 18:08:29.407521+00,2026-05-27 18:08:29.407521+00,Alemanha
57658811-7865-47cd-abc3-ae6c8e7cec8b,,302c0d3e-1ed4-4794-a61d-be1f6a748f6d,Sporting Köln BOT,🛡️,t,86,2026-05-27 18:08:29.407521+00,2026-05-27 18:08:29.407521+00,Alemanha
4f7692e9-86cf-41c7-a58b-de4751bc4e6e,,302c0d3e-1ed4-4794-a61d-be1f6a748f6d,Frankfurt Athletic BOT,🐘,t,86,2026-05-27 18:08:29.407521+00,2026-05-27 18:08:29.407521+00,Alemanha
0004bb25-159b-4f31-b2b0-7598b21563cf,,302c0d3e-1ed4-4794-a61d-be1f6a748f6d,United Dortmund BOT,🌟,t,86,2026-05-27 18:08:29.407521+00,2026-05-27 18:08:29.407521+00,Alemanha
971230dd-e3c7-4615-bd2a-6cf16cf41934,,302c0d3e-1ed4-4794-a61d-be1f6a748f6d,Leipzig FC BOT,💎,t,86,2026-05-27 18:08:29.407521+00,2026-05-27 18:08:29.407521+00,Alemanha
f32478b0-d44c-44dd-8f82-fb4a5065e47f,,302c0d3e-1ed4-4794-a61d-be1f6a748f6d,City Bremen BOT,💎,t,86,2026-05-27 18:08:29.407521+00,2026-05-27 18:08:29.407521+00,Alemanha
0d6ce4a0-662d-406f-9f7d-1e15dbf7db9f,,302c0d3e-1ed4-4794-a61d-be1f6a748f6d,Wanderers Nürnberg BOT,🦅,t,86,2026-05-27 18:08:29.407521+00,2026-05-27 18:08:29.407521+00,Alemanha
89b063bc-2cf3-4bea-aa10-10058754ea76,,302c0d3e-1ed4-4794-a61d-be1f6a748f6d,Mainz CF BOT,🌟,t,86,2026-05-27 18:08:29.407521+00,2026-05-27 18:08:29.407521+00,Alemanha
2df5f08e-697e-476a-ae48-2c40a34c25b0,,302c0d3e-1ed4-4794-a61d-be1f6a748f6d,FC Augsburg BOT,⚡,t,86,2026-05-27 18:08:29.407521+00,2026-05-27 18:08:29.407521+00,Alemanha
d4349b03-75d6-4fa9-8cb9-85a0e59c5872,,302c0d3e-1ed4-4794-a61d-be1f6a748f6d,Karlsruhe FC BOT,🏰,t,86,2026-05-27 18:08:29.407521+00,2026-05-27 18:08:29.407521+00,Alemanha
b0b678cb-805f-4164-9cc3-f6cf33b0c4a2,,302c0d3e-1ed4-4794-a61d-be1f6a748f6d,SC Wiesbaden BOT,⚽,t,86,2026-05-27 18:08:29.407521+00,2026-05-27 18:08:29.407521+00,Alemanha
f2fb958e-3861-4ffe-aa82-325ebd4e00ab,,302c0d3e-1ed4-4794-a61d-be1f6a748f6d,Freiburg Athletic BOT,🔥,t,86,2026-05-27 18:08:29.407521+00,2026-05-27 18:08:29.407521+00,Alemanha
4e916563-0f77-4d77-91cb-7adfaafe9f8f,,302c0d3e-1ed4-4794-a61d-be1f6a748f6d,AC Bochum BOT,🦅,t,86,2026-05-27 18:08:29.407521+00,2026-05-27 18:08:29.407521+00,Alemanha
113f308e-da43-4a2e-96e4-2983166d7c44,,302c0d3e-1ed4-4794-a61d-be1f6a748f6d,München CF BOT,🐉,t,86,2026-05-27 18:08:29.407521+00,2026-05-27 18:08:29.407521+00,Alemanha
79f477e9-2331-4b30-8dfa-0420b8bff704,,302c0d3e-1ed4-4794-a61d-be1f6a748f6d,CD Berlin BOT,🐅,t,86,2026-05-27 18:08:29.407521+00,2026-05-27 18:08:29.407521+00,Alemanha
7f859e11-875a-4435-8257-aea8c1b2bb6c,,084b02de-b070-4ab8-a952-9290fb2646cd,Moscow CF BOT,🐘,t,86,2026-05-27 18:08:29.407521+00,2026-05-27 18:08:29.407521+00,Rússia
6d5c7f78-0d28-4c97-b1f8-30dbfdae2e17,,084b02de-b070-4ab8-a952-9290fb2646cd,Atlético Saint Petersburg BOT,🦌,t,86,2026-05-27 18:08:29.407521+00,2026-05-27 18:08:29.407521+00,Rússia
72ae8e43-98d8-4793-be45-2e93aff6dcd0,,084b02de-b070-4ab8-a952-9290fb2646cd,Novosibirsk FC BOT,🐂,t,86,2026-05-27 18:08:29.407521+00,2026-05-27 18:08:29.407521+00,Rússia
0ed6e10d-ec65-409a-8f3f-49dbcc8b41b0,,084b02de-b070-4ab8-a952-9290fb2646cd,Sporting Yekaterinburg BOT,⚔️,t,86,2026-05-27 18:08:29.407521+00,2026-05-27 18:08:29.407521+00,Rússia
b9c1c739-4c10-49fd-8e12-ba82fce4defd,,084b02de-b070-4ab8-a952-9290fb2646cd,Kazan Athletic BOT,🔥,t,86,2026-05-27 18:08:29.407521+00,2026-05-27 18:08:29.407521+00,Rússia
b8a0dee7-1025-4f6b-ad4b-048f6905a136,,084b02de-b070-4ab8-a952-9290fb2646cd,Samara CF BOT,🐊,t,86,2026-05-27 18:08:29.407521+00,2026-05-27 18:08:29.407521+00,Rússia
029d59b9-8a59-4ea9-abe2-4f846cb8c574,,084b02de-b070-4ab8-a952-9290fb2646cd,Rostov FC BOT,🐉,t,86,2026-05-27 18:08:29.407521+00,2026-05-27 18:08:29.407521+00,Rússia
12fd5779-3ef5-4485-892b-e3ff7c2beacc,,084b02de-b070-4ab8-a952-9290fb2646cd,City Krasnodar BOT,🐂,t,86,2026-05-27 18:08:29.407521+00,2026-05-27 18:08:29.407521+00,Rússia
b8b8ceee-6279-4a99-98ca-a9b2c44b1742,,084b02de-b070-4ab8-a952-9290fb2646cd,Wanderers Ufa BOT,🐉,t,86,2026-05-27 18:08:29.407521+00,2026-05-27 18:08:29.407521+00,Rússia
8d892c9d-5df5-4aa4-a42b-03496ae333a2,,084b02de-b070-4ab8-a952-9290fb2646cd,FC Voronezh BOT,🐊,t,86,2026-05-27 18:08:29.407521+00,2026-05-27 18:08:29.407521+00,Rússia
4fed1257-83d0-465d-b681-04e431e7600b,,084b02de-b070-4ab8-a952-9290fb2646cd,Saratov FC BOT,⭐,t,86,2026-05-27 18:08:29.407521+00,2026-05-27 18:08:29.407521+00,Rússia
0540b554-3969-4f76-953a-6b98cf53b6fe,,084b02de-b070-4ab8-a952-9290fb2646cd,SC Tolyatti BOT,🐃,t,86,2026-05-27 18:08:29.407521+00,2026-05-27 18:08:29.407521+00,Rússia
4618cab1-fcb0-40f3-8136-e206483e8c61,,084b02de-b070-4ab8-a952-9290fb2646cd,Krasnoyarsk Athletic BOT,⚡,t,86,2026-05-27 18:08:29.407521+00,2026-05-27 18:08:29.407521+00,Rússia
3b24b670-28b8-4dfd-95ca-1c12ff49155b,,084b02de-b070-4ab8-a952-9290fb2646cd,AC Sochi BOT,🐉,t,86,2026-05-27 18:08:29.407521+00,2026-05-27 18:08:29.407521+00,Rússia
e0c06721-b4cb-4aec-b53d-d5d19fa17bc3,,084b02de-b070-4ab8-a952-9290fb2646cd,Moscow CF BOT,🦈,t,86,2026-05-27 18:08:29.407521+00,2026-05-27 18:08:29.407521+00,Rússia
df767831-6034-4542-a91e-e9cf8d5f81b2,,084b02de-b070-4ab8-a952-9290fb2646cd,CD Saint Petersburg BOT,🏰,t,86,2026-05-27 18:08:29.407521+00,2026-05-27 18:08:29.407521+00,Rússia
6933951b-c8fe-4a65-ba3c-38639ad6d26e,,804b1ca5-8e2c-4210-b7bb-19a1a2d65bcd,United CF BOT,🐘,t,86,2026-05-27 18:08:29.407521+00,2026-05-27 18:08:29.407521+00,Grécia
d648f58d-90aa-498c-ba24-26392daa1da0,,804b1ca5-8e2c-4210-b7bb-19a1a2d65bcd,Sporting Royal BOT,🦅,t,86,2026-05-27 18:08:29.407521+00,2026-05-27 18:08:29.407521+00,Grécia
b757f95b-2f27-4681-b47d-11159a6f195f,,804b1ca5-8e2c-4210-b7bb-19a1a2d65bcd,Olympic Wanderers BOT,🦏,t,86,2026-05-27 18:08:29.407521+00,2026-05-27 18:08:29.407521+00,Grécia
f7879a8e-2b3c-4e1c-b450-c50e9c3c5f79,,804b1ca5-8e2c-4210-b7bb-19a1a2d65bcd,Pioneers CF BOT,⚡,t,86,2026-05-27 18:08:29.407521+00,2026-05-27 18:08:29.407521+00,Grécia
5c7ee25e-eb45-46ee-8f1f-2f8a51c1f17b,,804b1ca5-8e2c-4210-b7bb-19a1a2d65bcd,United Phoenix BOT,🏰,t,86,2026-05-27 18:08:29.407521+00,2026-05-27 18:08:29.407521+00,Grécia
0a29c80a-cbbb-4def-81da-5955af9dc77d,,804b1ca5-8e2c-4210-b7bb-19a1a2d65bcd,Eagles FC BOT,🦈,t,86,2026-05-27 18:08:29.407521+00,2026-05-27 18:08:29.407521+00,Grécia
2b798dfa-c703-4f54-8441-e294f423ab6b,,804b1ca5-8e2c-4210-b7bb-19a1a2d65bcd,City Lions BOT,🐎,t,86,2026-05-27 18:08:29.407521+00,2026-05-27 18:08:29.407521+00,Grécia
115118f7-bd98-45e3-8811-9847972bc4b2,,804b1ca5-8e2c-4210-b7bb-19a1a2d65bcd,Wanderers Sharks BOT,🦈,t,86,2026-05-27 18:08:29.407521+00,2026-05-27 18:08:29.407521+00,Grécia
d6c9952d-df4c-43a6-8158-bf735890d048,,804b1ca5-8e2c-4210-b7bb-19a1a2d65bcd,Wolves CF BOT,🐉,t,86,2026-05-27 18:08:29.407521+00,2026-05-27 18:08:29.407521+00,Grécia
634ce0db-9ef3-4792-8e2b-54628dffd0ed,,804b1ca5-8e2c-4210-b7bb-19a1a2d65bcd,FC Hawks BOT,🏰,t,86,2026-05-27 18:08:29.407521+00,2026-05-27 18:08:29.407521+00,Grécia
e97c5c91-d76e-491e-bf76-4cb279fd2907,,804b1ca5-8e2c-4210-b7bb-19a1a2d65bcd,Stars FC BOT,🛡️,t,86,2026-05-27 18:08:29.407521+00,2026-05-27 18:08:29.407521+00,Grécia
e0966d10-0ac1-4f8e-afcb-ddd42c175ed6,,804b1ca5-8e2c-4210-b7bb-19a1a2d65bcd,SC Galaxy BOT,🐂,t,86,2026-05-27 18:08:29.407521+00,2026-05-27 18:08:29.407521+00,Grécia
9030d13d-2702-4900-917c-5d86e0fa6c1f,,804b1ca5-8e2c-4210-b7bb-19a1a2d65bcd,Storm Athletic BOT,🐉,t,86,2026-05-27 18:08:29.407521+00,2026-05-27 18:08:29.407521+00,Grécia
739783c7-f61c-45ce-ba12-c53cc2f2f854,,804b1ca5-8e2c-4210-b7bb-19a1a2d65bcd,AC Thunder BOT,🐘,t,86,2026-05-27 18:08:29.407521+00,2026-05-27 18:08:29.407521+00,Grécia
368662b5-0f8a-4aa4-b4ed-4d179f6b62b0,,804b1ca5-8e2c-4210-b7bb-19a1a2d65bcd,United CF BOT,💎,t,86,2026-05-27 18:08:29.407521+00,2026-05-27 18:08:29.407521+00,Grécia
763fccac-be4a-424b-86c3-61d8bc7c6cd5,,804b1ca5-8e2c-4210-b7bb-19a1a2d65bcd,CD City BOT,🐃,t,86,2026-05-27 18:08:29.407521+00,2026-05-27 18:08:29.407521+00,Grécia
16630a36-a23a-4b1b-a727-853f2dee6af1,,d4398ee7-b67f-4e96-babd-7443ea048870,Atlético Genève BOT,🛡️,t,86,2026-05-27 18:08:29.407521+00,2026-05-27 18:08:29.407521+00,Suíça
1bd2547c-597f-41ad-9650-84c29f5d3d6e,,,Bot 1,,t,70,2026-05-13 23:11:31.941755+00,2026-05-13 23:11:31.941755+00,AR
dd5bcd16-ae57-4ea9-b745-841efb2cd0f2,,d4398ee7-b67f-4e96-babd-7443ea048870,Basel FC BOT,🐘,t,86,2026-05-27 18:08:29.407521+00,2026-05-27 18:08:29.407521+00,Suíça
c5e50915-e52d-43ee-9758-0478950c58d2,,d4398ee7-b67f-4e96-babd-7443ea048870,Sporting Bern BOT,🦌,t,86,2026-05-27 18:08:29.407521+00,2026-05-27 18:08:29.407521+00,Suíça
ba6283de-0931-4c11-8f3b-802223dc42f0,,d4398ee7-b67f-4e96-babd-7443ea048870,Lausanne Athletic BOT,💎,t,86,2026-05-27 18:08:29.407521+00,2026-05-27 18:08:29.407521+00,Suíça
6c6d0026-3c27-4ca0-9b20-8f426b8ab7c4,,d4398ee7-b67f-4e96-babd-7443ea048870,Olympic Winterthur BOT,🐊,t,86,2026-05-27 18:08:29.407521+00,2026-05-27 18:08:29.407521+00,Suíça
5514bf1c-dcdd-4b08-b7ed-f1b1e4282b13,,d4398ee7-b67f-4e96-babd-7443ea048870,St. Gallen CF BOT,⚔️,t,86,2026-05-27 18:08:29.407521+00,2026-05-27 18:08:29.407521+00,Suíça
dec3b2f1-fca0-4210-aaa6-ec475851c465,,d4398ee7-b67f-4e96-babd-7443ea048870,United Lugano BOT,💎,t,86,2026-05-27 18:08:29.407521+00,2026-05-27 18:08:29.407521+00,Suíça
a296326a-e343-4f9d-9c21-01febf2fc7f6,,d4398ee7-b67f-4e96-babd-7443ea048870,Luzern FC BOT,🐃,t,86,2026-05-27 18:08:29.407521+00,2026-05-27 18:08:29.407521+00,Suíça
2ce9f40d-7b81-4ca0-b3fe-33ab605602d2,,d4398ee7-b67f-4e96-babd-7443ea048870,Thun Athletic BOT,🏆,t,86,2026-05-27 18:08:29.407521+00,2026-05-27 18:08:29.407521+00,Suíça
290f5d2c-292d-4894-acbc-5a4645f8ee73,,d4398ee7-b67f-4e96-babd-7443ea048870,Wanderers Köniz BOT,⚔️,t,86,2026-05-27 18:08:29.407521+00,2026-05-27 18:08:29.407521+00,Suíça
d518422e-47fb-45a3-97d9-932bf47fbf9b,,d4398ee7-b67f-4e96-babd-7443ea048870,FC Schaffhausen BOT,⚔️,t,86,2026-05-27 18:08:29.407521+00,2026-05-27 18:08:29.407521+00,Suíça
25f76692-94c3-473d-a8cb-51a918df3b1c,,d4398ee7-b67f-4e96-babd-7443ea048870,Fribourg FC BOT,⚽,t,86,2026-05-27 18:08:29.407521+00,2026-05-27 18:08:29.407521+00,Suíça
c98390f6-378c-4181-ae98-ca73ed8be831,,d4398ee7-b67f-4e96-babd-7443ea048870,SC Chur BOT,🦈,t,86,2026-05-27 18:08:29.407521+00,2026-05-27 18:08:29.407521+00,Suíça
3c2afeab-8bc3-4f94-b25b-569773a46d05,,d4398ee7-b67f-4e96-babd-7443ea048870,Neuchâtel Athletic BOT,⚽,t,86,2026-05-27 18:08:29.407521+00,2026-05-27 18:08:29.407521+00,Suíça
6c36f1a7-cc73-47ce-86db-a344d2df0f2c,,d4398ee7-b67f-4e96-babd-7443ea048870,Zürich CF BOT,🌟,t,86,2026-05-27 18:08:29.407521+00,2026-05-27 18:08:29.407521+00,Suíça
cef97648-4730-4df8-9804-c0876159995f,,d4398ee7-b67f-4e96-babd-7443ea048870,CD Genève BOT,🐃,t,86,2026-05-27 18:08:29.407521+00,2026-05-27 18:08:29.407521+00,Suíça
2cf9ab44-a4a8-40a4-91aa-a1a982faf9fa,,5a4a45be-5695-475d-b0c1-38896c4e48c1,Odense FC BOT,👑,t,86,2026-05-27 18:08:29.407521+00,2026-05-27 18:08:29.407521+00,Dinamarca
fca9e183-b7bb-44ce-bdef-276cdf02be71,,5a4a45be-5695-475d-b0c1-38896c4e48c1,Esbjerg Athletic BOT,🛡️,t,86,2026-05-27 18:08:29.407521+00,2026-05-27 18:08:29.407521+00,Dinamarca
39c6476b-261f-4ce3-9917-e22c4b2a8b69,,5a4a45be-5695-475d-b0c1-38896c4e48c1,Olympic Randers BOT,🐊,t,86,2026-05-27 18:08:29.407521+00,2026-05-27 18:08:29.407521+00,Dinamarca
2783eb93-4d3a-4e28-8484-04b9735edef9,,5a4a45be-5695-475d-b0c1-38896c4e48c1,Kolding CF BOT,🌟,t,86,2026-05-27 18:08:29.407521+00,2026-05-27 18:08:29.407521+00,Dinamarca
d9ef9269-5adb-4349-b0b8-19c1cced627f,,5a4a45be-5695-475d-b0c1-38896c4e48c1,United Horsens BOT,🐅,t,86,2026-05-27 18:08:29.407521+00,2026-05-27 18:08:29.407521+00,Dinamarca
4af40b57-cc4f-449b-b491-3e1a7f77572e,,5a4a45be-5695-475d-b0c1-38896c4e48c1,Vejle FC BOT,🏆,t,86,2026-05-27 18:08:29.407521+00,2026-05-27 18:08:29.407521+00,Dinamarca
f54bf2dd-ce0c-45aa-90fa-a84fc0bfedb7,,5a4a45be-5695-475d-b0c1-38896c4e48c1,City Roskilde BOT,⚡,t,86,2026-05-27 18:08:29.407521+00,2026-05-27 18:08:29.407521+00,Dinamarca
6a470e23-b1a7-427a-97c5-7310ec6bf1eb,,5a4a45be-5695-475d-b0c1-38896c4e48c1,Herning Athletic BOT,🏆,t,86,2026-05-27 18:08:29.407521+00,2026-05-27 18:08:29.407521+00,Dinamarca
141c0d59-1774-4378-b4e6-a1f501167e4b,,5a4a45be-5695-475d-b0c1-38896c4e48c1,Wanderers Helsingør BOT,🐂,t,86,2026-05-27 18:08:29.407521+00,2026-05-27 18:08:29.407521+00,Dinamarca
3da94ad8-abfb-4116-b575-e891dfcf0a45,,5a4a45be-5695-475d-b0c1-38896c4e48c1,Silkeborg CF BOT,⚡,t,86,2026-05-27 18:08:29.407521+00,2026-05-27 18:08:29.407521+00,Dinamarca
dcd1f786-2f40-40f5-9964-68dcc004d97e,,5a4a45be-5695-475d-b0c1-38896c4e48c1,FC Næstved BOT,🐊,t,86,2026-05-27 18:08:29.407521+00,2026-05-27 18:08:29.407521+00,Dinamarca
0f12ed21-b2be-4f69-a7aa-e11239a18599,,5a4a45be-5695-475d-b0c1-38896c4e48c1,Fredericia FC BOT,🐅,t,86,2026-05-27 18:08:29.407521+00,2026-05-27 18:08:29.407521+00,Dinamarca
599f003e-0860-4b1a-8b47-178ee6644af1,,5a4a45be-5695-475d-b0c1-38896c4e48c1,SC Viborg BOT,⭐,t,86,2026-05-27 18:08:29.407521+00,2026-05-27 18:08:29.407521+00,Dinamarca
57625b9f-13b3-4d42-8562-8359a6023180,,5a4a45be-5695-475d-b0c1-38896c4e48c1,Køge Athletic BOT,⭐,t,86,2026-05-27 18:08:29.407521+00,2026-05-27 18:08:29.407521+00,Dinamarca
0212e70d-40be-4c47-9830-f9e95d421feb,,5a4a45be-5695-475d-b0c1-38896c4e48c1,AC Holstebro BOT,🔥,t,86,2026-05-27 18:08:29.407521+00,2026-05-27 18:08:29.407521+00,Dinamarca
8f8fb947-9875-40ee-a073-64aa44176db8,,5a4a45be-5695-475d-b0c1-38896c4e48c1,CD Aarhus BOT,⚽,t,86,2026-05-27 18:08:29.407521+00,2026-05-27 18:08:29.407521+00,Dinamarca
83c245ef-3e15-4d36-abb1-837ad9276549,,5e43c346-16d9-464e-952e-9b0468d5e880,Madrid CF BOT,🦅,t,86,2026-05-27 18:08:29.407521+00,2026-05-27 18:08:29.407521+00,Espanha
2efb516b-e5d2-45dc-9be8-5ef90e93aaab,,5e43c346-16d9-464e-952e-9b0468d5e880,Atlético Barcelona BOT,🦌,t,86,2026-05-27 18:08:29.407521+00,2026-05-27 18:08:29.407521+00,Espanha
d30f065d-e609-4383-ade2-30f1a2d444ee,,5e43c346-16d9-464e-952e-9b0468d5e880,Valencia FC BOT,🦅,t,86,2026-05-27 18:08:29.407521+00,2026-05-27 18:08:29.407521+00,Espanha
ce57c4de-bac4-4811-98c7-c478d8097773,,5e43c346-16d9-464e-952e-9b0468d5e880,Sporting Sevilla BOT,🐂,t,86,2026-05-27 18:08:29.407521+00,2026-05-27 18:08:29.407521+00,Espanha
3a41cf78-7ba8-4d02-a6a0-a91c2e7fd385,,5e43c346-16d9-464e-952e-9b0468d5e880,Bilbao Athletic BOT,🛡️,t,86,2026-05-27 18:08:29.407521+00,2026-05-27 18:08:29.407521+00,Espanha
50447be3-cd3a-404c-8421-abb508a69c19,,5e43c346-16d9-464e-952e-9b0468d5e880,Olympic Zaragoza BOT,🐺,t,86,2026-05-27 18:08:29.407521+00,2026-05-27 18:08:29.407521+00,Espanha
d2d57761-e0d5-453c-9601-205b9d12a120,,5e43c346-16d9-464e-952e-9b0468d5e880,United Murcia BOT,🐎,t,86,2026-05-27 18:08:29.407521+00,2026-05-27 18:08:29.407521+00,Espanha
b0e60327-9b80-42ff-aefe-9d463e087856,,5e43c346-16d9-464e-952e-9b0468d5e880,Vigo FC BOT,🏆,t,86,2026-05-27 18:08:29.407521+00,2026-05-27 18:08:29.407521+00,Espanha
8652b375-5fcc-403e-ac96-e51de92ce977,,5e43c346-16d9-464e-952e-9b0468d5e880,City Cádiz BOT,🐃,t,86,2026-05-27 18:08:29.407521+00,2026-05-27 18:08:29.407521+00,Espanha
62d6eec0-edbe-4612-9d12-784868cdd60a,,5e43c346-16d9-464e-952e-9b0468d5e880,Granada Athletic BOT,🦌,t,86,2026-05-27 18:08:29.407521+00,2026-05-27 18:08:29.407521+00,Espanha
5d3454f6-e262-403f-9207-c858e611f018,,5e43c346-16d9-464e-952e-9b0468d5e880,Wanderers Toledo BOT,🦁,t,86,2026-05-27 18:08:29.407521+00,2026-05-27 18:08:29.407521+00,Espanha
6c4f4a7d-81af-43c8-87d9-362af58400ea,,5e43c346-16d9-464e-952e-9b0468d5e880,Pamplona FC BOT,🛡️,t,86,2026-05-27 18:08:29.407521+00,2026-05-27 18:08:29.407521+00,Espanha
0ba1cd5f-3b96-49f2-bf72-53de8aad4459,,5e43c346-16d9-464e-952e-9b0468d5e880,SC Burgos BOT,🔥,t,86,2026-05-27 18:08:29.407521+00,2026-05-27 18:08:29.407521+00,Espanha
7244bb3c-18b6-4f5f-ad04-b359a6477ca3,,5e43c346-16d9-464e-952e-9b0468d5e880,Tarragona Athletic BOT,🏆,t,86,2026-05-27 18:08:29.407521+00,2026-05-27 18:08:29.407521+00,Espanha
2c514dd6-0121-4ddf-baad-e03f7058254a,,5e43c346-16d9-464e-952e-9b0468d5e880,AC Almería BOT,🐉,t,86,2026-05-27 18:08:29.407521+00,2026-05-27 18:08:29.407521+00,Espanha
da43e5a8-cee7-4d6f-b73a-4e537245e9a0,,5e43c346-16d9-464e-952e-9b0468d5e880,CD Barcelona BOT,⚔️,t,86,2026-05-27 18:08:29.407521+00,2026-05-27 18:08:29.407521+00,Espanha
8c5f395d-88ce-44b0-980e-0ffd1ec6ae77,,d38e0b1b-3e3a-4e1e-bdb1-63b660a45f87,Paris CF BOT,👑,t,86,2026-05-27 18:08:29.407521+00,2026-05-27 18:08:29.407521+00,França
2e6b0384-7f8f-4ac2-ae7b-3284ac1628a9,,d38e0b1b-3e3a-4e1e-bdb1-63b660a45f87,Atlético Lyon BOT,🚀,t,86,2026-05-27 18:08:29.407521+00,2026-05-27 18:08:29.407521+00,França
9c669a45-7675-4781-96fc-8c668e722294,,d38e0b1b-3e3a-4e1e-bdb1-63b660a45f87,Marseille FC BOT,🎯,t,86,2026-05-27 18:08:29.407521+00,2026-05-27 18:08:29.407521+00,França
937529c3-f7ed-4cd7-9441-08613ad310fc,,d38e0b1b-3e3a-4e1e-bdb1-63b660a45f87,Sporting Nice BOT,💎,t,86,2026-05-27 18:08:29.407521+00,2026-05-27 18:08:29.407521+00,França
7c91a55e-3013-419b-a0e2-9635a76294f9,,d38e0b1b-3e3a-4e1e-bdb1-63b660a45f87,Toulouse Athletic BOT,🏆,t,86,2026-05-27 18:08:29.407521+00,2026-05-27 18:08:29.407521+00,França
c811b2f2-0545-49e7-acd1-8018e9063c19,,80a3131f-a6b1-4937-94eb-2d3581d8bc4b,Inter de Milão,,t,72,2026-05-06 22:09:41.932284+00,2026-05-06 22:09:41.932284+00,Itália
053c6204-3f1d-45ff-a372-f9cdea66b40b,,80a3131f-a6b1-4937-94eb-2d3581d8bc4b,Juventus,,t,70,2026-05-06 22:09:41.932284+00,2026-05-06 22:09:41.932284+00,Itália
a070de5d-22bf-44ab-9c8d-19a2456971f9,,80a3131f-a6b1-4937-94eb-2d3581d8bc4b,Milan,,t,80,2026-05-06 22:09:41.932284+00,2026-05-06 22:09:41.932284+00,Itália
9d58409e-fa88-4841-a80d-5c48222b1534,,80a3131f-a6b1-4937-94eb-2d3581d8bc4b,BOT Serie A 4,,t,66,2026-05-06 22:09:41.932284+00,2026-05-06 22:09:41.932284+00,Itália
a77dc229-897a-485c-80a7-12d2c622cdfa,,80a3131f-a6b1-4937-94eb-2d3581d8bc4b,BOT Serie A 5,,t,70,2026-05-06 22:09:41.932284+00,2026-05-06 22:09:41.932284+00,Itália
579e74c7-6081-4b69-9565-cd18fe4383a8,,80a3131f-a6b1-4937-94eb-2d3581d8bc4b,BOT Serie A 6,,t,71,2026-05-06 22:09:41.932284+00,2026-05-06 22:09:41.932284+00,Itália
1ea3d5d7-7d42-4584-80c3-46c80d3d308a,,80a3131f-a6b1-4937-94eb-2d3581d8bc4b,BOT Serie A 7,,t,78,2026-05-06 22:09:41.932284+00,2026-05-06 22:09:41.932284+00,Itália
e9060488-3965-4dcf-8048-ab9cd3e5fd23,,80a3131f-a6b1-4937-94eb-2d3581d8bc4b,BOT Serie A 8,,t,70,2026-05-06 22:09:41.932284+00,2026-05-06 22:09:41.932284+00,Itália
e4baaac0-3120-45bf-bac8-4947ccf412d8,,80a3131f-a6b1-4937-94eb-2d3581d8bc4b,BOT Serie A 9,,t,77,2026-05-06 22:09:41.932284+00,2026-05-06 22:09:41.932284+00,Itália
13e46df5-d5d0-4aba-9c9c-df38f426915b,,80a3131f-a6b1-4937-94eb-2d3581d8bc4b,Inter de Milão,,t,69,2026-05-06 22:09:41.932284+00,2026-05-06 22:09:41.932284+00,Itália
5550f50d-af09-49f0-80be-8b1298c04f89,,80a3131f-a6b1-4937-94eb-2d3581d8bc4b,Inter de Milão,,t,72,2026-05-06 22:09:41.932284+00,2026-05-06 22:09:41.932284+00,Itália
6a94ef3c-1599-4efd-b845-6aba7c7cc626,,80a3131f-a6b1-4937-94eb-2d3581d8bc4b,Inter de Milão,,t,71,2026-05-06 22:09:41.932284+00,2026-05-06 22:09:41.932284+00,Itália
0b443d18-8a23-4843-9a27-1a3bcdbecd2d,,80a3131f-a6b1-4937-94eb-2d3581d8bc4b,Inter de Milão,,t,72,2026-05-06 22:09:41.932284+00,2026-05-06 22:09:41.932284+00,Itália
6e5d7fdd-c4a9-46bb-8284-462aea2bf161,,80a3131f-a6b1-4937-94eb-2d3581d8bc4b,Inter de Milão,,t,72,2026-05-06 22:09:41.932284+00,2026-05-06 22:09:41.932284+00,Itália
8158fd6f-eb89-4980-82f4-d82921344386,,80a3131f-a6b1-4937-94eb-2d3581d8bc4b,Inter de Milão,,t,70,2026-05-06 22:09:41.932284+00,2026-05-06 22:09:41.932284+00,Itália
2f1a273e-5543-400c-b9ba-27415aaa0ca9,,80a3131f-a6b1-4937-94eb-2d3581d8bc4b,Inter de Milão,,t,74,2026-05-06 22:09:41.932284+00,2026-05-06 22:09:41.932284+00,Itália
0ccdece7-ce65-4ac5-8ffd-e23c5774b942,,baaeea96-d1e0-4914-9255-8008a3059fb4,Espanha Bot 51,,t,58,2026-05-11 03:29:18.471288+00,2026-05-11 03:29:18.471288+00,Espanha
16256a5f-8060-42f5-9cef-a4960cb258c0,,baaeea96-d1e0-4914-9255-8008a3059fb4,Espanha Bot 53,,t,58,2026-05-11 03:29:18.471288+00,2026-05-11 03:29:18.471288+00,Espanha
eb944823-cdfb-46b9-95e3-e39bb2c92d97,,baaeea96-d1e0-4914-9255-8008a3059fb4,São Paulo,,t,59,2026-05-11 03:29:18.471288+00,2026-05-11 03:29:18.471288+00,Espanha
1eaf6c90-1618-45fa-a293-4508727d19c4,,baaeea96-d1e0-4914-9255-8008a3059fb4,São Paulo,,t,59,2026-05-11 03:29:18.471288+00,2026-05-11 03:29:18.471288+00,Espanha
6ea55511-7fd6-4aa4-8ff6-9177efb7d87a,,baaeea96-d1e0-4914-9255-8008a3059fb4,Palmeiras,,t,60,2026-05-11 03:29:18.471288+00,2026-05-11 03:29:18.471288+00,Espanha
1a42a152-73a1-4555-9f7e-3c9e72a1ebb0,,baaeea96-d1e0-4914-9255-8008a3059fb4,Espanha Bot 52,,t,60,2026-05-11 03:29:18.471288+00,2026-05-11 03:29:18.471288+00,Espanha
e48c8711-1e85-476c-988c-b56661a4a82d,,baaeea96-d1e0-4914-9255-8008a3059fb4,Palmeiras,,t,60,2026-05-11 03:29:18.471288+00,2026-05-11 03:29:18.471288+00,Espanha
100209e1-1054-42e2-9571-432498f11b2b,,baaeea96-d1e0-4914-9255-8008a3059fb4,Palmeiras,,t,60,2026-05-11 03:29:18.471288+00,2026-05-11 03:29:18.471288+00,Espanha
aca5d797-5635-44f6-833f-d263c51941c5,,baaeea96-d1e0-4914-9255-8008a3059fb4,Flamengo,,t,61,2026-05-11 03:29:18.471288+00,2026-05-11 03:29:18.471288+00,Espanha
e643bce4-78ea-455d-8246-eda8447ddba6,,baaeea96-d1e0-4914-9255-8008a3059fb4,Flamengo,,t,61,2026-05-11 03:29:18.471288+00,2026-05-11 03:29:18.471288+00,Espanha
e3a21160-6daa-4a77-80fb-1259b7d33ca5,,baaeea96-d1e0-4914-9255-8008a3059fb4,Espanha Bot 56,,t,62,2026-05-11 03:29:18.471288+00,2026-05-11 03:29:18.471288+00,Espanha
57a32b9d-4cc2-4a98-b94e-0a0019f852ea,,baaeea96-d1e0-4914-9255-8008a3059fb4,São Paulo,,t,63,2026-05-11 03:29:18.471288+00,2026-05-11 03:29:18.471288+00,Espanha
4554a76d-86d0-4f1c-bb9a-14f215c6d9c4,,baaeea96-d1e0-4914-9255-8008a3059fb4,Palmeiras,,t,64,2026-05-11 03:29:18.471288+00,2026-05-11 03:29:18.471288+00,Espanha
e761d85a-8f1a-4c4c-9500-9d35d2c8a279,,08284dd1-9064-4950-8f33-6c91cb68d532,Palmeiras,,t,64,2026-05-11 03:29:18.471288+00,2026-05-11 03:29:18.471288+00,Espanha
dda264cf-bf01-4653-be13-f1d5c3adeb7d,,08284dd1-9064-4950-8f33-6c91cb68d532,Palmeiras,,t,64,2026-05-11 03:29:18.471288+00,2026-05-11 03:29:18.471288+00,Espanha
e74613c8-ac09-4913-b02e-e2e825fcaa7c,,08284dd1-9064-4950-8f33-6c91cb68d532,Espanha Bot 49,,t,65,2026-05-11 03:29:18.471288+00,2026-05-11 03:29:18.471288+00,Espanha
af26f269-114f-44eb-9bb3-7c8f52f28fab,,08284dd1-9064-4950-8f33-6c91cb68d532,Espanha Bot 61,,t,66,2026-05-11 03:29:18.471288+00,2026-05-11 03:29:18.471288+00,Espanha
1106807b-0171-4219-b2f6-2be2dd8ac13e,,08284dd1-9064-4950-8f33-6c91cb68d532,Espanha Bot 64,,t,66,2026-05-11 03:29:18.471288+00,2026-05-11 03:29:18.471288+00,Espanha
4243975b-db67-49fb-99bf-9e853395e0ed,,08284dd1-9064-4950-8f33-6c91cb68d532,Espanha Bot 46,,t,67,2026-05-11 03:29:18.471288+00,2026-05-11 03:29:18.471288+00,Espanha
94095ddd-931a-4b34-b32f-5e3557141e03,,08284dd1-9064-4950-8f33-6c91cb68d532,São Paulo,,t,67,2026-05-11 03:29:18.471288+00,2026-05-11 03:29:18.471288+00,Espanha
ae78e0fc-5fd1-4303-90ea-177811c77cae,,08284dd1-9064-4950-8f33-6c91cb68d532,Palmeiras,,t,67,2026-05-11 03:29:18.471288+00,2026-05-11 03:29:18.471288+00,Espanha
9a365f66-a87b-4797-aafd-025c4b8201ca,,08284dd1-9064-4950-8f33-6c91cb68d532,São Paulo,,t,68,2026-05-11 03:29:18.471288+00,2026-05-11 03:29:18.471288+00,Espanha
6bb25ae9-4acb-4f5d-98ac-350184844e26,,08284dd1-9064-4950-8f33-6c91cb68d532,Espanha Bot 63,,t,69,2026-05-11 03:29:18.471288+00,2026-05-11 03:29:18.471288+00,Espanha
8c925be0-3c23-4fe1-9329-5b3f8b6e05ee,,b01ef2e0-298f-4313-a093-680715e25fec,São Paulo,,t,70,2026-05-11 03:29:18.471288+00,2026-05-11 03:29:18.471288+00,Espanha
6dc8b55b-d58e-4cf6-a0db-2778bb70b484,,b01ef2e0-298f-4313-a093-680715e25fec,Espanha Bot 57,,t,71,2026-05-11 03:29:18.471288+00,2026-05-11 03:29:18.471288+00,Espanha
6d1a5c55-1773-45f9-b36f-01db64743630,,b01ef2e0-298f-4313-a093-680715e25fec,Espanha Bot 59,,t,71,2026-05-11 03:29:18.471288+00,2026-05-11 03:29:18.471288+00,Espanha
28fcfeed-8de0-4145-a1b5-04bd6fea4c4d,,b01ef2e0-298f-4313-a093-680715e25fec,Espanha Bot 62,,t,71,2026-05-11 03:29:18.471288+00,2026-05-11 03:29:18.471288+00,Espanha
b0573ba0-9039-48f0-a412-9fba13e25c97,,b01ef2e0-298f-4313-a093-680715e25fec,Flamengo,,t,73,2026-05-11 03:29:18.471288+00,2026-05-11 03:29:18.471288+00,Espanha
400fd9f0-16b9-4a66-81ea-5092840c70e8,,b01ef2e0-298f-4313-a093-680715e25fec,São Paulo,,t,74,2026-05-11 03:29:18.471288+00,2026-05-11 03:29:18.471288+00,Espanha
8eb110db-be97-474b-a523-abbf27fc2c7d,,b01ef2e0-298f-4313-a093-680715e25fec,São Paulo,,t,74,2026-05-11 03:29:18.471288+00,2026-05-11 03:29:18.471288+00,Espanha
fa2e3aa0-832b-4324-a966-990640ab65a8,,b01ef2e0-298f-4313-a093-680715e25fec,Palmeiras,,t,74,2026-05-11 03:29:18.471288+00,2026-05-11 03:29:18.471288+00,Espanha
48ab34ca-dab5-4d7b-8b69-1d951d303e1e,,b01ef2e0-298f-4313-a093-680715e25fec,Espanha Bot 48,,t,74,2026-05-11 03:29:18.471288+00,2026-05-11 03:29:18.471288+00,Espanha
cd55b42b-297c-4abb-90db-d3e4c29e5464,,b01ef2e0-298f-4313-a093-680715e25fec,Flamengo,,t,75,2026-05-11 03:29:18.471288+00,2026-05-11 03:29:18.471288+00,Espanha
a28924c6-585e-4cc6-ad73-bee92c86295e,,b01ef2e0-298f-4313-a093-680715e25fec,Espanha Bot 45,,t,75,2026-05-11 03:29:18.471288+00,2026-05-11 03:29:18.471288+00,Espanha
80d879f5-4451-43fb-8e99-94c499f03a33,,b01ef2e0-298f-4313-a093-680715e25fec,Espanha Bot 54,,t,76,2026-05-11 03:29:18.471288+00,2026-05-11 03:29:18.471288+00,Espanha
c27bc283-3f8f-4f90-9256-08027da04a7b,,b01ef2e0-298f-4313-a093-680715e25fec,São Paulo,,t,77,2026-05-11 03:29:18.471288+00,2026-05-11 03:29:18.471288+00,Espanha
d1246b1c-1363-46e0-9c72-56e4d193f786,,b01ef2e0-298f-4313-a093-680715e25fec,Palmeiras,,t,77,2026-05-11 03:29:18.471288+00,2026-05-11 03:29:18.471288+00,Espanha
c71157df-d4f0-4d36-a65c-f50a753e2eb2,,b01ef2e0-298f-4313-a093-680715e25fec,Espanha Bot 47,,t,78,2026-05-11 03:29:18.471288+00,2026-05-11 03:29:18.471288+00,Espanha
1025af29-7eb5-4105-8e3f-228d49f8c1ea,,b01ef2e0-298f-4313-a093-680715e25fec,Flamengo,,t,78,2026-05-11 03:29:18.471288+00,2026-05-11 03:29:18.471288+00,Espanha
70dde02c-d40e-4b94-8528-d9eb2e908e52,,d38e0b1b-3e3a-4e1e-bdb1-63b660a45f87,Lille CF BOT,🐎,t,86,2026-05-27 18:08:29.407521+00,2026-05-27 18:08:29.407521+00,França
539ac74d-4625-4c66-b0a9-ddfae957cd46,,d38e0b1b-3e3a-4e1e-bdb1-63b660a45f87,United Nantes BOT,🐘,t,86,2026-05-27 18:08:29.407521+00,2026-05-27 18:08:29.407521+00,França
36baf13f-563c-40dc-8fd8-7017956891f3,,d38e0b1b-3e3a-4e1e-bdb1-63b660a45f87,Strasbourg FC BOT,⚔️,t,86,2026-05-27 18:08:29.407521+00,2026-05-27 18:08:29.407521+00,França
f88be032-4942-46b4-87f4-1660c2702989,,d38e0b1b-3e3a-4e1e-bdb1-63b660a45f87,City Rennes BOT,🐃,t,86,2026-05-27 18:08:29.407521+00,2026-05-27 18:08:29.407521+00,França
ab9813a4-08ff-4f03-ab58-86842bdfc9e2,,d38e0b1b-3e3a-4e1e-bdb1-63b660a45f87,Reims Athletic BOT,🦅,t,86,2026-05-27 18:08:29.407521+00,2026-05-27 18:08:29.407521+00,França
f53aa80b-30fb-4391-929f-57d674c9d54e,,d38e0b1b-3e3a-4e1e-bdb1-63b660a45f87,Wanderers Saint-Étienne BOT,🐊,t,86,2026-05-27 18:08:29.407521+00,2026-05-27 18:08:29.407521+00,França
fac6f5bb-9fb5-4743-a80e-a61b69a15485,,d38e0b1b-3e3a-4e1e-bdb1-63b660a45f87,FC Montpellier BOT,🎯,t,86,2026-05-27 18:08:29.407521+00,2026-05-27 18:08:29.407521+00,França
5a98e7bd-327a-45de-b0fe-9c0d5ceb075f,,d38e0b1b-3e3a-4e1e-bdb1-63b660a45f87,Angers Athletic BOT,👑,t,86,2026-05-27 18:08:29.407521+00,2026-05-27 18:08:29.407521+00,França
a75f833c-2e67-42c4-b61b-3a7040ce517d,,d38e0b1b-3e3a-4e1e-bdb1-63b660a45f87,AC Brest BOT,🐉,t,86,2026-05-27 18:08:29.407521+00,2026-05-27 18:08:29.407521+00,França
a0c51eee-9d73-48e7-bac1-8e69e0484c2f,,d38e0b1b-3e3a-4e1e-bdb1-63b660a45f87,Paris CF BOT,🔥,t,86,2026-05-27 18:08:29.407521+00,2026-05-27 18:08:29.407521+00,França
6e62c6f5-cb9a-45d0-a0ef-cce4f4d5b110,,d38e0b1b-3e3a-4e1e-bdb1-63b660a45f87,CD Lyon BOT,🏆,t,86,2026-05-27 18:08:29.407521+00,2026-05-27 18:08:29.407521+00,França
86146d3a-c094-4959-a981-0d59d8734590,,0769b8c1-4e8d-496b-998b-ab26b2b0d1fa,United CF BOT,🏰,t,86,2026-05-27 18:08:29.407521+00,2026-05-27 18:08:29.407521+00,Ucrânia
0cd6275e-5fbf-4e13-bec7-51a74920fda9,,0769b8c1-4e8d-496b-998b-ab26b2b0d1fa,Atlético City BOT,🐎,t,86,2026-05-27 18:08:29.407521+00,2026-05-27 18:08:29.407521+00,Ucrânia
e615fb16-d6e7-4b7b-bdff-bf7dce072072,,0769b8c1-4e8d-496b-998b-ab26b2b0d1fa,Athletic FC BOT,⚡,t,86,2026-05-27 18:08:29.407521+00,2026-05-27 18:08:29.407521+00,Ucrânia
41525157-fe4c-426b-a2b9-50070cac86fb,,0769b8c1-4e8d-496b-998b-ab26b2b0d1fa,Sporting Royal BOT,🦏,t,86,2026-05-27 18:08:29.407521+00,2026-05-27 18:08:29.407521+00,Ucrânia
34d5cc0f-31f9-4952-8a06-2d743c8d47db,,0769b8c1-4e8d-496b-998b-ab26b2b0d1fa,Pioneers CF BOT,🐂,t,86,2026-05-27 18:08:29.407521+00,2026-05-27 18:08:29.407521+00,Ucrânia
3738ef7e-b553-49cf-8859-df9bad8b2160,,0769b8c1-4e8d-496b-998b-ab26b2b0d1fa,Eagles FC BOT,🐘,t,86,2026-05-27 18:08:29.407521+00,2026-05-27 18:08:29.407521+00,Ucrânia
433cb048-5102-4004-9cdc-182901fdeecb,,0769b8c1-4e8d-496b-998b-ab26b2b0d1fa,City Lions BOT,🐊,t,86,2026-05-27 18:08:29.407521+00,2026-05-27 18:08:29.407521+00,Ucrânia
f0bbee25-9235-4a3d-b363-56c37424f5de,,0769b8c1-4e8d-496b-998b-ab26b2b0d1fa,Tigers Athletic BOT,🐊,t,86,2026-05-27 18:08:29.407521+00,2026-05-27 18:08:29.407521+00,Ucrânia
84602e69-f137-4f62-a4f4-4d5a3bcdcf74,,0769b8c1-4e8d-496b-998b-ab26b2b0d1fa,Wanderers Sharks BOT,🦈,t,86,2026-05-27 18:08:29.407521+00,2026-05-27 18:08:29.407521+00,Ucrânia
3c792ed6-2df1-4569-bca6-45e667253e8b,,0769b8c1-4e8d-496b-998b-ab26b2b0d1fa,Wolves CF BOT,🔥,t,86,2026-05-27 18:08:29.407521+00,2026-05-27 18:08:29.407521+00,Ucrânia
cd2e9a10-231b-4369-889e-c2a518d220f8,,0769b8c1-4e8d-496b-998b-ab26b2b0d1fa,FC Hawks BOT,💎,t,86,2026-05-27 18:08:29.407521+00,2026-05-27 18:08:29.407521+00,Ucrânia
2a636261-1fc0-4397-ac4e-5052135e5fea,,0769b8c1-4e8d-496b-998b-ab26b2b0d1fa,Stars FC BOT,🐂,t,86,2026-05-27 18:08:29.407521+00,2026-05-27 18:08:29.407521+00,Ucrânia
d3a26b66-5155-4d23-861f-66c07ee38e69,,0769b8c1-4e8d-496b-998b-ab26b2b0d1fa,SC Galaxy BOT,🏆,t,86,2026-05-27 18:08:29.407521+00,2026-05-27 18:08:29.407521+00,Ucrânia
6c899078-fc65-48f3-86e4-cc5b3be6a271,,0769b8c1-4e8d-496b-998b-ab26b2b0d1fa,Storm Athletic BOT,🦏,t,86,2026-05-27 18:08:29.407521+00,2026-05-27 18:08:29.407521+00,Ucrânia
d8486c5c-fc05-4637-99f5-ea489e1083e2,,0769b8c1-4e8d-496b-998b-ab26b2b0d1fa,United CF BOT,🏰,t,86,2026-05-27 18:08:29.407521+00,2026-05-27 18:08:29.407521+00,Ucrânia
97e3a17b-6cf8-4ce8-b346-fb36c158b789,,0769b8c1-4e8d-496b-998b-ab26b2b0d1fa,CD City BOT,⭐,t,86,2026-05-27 18:08:29.407521+00,2026-05-27 18:08:29.407521+00,Ucrânia
a185d565-9d1b-4987-a25a-4e0e65aa4793,,b7a15c6f-9e3d-4a07-a0bf-cd6dc1586953,Wien CF BOT,🌟,t,86,2026-05-27 18:08:29.407521+00,2026-05-27 18:08:29.407521+00,Áustria
58f583f3-2f59-4633-ba33-72cc63e28749,,b7a15c6f-9e3d-4a07-a0bf-cd6dc1586953,Sporting Salzburg BOT,🦁,t,86,2026-05-27 18:08:29.407521+00,2026-05-27 18:08:29.407521+00,Áustria
1b7bd0ab-c4e0-4ca5-8d84-03168f4ba7e3,,b7a15c6f-9e3d-4a07-a0bf-cd6dc1586953,Innsbruck Athletic BOT,⚽,t,86,2026-05-27 18:08:29.407521+00,2026-05-27 18:08:29.407521+00,Áustria
1d1ff11c-3819-4bcd-b79f-07ff4e5630a1,,b7a15c6f-9e3d-4a07-a0bf-cd6dc1586953,Olympic Klagenfurt BOT,🏰,t,86,2026-05-27 18:08:29.407521+00,2026-05-27 18:08:29.407521+00,Áustria
efb8c9b5-fbd5-4b3a-af6e-844c35f8dbcb,,b7a15c6f-9e3d-4a07-a0bf-cd6dc1586953,Villach CF BOT,🎯,t,86,2026-05-27 18:08:29.407521+00,2026-05-27 18:08:29.407521+00,Áustria
dd56918f-6777-4ac3-b2fe-72333aeb4d7c,,b7a15c6f-9e3d-4a07-a0bf-cd6dc1586953,United Wels BOT,⚽,t,86,2026-05-27 18:08:29.407521+00,2026-05-27 18:08:29.407521+00,Áustria
2b360452-7d49-406b-a481-0b9b0a96434d,,b7a15c6f-9e3d-4a07-a0bf-cd6dc1586953,Sankt Pölten FC BOT,💎,t,86,2026-05-27 18:08:29.407521+00,2026-05-27 18:08:29.407521+00,Áustria
6e48083f-0713-4bcd-bfee-2bffea4b79a0,,b7a15c6f-9e3d-4a07-a0bf-cd6dc1586953,City Dornbirn BOT,🦌,t,86,2026-05-27 18:08:29.407521+00,2026-05-27 18:08:29.407521+00,Áustria
a7378e03-9ad5-4bb6-9d69-42c20d55bf2b,,b7a15c6f-9e3d-4a07-a0bf-cd6dc1586953,Steyr Athletic BOT,🐃,t,86,2026-05-27 18:08:29.407521+00,2026-05-27 18:08:29.407521+00,Áustria
13c365c9-47a2-4c75-afd3-c3dc6fedc058,,b7a15c6f-9e3d-4a07-a0bf-cd6dc1586953,Wanderers Wiener Neustadt BOT,🏰,t,86,2026-05-27 18:08:29.407521+00,2026-05-27 18:08:29.407521+00,Áustria
1853fee9-9587-4d84-8312-ab04472f39f9,,b7a15c6f-9e3d-4a07-a0bf-cd6dc1586953,Feldkirch CF BOT,🐅,t,86,2026-05-27 18:08:29.407521+00,2026-05-27 18:08:29.407521+00,Áustria
ab071a28-27ff-4506-acfa-2b997d461259,,b7a15c6f-9e3d-4a07-a0bf-cd6dc1586953,FC Bregenz BOT,⭐,t,86,2026-05-27 18:08:29.407521+00,2026-05-27 18:08:29.407521+00,Áustria
10b0fbe6-3d2b-4285-b7bc-8c9da31a48eb,,b7a15c6f-9e3d-4a07-a0bf-cd6dc1586953,Leonding FC BOT,👑,t,86,2026-05-27 18:08:29.407521+00,2026-05-27 18:08:29.407521+00,Áustria
81635ea9-cc89-418f-beeb-c8475dc03960,,b7a15c6f-9e3d-4a07-a0bf-cd6dc1586953,Baden Athletic BOT,🦏,t,86,2026-05-27 18:08:29.407521+00,2026-05-27 18:08:29.407521+00,Áustria
72db32e5-7834-4e7f-9752-4b41dc70bbd0,,b7a15c6f-9e3d-4a07-a0bf-cd6dc1586953,Wien CF BOT,⚡,t,86,2026-05-27 18:08:29.407521+00,2026-05-27 18:08:29.407521+00,Áustria
b67c48a9-3074-4d56-b806-846b1d0130e0,,b7a15c6f-9e3d-4a07-a0bf-cd6dc1586953,CD Graz BOT,⚔️,t,86,2026-05-27 18:08:29.407521+00,2026-05-27 18:08:29.407521+00,Áustria
7da79810-5219-4a43-86c5-c1a91fdee90c,,243d4d25-b6b7-4466-9f8e-557c4ecbb1b5,Stockholm CF BOT,🏰,t,86,2026-05-27 18:08:29.407521+00,2026-05-27 18:08:29.407521+00,Suécia
5f320f87-3e60-4b61-bab2-3ea911ff755f,,243d4d25-b6b7-4466-9f8e-557c4ecbb1b5,Malmö FC BOT,🦈,t,86,2026-05-27 18:08:29.407521+00,2026-05-27 18:08:29.407521+00,Suécia
afe04074-a2ba-4281-9eb9-288f3297a39d,,243d4d25-b6b7-4466-9f8e-557c4ecbb1b5,Sporting Uppsala BOT,🦈,t,86,2026-05-27 18:08:29.407521+00,2026-05-27 18:08:29.407521+00,Suécia
1d8bdca0-c37d-495b-a612-e9921856155b,,243d4d25-b6b7-4466-9f8e-557c4ecbb1b5,Västerås Athletic BOT,🚀,t,86,2026-05-27 18:08:29.407521+00,2026-05-27 18:08:29.407521+00,Suécia
10b85109-c14c-4fe6-bd25-405af941861a,,243d4d25-b6b7-4466-9f8e-557c4ecbb1b5,Olympic Örebro BOT,🦁,t,86,2026-05-27 18:08:29.407521+00,2026-05-27 18:08:29.407521+00,Suécia
14bc85c5-f9e3-4538-b0ce-d9e6d5177f2d,,243d4d25-b6b7-4466-9f8e-557c4ecbb1b5,United Helsingborg BOT,🦅,t,86,2026-05-27 18:08:29.407521+00,2026-05-27 18:08:29.407521+00,Suécia
792b8114-c698-46d1-a66f-e10810ddb36b,,243d4d25-b6b7-4466-9f8e-557c4ecbb1b5,Jönköping FC BOT,⚽,t,86,2026-05-27 18:08:29.407521+00,2026-05-27 18:08:29.407521+00,Suécia
2d5fad5d-810f-4106-ba7e-a1c04dd021aa,,243d4d25-b6b7-4466-9f8e-557c4ecbb1b5,City Norrköping BOT,⚽,t,86,2026-05-27 18:08:29.407521+00,2026-05-27 18:08:29.407521+00,Suécia
5c6d723b-78bc-4328-a452-4c7adabd4757,,243d4d25-b6b7-4466-9f8e-557c4ecbb1b5,Wanderers Umeå BOT,💎,t,86,2026-05-27 18:08:29.407521+00,2026-05-27 18:08:29.407521+00,Suécia
be98d3c4-4039-4fc0-8281-c9d37710cb3e,,243d4d25-b6b7-4466-9f8e-557c4ecbb1b5,Gävle CF BOT,🦏,t,86,2026-05-27 18:08:29.407521+00,2026-05-27 18:08:29.407521+00,Suécia
4f3cec7d-6165-487b-8dfc-f73765f01f6d,,243d4d25-b6b7-4466-9f8e-557c4ecbb1b5,FC Borås BOT,⚡,t,86,2026-05-27 18:08:29.407521+00,2026-05-27 18:08:29.407521+00,Suécia
2e446b5a-38ac-4884-a343-ee7f37ebcd78,,243d4d25-b6b7-4466-9f8e-557c4ecbb1b5,Eskilstuna FC BOT,👑,t,86,2026-05-27 18:08:29.407521+00,2026-05-27 18:08:29.407521+00,Suécia
ea1f818f-5f75-4b9d-95f0-18933233a6d3,,243d4d25-b6b7-4466-9f8e-557c4ecbb1b5,SC Halmstad BOT,🛡️,t,86,2026-05-27 18:08:29.407521+00,2026-05-27 18:08:29.407521+00,Suécia
3243adf0-a968-4ae4-8826-4581750cd96b,,243d4d25-b6b7-4466-9f8e-557c4ecbb1b5,Karlstad Athletic BOT,🦌,t,86,2026-05-27 18:08:29.407521+00,2026-05-27 18:08:29.407521+00,Suécia
535b3539-f902-4177-9305-13a0417aec64,,243d4d25-b6b7-4466-9f8e-557c4ecbb1b5,Stockholm CF BOT,🎯,t,86,2026-05-27 18:08:29.407521+00,2026-05-27 18:08:29.407521+00,Suécia
58bd9273-5de9-4e77-9a24-875ea9d9b271,,243d4d25-b6b7-4466-9f8e-557c4ecbb1b5,CD Göteborg BOT,🔥,t,86,2026-05-27 18:08:29.407521+00,2026-05-27 18:08:29.407521+00,Suécia
782bbe8e-794d-47db-8633-25938f8d20ed,,07253b9f-5456-4514-9d9c-b50187d63967,United CF BOT,🦌,t,86,2026-05-27 18:08:29.407521+00,2026-05-27 18:08:29.407521+00,Equador
0eb1d572-a1da-44e0-919c-a7679c96c5b9,,07253b9f-5456-4514-9d9c-b50187d63967,Atlético City BOT,🛡️,t,86,2026-05-27 18:08:29.407521+00,2026-05-27 18:08:29.407521+00,Equador
dc50b6a8-bd4a-426f-a405-0db766c77d72,,07253b9f-5456-4514-9d9c-b50187d63967,Sporting Royal BOT,🛡️,t,86,2026-05-27 18:08:29.407521+00,2026-05-27 18:08:29.407521+00,Equador
52b34eb7-6757-49c1-94c4-219a75ad3e7e,b192ae6f-3143-442f-8ac7-b2fb6c9dca14,b01ef2e0-298f-4313-a093-680715e25fec,ATLÉTICO DE MADRID,"",f,75,2026-05-11 03:29:18.471288+00,2026-05-27 13:26:58.694644+00,Espanha
0c111fef-ccec-48a0-b3d2-2d7ca39c9a3a,,baaeea96-d1e0-4914-9255-8008a3059fb4,Espanha Bot 9,,t,56,2026-05-11 03:29:18.471288+00,2026-05-11 03:29:18.471288+00,Espanha
06c02b73-e948-4139-b22d-bcde22ba1129,,baaeea96-d1e0-4914-9255-8008a3059fb4,Espanha Bot 6,,t,58,2026-05-11 03:29:18.471288+00,2026-05-11 03:29:18.471288+00,Espanha
2ec76b32-6fc1-450d-8e5b-e84a3bd29a87,,08284dd1-9064-4950-8f33-6c91cb68d532,Espanha Bot 5,,t,66,2026-05-11 03:29:18.471288+00,2026-05-11 03:29:18.471288+00,Espanha
b64abfdb-8dc0-4105-90be-c159d1092e52,,08284dd1-9064-4950-8f33-6c91cb68d532,Espanha Bot 7,,t,67,2026-05-11 03:29:18.471288+00,2026-05-11 03:29:18.471288+00,Espanha
f8fbac62-c515-4da8-8447-890024b3f4ff,,b01ef2e0-298f-4313-a093-680715e25fec,Flamengo,,t,69,2026-05-11 03:29:18.471288+00,2026-05-11 03:29:18.471288+00,Espanha
e9f17475-48d4-4e4e-a1fb-1387953e4836,,b01ef2e0-298f-4313-a093-680715e25fec,Espanha Bot 8,,t,69,2026-05-11 03:29:18.471288+00,2026-05-11 03:29:18.471288+00,Espanha
91974ba2-ffbd-4d08-98e1-cf2c02ffd15d,,b01ef2e0-298f-4313-a093-680715e25fec,Flamengo,,t,72,2026-05-11 03:29:18.471288+00,2026-05-11 03:29:18.471288+00,Espanha
760f4221-9178-46bb-9c50-f4ed35f5519e,,b01ef2e0-298f-4313-a093-680715e25fec,São Paulo,,t,79,2026-05-11 03:29:18.471288+00,2026-05-11 03:29:18.471288+00,Espanha
bb4a3216-e9c5-4a6f-85ab-91618a81d9ec,,07253b9f-5456-4514-9d9c-b50187d63967,Olympic Athletic BOT,🐊,t,86,2026-05-27 18:08:29.407521+00,2026-05-27 18:08:29.407521+00,Equador
b9956abf-9e4c-4b3e-afe6-91163e4a609f,,07253b9f-5456-4514-9d9c-b50187d63967,Pioneers CF BOT,🐊,t,86,2026-05-27 18:08:29.407521+00,2026-05-27 18:08:29.407521+00,Equador
c4d88259-6473-4541-b3ab-7277f4e8ece1,,07253b9f-5456-4514-9d9c-b50187d63967,United Phoenix BOT,🌟,t,86,2026-05-27 18:08:29.407521+00,2026-05-27 18:08:29.407521+00,Equador
bca45152-c2af-436e-8dfc-27ee8dcc0b00,,7c63df6b-bd80-4245-9129-e90193879589,Alemanha Bot 47,,t,79,2026-05-11 03:29:18.471288+00,2026-05-11 03:29:18.471288+00,Alemanha
e834f79c-00fd-4b2c-b25f-a4f505ca29ac,,7c63df6b-bd80-4245-9129-e90193879589,Alemanha Bot 48,,t,56,2026-05-11 03:29:18.471288+00,2026-05-11 03:29:18.471288+00,Alemanha
7896ca0b-8307-4f1a-ad8b-5c9d3f2a104d,,7c63df6b-bd80-4245-9129-e90193879589,Alemanha Bot 49,,t,53,2026-05-11 03:29:18.471288+00,2026-05-11 03:29:18.471288+00,Alemanha
98667dfb-c42b-414f-8a55-cb7c8e7d0f30,,7c63df6b-bd80-4245-9129-e90193879589,Alemanha Bot 50,,t,53,2026-05-11 03:29:18.471288+00,2026-05-11 03:29:18.471288+00,Alemanha
11788682-8db7-4bdd-9395-942a88d17fc0,,7c63df6b-bd80-4245-9129-e90193879589,Alemanha Bot 51,,t,79,2026-05-11 03:29:18.471288+00,2026-05-11 03:29:18.471288+00,Alemanha
3056ce7b-b0e7-4922-9cfa-9a13e12d2955,,7c63df6b-bd80-4245-9129-e90193879589,Alemanha Bot 52,,t,59,2026-05-11 03:29:18.471288+00,2026-05-11 03:29:18.471288+00,Alemanha
af7611d8-9499-4f78-ba88-3202e583b6e3,,7c63df6b-bd80-4245-9129-e90193879589,Alemanha Bot 53,,t,68,2026-05-11 03:29:18.471288+00,2026-05-11 03:29:18.471288+00,Alemanha
7a9d5628-cff1-4df6-9ab9-bd12a753ceee,,7c63df6b-bd80-4245-9129-e90193879589,Alemanha Bot 54,,t,76,2026-05-11 03:29:18.471288+00,2026-05-11 03:29:18.471288+00,Alemanha
ce9501d5-164e-43f9-ac81-d153066ba202,,7c63df6b-bd80-4245-9129-e90193879589,Alemanha Bot 55,,t,68,2026-05-11 03:29:18.471288+00,2026-05-11 03:29:18.471288+00,Alemanha
56300bfe-5516-46c4-b07d-03cf0155815a,,7c63df6b-bd80-4245-9129-e90193879589,Alemanha Bot 56,,t,76,2026-05-11 03:29:18.471288+00,2026-05-11 03:29:18.471288+00,Alemanha
500544f5-d059-4b40-b514-e686ff9db450,,7c63df6b-bd80-4245-9129-e90193879589,Alemanha Bot 57,,t,64,2026-05-11 03:29:18.471288+00,2026-05-11 03:29:18.471288+00,Alemanha
bb02e1b5-f790-424a-85d8-fea3ed0c4eed,,7c63df6b-bd80-4245-9129-e90193879589,Alemanha Bot 58,,t,52,2026-05-11 03:29:18.471288+00,2026-05-11 03:29:18.471288+00,Alemanha
34bdfb3c-75b1-4083-8b5c-dba8060f2314,,7c63df6b-bd80-4245-9129-e90193879589,Alemanha Bot 59,,t,55,2026-05-11 03:29:18.471288+00,2026-05-11 03:29:18.471288+00,Alemanha
6b096af6-d9e5-4fa0-a1cb-f57a8d6a447a,,7c63df6b-bd80-4245-9129-e90193879589,Alemanha Bot 60,,t,70,2026-05-11 03:29:18.471288+00,2026-05-11 03:29:18.471288+00,Alemanha
bd8a0e5f-c20d-4322-ae8e-53bafca3e472,,7c63df6b-bd80-4245-9129-e90193879589,Alemanha Bot 61,,t,50,2026-05-11 03:29:18.471288+00,2026-05-11 03:29:18.471288+00,Alemanha
d81828f2-dfae-4b41-b9c1-2ee2960aefdf,,7c63df6b-bd80-4245-9129-e90193879589,Alemanha Bot 62,,t,62,2026-05-11 03:29:18.471288+00,2026-05-11 03:29:18.471288+00,Alemanha
ba9f00d7-4f8c-4fb1-8cbc-a4ad4b674625,,7c63df6b-bd80-4245-9129-e90193879589,Alemanha Bot 63,,t,59,2026-05-11 03:29:18.471288+00,2026-05-11 03:29:18.471288+00,Alemanha
a85755ca-cb31-4e0f-9be3-13931626e1f9,,7c63df6b-bd80-4245-9129-e90193879589,Alemanha Bot 64,,t,73,2026-05-11 03:29:18.471288+00,2026-05-11 03:29:18.471288+00,Alemanha
e5754f41-5d11-44f4-a4a6-d3d96898bc54,,b01ef2e0-298f-4313-a093-680715e25fec,Palmeiras,,t,53,2026-05-11 03:29:18.471288+00,2026-05-11 03:29:18.471288+00,Espanha
037c9019-1a44-4d96-a94b-64fb41b058bf,,b01ef2e0-298f-4313-a093-680715e25fec,Espanha Bot 4,,t,53,2026-05-11 03:29:18.471288+00,2026-05-11 03:29:18.471288+00,Espanha
ba41ea78-76ea-4cb4-9636-cf16997a183b,,b01ef2e0-298f-4313-a093-680715e25fec,Flamengo,,t,50,2026-05-11 03:29:18.471288+00,2026-05-11 03:29:18.471288+00,Espanha
6a1577e7-ebc0-4e46-ba91-c12df3624c05,,b01ef2e0-298f-4313-a093-680715e25fec,Flamengo,,t,56,2026-05-11 03:29:18.471288+00,2026-05-11 03:29:18.471288+00,Espanha
42fd51b7-bab8-42cb-92ab-58299fa7a171,,07253b9f-5456-4514-9d9c-b50187d63967,Eagles FC BOT,🐉,t,86,2026-05-27 18:08:29.407521+00,2026-05-27 18:08:29.407521+00,Equador
4f41dc29-7309-422e-99f9-0a6ff0f595d2,,07253b9f-5456-4514-9d9c-b50187d63967,City Lions BOT,🦈,t,86,2026-05-27 18:08:29.407521+00,2026-05-27 18:08:29.407521+00,Equador
3d988a55-ca61-4b79-9470-4b85e282a848,,07253b9f-5456-4514-9d9c-b50187d63967,Tigers Athletic BOT,🏰,t,86,2026-05-27 18:08:29.407521+00,2026-05-27 18:08:29.407521+00,Equador
e383fb12-1218-4dab-ad13-f89d58f52368,,07253b9f-5456-4514-9d9c-b50187d63967,Wanderers Sharks BOT,🦏,t,86,2026-05-27 18:08:29.407521+00,2026-05-27 18:08:29.407521+00,Equador
c1453047-cf91-4483-a21e-f024ed970b67,,07253b9f-5456-4514-9d9c-b50187d63967,Wolves CF BOT,🐂,t,86,2026-05-27 18:08:29.407521+00,2026-05-27 18:08:29.407521+00,Equador
2d52e617-8443-44ce-8dda-c9dcfa11d515,,07253b9f-5456-4514-9d9c-b50187d63967,FC Hawks BOT,🐉,t,86,2026-05-27 18:08:29.407521+00,2026-05-27 18:08:29.407521+00,Equador
2bc4f6a2-0399-4e4a-b427-d1b7e873e03e,,07253b9f-5456-4514-9d9c-b50187d63967,SC Galaxy BOT,🦌,t,86,2026-05-27 18:08:29.407521+00,2026-05-27 18:08:29.407521+00,Equador
88affc33-3f33-4f03-ba2b-9539ced9cfe7,,07253b9f-5456-4514-9d9c-b50187d63967,AC Thunder BOT,🏰,t,86,2026-05-27 18:08:29.407521+00,2026-05-27 18:08:29.407521+00,Equador
9c210bae-b863-49dc-b66d-e1f6c47812f8,,07253b9f-5456-4514-9d9c-b50187d63967,United CF BOT,🐘,t,86,2026-05-27 18:08:29.407521+00,2026-05-27 18:08:29.407521+00,Equador
2c35282b-ec1a-4b45-926c-72547d8c89aa,,b01ef2e0-298f-4313-a093-680715e25fec,Flamengo,,t,54,2026-05-11 03:29:18.471288+00,2026-05-11 03:29:18.471288+00,Espanha
2b8bc530-c6ac-451c-8d46-c940cf3ded86,,baaeea96-d1e0-4914-9255-8008a3059fb4,Espanha Bot 40,,t,57,2026-05-11 03:29:18.471288+00,2026-05-11 03:29:18.471288+00,Espanha
92e81598-c474-4b93-9209-91af93ad1510,,b01ef2e0-298f-4313-a093-680715e25fec,Palmeiras,,t,51,2026-05-11 03:29:18.471288+00,2026-05-11 03:29:18.471288+00,Espanha
9c927bd6-5f9e-44b4-9f71-e267789ef874,,b01ef2e0-298f-4313-a093-680715e25fec,São Paulo,,t,53,2026-05-11 03:29:18.471288+00,2026-05-11 03:29:18.471288+00,Espanha
f7d8ab83-ef25-424c-a7b3-e399bcc8cc70,,b01ef2e0-298f-4313-a093-680715e25fec,Espanha Bot 41,,t,55,2026-05-11 03:29:18.471288+00,2026-05-11 03:29:18.471288+00,Espanha
ad3b9b9d-c270-469c-aa81-6f099e8248f4,,b01ef2e0-298f-4313-a093-680715e25fec,Espanha Bot 42,,t,56,2026-05-11 03:29:18.471288+00,2026-05-11 03:29:18.471288+00,Espanha
e2669839-a2b3-4702-848b-796902c73397,,b01ef2e0-298f-4313-a093-680715e25fec,Espanha Bot 43,,t,55,2026-05-11 03:29:18.471288+00,2026-05-11 03:29:18.471288+00,Espanha
4293c2d5-e6b3-4f35-92f9-3a8064a57946,,b01ef2e0-298f-4313-a093-680715e25fec,Espanha Bot 44,,t,52,2026-05-11 03:29:18.471288+00,2026-05-11 03:29:18.471288+00,Espanha
da8a40a7-1583-4970-ac79-a5cdbaf84e67,,b01ef2e0-298f-4313-a093-680715e25fec,Espanha Bot 50,,t,53,2026-05-11 03:29:18.471288+00,2026-05-11 03:29:18.471288+00,Espanha
8e8e5739-6252-4672-924a-914065368c68,,b01ef2e0-298f-4313-a093-680715e25fec,Espanha Bot 55,,t,52,2026-05-11 03:29:18.471288+00,2026-05-11 03:29:18.471288+00,Espanha
fc9f3bf1-254d-4f58-bdef-7c62f1a4c0d5,,b01ef2e0-298f-4313-a093-680715e25fec,Espanha Bot 58,,t,52,2026-05-11 03:29:18.471288+00,2026-05-11 03:29:18.471288+00,Espanha
5a8a7f63-ebf9-432b-8f9b-0ea9eb5eef05,,b01ef2e0-298f-4313-a093-680715e25fec,Espanha Bot 60,,t,54,2026-05-11 03:29:18.471288+00,2026-05-11 03:29:18.471288+00,Espanha
347fc0c9-e9ba-4485-8919-02ea96db02af,,80a3131f-a6b1-4937-94eb-2d3581d8bc4b,Flamengo,,t,62,2026-05-11 03:29:18.471288+00,2026-05-11 03:29:18.471288+00,Itália
80579219-7a82-4c00-a305-f6f75508326c,,80a3131f-a6b1-4937-94eb-2d3581d8bc4b,Palmeiras,,t,63,2026-05-11 03:29:18.471288+00,2026-05-11 03:29:18.471288+00,Itália
3d216c1f-2df7-430d-99a0-1dc717a7db98,,80a3131f-a6b1-4937-94eb-2d3581d8bc4b,São Paulo,,t,59,2026-05-11 03:29:18.471288+00,2026-05-11 03:29:18.471288+00,Itália
c94b8d82-92b9-4672-b931-0c11702490cb,,80a3131f-a6b1-4937-94eb-2d3581d8bc4b,Itália Bot 4,,t,72,2026-05-11 03:29:18.471288+00,2026-05-11 03:29:18.471288+00,Itália
c6d06655-6fd4-4339-90df-b1faf9ed8586,,80a3131f-a6b1-4937-94eb-2d3581d8bc4b,Itália Bot 5,,t,77,2026-05-11 03:29:18.471288+00,2026-05-11 03:29:18.471288+00,Itália
8945a196-dcc8-4045-b7ba-a250f863d965,,80a3131f-a6b1-4937-94eb-2d3581d8bc4b,Itália Bot 6,,t,59,2026-05-11 03:29:18.471288+00,2026-05-11 03:29:18.471288+00,Itália
db48f667-3224-4fa4-ae35-50826cd5a2d7,,80a3131f-a6b1-4937-94eb-2d3581d8bc4b,Itália Bot 7,,t,72,2026-05-11 03:29:18.471288+00,2026-05-11 03:29:18.471288+00,Itália
939a6703-5c2b-4499-b98e-5e4bc9af3be4,,80a3131f-a6b1-4937-94eb-2d3581d8bc4b,Itália Bot 8,,t,67,2026-05-11 03:29:18.471288+00,2026-05-11 03:29:18.471288+00,Itália
89b65163-663a-4775-b431-111eda812d45,,80a3131f-a6b1-4937-94eb-2d3581d8bc4b,Itália Bot 9,,t,51,2026-05-11 03:29:18.471288+00,2026-05-11 03:29:18.471288+00,Itália
fa14b038-564e-4229-8ef2-18df0effb20d,,80a3131f-a6b1-4937-94eb-2d3581d8bc4b,Flamengo,,t,54,2026-05-11 03:29:18.471288+00,2026-05-11 03:29:18.471288+00,Itália
a3a7297e-22ac-42ae-a34b-2f8ef71f492f,,80a3131f-a6b1-4937-94eb-2d3581d8bc4b,Flamengo,,t,60,2026-05-11 03:29:18.471288+00,2026-05-11 03:29:18.471288+00,Itália
47f6652c-6c1f-4e73-85b8-02126725a971,,80a3131f-a6b1-4937-94eb-2d3581d8bc4b,Flamengo,,t,79,2026-05-11 03:29:18.471288+00,2026-05-11 03:29:18.471288+00,Itália
6a02360c-29e9-4ebd-be62-1e6545ab592a,,80a3131f-a6b1-4937-94eb-2d3581d8bc4b,Flamengo,,t,73,2026-05-11 03:29:18.471288+00,2026-05-11 03:29:18.471288+00,Itália
72138812-3406-404f-99b3-946b43a9b008,,80a3131f-a6b1-4937-94eb-2d3581d8bc4b,Flamengo,,t,74,2026-05-11 03:29:18.471288+00,2026-05-11 03:29:18.471288+00,Itália
b2d97798-6249-405a-92d6-970da0cb49fb,,80a3131f-a6b1-4937-94eb-2d3581d8bc4b,Flamengo,,t,55,2026-05-11 03:29:18.471288+00,2026-05-11 03:29:18.471288+00,Itália
8278f7ca-0fe8-4d40-a94b-7ebcb026e9f4,,80a3131f-a6b1-4937-94eb-2d3581d8bc4b,Flamengo,,t,63,2026-05-11 03:29:18.471288+00,2026-05-11 03:29:18.471288+00,Itália
67a6a4f6-39b6-4b08-908a-82c50f98d6e4,,85e98474-9e1e-422a-a371-96f0209b7a4a,Amsterdam CF BOT,⚽,t,77,2026-05-27 18:08:29.407521+00,2026-05-27 18:08:29.407521+00,Holanda
8eb48c0b-e4b7-43a7-8aa5-fd0352bc868d,,80a3131f-a6b1-4937-94eb-2d3581d8bc4b,Flamengo,,t,79,2026-05-11 03:29:18.471288+00,2026-05-11 03:29:18.471288+00,Itália
727fab5b-037b-47c7-b0d4-30f0b94d7b64,,80a3131f-a6b1-4937-94eb-2d3581d8bc4b,Flamengo,,t,57,2026-05-11 03:29:18.471288+00,2026-05-11 03:29:18.471288+00,Itália
f44f7c09-f7fd-4bae-9d77-8a48e6c7464a,,80a3131f-a6b1-4937-94eb-2d3581d8bc4b,Flamengo,,t,62,2026-05-11 03:29:18.471288+00,2026-05-11 03:29:18.471288+00,Itália
f48dc2f6-dbb2-4a69-9dd1-c5d21aeaa784,,80a3131f-a6b1-4937-94eb-2d3581d8bc4b,Palmeiras,,t,50,2026-05-11 03:29:18.471288+00,2026-05-11 03:29:18.471288+00,Itália
99ca1e06-f6d9-4ffb-bf0e-b3a4b9343cd7,,80a3131f-a6b1-4937-94eb-2d3581d8bc4b,Palmeiras,,t,58,2026-05-11 03:29:18.471288+00,2026-05-11 03:29:18.471288+00,Itália
ae347f48-df43-4ab5-ad85-30c1f4e29a02,,85e98474-9e1e-422a-a371-96f0209b7a4a,Atlético Rotterdam BOT,🐂,t,85,2026-05-27 18:08:29.407521+00,2026-05-27 18:08:29.407521+00,Holanda
a66f2071-0159-4e15-8552-980d67fbaf2f,,85e98474-9e1e-422a-a371-96f0209b7a4a,Groningen Athletic BOT,🐎,t,80,2026-05-27 18:08:29.407521+00,2026-05-27 18:08:29.407521+00,Holanda
4f46a157-7bdc-4c1a-b61b-2372156b830a,,85e98474-9e1e-422a-a371-96f0209b7a4a,Olympic Den Haag BOT,🔥,t,86,2026-05-27 18:08:29.407521+00,2026-05-27 18:08:29.407521+00,Holanda
702f9d8e-e4ef-4f18-8d5d-f4b182f6b300,,85e98474-9e1e-422a-a371-96f0209b7a4a,Tilburg CF BOT,🌟,t,86,2026-05-27 18:08:29.407521+00,2026-05-27 18:08:29.407521+00,Holanda
68548974-2653-4c89-9c9e-45a464eefa62,,85e98474-9e1e-422a-a371-96f0209b7a4a,United Almere BOT,🐎,t,86,2026-05-27 18:08:29.407521+00,2026-05-27 18:08:29.407521+00,Holanda
69e492cc-90c8-4cf1-aade-5803b82cd9d5,,85e98474-9e1e-422a-a371-96f0209b7a4a,Breda FC BOT,🐎,t,86,2026-05-27 18:08:29.407521+00,2026-05-27 18:08:29.407521+00,Holanda
cc8990e9-ec35-4c56-8f08-51aa25a603b4,,85e98474-9e1e-422a-a371-96f0209b7a4a,City Nijmegen BOT,🚀,t,86,2026-05-27 18:08:29.407521+00,2026-05-27 18:08:29.407521+00,Holanda
1a6469e9-84d6-4baf-816c-24ab9743cc41,,85e98474-9e1e-422a-a371-96f0209b7a4a,Wanderers Apeldoorn BOT,🛡️,t,86,2026-05-27 18:08:29.407521+00,2026-05-27 18:08:29.407521+00,Holanda
29c0c282-a24b-44c5-9186-e2f4f9915e27,,85e98474-9e1e-422a-a371-96f0209b7a4a,Haarlem CF BOT,👑,t,86,2026-05-27 18:08:29.407521+00,2026-05-27 18:08:29.407521+00,Holanda
41c6b305-8433-48ed-a523-b27d937be3c0,,85e98474-9e1e-422a-a371-96f0209b7a4a,FC Arnhem BOT,🐘,t,86,2026-05-27 18:08:29.407521+00,2026-05-27 18:08:29.407521+00,Holanda
699d407e-e2b6-443f-8094-21d898d39e6a,,85e98474-9e1e-422a-a371-96f0209b7a4a,Zwolle FC BOT,🐊,t,86,2026-05-27 18:08:29.407521+00,2026-05-27 18:08:29.407521+00,Holanda
23c0d290-59a4-4097-abfa-6912dcbe639e,,85e98474-9e1e-422a-a371-96f0209b7a4a,SC Leiden BOT,🦌,t,86,2026-05-27 18:08:29.407521+00,2026-05-27 18:08:29.407521+00,Holanda
b41010d3-24d8-4d32-9817-4a27ea3a8ce6,,85e98474-9e1e-422a-a371-96f0209b7a4a,Maastricht Athletic BOT,⚽,t,86,2026-05-27 18:08:29.407521+00,2026-05-27 18:08:29.407521+00,Holanda
56126c54-1a1c-4d31-9b1f-72bef1d0ddd1,,85e98474-9e1e-422a-a371-96f0209b7a4a,AC Dordrecht BOT,🐅,t,86,2026-05-27 18:08:29.407521+00,2026-05-27 18:08:29.407521+00,Holanda
d88f5997-c030-4133-8035-2dcb0c2aa4ac,,85e98474-9e1e-422a-a371-96f0209b7a4a,CD Rotterdam BOT,🎯,t,86,2026-05-27 18:08:29.407521+00,2026-05-27 18:08:29.407521+00,Holanda
ac56e334-783c-4986-b877-25c0c406600c,,50c28c45-bd75-4608-bc94-05e8dca7e2bd,Brussels CF BOT,🛡️,t,86,2026-05-27 18:08:29.407521+00,2026-05-27 18:08:29.407521+00,Bélgica
e2f2092e-ce48-494e-93b1-56e6aefd4b33,,50c28c45-bd75-4608-bc94-05e8dca7e2bd,Atlético Antwerp BOT,🎯,t,86,2026-05-27 18:08:29.407521+00,2026-05-27 18:08:29.407521+00,Bélgica
dd66bd75-35ad-43b7-8e99-259a0ea8cba9,,50c28c45-bd75-4608-bc94-05e8dca7e2bd,Gent FC BOT,🐺,t,86,2026-05-27 18:08:29.407521+00,2026-05-27 18:08:29.407521+00,Bélgica
16b8c93b-9010-40ff-a40b-7a70220d28f7,,50c28c45-bd75-4608-bc94-05e8dca7e2bd,Sporting Charleroi BOT,🏰,t,86,2026-05-27 18:08:29.407521+00,2026-05-27 18:08:29.407521+00,Bélgica
bf65e64f-ede5-42a6-b3cb-214371260923,,50c28c45-bd75-4608-bc94-05e8dca7e2bd,Liège Athletic BOT,🚀,t,86,2026-05-27 18:08:29.407521+00,2026-05-27 18:08:29.407521+00,Bélgica
2618d0de-0d02-48de-875c-e92f725db792,,50c28c45-bd75-4608-bc94-05e8dca7e2bd,United Leuven BOT,⚽,t,86,2026-05-27 18:08:29.407521+00,2026-05-27 18:08:29.407521+00,Bélgica
19486bde-b665-4fdd-be0c-0155fb68f401,,50c28c45-bd75-4608-bc94-05e8dca7e2bd,City Aalst BOT,⚔️,t,86,2026-05-27 18:08:29.407521+00,2026-05-27 18:08:29.407521+00,Bélgica
e11a213c-deb4-4255-8ed3-eb341a16684a,,50c28c45-bd75-4608-bc94-05e8dca7e2bd,Mechelen Athletic BOT,⚔️,t,86,2026-05-27 18:08:29.407521+00,2026-05-27 18:08:29.407521+00,Bélgica
d3b5fef4-7144-4dac-ac4e-fbcde614b2f6,,50c28c45-bd75-4608-bc94-05e8dca7e2bd,Wanderers La Louvière BOT,🦏,t,86,2026-05-27 18:08:29.407521+00,2026-05-27 18:08:29.407521+00,Bélgica
682e01ea-2939-4ed5-9faa-d8a6062282e2,,50c28c45-bd75-4608-bc94-05e8dca7e2bd,Hasselt CF BOT,🦏,t,86,2026-05-27 18:08:29.407521+00,2026-05-27 18:08:29.407521+00,Bélgica
f7ab2962-7950-410e-98c6-2d62b11d4c6c,,80a3131f-a6b1-4937-94eb-2d3581d8bc4b,Palmeiras,,t,74,2026-05-11 03:29:18.471288+00,2026-05-11 03:29:18.471288+00,Itália
c2e82e32-ca10-46b9-bb20-86785262bdcd,,80a3131f-a6b1-4937-94eb-2d3581d8bc4b,Palmeiras,,t,60,2026-05-11 03:29:18.471288+00,2026-05-11 03:29:18.471288+00,Itália
ec0886c1-6b72-4521-9beb-8344c45a4d8d,,80a3131f-a6b1-4937-94eb-2d3581d8bc4b,Palmeiras,,t,66,2026-05-11 03:29:18.471288+00,2026-05-11 03:29:18.471288+00,Itália
4548b43b-cf4a-4b79-98f3-e85dc19c57a2,,80a3131f-a6b1-4937-94eb-2d3581d8bc4b,Palmeiras,,t,75,2026-05-11 03:29:18.471288+00,2026-05-11 03:29:18.471288+00,Itália
e19413a1-896b-4e93-a370-a99086347240,,80a3131f-a6b1-4937-94eb-2d3581d8bc4b,Palmeiras,,t,51,2026-05-11 03:29:18.471288+00,2026-05-11 03:29:18.471288+00,Itália
476bd6d6-eb32-4c88-8a11-b46753448789,,80a3131f-a6b1-4937-94eb-2d3581d8bc4b,Palmeiras,,t,70,2026-05-11 03:29:18.471288+00,2026-05-11 03:29:18.471288+00,Itália
4aacd310-32a6-4c58-a801-ad6b232972da,,80a3131f-a6b1-4937-94eb-2d3581d8bc4b,Palmeiras,,t,73,2026-05-11 03:29:18.471288+00,2026-05-11 03:29:18.471288+00,Itália
95abd4ae-7b92-4f14-95f0-5ddf20c70185,,80a3131f-a6b1-4937-94eb-2d3581d8bc4b,Palmeiras,,t,62,2026-05-11 03:29:18.471288+00,2026-05-11 03:29:18.471288+00,Itália
e39f2ee8-9ad8-41d2-8248-20a341516c06,,80a3131f-a6b1-4937-94eb-2d3581d8bc4b,São Paulo,,t,60,2026-05-11 03:29:18.471288+00,2026-05-11 03:29:18.471288+00,Itália
857a5c06-a3ba-428a-a3b9-84ffaafe34a0,,80a3131f-a6b1-4937-94eb-2d3581d8bc4b,São Paulo,,t,59,2026-05-11 03:29:18.471288+00,2026-05-11 03:29:18.471288+00,Itália
75bcae17-b619-44e6-aa54-e22d69fa9bb1,,80a3131f-a6b1-4937-94eb-2d3581d8bc4b,São Paulo,,t,67,2026-05-11 03:29:18.471288+00,2026-05-11 03:29:18.471288+00,Itália
4eab3f12-c6e3-4025-9af4-cbb2b0177dd1,,80a3131f-a6b1-4937-94eb-2d3581d8bc4b,São Paulo,,t,64,2026-05-11 03:29:18.471288+00,2026-05-11 03:29:18.471288+00,Itália
2d574fad-b07d-4a23-b576-876f0a914037,,80a3131f-a6b1-4937-94eb-2d3581d8bc4b,São Paulo,,t,79,2026-05-11 03:29:18.471288+00,2026-05-11 03:29:18.471288+00,Itália
73cc505f-e1af-4d5b-b9eb-c417e688fc1d,,80a3131f-a6b1-4937-94eb-2d3581d8bc4b,São Paulo,,t,67,2026-05-11 03:29:18.471288+00,2026-05-11 03:29:18.471288+00,Itália
ca38e48f-e09b-4f9f-85f7-5103f36cd5f2,,80a3131f-a6b1-4937-94eb-2d3581d8bc4b,São Paulo,,t,72,2026-05-11 03:29:18.471288+00,2026-05-11 03:29:18.471288+00,Itália
54dafa61-d5f4-4279-9bad-99f4001ad27a,,80a3131f-a6b1-4937-94eb-2d3581d8bc4b,São Paulo,,t,75,2026-05-11 03:29:18.471288+00,2026-05-11 03:29:18.471288+00,Itália
fa32ca9d-2402-4c04-99e0-9ee6a100fec9,,80a3131f-a6b1-4937-94eb-2d3581d8bc4b,São Paulo,,t,68,2026-05-11 03:29:18.471288+00,2026-05-11 03:29:18.471288+00,Itália
e83e93d2-ad8c-4926-868a-b32e6a5e274d,,50c28c45-bd75-4608-bc94-05e8dca7e2bd,FC Sint-Niklaas BOT,🎯,t,86,2026-05-27 18:08:29.407521+00,2026-05-27 18:08:29.407521+00,Bélgica
d8cd4ce7-9153-45cd-808b-e7257a06a403,,50c28c45-bd75-4608-bc94-05e8dca7e2bd,SC Tournai BOT,🦏,t,86,2026-05-27 18:08:29.407521+00,2026-05-27 18:08:29.407521+00,Bélgica
76dfa291-d7e5-4191-afd8-2f8f8edaae77,,50c28c45-bd75-4608-bc94-05e8dca7e2bd,Genk Athletic BOT,🦈,t,86,2026-05-27 18:08:29.407521+00,2026-05-27 18:08:29.407521+00,Bélgica
eaa49957-43ed-42b2-a550-2dcefaa813ae,,50c28c45-bd75-4608-bc94-05e8dca7e2bd,AC Seraing BOT,🐘,t,86,2026-05-27 18:08:29.407521+00,2026-05-27 18:08:29.407521+00,Bélgica
c4253ca4-ca23-4248-9a88-e1e89944002b,,50c28c45-bd75-4608-bc94-05e8dca7e2bd,Brussels CF BOT,💎,t,86,2026-05-27 18:08:29.407521+00,2026-05-27 18:08:29.407521+00,Bélgica
514d26fd-9840-49dd-a546-b5f7357321f7,,50c28c45-bd75-4608-bc94-05e8dca7e2bd,CD Antwerp BOT,🛡️,t,86,2026-05-27 18:08:29.407521+00,2026-05-27 18:08:29.407521+00,Bélgica
f487cc95-5b79-4b5f-b8c4-9dbbf7eafbf5,,c8fd86b1-50fd-4dd0-aa63-576d3028bf2e,Istanbul CF BOT,⭐,t,86,2026-05-27 18:08:29.407521+00,2026-05-27 18:08:29.407521+00,Turquia
9f70ce0b-2839-47ad-931d-874c43304ed6,,c8fd86b1-50fd-4dd0-aa63-576d3028bf2e,İzmir FC BOT,🦈,t,86,2026-05-27 18:08:29.407521+00,2026-05-27 18:08:29.407521+00,Turquia
8caaa686-2d48-417f-8da9-78fd840cbfc2,,c8fd86b1-50fd-4dd0-aa63-576d3028bf2e,Adana Athletic BOT,🐘,t,86,2026-05-27 18:08:29.407521+00,2026-05-27 18:08:29.407521+00,Turquia
a1e0ccca-acb7-487c-a461-f59ca6a8e1f0,,c8fd86b1-50fd-4dd0-aa63-576d3028bf2e,Olympic Gaziantep BOT,👑,t,86,2026-05-27 18:08:29.407521+00,2026-05-27 18:08:29.407521+00,Turquia
1deca4b1-8348-41b0-8abf-b3b30af61021,,c8fd86b1-50fd-4dd0-aa63-576d3028bf2e,Konya CF BOT,🦁,t,86,2026-05-27 18:08:29.407521+00,2026-05-27 18:08:29.407521+00,Turquia
4ca1b397-0a70-42c2-9650-5849c6642b69,,c8fd86b1-50fd-4dd0-aa63-576d3028bf2e,United Antalya BOT,🦏,t,86,2026-05-27 18:08:29.407521+00,2026-05-27 18:08:29.407521+00,Turquia
03205468-8d1a-4c66-94cb-28ff69540aa6,,c8fd86b1-50fd-4dd0-aa63-576d3028bf2e,Kayseri FC BOT,🦅,t,86,2026-05-27 18:08:29.407521+00,2026-05-27 18:08:29.407521+00,Turquia
92b95421-321e-404c-8b19-d4575c8b2c7b,,c8fd86b1-50fd-4dd0-aa63-576d3028bf2e,City Mersin BOT,🐎,t,86,2026-05-27 18:08:29.407521+00,2026-05-27 18:08:29.407521+00,Turquia
eb0716a5-1e29-4ee4-b0f8-e75fcf8d3ec9,,c8fd86b1-50fd-4dd0-aa63-576d3028bf2e,Eskişehir Athletic BOT,⭐,t,86,2026-05-27 18:08:29.407521+00,2026-05-27 18:08:29.407521+00,Turquia
fa22ef8e-b5bb-4b15-b1ac-e1eba4e78a11,,c8fd86b1-50fd-4dd0-aa63-576d3028bf2e,Wanderers Diyarbakır BOT,🐊,t,86,2026-05-27 18:08:29.407521+00,2026-05-27 18:08:29.407521+00,Turquia
f0d85a14-476a-4813-b90e-6a7a781bcaa8,,c8fd86b1-50fd-4dd0-aa63-576d3028bf2e,FC Denizli BOT,🦅,t,86,2026-05-27 18:08:29.407521+00,2026-05-27 18:08:29.407521+00,Turquia
543df64a-61d1-4266-81ec-70ea36cb7b1b,,c8fd86b1-50fd-4dd0-aa63-576d3028bf2e,Şanlıurfa FC BOT,🐘,t,86,2026-05-27 18:08:29.407521+00,2026-05-27 18:08:29.407521+00,Turquia
d2435abd-7266-47eb-810d-5c32b279c8a3,,c8fd86b1-50fd-4dd0-aa63-576d3028bf2e,SC Malatya BOT,🚀,t,86,2026-05-27 18:08:29.407521+00,2026-05-27 18:08:29.407521+00,Turquia
4bbc3686-57cc-42b9-8cb1-81d6e29deb86,,c8fd86b1-50fd-4dd0-aa63-576d3028bf2e,Erzurum Athletic BOT,🦌,t,86,2026-05-27 18:08:29.407521+00,2026-05-27 18:08:29.407521+00,Turquia
101b0596-0a74-47c7-8f70-94549ed3850a,,c8fd86b1-50fd-4dd0-aa63-576d3028bf2e,Istanbul CF BOT,🐉,t,86,2026-05-27 18:08:29.407521+00,2026-05-27 18:08:29.407521+00,Turquia
675ff650-fd41-4dc8-ba62-671f05dc014b,,c8fd86b1-50fd-4dd0-aa63-576d3028bf2e,CD Ankara BOT,🐎,t,86,2026-05-27 18:08:29.407521+00,2026-05-27 18:08:29.407521+00,Turquia
7dc383db-4160-4a08-b4b0-a3fa14a23cdd,,5fcb1150-e2f4-461d-a294-1ca566b59b50,Atlético Osaka BOT,🐺,t,86,2026-05-27 18:08:29.407521+00,2026-05-27 18:08:29.407521+00,Japão
e9557a9f-32d7-40cb-bed3-1ae214cf9f9a,,5fcb1150-e2f4-461d-a294-1ca566b59b50,Yokohama FC BOT,🐘,t,86,2026-05-27 18:08:29.407521+00,2026-05-27 18:08:29.407521+00,Japão
e6731bf1-a9d0-45a6-914e-b00a927467ba,,5fcb1150-e2f4-461d-a294-1ca566b59b50,Sporting Nagoya BOT,👑,t,86,2026-05-27 18:08:29.407521+00,2026-05-27 18:08:29.407521+00,Japão
72e21302-fce5-440a-b886-266ebfe52e1d,,5fcb1150-e2f4-461d-a294-1ca566b59b50,Sapporo Athletic BOT,🔥,t,86,2026-05-27 18:08:29.407521+00,2026-05-27 18:08:29.407521+00,Japão
4da724a1-9168-49f5-81fa-3d7f1c6fd2ab,,5fcb1150-e2f4-461d-a294-1ca566b59b50,Olympic Kobe BOT,⭐,t,86,2026-05-27 18:08:29.407521+00,2026-05-27 18:08:29.407521+00,Japão
8305b3ff-2c35-4e13-9a48-454918b92a70,,5fcb1150-e2f4-461d-a294-1ca566b59b50,Kyoto CF BOT,⚡,t,86,2026-05-27 18:08:29.407521+00,2026-05-27 18:08:29.407521+00,Japão
e2e1156f-c2c7-419d-84f1-1b1d463c3360,,5fcb1150-e2f4-461d-a294-1ca566b59b50,United Fukuoka BOT,⚡,t,86,2026-05-27 18:08:29.407521+00,2026-05-27 18:08:29.407521+00,Japão
29fdce07-39fd-4f94-b5eb-7de51f61eb53,,5fcb1150-e2f4-461d-a294-1ca566b59b50,Kawasaki FC BOT,🦅,t,86,2026-05-27 18:08:29.407521+00,2026-05-27 18:08:29.407521+00,Japão
d1f81151-30ec-4138-981d-c071c30df225,,5fcb1150-e2f4-461d-a294-1ca566b59b50,Hiroshima Athletic BOT,🌟,t,86,2026-05-27 18:08:29.407521+00,2026-05-27 18:08:29.407521+00,Japão
e8a3a1a0-00f6-4c0a-9dbb-393b11a45d41,,5fcb1150-e2f4-461d-a294-1ca566b59b50,Wanderers Sendai BOT,🐂,t,86,2026-05-27 18:08:29.407521+00,2026-05-27 18:08:29.407521+00,Japão
a503d9ad-11f1-447f-89af-7a98f095298d,,5fcb1150-e2f4-461d-a294-1ca566b59b50,FC Chiba BOT,🏰,t,86,2026-05-27 18:08:29.407521+00,2026-05-27 18:08:29.407521+00,Japão
3cb424e1-5708-4ab2-b390-72e3e3505f3e,,5fcb1150-e2f4-461d-a294-1ca566b59b50,Sakai FC BOT,🐎,t,86,2026-05-27 18:08:29.407521+00,2026-05-27 18:08:29.407521+00,Japão
bebb82cd-0c53-4fd4-a0f3-44ec8b5301d4,,5fcb1150-e2f4-461d-a294-1ca566b59b50,SC Niigata BOT,🐘,t,86,2026-05-27 18:08:29.407521+00,2026-05-27 18:08:29.407521+00,Japão
56de45a2-5e64-4806-8a44-7a7bc1bf4c2a,,5fcb1150-e2f4-461d-a294-1ca566b59b50,Hamamatsu Athletic BOT,🎯,t,86,2026-05-27 18:08:29.407521+00,2026-05-27 18:08:29.407521+00,Japão
4d3eccdb-eb34-42b9-912d-5884fc290420,,5fcb1150-e2f4-461d-a294-1ca566b59b50,AC Okayama BOT,🦏,t,86,2026-05-27 18:08:29.407521+00,2026-05-27 18:08:29.407521+00,Japão
6941a9c6-8d2d-4029-9df0-8eb3c4255493,,5fcb1150-e2f4-461d-a294-1ca566b59b50,Tokyo CF BOT,🐎,t,86,2026-05-27 18:08:29.407521+00,2026-05-27 18:08:29.407521+00,Japão
8c674111-5fd3-4589-a926-dea91944c3f1,,c6633490-aa31-4fe7-a342-42bfe744343b,São Paulo CF BOT,🐘,t,86,2026-05-27 18:08:29.407521+00,2026-05-27 18:08:29.407521+00,Brasil
d57a260b-11d7-4ddd-baa4-66a3ce56bdb9,,c6633490-aa31-4fe7-a342-42bfe744343b,Atlético Rio BOT,👑,t,86,2026-05-27 18:08:29.407521+00,2026-05-27 18:08:29.407521+00,Brasil
635a1f74-3de7-48b1-92a5-b47e342ba275,,80a3131f-a6b1-4937-94eb-2d3581d8bc4b,São Paulo,,t,50,2026-05-11 03:29:18.471288+00,2026-05-11 03:29:18.471288+00,Itália
7f6f17ab-a323-41a2-9e01-9e3e38ef75e3,,80a3131f-a6b1-4937-94eb-2d3581d8bc4b,Itália Bot 40,,t,64,2026-05-11 03:29:18.471288+00,2026-05-11 03:29:18.471288+00,Itália
3be87666-d9f7-4832-85ca-7442000fbbe9,,c6633490-aa31-4fe7-a342-42bfe744343b,Salvador FC BOT,🌟,t,86,2026-05-27 18:08:29.407521+00,2026-05-27 18:08:29.407521+00,Brasil
c7706623-96cf-427e-812a-30e49c690c69,,c6633490-aa31-4fe7-a342-42bfe744343b,Sporting Brasília BOT,🦁,t,86,2026-05-27 18:08:29.407521+00,2026-05-27 18:08:29.407521+00,Brasil
b6c4d896-81d4-44be-9b5d-8723e9fbf102,,c6633490-aa31-4fe7-a342-42bfe744343b,Manaus CF BOT,🔥,t,86,2026-05-27 18:08:29.407521+00,2026-05-27 18:08:29.407521+00,Brasil
9f669fba-aee1-4463-a6ac-ab603f4e9bfe,,c6633490-aa31-4fe7-a342-42bfe744343b,United Curitiba BOT,🏆,t,86,2026-05-27 18:08:29.407521+00,2026-05-27 18:08:29.407521+00,Brasil
8b0e91ca-fa06-466f-9a3a-851738794f12,,c6633490-aa31-4fe7-a342-42bfe744343b,City Goiânia BOT,🐊,t,86,2026-05-27 18:08:29.407521+00,2026-05-27 18:08:29.407521+00,Brasil
57e2f7e3-e51c-4034-817e-f4ca045ef1f9,,c6633490-aa31-4fe7-a342-42bfe744343b,Porto Alegre Athletic BOT,🔥,t,86,2026-05-27 18:08:29.407521+00,2026-05-27 18:08:29.407521+00,Brasil
491d9474-68a6-4cd4-be2f-5b1451170c60,,c6633490-aa31-4fe7-a342-42bfe744343b,Natal CF BOT,🦏,t,86,2026-05-27 18:08:29.407521+00,2026-05-27 18:08:29.407521+00,Brasil
ccd6a4b6-d81e-4095-b634-bd86586fabbb,,c6633490-aa31-4fe7-a342-42bfe744343b,FC Vitória BOT,🐺,t,86,2026-05-27 18:08:29.407521+00,2026-05-27 18:08:29.407521+00,Brasil
3662947f-56d8-456a-8972-75dee6332e38,,c6633490-aa31-4fe7-a342-42bfe744343b,Florianópolis FC BOT,👑,t,86,2026-05-27 18:08:29.407521+00,2026-05-27 18:08:29.407521+00,Brasil
388640d0-7a3d-4365-b98a-b1c46c5c2f79,,c6633490-aa31-4fe7-a342-42bfe744343b,SC Cuiabá BOT,🎯,t,86,2026-05-27 18:08:29.407521+00,2026-05-27 18:08:29.407521+00,Brasil
4596d76b-315b-4119-939a-8de1a67a4bca,,c6633490-aa31-4fe7-a342-42bfe744343b,João Pessoa Athletic BOT,🦌,t,86,2026-05-27 18:08:29.407521+00,2026-05-27 18:08:29.407521+00,Brasil
c668151f-e0f4-451d-b735-c6bba3d2aa6a,,c6633490-aa31-4fe7-a342-42bfe744343b,AC Aracaju BOT,⚡,t,86,2026-05-27 18:08:29.407521+00,2026-05-27 18:08:29.407521+00,Brasil
c60af403-73b8-467e-b999-0590d10a47f9,,c6633490-aa31-4fe7-a342-42bfe744343b,São Paulo CF BOT,🏰,t,86,2026-05-27 18:08:29.407521+00,2026-05-27 18:08:29.407521+00,Brasil
f9aaf215-5012-4ebc-a3cc-61086ab7e8d3,,c6633490-aa31-4fe7-a342-42bfe744343b,CD Rio BOT,🌟,t,86,2026-05-27 18:08:29.407521+00,2026-05-27 18:08:29.407521+00,Brasil
1bf87597-386d-4269-891e-115eaccc3161,,e7a86a61-9a63-45ad-9e1b-a76dee440860,Milano CF BOT,🐃,t,86,2026-05-27 18:08:29.407521+00,2026-05-27 18:08:29.407521+00,Itália
4fa17e67-4814-4010-831a-b142e358c565,,e7a86a61-9a63-45ad-9e1b-a76dee440860,Atlético Roma BOT,🐘,t,86,2026-05-27 18:08:29.407521+00,2026-05-27 18:08:29.407521+00,Itália
e6e6be0d-4cd1-4dbd-a502-86676d26c636,,e7a86a61-9a63-45ad-9e1b-a76dee440860,Napoli FC BOT,⚡,t,86,2026-05-27 18:08:29.407521+00,2026-05-27 18:08:29.407521+00,Itália
d0ec6a43-6908-45a3-835a-66e1c79e94f9,,e7a86a61-9a63-45ad-9e1b-a76dee440860,Sporting Torino BOT,🦁,t,86,2026-05-27 18:08:29.407521+00,2026-05-27 18:08:29.407521+00,Itália
76792390-abf2-48a0-8a55-818d50431b52,,e7a86a61-9a63-45ad-9e1b-a76dee440860,Firenze Athletic BOT,🦏,t,86,2026-05-27 18:08:29.407521+00,2026-05-27 18:08:29.407521+00,Itália
8cf3fe99-168d-48c1-adc1-3734ac16d594,,e7a86a61-9a63-45ad-9e1b-a76dee440860,Olympic Bologna BOT,⭐,t,86,2026-05-27 18:08:29.407521+00,2026-05-27 18:08:29.407521+00,Itália
f9ddfe3d-1ff1-499d-8761-4e1be0f506a8,,e7a86a61-9a63-45ad-9e1b-a76dee440860,Genova CF BOT,🔥,t,86,2026-05-27 18:08:29.407521+00,2026-05-27 18:08:29.407521+00,Itália
017399fa-b2c2-4af0-9900-7551eb47914a,,e7a86a61-9a63-45ad-9e1b-a76dee440860,United Palermo BOT,🛡️,t,86,2026-05-27 18:08:29.407521+00,2026-05-27 18:08:29.407521+00,Itália
62c86d0e-2799-4ec1-8acc-94974e5127a4,,e7a86a61-9a63-45ad-9e1b-a76dee440860,Bari FC BOT,👑,t,86,2026-05-27 18:08:29.407521+00,2026-05-27 18:08:29.407521+00,Itália
6b4ef4d6-165f-4b6d-be85-6899f6c85df6,,e7a86a61-9a63-45ad-9e1b-a76dee440860,City Verona BOT,💎,t,86,2026-05-27 18:08:29.407521+00,2026-05-27 18:08:29.407521+00,Itália
3a259630-d3b2-4e2d-bebb-07e023da84fa,,e7a86a61-9a63-45ad-9e1b-a76dee440860,Catania Athletic BOT,🏰,t,86,2026-05-27 18:08:29.407521+00,2026-05-27 18:08:29.407521+00,Itália
c578320e-8b78-485a-8401-01d96501f817,,e7a86a61-9a63-45ad-9e1b-a76dee440860,FC Parma BOT,⭐,t,86,2026-05-27 18:08:29.407521+00,2026-05-27 18:08:29.407521+00,Itália
540450e1-671b-4edb-b176-1202a161b619,,e7a86a61-9a63-45ad-9e1b-a76dee440860,Cagliari FC BOT,🚀,t,86,2026-05-27 18:08:29.407521+00,2026-05-27 18:08:29.407521+00,Itália
c22e19e8-a9b3-4b9c-aaff-8bad96b4980d,,e7a86a61-9a63-45ad-9e1b-a76dee440860,SC Brescia BOT,🐃,t,86,2026-05-27 18:08:29.407521+00,2026-05-27 18:08:29.407521+00,Itália
847284fe-eb50-42e0-b086-106a47fac339,,e7a86a61-9a63-45ad-9e1b-a76dee440860,Pisa Athletic BOT,⚽,t,86,2026-05-27 18:08:29.407521+00,2026-05-27 18:08:29.407521+00,Itália
db2b689d-91ab-4527-805a-7e228bb82bce,,e7a86a61-9a63-45ad-9e1b-a76dee440860,Milano CF BOT,🐅,t,86,2026-05-27 18:08:29.407521+00,2026-05-27 18:08:29.407521+00,Itália
e548370e-a281-4808-a8e8-e0a412681c8d,,2e8ece26-676a-4998-bbd4-c07fa5e49694,Lisboa CF BOT,🐃,t,86,2026-05-27 18:08:29.407521+00,2026-05-27 18:08:29.407521+00,Portugal
c8f6c882-3148-45b7-b9ec-ade0a25424ec,,2e8ece26-676a-4998-bbd4-c07fa5e49694,Braga FC BOT,🛡️,t,86,2026-05-27 18:08:29.407521+00,2026-05-27 18:08:29.407521+00,Portugal
00669814-8d24-46a6-972c-0a7ddd32944b,,2e8ece26-676a-4998-bbd4-c07fa5e49694,Sporting Coimbra BOT,🦅,t,86,2026-05-27 18:08:29.407521+00,2026-05-27 18:08:29.407521+00,Portugal
e4cad510-6d7e-4161-85a0-6c548b4d4cb1,,2e8ece26-676a-4998-bbd4-c07fa5e49694,Faro Athletic BOT,⚽,t,86,2026-05-27 18:08:29.407521+00,2026-05-27 18:08:29.407521+00,Portugal
36569faa-67a9-4a20-ba48-53c72df0deaa,,2e8ece26-676a-4998-bbd4-c07fa5e49694,Funchal CF BOT,🐅,t,86,2026-05-27 18:08:29.407521+00,2026-05-27 18:08:29.407521+00,Portugal
08c46c2e-615c-4438-b187-b6da355905bd,,2e8ece26-676a-4998-bbd4-c07fa5e49694,United Setúbal BOT,🏆,t,86,2026-05-27 18:08:29.407521+00,2026-05-27 18:08:29.407521+00,Portugal
267976d2-5a56-4a53-9e0e-93ca3f3547c7,,2e8ece26-676a-4998-bbd4-c07fa5e49694,Évora FC BOT,🔥,t,86,2026-05-27 18:08:29.407521+00,2026-05-27 18:08:29.407521+00,Portugal
4bd97227-cfb1-4fa7-8fa5-19030169b684,,2e8ece26-676a-4998-bbd4-c07fa5e49694,City Viseu BOT,🛡️,t,86,2026-05-27 18:08:29.407521+00,2026-05-27 18:08:29.407521+00,Portugal
90ca9503-9fa4-4bc6-b47e-f5ce22f9b3c8,,2e8ece26-676a-4998-bbd4-c07fa5e49694,Guimarães Athletic BOT,🐉,t,86,2026-05-27 18:08:29.407521+00,2026-05-27 18:08:29.407521+00,Portugal
13a83aa6-f1f0-46a3-aa31-82cc4ba0cc8e,,2e8ece26-676a-4998-bbd4-c07fa5e49694,Wanderers Leiria BOT,🐘,t,86,2026-05-27 18:08:29.407521+00,2026-05-27 18:08:29.407521+00,Portugal
fbce30d9-3c12-4229-babb-5df223f86e97,,2e8ece26-676a-4998-bbd4-c07fa5e49694,Beja CF BOT,🐎,t,86,2026-05-27 18:08:29.407521+00,2026-05-27 18:08:29.407521+00,Portugal
0fd634f5-a6b1-4552-896f-4ed482d96e86,,2e8ece26-676a-4998-bbd4-c07fa5e49694,Portimão FC BOT,🐉,t,86,2026-05-27 18:08:29.407521+00,2026-05-27 18:08:29.407521+00,Portugal
b2c968b1-6d42-468f-8213-188157df9b94,,2e8ece26-676a-4998-bbd4-c07fa5e49694,Madeira Athletic BOT,👑,t,86,2026-05-27 18:08:29.407521+00,2026-05-27 18:08:29.407521+00,Portugal
7118a0d8-c3a4-4700-8840-196d602cbab4,,2e8ece26-676a-4998-bbd4-c07fa5e49694,AC Açores BOT,🐂,t,86,2026-05-27 18:08:29.407521+00,2026-05-27 18:08:29.407521+00,Portugal
8610869f-e8f4-401f-accc-9b725f19fd7d,,2e8ece26-676a-4998-bbd4-c07fa5e49694,Lisboa CF BOT,🌟,t,86,2026-05-27 18:08:29.407521+00,2026-05-27 18:08:29.407521+00,Portugal
4232a132-52ab-4a7e-be2e-537cf9c252d6,,2e8ece26-676a-4998-bbd4-c07fa5e49694,CD Porto BOT,🐺,t,86,2026-05-27 18:08:29.407521+00,2026-05-27 18:08:29.407521+00,Portugal
3b99115f-85e1-4030-84f5-693222d4d9c2,,64c7f702-f2e2-4987-b82a-9d550d446f2e,Buenos Aires CF BOT,🦈,t,86,2026-05-27 18:08:29.407521+00,2026-05-27 18:08:29.407521+00,Argentina
4de337ca-c295-402c-8330-0913de6cb119,,64c7f702-f2e2-4987-b82a-9d550d446f2e,Atlético Córdoba BOT,🐘,t,86,2026-05-27 18:08:29.407521+00,2026-05-27 18:08:29.407521+00,Argentina
ec81d16d-46d5-4a41-822e-19576a5d65d8,,64c7f702-f2e2-4987-b82a-9d550d446f2e,Rosario FC BOT,⚔️,t,86,2026-05-27 18:08:29.407521+00,2026-05-27 18:08:29.407521+00,Argentina
d32cb159-b965-4d90-a70b-d54c58f81959,,80a3131f-a6b1-4937-94eb-2d3581d8bc4b,Itália Bot 41,,t,71,2026-05-11 03:29:18.471288+00,2026-05-11 03:29:18.471288+00,Itália
a9b0434b-ca9a-4a02-b6e2-d5448b23d29a,,80a3131f-a6b1-4937-94eb-2d3581d8bc4b,Itália Bot 42,,t,50,2026-05-11 03:29:18.471288+00,2026-05-11 03:29:18.471288+00,Itália
f527c023-77aa-4a82-8525-d385378850e5,,80a3131f-a6b1-4937-94eb-2d3581d8bc4b,Itália Bot 43,,t,79,2026-05-11 03:29:18.471288+00,2026-05-11 03:29:18.471288+00,Itália
a55a518d-6ee2-4fb3-bba9-c21d438fb16f,,80a3131f-a6b1-4937-94eb-2d3581d8bc4b,Itália Bot 44,,t,60,2026-05-11 03:29:18.471288+00,2026-05-11 03:29:18.471288+00,Itália
8f9b9eed-a874-4682-99de-b7fd12ab5b7c,,80a3131f-a6b1-4937-94eb-2d3581d8bc4b,Itália Bot 45,,t,54,2026-05-11 03:29:18.471288+00,2026-05-11 03:29:18.471288+00,Itália
59bc4b30-7941-4374-bf0f-ea5051a1711f,,80a3131f-a6b1-4937-94eb-2d3581d8bc4b,Itália Bot 46,,t,79,2026-05-11 03:29:18.471288+00,2026-05-11 03:29:18.471288+00,Itália
9fc0cd02-b2bc-462a-95c5-82549174d004,,80a3131f-a6b1-4937-94eb-2d3581d8bc4b,Itália Bot 47,,t,76,2026-05-11 03:29:18.471288+00,2026-05-11 03:29:18.471288+00,Itália
44a95bff-c66c-4f83-8fbe-38a7c63afba1,,80a3131f-a6b1-4937-94eb-2d3581d8bc4b,Itália Bot 48,,t,69,2026-05-11 03:29:18.471288+00,2026-05-11 03:29:18.471288+00,Itália
ed75d22a-aa9a-44ae-9b02-6387a8a83c57,,80a3131f-a6b1-4937-94eb-2d3581d8bc4b,Itália Bot 49,,t,53,2026-05-11 03:29:18.471288+00,2026-05-11 03:29:18.471288+00,Itália
5aa3af65-9dc9-4aed-acef-e6f22e168247,,80a3131f-a6b1-4937-94eb-2d3581d8bc4b,Itália Bot 50,,t,53,2026-05-11 03:29:18.471288+00,2026-05-11 03:29:18.471288+00,Itália
949767e5-91ba-4fcc-8128-0b13c6ef8ad3,,80a3131f-a6b1-4937-94eb-2d3581d8bc4b,Itália Bot 51,,t,64,2026-05-11 03:29:18.471288+00,2026-05-11 03:29:18.471288+00,Itália
ece9e5f7-5b3f-4089-a122-201e17b1a19e,,80a3131f-a6b1-4937-94eb-2d3581d8bc4b,Itália Bot 52,,t,51,2026-05-11 03:29:18.471288+00,2026-05-11 03:29:18.471288+00,Itália
af3cdf1b-cdfc-404a-92b8-0ac7c7d840e2,,80a3131f-a6b1-4937-94eb-2d3581d8bc4b,Itália Bot 53,,t,52,2026-05-11 03:29:18.471288+00,2026-05-11 03:29:18.471288+00,Itália
bb91dfe3-5938-4d42-bd53-dc38ccb970be,,80a3131f-a6b1-4937-94eb-2d3581d8bc4b,Itália Bot 54,,t,73,2026-05-11 03:29:18.471288+00,2026-05-11 03:29:18.471288+00,Itália
f3781410-9555-4e4f-a575-0ccd6ca3b4d6,,80a3131f-a6b1-4937-94eb-2d3581d8bc4b,Itália Bot 55,,t,58,2026-05-11 03:29:18.471288+00,2026-05-11 03:29:18.471288+00,Itália
7e92546e-660f-4a44-940e-975a6e53cf31,,80a3131f-a6b1-4937-94eb-2d3581d8bc4b,Itália Bot 56,,t,67,2026-05-11 03:29:18.471288+00,2026-05-11 03:29:18.471288+00,Itália
d628b1d7-d0b7-4bfd-b626-ce34ef7520b3,,80a3131f-a6b1-4937-94eb-2d3581d8bc4b,Itália Bot 57,,t,67,2026-05-11 03:29:18.471288+00,2026-05-11 03:29:18.471288+00,Itália
1636fd70-7076-4792-8a42-7ac879b76fd3,,80a3131f-a6b1-4937-94eb-2d3581d8bc4b,Itália Bot 58,,t,71,2026-05-11 03:29:18.471288+00,2026-05-11 03:29:18.471288+00,Itália
59bca3ba-6464-4dd3-a0a9-04ca4855343e,,80a3131f-a6b1-4937-94eb-2d3581d8bc4b,Itália Bot 59,,t,68,2026-05-11 03:29:18.471288+00,2026-05-11 03:29:18.471288+00,Itália
dbc4f89e-05de-46d9-8ff5-b9534c13d1e1,,80a3131f-a6b1-4937-94eb-2d3581d8bc4b,Itália Bot 60,,t,51,2026-05-11 03:29:18.471288+00,2026-05-11 03:29:18.471288+00,Itália
16190e00-c137-4aec-bfb1-5f9f1b88554f,,80a3131f-a6b1-4937-94eb-2d3581d8bc4b,Itália Bot 61,,t,78,2026-05-11 03:29:18.471288+00,2026-05-11 03:29:18.471288+00,Itália
1386dbf7-7c83-49e2-b7c2-2b61bd21c0b9,,80a3131f-a6b1-4937-94eb-2d3581d8bc4b,Itália Bot 62,,t,66,2026-05-11 03:29:18.471288+00,2026-05-11 03:29:18.471288+00,Itália
392cb7d4-ae35-4174-983b-13c8cdb1ff6c,,80a3131f-a6b1-4937-94eb-2d3581d8bc4b,Itália Bot 63,,t,57,2026-05-11 03:29:18.471288+00,2026-05-11 03:29:18.471288+00,Itália
93fe1134-2ee3-4b13-bd79-8c7be822daca,,80a3131f-a6b1-4937-94eb-2d3581d8bc4b,Itália Bot 64,,t,78,2026-05-11 03:29:18.471288+00,2026-05-11 03:29:18.471288+00,Itália
f16d6737-fc8a-4c31-b528-12a48ba63e7a,,964f7ec5-ecdc-4294-bfe9-719a6557722a,Flamengo,,t,56,2026-05-11 03:29:18.471288+00,2026-05-11 03:29:18.471288+00,Portugal
0754a30f-728f-401c-a45a-964db5af01d9,,964f7ec5-ecdc-4294-bfe9-719a6557722a,Palmeiras,,t,64,2026-05-11 03:29:18.471288+00,2026-05-11 03:29:18.471288+00,Portugal
75c35305-2e4b-40f2-9867-ed49edbb7165,,964f7ec5-ecdc-4294-bfe9-719a6557722a,São Paulo,,t,78,2026-05-11 03:29:18.471288+00,2026-05-11 03:29:18.471288+00,Portugal
250d0c81-8582-46a4-adcf-0d24381bd491,,964f7ec5-ecdc-4294-bfe9-719a6557722a,Portugal Bot 4,,t,58,2026-05-11 03:29:18.471288+00,2026-05-11 03:29:18.471288+00,Portugal
cf661a69-fc4a-4a48-8e77-0eb72a743fee,,964f7ec5-ecdc-4294-bfe9-719a6557722a,Portugal Bot 5,,t,53,2026-05-11 03:29:18.471288+00,2026-05-11 03:29:18.471288+00,Portugal
feaf846b-0406-4756-81dc-099283740539,,964f7ec5-ecdc-4294-bfe9-719a6557722a,Portugal Bot 6,,t,67,2026-05-11 03:29:18.471288+00,2026-05-11 03:29:18.471288+00,Portugal
585482e6-0c94-4f9c-a872-d90a10bbe7e2,,964f7ec5-ecdc-4294-bfe9-719a6557722a,Portugal Bot 7,,t,73,2026-05-11 03:29:18.471288+00,2026-05-11 03:29:18.471288+00,Portugal
9e031364-b4d2-48ab-9a84-c9c0013b204d,,964f7ec5-ecdc-4294-bfe9-719a6557722a,Portugal Bot 8,,t,64,2026-05-11 03:29:18.471288+00,2026-05-11 03:29:18.471288+00,Portugal
ea1896f0-0999-4146-ace8-0696276cf2fa,,964f7ec5-ecdc-4294-bfe9-719a6557722a,Portugal Bot 9,,t,55,2026-05-11 03:29:18.471288+00,2026-05-11 03:29:18.471288+00,Portugal
12adc4f7-fb79-475e-aa00-9294880c9c63,,964f7ec5-ecdc-4294-bfe9-719a6557722a,Flamengo,,t,60,2026-05-11 03:29:18.471288+00,2026-05-11 03:29:18.471288+00,Portugal
dc4e1488-ac9b-4bfa-a2f0-a92db890e6a6,,964f7ec5-ecdc-4294-bfe9-719a6557722a,Flamengo,,t,52,2026-05-11 03:29:18.471288+00,2026-05-11 03:29:18.471288+00,Portugal
8ebf8bd1-85bb-4ece-90ff-39f7200a5e63,,964f7ec5-ecdc-4294-bfe9-719a6557722a,Flamengo,,t,58,2026-05-11 03:29:18.471288+00,2026-05-11 03:29:18.471288+00,Portugal
ac426785-6e5f-4e60-946d-f06d9c177eb0,,964f7ec5-ecdc-4294-bfe9-719a6557722a,Flamengo,,t,78,2026-05-11 03:29:18.471288+00,2026-05-11 03:29:18.471288+00,Portugal
44e970ba-b5d9-4dfd-80df-44763508f561,,964f7ec5-ecdc-4294-bfe9-719a6557722a,Flamengo,,t,59,2026-05-11 03:29:18.471288+00,2026-05-11 03:29:18.471288+00,Portugal
65e3c682-da96-4f8e-be2b-25f71217e940,,964f7ec5-ecdc-4294-bfe9-719a6557722a,Flamengo,,t,68,2026-05-11 03:29:18.471288+00,2026-05-11 03:29:18.471288+00,Portugal
62710cc5-f2d8-4386-8192-4605a28ce6c7,,964f7ec5-ecdc-4294-bfe9-719a6557722a,Flamengo,,t,51,2026-05-11 03:29:18.471288+00,2026-05-11 03:29:18.471288+00,Portugal
f3870b4e-99f6-4d4f-b33d-327316c379e4,,964f7ec5-ecdc-4294-bfe9-719a6557722a,Flamengo,,t,51,2026-05-11 03:29:18.471288+00,2026-05-11 03:29:18.471288+00,Portugal
5e9682f2-680d-494c-9080-20ac9b1570cf,,964f7ec5-ecdc-4294-bfe9-719a6557722a,Flamengo,,t,72,2026-05-11 03:29:18.471288+00,2026-05-11 03:29:18.471288+00,Portugal
fdd08304-bc2f-4230-bc56-e5a3e48f8994,,964f7ec5-ecdc-4294-bfe9-719a6557722a,Flamengo,,t,59,2026-05-11 03:29:18.471288+00,2026-05-11 03:29:18.471288+00,Portugal
3742fe39-5e0e-42aa-9d79-fe60ce8cd993,,964f7ec5-ecdc-4294-bfe9-719a6557722a,Palmeiras,,t,64,2026-05-11 03:29:18.471288+00,2026-05-11 03:29:18.471288+00,Portugal
3dee24b7-3c9c-47fa-bcd3-ffc804f08f8b,,964f7ec5-ecdc-4294-bfe9-719a6557722a,Palmeiras,,t,75,2026-05-11 03:29:18.471288+00,2026-05-11 03:29:18.471288+00,Portugal
cc7e1ee8-a873-4b4d-9988-be123989a125,,964f7ec5-ecdc-4294-bfe9-719a6557722a,Palmeiras,,t,58,2026-05-11 03:29:18.471288+00,2026-05-11 03:29:18.471288+00,Portugal
9c1f9afb-b3c2-4c88-afc9-5cbad164aa7e,,964f7ec5-ecdc-4294-bfe9-719a6557722a,Palmeiras,,t,73,2026-05-11 03:29:18.471288+00,2026-05-11 03:29:18.471288+00,Portugal
5ff42802-6a33-45fc-8904-2dbcc88db170,,964f7ec5-ecdc-4294-bfe9-719a6557722a,Palmeiras,,t,73,2026-05-11 03:29:18.471288+00,2026-05-11 03:29:18.471288+00,Portugal
a164ad61-8439-4c2d-ad3d-6a9254d04d36,,964f7ec5-ecdc-4294-bfe9-719a6557722a,Palmeiras,,t,66,2026-05-11 03:29:18.471288+00,2026-05-11 03:29:18.471288+00,Portugal
58fadbe9-e6cf-4db3-b6a1-315edfc3941a,,964f7ec5-ecdc-4294-bfe9-719a6557722a,Palmeiras,,t,72,2026-05-11 03:29:18.471288+00,2026-05-11 03:29:18.471288+00,Portugal
1b9b5aa5-9be7-4f6a-8c93-f40ec1dadf96,,964f7ec5-ecdc-4294-bfe9-719a6557722a,Palmeiras,,t,67,2026-05-11 03:29:18.471288+00,2026-05-11 03:29:18.471288+00,Portugal
759388a7-825f-4c80-9610-4fa9e1731cab,,964f7ec5-ecdc-4294-bfe9-719a6557722a,Palmeiras,,t,73,2026-05-11 03:29:18.471288+00,2026-05-11 03:29:18.471288+00,Portugal
67ef5164-6bf6-4a06-8c2d-04558c5596ab,,964f7ec5-ecdc-4294-bfe9-719a6557722a,Palmeiras,,t,51,2026-05-11 03:29:18.471288+00,2026-05-11 03:29:18.471288+00,Portugal
9b07410a-5cd7-40cd-9c61-faa9824efdd1,,964f7ec5-ecdc-4294-bfe9-719a6557722a,São Paulo,,t,66,2026-05-11 03:29:18.471288+00,2026-05-11 03:29:18.471288+00,Portugal
2d8bfaba-2886-4b51-a9e9-56546d9070e6,,964f7ec5-ecdc-4294-bfe9-719a6557722a,São Paulo,,t,74,2026-05-11 03:29:18.471288+00,2026-05-11 03:29:18.471288+00,Portugal
82d3a303-8682-4ff7-b737-26a11e03fcb8,,964f7ec5-ecdc-4294-bfe9-719a6557722a,São Paulo,,t,75,2026-05-11 03:29:18.471288+00,2026-05-11 03:29:18.471288+00,Portugal
387a383d-decf-4f90-86d8-da4a987b8c69,,964f7ec5-ecdc-4294-bfe9-719a6557722a,São Paulo,,t,55,2026-05-11 03:29:18.471288+00,2026-05-11 03:29:18.471288+00,Portugal
921c935c-002c-4196-9d7e-fe0d99aba4f0,,964f7ec5-ecdc-4294-bfe9-719a6557722a,São Paulo,,t,68,2026-05-11 03:29:18.471288+00,2026-05-11 03:29:18.471288+00,Portugal
3853a4d2-0b0d-416b-a544-e41d786a88ef,,964f7ec5-ecdc-4294-bfe9-719a6557722a,São Paulo,,t,70,2026-05-11 03:29:18.471288+00,2026-05-11 03:29:18.471288+00,Portugal
2837b5ef-4a4a-4232-b4c2-a2f31fc1a4bc,,964f7ec5-ecdc-4294-bfe9-719a6557722a,São Paulo,,t,65,2026-05-11 03:29:18.471288+00,2026-05-11 03:29:18.471288+00,Portugal
9fa3385f-3fa8-4079-b1f5-e3b0c3aab307,,964f7ec5-ecdc-4294-bfe9-719a6557722a,São Paulo,,t,73,2026-05-11 03:29:18.471288+00,2026-05-11 03:29:18.471288+00,Portugal
0350b87d-2994-46c3-aaec-e5bcda0e3dce,,964f7ec5-ecdc-4294-bfe9-719a6557722a,São Paulo,,t,71,2026-05-11 03:29:18.471288+00,2026-05-11 03:29:18.471288+00,Portugal
1b230f16-06a1-49f6-bf0c-161fe6537cc3,,964f7ec5-ecdc-4294-bfe9-719a6557722a,São Paulo,,t,61,2026-05-11 03:29:18.471288+00,2026-05-11 03:29:18.471288+00,Portugal
578dbc6d-b416-4b55-b49d-9e9f2b40e662,,964f7ec5-ecdc-4294-bfe9-719a6557722a,Portugal Bot 40,,t,55,2026-05-11 03:29:18.471288+00,2026-05-11 03:29:18.471288+00,Portugal
bff6fcf4-422a-45e6-8224-ddd8b563ae2a,,964f7ec5-ecdc-4294-bfe9-719a6557722a,Portugal Bot 41,,t,51,2026-05-11 03:29:18.471288+00,2026-05-11 03:29:18.471288+00,Portugal
51b68b1a-a405-4834-99a4-f5a493a79a06,,964f7ec5-ecdc-4294-bfe9-719a6557722a,Portugal Bot 42,,t,57,2026-05-11 03:29:18.471288+00,2026-05-11 03:29:18.471288+00,Portugal
86d53d5f-cc1d-4d04-9bc5-81b8637397c4,,964f7ec5-ecdc-4294-bfe9-719a6557722a,Portugal Bot 43,,t,54,2026-05-11 03:29:18.471288+00,2026-05-11 03:29:18.471288+00,Portugal
4e71892f-530e-451d-b038-5bb7302e7e7a,,964f7ec5-ecdc-4294-bfe9-719a6557722a,Portugal Bot 44,,t,74,2026-05-11 03:29:18.471288+00,2026-05-11 03:29:18.471288+00,Portugal
2c6a2696-39f0-4aa0-b878-87b4047a58e4,,964f7ec5-ecdc-4294-bfe9-719a6557722a,Portugal Bot 45,,t,65,2026-05-11 03:29:18.471288+00,2026-05-11 03:29:18.471288+00,Portugal
333d6c15-1b30-42ed-87f4-817e5b15bbd8,,964f7ec5-ecdc-4294-bfe9-719a6557722a,Portugal Bot 46,,t,66,2026-05-11 03:29:18.471288+00,2026-05-11 03:29:18.471288+00,Portugal
d0c756fb-f6c0-4e54-a5a2-c8a8dc28d503,,964f7ec5-ecdc-4294-bfe9-719a6557722a,Portugal Bot 47,,t,65,2026-05-11 03:29:18.471288+00,2026-05-11 03:29:18.471288+00,Portugal
efa70a31-fe7e-49b7-a658-61caf4f58708,,964f7ec5-ecdc-4294-bfe9-719a6557722a,Portugal Bot 48,,t,79,2026-05-11 03:29:18.471288+00,2026-05-11 03:29:18.471288+00,Portugal
6249592a-6a2d-4791-b583-8b5041abec09,,964f7ec5-ecdc-4294-bfe9-719a6557722a,Portugal Bot 49,,t,69,2026-05-11 03:29:18.471288+00,2026-05-11 03:29:18.471288+00,Portugal
fbf3ddec-9ddf-4a27-9e43-2e0d01d69b32,,964f7ec5-ecdc-4294-bfe9-719a6557722a,Portugal Bot 50,,t,65,2026-05-11 03:29:18.471288+00,2026-05-11 03:29:18.471288+00,Portugal
d00f1b92-011d-4972-9a32-c94623c136b5,,964f7ec5-ecdc-4294-bfe9-719a6557722a,Portugal Bot 51,,t,53,2026-05-11 03:29:18.471288+00,2026-05-11 03:29:18.471288+00,Portugal
c0e6dddf-6f1b-4407-bb9a-51b700bb1982,,964f7ec5-ecdc-4294-bfe9-719a6557722a,Portugal Bot 52,,t,55,2026-05-11 03:29:18.471288+00,2026-05-11 03:29:18.471288+00,Portugal
77995823-54a2-4b0f-afd5-8751072efc5c,,964f7ec5-ecdc-4294-bfe9-719a6557722a,Portugal Bot 53,,t,65,2026-05-11 03:29:18.471288+00,2026-05-11 03:29:18.471288+00,Portugal
b8a86c70-bf29-4add-b379-bc5e70d58486,,964f7ec5-ecdc-4294-bfe9-719a6557722a,Portugal Bot 54,,t,59,2026-05-11 03:29:18.471288+00,2026-05-11 03:29:18.471288+00,Portugal
f3713807-7266-4ac2-8ce9-3e5e3784e30a,,964f7ec5-ecdc-4294-bfe9-719a6557722a,Portugal Bot 55,,t,79,2026-05-11 03:29:18.471288+00,2026-05-11 03:29:18.471288+00,Portugal
55ba714f-612f-4f23-a1c3-fa28f2ef41c8,,964f7ec5-ecdc-4294-bfe9-719a6557722a,Portugal Bot 56,,t,73,2026-05-11 03:29:18.471288+00,2026-05-11 03:29:18.471288+00,Portugal
ac772224-919a-49af-8de2-bd2780c23b10,,964f7ec5-ecdc-4294-bfe9-719a6557722a,Portugal Bot 57,,t,72,2026-05-11 03:29:18.471288+00,2026-05-11 03:29:18.471288+00,Portugal
1af63f7e-3bde-447b-bf84-208d93cb1c63,,964f7ec5-ecdc-4294-bfe9-719a6557722a,Portugal Bot 58,,t,56,2026-05-11 03:29:18.471288+00,2026-05-11 03:29:18.471288+00,Portugal
e199eae0-1bde-42f5-897a-ad4f86e590ad,,964f7ec5-ecdc-4294-bfe9-719a6557722a,Portugal Bot 59,,t,67,2026-05-11 03:29:18.471288+00,2026-05-11 03:29:18.471288+00,Portugal
0a97506d-5a83-4910-b895-8f31ea371212,,964f7ec5-ecdc-4294-bfe9-719a6557722a,Portugal Bot 60,,t,60,2026-05-11 03:29:18.471288+00,2026-05-11 03:29:18.471288+00,Portugal
0d6fa166-0c2d-49d9-92f6-01946017e35a,,964f7ec5-ecdc-4294-bfe9-719a6557722a,Portugal Bot 61,,t,79,2026-05-11 03:29:18.471288+00,2026-05-11 03:29:18.471288+00,Portugal
df4b1896-5a30-42be-af60-8210457a4bec,,964f7ec5-ecdc-4294-bfe9-719a6557722a,Portugal Bot 62,,t,50,2026-05-11 03:29:18.471288+00,2026-05-11 03:29:18.471288+00,Portugal
13cdd14d-3aad-4c5a-be6b-2fce60ed7945,,964f7ec5-ecdc-4294-bfe9-719a6557722a,Portugal Bot 63,,t,78,2026-05-11 03:29:18.471288+00,2026-05-11 03:29:18.471288+00,Portugal
3c99b973-8fc3-443d-a7ed-e46fad52eaa4,,964f7ec5-ecdc-4294-bfe9-719a6557722a,Portugal Bot 64,,t,55,2026-05-11 03:29:18.471288+00,2026-05-11 03:29:18.471288+00,Portugal
708a6bea-a054-49ea-a2a0-7d423e8b6e19,,9aae628c-fe5d-4c4b-a20d-ac978d00b3a6,Flamengo,,t,68,2026-05-11 03:29:18.471288+00,2026-05-11 03:29:18.471288+00,Inglaterra
38dd072c-fd87-4bb7-aad3-f21218cacc7f,,9aae628c-fe5d-4c4b-a20d-ac978d00b3a6,Palmeiras,,t,73,2026-05-11 03:29:18.471288+00,2026-05-11 03:29:18.471288+00,Inglaterra
bddac3a2-4334-45e8-9cd5-8bfcee924f53,,9aae628c-fe5d-4c4b-a20d-ac978d00b3a6,São Paulo,,t,78,2026-05-11 03:29:18.471288+00,2026-05-11 03:29:18.471288+00,Inglaterra
77c07339-55b5-46a3-bbd7-1370625a6cf3,,9aae628c-fe5d-4c4b-a20d-ac978d00b3a6,Inglaterra Bot 4,,t,52,2026-05-11 03:29:18.471288+00,2026-05-11 03:29:18.471288+00,Inglaterra
db839460-4fa1-43f8-9475-83fe6bcbd773,,9aae628c-fe5d-4c4b-a20d-ac978d00b3a6,Inglaterra Bot 5,,t,58,2026-05-11 03:29:18.471288+00,2026-05-11 03:29:18.471288+00,Inglaterra
77c1be40-ee9f-4f42-8586-8c673d7de96e,,9aae628c-fe5d-4c4b-a20d-ac978d00b3a6,Inglaterra Bot 6,,t,71,2026-05-11 03:29:18.471288+00,2026-05-11 03:29:18.471288+00,Inglaterra
bb500ff3-7022-41b9-99ee-4474ed493b18,,9aae628c-fe5d-4c4b-a20d-ac978d00b3a6,Inglaterra Bot 7,,t,66,2026-05-11 03:29:18.471288+00,2026-05-11 03:29:18.471288+00,Inglaterra
65f6f25d-50c3-4f55-9586-38fad043d7fd,,9aae628c-fe5d-4c4b-a20d-ac978d00b3a6,Inglaterra Bot 8,,t,53,2026-05-11 03:29:18.471288+00,2026-05-11 03:29:18.471288+00,Inglaterra
bbe1ba48-6aab-4392-afac-f74629937390,,9aae628c-fe5d-4c4b-a20d-ac978d00b3a6,Inglaterra Bot 9,,t,59,2026-05-11 03:29:18.471288+00,2026-05-11 03:29:18.471288+00,Inglaterra
5be26380-e0f8-41a2-a0f3-f69c6e3db57f,,9aae628c-fe5d-4c4b-a20d-ac978d00b3a6,Flamengo,,t,74,2026-05-11 03:29:18.471288+00,2026-05-11 03:29:18.471288+00,Inglaterra
7ad7bdce-336e-4b68-bcd0-18b9e911f919,,9aae628c-fe5d-4c4b-a20d-ac978d00b3a6,Flamengo,,t,61,2026-05-11 03:29:18.471288+00,2026-05-11 03:29:18.471288+00,Inglaterra
6eb1798e-59d7-4c98-9d08-722e1abc2993,,9aae628c-fe5d-4c4b-a20d-ac978d00b3a6,Flamengo,,t,74,2026-05-11 03:29:18.471288+00,2026-05-11 03:29:18.471288+00,Inglaterra
06487a77-e3fe-4f2f-b318-92b4c19193a8,,9aae628c-fe5d-4c4b-a20d-ac978d00b3a6,Flamengo,,t,52,2026-05-11 03:29:18.471288+00,2026-05-11 03:29:18.471288+00,Inglaterra
4d9d6565-995d-43b0-9cd3-210ec10e198e,,9aae628c-fe5d-4c4b-a20d-ac978d00b3a6,Flamengo,,t,79,2026-05-11 03:29:18.471288+00,2026-05-11 03:29:18.471288+00,Inglaterra
237f1cc6-a446-4ee0-a66f-2b751b60a89a,,9aae628c-fe5d-4c4b-a20d-ac978d00b3a6,Flamengo,,t,73,2026-05-11 03:29:18.471288+00,2026-05-11 03:29:18.471288+00,Inglaterra
a36e75c7-b78c-4244-a2f6-c954543cb4f7,,9aae628c-fe5d-4c4b-a20d-ac978d00b3a6,Flamengo,,t,79,2026-05-11 03:29:18.471288+00,2026-05-11 03:29:18.471288+00,Inglaterra
bf87d9e5-a845-4fae-bbe9-167ec1788d91,,9aae628c-fe5d-4c4b-a20d-ac978d00b3a6,Flamengo,,t,79,2026-05-11 03:29:18.471288+00,2026-05-11 03:29:18.471288+00,Inglaterra
a9771059-dbd0-4c33-8254-3aaf14885c9c,,9aae628c-fe5d-4c4b-a20d-ac978d00b3a6,Flamengo,,t,78,2026-05-11 03:29:18.471288+00,2026-05-11 03:29:18.471288+00,Inglaterra
dba149bf-a1f1-43cc-af05-c455da75d115,,9aae628c-fe5d-4c4b-a20d-ac978d00b3a6,Flamengo,,t,75,2026-05-11 03:29:18.471288+00,2026-05-11 03:29:18.471288+00,Inglaterra
5d8606ac-4c37-4a2b-8c05-11cd052f3e66,,9aae628c-fe5d-4c4b-a20d-ac978d00b3a6,Palmeiras,,t,74,2026-05-11 03:29:18.471288+00,2026-05-11 03:29:18.471288+00,Inglaterra
2c8df76c-a28d-4753-b794-9bb1b5a7f162,,9aae628c-fe5d-4c4b-a20d-ac978d00b3a6,Palmeiras,,t,70,2026-05-11 03:29:18.471288+00,2026-05-11 03:29:18.471288+00,Inglaterra
ad703211-2cf4-4146-9945-1183a37ad515,,9aae628c-fe5d-4c4b-a20d-ac978d00b3a6,Palmeiras,,t,53,2026-05-11 03:29:18.471288+00,2026-05-11 03:29:18.471288+00,Inglaterra
d15a1705-2a36-46a8-aec8-8913c3919e58,,9aae628c-fe5d-4c4b-a20d-ac978d00b3a6,Palmeiras,,t,58,2026-05-11 03:29:18.471288+00,2026-05-11 03:29:18.471288+00,Inglaterra
8d70275e-8328-4b91-a62a-bc43b77f67b6,,9aae628c-fe5d-4c4b-a20d-ac978d00b3a6,Palmeiras,,t,73,2026-05-11 03:29:18.471288+00,2026-05-11 03:29:18.471288+00,Inglaterra
11df1949-ea85-4eeb-b986-eff923672557,,9aae628c-fe5d-4c4b-a20d-ac978d00b3a6,Palmeiras,,t,79,2026-05-11 03:29:18.471288+00,2026-05-11 03:29:18.471288+00,Inglaterra
773f8368-4f9b-4371-8bdc-ccab5255e128,,9aae628c-fe5d-4c4b-a20d-ac978d00b3a6,Palmeiras,,t,64,2026-05-11 03:29:18.471288+00,2026-05-11 03:29:18.471288+00,Inglaterra
ce699a0d-2455-40a6-b2d7-8cabe87825db,,9aae628c-fe5d-4c4b-a20d-ac978d00b3a6,Palmeiras,,t,60,2026-05-11 03:29:18.471288+00,2026-05-11 03:29:18.471288+00,Inglaterra
a756525a-3319-47f9-a75c-8c690e600108,,9aae628c-fe5d-4c4b-a20d-ac978d00b3a6,Palmeiras,,t,50,2026-05-11 03:29:18.471288+00,2026-05-11 03:29:18.471288+00,Inglaterra
d41ad6dd-04e9-4f5e-a0a5-0f8e78122df2,,9aae628c-fe5d-4c4b-a20d-ac978d00b3a6,Palmeiras,,t,51,2026-05-11 03:29:18.471288+00,2026-05-11 03:29:18.471288+00,Inglaterra
d4d9801e-2c33-4f46-a3b9-11823afe3c52,,9aae628c-fe5d-4c4b-a20d-ac978d00b3a6,São Paulo,,t,62,2026-05-11 03:29:18.471288+00,2026-05-11 03:29:18.471288+00,Inglaterra
802bebc4-4a2d-4e1b-92be-d897404d91a2,,9aae628c-fe5d-4c4b-a20d-ac978d00b3a6,São Paulo,,t,56,2026-05-11 03:29:18.471288+00,2026-05-11 03:29:18.471288+00,Inglaterra
ad9105d8-6b80-4bf5-b606-9f751ccbc673,,9aae628c-fe5d-4c4b-a20d-ac978d00b3a6,São Paulo,,t,70,2026-05-11 03:29:18.471288+00,2026-05-11 03:29:18.471288+00,Inglaterra
949d2c89-7233-4568-93ca-d9c731422caf,,9aae628c-fe5d-4c4b-a20d-ac978d00b3a6,São Paulo,,t,72,2026-05-11 03:29:18.471288+00,2026-05-11 03:29:18.471288+00,Inglaterra
1af5786a-f297-4d43-8bb2-e7e016fbf81a,,9aae628c-fe5d-4c4b-a20d-ac978d00b3a6,São Paulo,,t,71,2026-05-11 03:29:18.471288+00,2026-05-11 03:29:18.471288+00,Inglaterra
60410f7e-3f3a-405e-a814-fc3db81afa52,,9aae628c-fe5d-4c4b-a20d-ac978d00b3a6,São Paulo,,t,72,2026-05-11 03:29:18.471288+00,2026-05-11 03:29:18.471288+00,Inglaterra
b8ad696a-a426-49c2-bdc8-b01793b4210c,,9aae628c-fe5d-4c4b-a20d-ac978d00b3a6,São Paulo,,t,58,2026-05-11 03:29:18.471288+00,2026-05-11 03:29:18.471288+00,Inglaterra
872cf372-7e96-4aee-a2ba-f694f257a0a7,,9aae628c-fe5d-4c4b-a20d-ac978d00b3a6,São Paulo,,t,53,2026-05-11 03:29:18.471288+00,2026-05-11 03:29:18.471288+00,Inglaterra
67b44376-00d2-46c6-bba2-27560ee476be,,9aae628c-fe5d-4c4b-a20d-ac978d00b3a6,São Paulo,,t,79,2026-05-11 03:29:18.471288+00,2026-05-11 03:29:18.471288+00,Inglaterra
ae542d6a-cde6-4951-a156-62a013f9712c,,9aae628c-fe5d-4c4b-a20d-ac978d00b3a6,São Paulo,,t,72,2026-05-11 03:29:18.471288+00,2026-05-11 03:29:18.471288+00,Inglaterra
78c5a96a-0ef8-43c4-b5d6-cd7fc0d74f66,,9aae628c-fe5d-4c4b-a20d-ac978d00b3a6,Inglaterra Bot 40,,t,56,2026-05-11 03:29:18.471288+00,2026-05-11 03:29:18.471288+00,Inglaterra
23741cad-693f-4b23-be85-11a8750a20a7,,9aae628c-fe5d-4c4b-a20d-ac978d00b3a6,Inglaterra Bot 41,,t,73,2026-05-11 03:29:18.471288+00,2026-05-11 03:29:18.471288+00,Inglaterra
d2a1744a-8377-443f-8c37-1f68bbb2c4da,,9aae628c-fe5d-4c4b-a20d-ac978d00b3a6,Inglaterra Bot 42,,t,51,2026-05-11 03:29:18.471288+00,2026-05-11 03:29:18.471288+00,Inglaterra
aa2c3270-5656-4939-be3d-96e080b9fd21,,9aae628c-fe5d-4c4b-a20d-ac978d00b3a6,Inglaterra Bot 43,,t,62,2026-05-11 03:29:18.471288+00,2026-05-11 03:29:18.471288+00,Inglaterra
0be6c81e-1451-48fe-8471-1f39678612ce,,9aae628c-fe5d-4c4b-a20d-ac978d00b3a6,Inglaterra Bot 44,,t,74,2026-05-11 03:29:18.471288+00,2026-05-11 03:29:18.471288+00,Inglaterra
f3f8ec4f-9900-42ab-93a3-f8f54cea374a,,9aae628c-fe5d-4c4b-a20d-ac978d00b3a6,Inglaterra Bot 45,,t,74,2026-05-11 03:29:18.471288+00,2026-05-11 03:29:18.471288+00,Inglaterra
86e75d5d-31fd-483a-8c1e-3a4e0262a43e,,9aae628c-fe5d-4c4b-a20d-ac978d00b3a6,Inglaterra Bot 46,,t,56,2026-05-11 03:29:18.471288+00,2026-05-11 03:29:18.471288+00,Inglaterra
d01330f7-9f01-4a98-a0ff-774f829f130f,,9aae628c-fe5d-4c4b-a20d-ac978d00b3a6,Inglaterra Bot 47,,t,54,2026-05-11 03:29:18.471288+00,2026-05-11 03:29:18.471288+00,Inglaterra
2af76dab-0f3b-4888-b45a-d82d2ead94b7,,9aae628c-fe5d-4c4b-a20d-ac978d00b3a6,Inglaterra Bot 48,,t,79,2026-05-11 03:29:18.471288+00,2026-05-11 03:29:18.471288+00,Inglaterra
621b10fa-abcb-4afd-a9d9-22abe36cdb32,,9aae628c-fe5d-4c4b-a20d-ac978d00b3a6,Inglaterra Bot 49,,t,50,2026-05-11 03:29:18.471288+00,2026-05-11 03:29:18.471288+00,Inglaterra
6ad8ca44-353e-49bc-8c86-92611c3eb000,,9aae628c-fe5d-4c4b-a20d-ac978d00b3a6,Inglaterra Bot 50,,t,62,2026-05-11 03:29:18.471288+00,2026-05-11 03:29:18.471288+00,Inglaterra
8224e9ed-b09e-445e-b398-67d64f780b01,,9aae628c-fe5d-4c4b-a20d-ac978d00b3a6,Inglaterra Bot 51,,t,66,2026-05-11 03:29:18.471288+00,2026-05-11 03:29:18.471288+00,Inglaterra
33ff8868-a9c5-4d72-9300-3a6dc0608c69,,9aae628c-fe5d-4c4b-a20d-ac978d00b3a6,Inglaterra Bot 52,,t,79,2026-05-11 03:29:18.471288+00,2026-05-11 03:29:18.471288+00,Inglaterra
1945cd3c-6ca2-4218-af62-3ac6e4173ec4,,9aae628c-fe5d-4c4b-a20d-ac978d00b3a6,Inglaterra Bot 53,,t,77,2026-05-11 03:29:18.471288+00,2026-05-11 03:29:18.471288+00,Inglaterra
aff747c7-1fa9-4aa2-8f34-1c899d7201a0,,9aae628c-fe5d-4c4b-a20d-ac978d00b3a6,Inglaterra Bot 54,,t,53,2026-05-11 03:29:18.471288+00,2026-05-11 03:29:18.471288+00,Inglaterra
a75abdce-f606-4a11-be06-eca5e97ba547,,9aae628c-fe5d-4c4b-a20d-ac978d00b3a6,Inglaterra Bot 55,,t,51,2026-05-11 03:29:18.471288+00,2026-05-11 03:29:18.471288+00,Inglaterra
dea22a0f-f51f-4941-924e-af6a8c046ca0,,9aae628c-fe5d-4c4b-a20d-ac978d00b3a6,Inglaterra Bot 56,,t,64,2026-05-11 03:29:18.471288+00,2026-05-11 03:29:18.471288+00,Inglaterra
8067d333-90ca-4c37-83a3-070d01d19f9c,,9aae628c-fe5d-4c4b-a20d-ac978d00b3a6,Inglaterra Bot 57,,t,72,2026-05-11 03:29:18.471288+00,2026-05-11 03:29:18.471288+00,Inglaterra
f798ddf3-cc7e-4192-bf39-ba02037de636,,9aae628c-fe5d-4c4b-a20d-ac978d00b3a6,Inglaterra Bot 58,,t,75,2026-05-11 03:29:18.471288+00,2026-05-11 03:29:18.471288+00,Inglaterra
0ba1e022-1272-40f8-9c21-eb2c763026c0,,9aae628c-fe5d-4c4b-a20d-ac978d00b3a6,Inglaterra Bot 59,,t,76,2026-05-11 03:29:18.471288+00,2026-05-11 03:29:18.471288+00,Inglaterra
265f5197-ea45-4b9e-bd1a-4a7e2c6113bb,,9aae628c-fe5d-4c4b-a20d-ac978d00b3a6,Inglaterra Bot 60,,t,78,2026-05-11 03:29:18.471288+00,2026-05-11 03:29:18.471288+00,Inglaterra
ac71c79d-3be2-4d92-8033-1b27e9536f0b,,9aae628c-fe5d-4c4b-a20d-ac978d00b3a6,Inglaterra Bot 61,,t,63,2026-05-11 03:29:18.471288+00,2026-05-11 03:29:18.471288+00,Inglaterra
0dab71fa-a315-4ee7-bede-923510a32054,,9aae628c-fe5d-4c4b-a20d-ac978d00b3a6,Inglaterra Bot 62,,t,78,2026-05-11 03:29:18.471288+00,2026-05-11 03:29:18.471288+00,Inglaterra
e98b5ea8-9546-4923-8a11-6dc53872fe88,,9aae628c-fe5d-4c4b-a20d-ac978d00b3a6,Inglaterra Bot 63,,t,63,2026-05-11 03:29:18.471288+00,2026-05-11 03:29:18.471288+00,Inglaterra
ec80af92-4794-4554-9053-4869298174c6,,9aae628c-fe5d-4c4b-a20d-ac978d00b3a6,Inglaterra Bot 64,,t,79,2026-05-11 03:29:18.471288+00,2026-05-11 03:29:18.471288+00,Inglaterra
ace884f7-8e93-4515-97a7-58aa0bf1a9ae,,33363f68-fc09-4fc7-941f-4ca6b89d4101,Flamengo,,t,64,2026-05-11 03:29:18.471288+00,2026-05-11 03:29:18.471288+00,França
d7470398-9f93-42f1-92fe-b6a5477382ca,,33363f68-fc09-4fc7-941f-4ca6b89d4101,Palmeiras,,t,51,2026-05-11 03:29:18.471288+00,2026-05-11 03:29:18.471288+00,França
1e56961e-d0f2-4ce6-af3d-e2023eb7e741,,33363f68-fc09-4fc7-941f-4ca6b89d4101,São Paulo,,t,63,2026-05-11 03:29:18.471288+00,2026-05-11 03:29:18.471288+00,França
43fd9437-a87f-49fb-8176-b0b8470abb78,,33363f68-fc09-4fc7-941f-4ca6b89d4101,França Bot 4,,t,58,2026-05-11 03:29:18.471288+00,2026-05-11 03:29:18.471288+00,França
78fe978a-a63c-4cba-99b2-1583bcfc0af4,,33363f68-fc09-4fc7-941f-4ca6b89d4101,França Bot 5,,t,67,2026-05-11 03:29:18.471288+00,2026-05-11 03:29:18.471288+00,França
7712b7cf-10c8-4dd3-ae63-5302cb5f9d2d,,33363f68-fc09-4fc7-941f-4ca6b89d4101,França Bot 6,,t,58,2026-05-11 03:29:18.471288+00,2026-05-11 03:29:18.471288+00,França
c9410117-abc8-412b-a1ab-09cac4fb6660,,33363f68-fc09-4fc7-941f-4ca6b89d4101,França Bot 7,,t,50,2026-05-11 03:29:18.471288+00,2026-05-11 03:29:18.471288+00,França
1a211217-a85f-453c-be3f-72f89fe64f94,,33363f68-fc09-4fc7-941f-4ca6b89d4101,França Bot 8,,t,71,2026-05-11 03:29:18.471288+00,2026-05-11 03:29:18.471288+00,França
6147b606-199c-4af7-85f4-ea8f2be56ac8,,33363f68-fc09-4fc7-941f-4ca6b89d4101,França Bot 9,,t,56,2026-05-11 03:29:18.471288+00,2026-05-11 03:29:18.471288+00,França
596f7b57-127f-4538-a43d-4d41e3346f7e,,33363f68-fc09-4fc7-941f-4ca6b89d4101,Flamengo,,t,54,2026-05-11 03:29:18.471288+00,2026-05-11 03:29:18.471288+00,França
00f6f45c-20bc-4d75-88cc-833867973d0c,,33363f68-fc09-4fc7-941f-4ca6b89d4101,Flamengo,,t,57,2026-05-11 03:29:18.471288+00,2026-05-11 03:29:18.471288+00,França
5caadff5-7aa6-45db-9f14-b20f5079ba92,,33363f68-fc09-4fc7-941f-4ca6b89d4101,Flamengo,,t,63,2026-05-11 03:29:18.471288+00,2026-05-11 03:29:18.471288+00,França
8a3b4ebd-c355-43e6-8869-786975db1850,,33363f68-fc09-4fc7-941f-4ca6b89d4101,Flamengo,,t,73,2026-05-11 03:29:18.471288+00,2026-05-11 03:29:18.471288+00,França
d4282946-3b36-4ca3-bdd5-c03fea3a69cd,,33363f68-fc09-4fc7-941f-4ca6b89d4101,Flamengo,,t,79,2026-05-11 03:29:18.471288+00,2026-05-11 03:29:18.471288+00,França
f68cfe89-e560-4fba-9832-fbaca5ee2b61,,33363f68-fc09-4fc7-941f-4ca6b89d4101,Flamengo,,t,72,2026-05-11 03:29:18.471288+00,2026-05-11 03:29:18.471288+00,França
8f74dc80-f1ca-4ff3-922b-b6ac1748ce1a,,33363f68-fc09-4fc7-941f-4ca6b89d4101,Flamengo,,t,66,2026-05-11 03:29:18.471288+00,2026-05-11 03:29:18.471288+00,França
8604f126-75b4-4410-aeb9-16287dc873a7,,33363f68-fc09-4fc7-941f-4ca6b89d4101,Flamengo,,t,58,2026-05-11 03:29:18.471288+00,2026-05-11 03:29:18.471288+00,França
cd2e6027-697c-4f6c-88c4-ce7056bc9bd1,,33363f68-fc09-4fc7-941f-4ca6b89d4101,Flamengo,,t,60,2026-05-11 03:29:18.471288+00,2026-05-11 03:29:18.471288+00,França
5a52821c-780f-41b9-a8d2-c3a2ea06a61d,,33363f68-fc09-4fc7-941f-4ca6b89d4101,Flamengo,,t,79,2026-05-11 03:29:18.471288+00,2026-05-11 03:29:18.471288+00,França
af183d78-bffa-430d-9c6b-374f3b139a85,,33363f68-fc09-4fc7-941f-4ca6b89d4101,Palmeiras,,t,68,2026-05-11 03:29:18.471288+00,2026-05-11 03:29:18.471288+00,França
7c9690f8-303e-4087-af2d-5eebc75533f5,,33363f68-fc09-4fc7-941f-4ca6b89d4101,Palmeiras,,t,71,2026-05-11 03:29:18.471288+00,2026-05-11 03:29:18.471288+00,França
97e4c6aa-fc84-4c8b-a0ed-c36ba8a95900,,33363f68-fc09-4fc7-941f-4ca6b89d4101,Palmeiras,,t,79,2026-05-11 03:29:18.471288+00,2026-05-11 03:29:18.471288+00,França
c48c851a-1be1-412f-bdea-356b3fa1a529,,33363f68-fc09-4fc7-941f-4ca6b89d4101,Palmeiras,,t,69,2026-05-11 03:29:18.471288+00,2026-05-11 03:29:18.471288+00,França
f6b8f21a-77ba-4ca0-9a3d-3cc664690f43,,33363f68-fc09-4fc7-941f-4ca6b89d4101,Palmeiras,,t,57,2026-05-11 03:29:18.471288+00,2026-05-11 03:29:18.471288+00,França
2511a916-0770-4796-b770-05b73ba9c98c,,33363f68-fc09-4fc7-941f-4ca6b89d4101,Palmeiras,,t,62,2026-05-11 03:29:18.471288+00,2026-05-11 03:29:18.471288+00,França
da3feb74-029b-41f7-af66-f268b6c6f931,,33363f68-fc09-4fc7-941f-4ca6b89d4101,Palmeiras,,t,77,2026-05-11 03:29:18.471288+00,2026-05-11 03:29:18.471288+00,França
43ed5a04-6cb5-4213-9077-4e97b8b8a0fd,,33363f68-fc09-4fc7-941f-4ca6b89d4101,Palmeiras,,t,54,2026-05-11 03:29:18.471288+00,2026-05-11 03:29:18.471288+00,França
edc94d93-3ea7-4cf3-ab83-51b8d74e064a,,33363f68-fc09-4fc7-941f-4ca6b89d4101,Palmeiras,,t,51,2026-05-11 03:29:18.471288+00,2026-05-11 03:29:18.471288+00,França
2c81ba2b-e20a-4bad-8af0-2e1a83a2df47,,33363f68-fc09-4fc7-941f-4ca6b89d4101,Palmeiras,,t,72,2026-05-11 03:29:18.471288+00,2026-05-11 03:29:18.471288+00,França
b474327c-b820-4c09-8273-61757231ec73,,33363f68-fc09-4fc7-941f-4ca6b89d4101,São Paulo,,t,67,2026-05-11 03:29:18.471288+00,2026-05-11 03:29:18.471288+00,França
e108b412-9e0a-4b57-939d-f5a85b83dd56,,33363f68-fc09-4fc7-941f-4ca6b89d4101,São Paulo,,t,74,2026-05-11 03:29:18.471288+00,2026-05-11 03:29:18.471288+00,França
a8179faa-0416-4bff-87f8-4f8da1775d0b,,33363f68-fc09-4fc7-941f-4ca6b89d4101,São Paulo,,t,64,2026-05-11 03:29:18.471288+00,2026-05-11 03:29:18.471288+00,França
613b3b72-396d-401f-b43a-23ce7c847ec7,,33363f68-fc09-4fc7-941f-4ca6b89d4101,São Paulo,,t,50,2026-05-11 03:29:18.471288+00,2026-05-11 03:29:18.471288+00,França
eae55379-99bd-4103-92b7-ae4a5148aeb9,,33363f68-fc09-4fc7-941f-4ca6b89d4101,São Paulo,,t,62,2026-05-11 03:29:18.471288+00,2026-05-11 03:29:18.471288+00,França
d0cc37a1-c9f8-4550-bffd-f0fc09dd7309,,33363f68-fc09-4fc7-941f-4ca6b89d4101,São Paulo,,t,68,2026-05-11 03:29:18.471288+00,2026-05-11 03:29:18.471288+00,França
6c1c0c8a-f9b0-4d72-9d04-99a65be3f7e4,,33363f68-fc09-4fc7-941f-4ca6b89d4101,São Paulo,,t,58,2026-05-11 03:29:18.471288+00,2026-05-11 03:29:18.471288+00,França
df107002-5ad9-41ea-a8c2-cf0f23d0dd86,,33363f68-fc09-4fc7-941f-4ca6b89d4101,São Paulo,,t,69,2026-05-11 03:29:18.471288+00,2026-05-11 03:29:18.471288+00,França
004668df-8dd7-44de-8cb0-dde44fbb4abb,,33363f68-fc09-4fc7-941f-4ca6b89d4101,São Paulo,,t,52,2026-05-11 03:29:18.471288+00,2026-05-11 03:29:18.471288+00,França
a95c36e9-a0d3-48e0-b229-16ed4b9fa8f4,,33363f68-fc09-4fc7-941f-4ca6b89d4101,São Paulo,,t,52,2026-05-11 03:29:18.471288+00,2026-05-11 03:29:18.471288+00,França
db6bc0c9-32a2-4e61-9cdb-ff50c26b5779,,33363f68-fc09-4fc7-941f-4ca6b89d4101,França Bot 40,,t,78,2026-05-11 03:29:18.471288+00,2026-05-11 03:29:18.471288+00,França
b6e5c717-8a6f-4cb9-af64-42367c4cd5ab,,33363f68-fc09-4fc7-941f-4ca6b89d4101,França Bot 41,,t,53,2026-05-11 03:29:18.471288+00,2026-05-11 03:29:18.471288+00,França
2bba4b31-3b84-4311-a8f8-76155ba755a0,,33363f68-fc09-4fc7-941f-4ca6b89d4101,França Bot 42,,t,73,2026-05-11 03:29:18.471288+00,2026-05-11 03:29:18.471288+00,França
e785d3c9-2b11-40e6-875d-4e2e2c6d10d8,,33363f68-fc09-4fc7-941f-4ca6b89d4101,França Bot 43,,t,65,2026-05-11 03:29:18.471288+00,2026-05-11 03:29:18.471288+00,França
08b54f25-10ac-440d-900d-ae8c8a9d52b0,,33363f68-fc09-4fc7-941f-4ca6b89d4101,França Bot 44,,t,52,2026-05-11 03:29:18.471288+00,2026-05-11 03:29:18.471288+00,França
670361e6-28cc-483f-a169-f95a31a849c1,,33363f68-fc09-4fc7-941f-4ca6b89d4101,França Bot 45,,t,71,2026-05-11 03:29:18.471288+00,2026-05-11 03:29:18.471288+00,França
1ac7e6d4-aeef-4096-8378-43dbec0a8619,,33363f68-fc09-4fc7-941f-4ca6b89d4101,França Bot 46,,t,52,2026-05-11 03:29:18.471288+00,2026-05-11 03:29:18.471288+00,França
fedc5aa7-73d3-419f-9428-5d600617d7c8,,33363f68-fc09-4fc7-941f-4ca6b89d4101,França Bot 47,,t,74,2026-05-11 03:29:18.471288+00,2026-05-11 03:29:18.471288+00,França
a57c8ea5-f333-4e75-a27a-26189265d5d8,,33363f68-fc09-4fc7-941f-4ca6b89d4101,França Bot 48,,t,56,2026-05-11 03:29:18.471288+00,2026-05-11 03:29:18.471288+00,França
8975c63e-9f2f-48a7-b289-a67a14ba2723,,33363f68-fc09-4fc7-941f-4ca6b89d4101,França Bot 49,,t,64,2026-05-11 03:29:18.471288+00,2026-05-11 03:29:18.471288+00,França
25a64ed8-127c-47c6-b78b-1a07dbb915a5,,33363f68-fc09-4fc7-941f-4ca6b89d4101,França Bot 50,,t,56,2026-05-11 03:29:18.471288+00,2026-05-11 03:29:18.471288+00,França
90b4f962-83bd-4dcf-941b-6aeb89abe648,,33363f68-fc09-4fc7-941f-4ca6b89d4101,França Bot 51,,t,52,2026-05-11 03:29:18.471288+00,2026-05-11 03:29:18.471288+00,França
093cb2fa-1fda-45f0-b6ae-d402b4f6a830,,33363f68-fc09-4fc7-941f-4ca6b89d4101,França Bot 52,,t,66,2026-05-11 03:29:18.471288+00,2026-05-11 03:29:18.471288+00,França
6b50ce8c-7392-4db5-9f7a-a1a9ac443543,,33363f68-fc09-4fc7-941f-4ca6b89d4101,França Bot 53,,t,63,2026-05-11 03:29:18.471288+00,2026-05-11 03:29:18.471288+00,França
667527f6-0735-4784-bdfb-05c7154b4fae,,33363f68-fc09-4fc7-941f-4ca6b89d4101,França Bot 54,,t,75,2026-05-11 03:29:18.471288+00,2026-05-11 03:29:18.471288+00,França
fae51f40-6ff6-4268-a736-fed317cecbcc,,33363f68-fc09-4fc7-941f-4ca6b89d4101,França Bot 55,,t,61,2026-05-11 03:29:18.471288+00,2026-05-11 03:29:18.471288+00,França
6764baf0-e6a8-44ee-af61-3e5f35c1e661,,33363f68-fc09-4fc7-941f-4ca6b89d4101,França Bot 56,,t,68,2026-05-11 03:29:18.471288+00,2026-05-11 03:29:18.471288+00,França
1dfc5930-3b92-4abf-a8aa-6eb8b9d73ab2,,33363f68-fc09-4fc7-941f-4ca6b89d4101,França Bot 57,,t,58,2026-05-11 03:29:18.471288+00,2026-05-11 03:29:18.471288+00,França
f1ba5c12-2a54-4675-ad40-d7c29476aeea,,33363f68-fc09-4fc7-941f-4ca6b89d4101,França Bot 58,,t,77,2026-05-11 03:29:18.471288+00,2026-05-11 03:29:18.471288+00,França
a6ada126-f28a-4cb5-9e42-2df02f4e9ac7,,33363f68-fc09-4fc7-941f-4ca6b89d4101,França Bot 59,,t,69,2026-05-11 03:29:18.471288+00,2026-05-11 03:29:18.471288+00,França
22bc87d5-64e6-4ceb-a183-8cd971a83f36,,33363f68-fc09-4fc7-941f-4ca6b89d4101,França Bot 60,,t,79,2026-05-11 03:29:18.471288+00,2026-05-11 03:29:18.471288+00,França
55694771-af2a-4af5-b057-69a5157adc4a,,33363f68-fc09-4fc7-941f-4ca6b89d4101,França Bot 61,,t,51,2026-05-11 03:29:18.471288+00,2026-05-11 03:29:18.471288+00,França
92803ffc-b28c-4b11-adfd-cdaa1d68960a,,33363f68-fc09-4fc7-941f-4ca6b89d4101,França Bot 62,,t,52,2026-05-11 03:29:18.471288+00,2026-05-11 03:29:18.471288+00,França
68ccc10a-a2da-4588-8bc5-a54363e38e05,,33363f68-fc09-4fc7-941f-4ca6b89d4101,França Bot 63,,t,58,2026-05-11 03:29:18.471288+00,2026-05-11 03:29:18.471288+00,França
f69eb143-d9cf-4c04-a3e2-61aaa64cdcf5,,33363f68-fc09-4fc7-941f-4ca6b89d4101,França Bot 64,,t,70,2026-05-11 03:29:18.471288+00,2026-05-11 03:29:18.471288+00,França
e1fc94b5-ade4-4e17-81e2-49026b5a2a38,,edb83ebc-95c3-4f26-99b3-0b758a5d08c6,Santos,,t,74,2026-05-06 22:09:41.932284+00,2026-05-06 22:09:41.932284+00,Brasil
5e6795fa-b8fb-45ea-a395-cb5b37d41b63,,edb83ebc-95c3-4f26-99b3-0b758a5d08c6,Bahia,,t,68,2026-05-06 22:09:41.932284+00,2026-05-06 22:09:41.932284+00,Brasil
fae5418f-5618-4583-a774-fe4643550fd2,,edb83ebc-95c3-4f26-99b3-0b758a5d08c6,Corinthians,,t,70,2026-05-06 22:09:41.932284+00,2026-05-06 22:09:41.932284+00,Brasil
e0e4ca78-504f-497c-8096-ff4d4e9ee041,dd9fd5b7-074d-4375-a26d-0a2e7c61f47c,edb83ebc-95c3-4f26-99b3-0b758a5d08c6,Meg FC,"",f,65,2026-05-06 22:09:41.932284+00,2026-05-27 14:38:01.881+00,Brasil
f29fadd1-d173-4ab4-a412-0d7cc4aa20d2,,64c7f702-f2e2-4987-b82a-9d550d446f2e,Sporting Mendoza BOT,🏆,t,86,2026-05-27 18:08:29.407521+00,2026-05-27 18:08:29.407521+00,Argentina
8c74f7f0-f5bc-4170-adbc-c0b044828450,,64c7f702-f2e2-4987-b82a-9d550d446f2e,La Plata Athletic BOT,🌟,t,86,2026-05-27 18:08:29.407521+00,2026-05-27 18:08:29.407521+00,Argentina
5b01c2c8-1e67-4f79-8f68-a4af8340126f,,64c7f702-f2e2-4987-b82a-9d550d446f2e,Olympic Mar del Plata BOT,🔥,t,86,2026-05-27 18:08:29.407521+00,2026-05-27 18:08:29.407521+00,Argentina
393d9235-5d36-45f6-98db-cd4966e62e32,,64c7f702-f2e2-4987-b82a-9d550d446f2e,San Miguel CF BOT,🐎,t,86,2026-05-27 18:08:29.407521+00,2026-05-27 18:08:29.407521+00,Argentina
848e1d6b-9a47-4c65-aad2-a6585c807f08,,64c7f702-f2e2-4987-b82a-9d550d446f2e,United Tucumán BOT,🐺,t,86,2026-05-27 18:08:29.407521+00,2026-05-27 18:08:29.407521+00,Argentina
02ab4005-d36c-4fef-90e2-1fb0af790162,,64c7f702-f2e2-4987-b82a-9d550d446f2e,Salta FC BOT,🚀,t,86,2026-05-27 18:08:29.407521+00,2026-05-27 18:08:29.407521+00,Argentina
264b3d8e-9934-4c71-842e-11bca8d2672c,,64c7f702-f2e2-4987-b82a-9d550d446f2e,City Santa Fe BOT,🐺,t,86,2026-05-27 18:08:29.407521+00,2026-05-27 18:08:29.407521+00,Argentina
11c396de-7715-4f28-bb87-d4d775de3abc,,64c7f702-f2e2-4987-b82a-9d550d446f2e,Corrientes Athletic BOT,👑,t,86,2026-05-27 18:08:29.407521+00,2026-05-27 18:08:29.407521+00,Argentina
555f456f-c410-4a44-a5f3-ca5be3880f39,,64c7f702-f2e2-4987-b82a-9d550d446f2e,Posadas CF BOT,🐂,t,86,2026-05-27 18:08:29.407521+00,2026-05-27 18:08:29.407521+00,Argentina
db2da291-7f64-4160-99a5-5ade37b4e344,,64c7f702-f2e2-4987-b82a-9d550d446f2e,FC Bahía Blanca BOT,🚀,t,86,2026-05-27 18:08:29.407521+00,2026-05-27 18:08:29.407521+00,Argentina
a3e33f6a-4994-403b-ae69-97a34844afd4,,64c7f702-f2e2-4987-b82a-9d550d446f2e,Neuquén FC BOT,⚔️,t,86,2026-05-27 18:08:29.407521+00,2026-05-27 18:08:29.407521+00,Argentina
a5c46b29-10ec-4f11-8f60-0a88b4c089de,,64c7f702-f2e2-4987-b82a-9d550d446f2e,Buenos Aires CF BOT,🛡️,t,86,2026-05-27 18:08:29.407521+00,2026-05-27 18:08:29.407521+00,Argentina
332b701f-ad37-4daf-9837-69eb51e795b8,,64c7f702-f2e2-4987-b82a-9d550d446f2e,CD Córdoba BOT,🐅,t,86,2026-05-27 18:08:29.407521+00,2026-05-27 18:08:29.407521+00,Argentina
9a949908-8cf3-4549-a2f2-614c83bf1103,,4a9301d7-f57d-4ca2-ab67-59dbdd450074,Oslo CF BOT,🏰,t,86,2026-05-27 18:08:29.407521+00,2026-05-27 18:08:29.407521+00,Noruega
d1399219-822b-42a6-8b01-abf6b7ab8ccb,,4a9301d7-f57d-4ca2-ab67-59dbdd450074,Atlético Bergen BOT,🏆,t,86,2026-05-27 18:08:29.407521+00,2026-05-27 18:08:29.407521+00,Noruega
fc6dbd8b-8cbc-4049-b024-b19852ace699,,4a9301d7-f57d-4ca2-ab67-59dbdd450074,Sporting Stavanger BOT,🎯,t,86,2026-05-27 18:08:29.407521+00,2026-05-27 18:08:29.407521+00,Noruega
e8afff90-5eb1-4b9a-8e55-b61b7330b0c0,,4a9301d7-f57d-4ca2-ab67-59dbdd450074,Drammen Athletic BOT,🦈,t,86,2026-05-27 18:08:29.407521+00,2026-05-27 18:08:29.407521+00,Noruega
27045fb1-f613-45eb-84af-de7e52e985d2,,4a9301d7-f57d-4ca2-ab67-59dbdd450074,Olympic Fredrikstad BOT,⚽,t,86,2026-05-27 18:08:29.407521+00,2026-05-27 18:08:29.407521+00,Noruega
03a335da-cb48-4530-92d6-66bd42d1927d,,4a9301d7-f57d-4ca2-ab67-59dbdd450074,Kristiansand CF BOT,🎯,t,86,2026-05-27 18:08:29.407521+00,2026-05-27 18:08:29.407521+00,Noruega
ccfc2209-0003-4683-b69b-6c801ba46806,,4a9301d7-f57d-4ca2-ab67-59dbdd450074,Tromsø FC BOT,🐂,t,86,2026-05-27 18:08:29.407521+00,2026-05-27 18:08:29.407521+00,Noruega
a397d7ba-10f2-4938-b369-d9be8c35ce5e,,4a9301d7-f57d-4ca2-ab67-59dbdd450074,City Sarpsborg BOT,🏆,t,86,2026-05-27 18:08:29.407521+00,2026-05-27 18:08:29.407521+00,Noruega
a7137ff6-b865-4739-879b-d4ef8313dbdc,,4a9301d7-f57d-4ca2-ab67-59dbdd450074,Skien Athletic BOT,⚽,t,86,2026-05-27 18:08:29.407521+00,2026-05-27 18:08:29.407521+00,Noruega
48d51f24-c561-44c2-b584-8f2c9f03833a,,4a9301d7-f57d-4ca2-ab67-59dbdd450074,Wanderers Ålesund BOT,🐂,t,86,2026-05-27 18:08:29.407521+00,2026-05-27 18:08:29.407521+00,Noruega
b39feca1-1c41-412f-b395-f87fe616ca1d,,4a9301d7-f57d-4ca2-ab67-59dbdd450074,Sandefjord CF BOT,🐂,t,86,2026-05-27 18:08:29.407521+00,2026-05-27 18:08:29.407521+00,Noruega
761f6151-7c59-4563-809f-5815f97e2adc,,4a9301d7-f57d-4ca2-ab67-59dbdd450074,Tønsberg FC BOT,🐊,t,86,2026-05-27 18:08:29.407521+00,2026-05-27 18:08:29.407521+00,Noruega
2538c4b4-8b22-4d93-813e-14f332d829eb,,4a9301d7-f57d-4ca2-ab67-59dbdd450074,SC Moss BOT,🦌,t,86,2026-05-27 18:08:29.407521+00,2026-05-27 18:08:29.407521+00,Noruega
eee7fbd6-6654-498a-9ff9-f4e4b7696c76,,4a9301d7-f57d-4ca2-ab67-59dbdd450074,Porsgrunn Athletic BOT,🦈,t,86,2026-05-27 18:08:29.407521+00,2026-05-27 18:08:29.407521+00,Noruega
78b62a98-5ca9-46bb-b28b-59feab90086e,,4a9301d7-f57d-4ca2-ab67-59dbdd450074,AC Bodø BOT,🐅,t,86,2026-05-27 18:08:29.407521+00,2026-05-27 18:08:29.407521+00,Noruega
4365f9f4-3ee4-4d65-83b7-9b145a95f4ca,,4a9301d7-f57d-4ca2-ab67-59dbdd450074,CD Bergen BOT,🎯,t,86,2026-05-27 18:08:29.407521+00,2026-05-27 18:08:29.407521+00,Noruega
f53b4a3e-eac7-4e8a-abdb-589516d8ba79,,49a69c34-b1c3-49d0-80a5-70bcc69e6408,United CF BOT,⚔️,t,86,2026-05-27 18:08:29.407521+00,2026-05-27 18:08:29.407521+00,Paraguai
f6406898-d4ec-48ca-8169-3cb8aee72b48,,49a69c34-b1c3-49d0-80a5-70bcc69e6408,Atlético City BOT,🐺,t,86,2026-05-27 18:08:29.407521+00,2026-05-27 18:08:29.407521+00,Paraguai
9e0c92ea-6d6e-447a-8ba1-8df6606dfd01,,49a69c34-b1c3-49d0-80a5-70bcc69e6408,Athletic FC BOT,🚀,t,86,2026-05-27 18:08:29.407521+00,2026-05-27 18:08:29.407521+00,Paraguai
db602e98-9396-4032-9721-f1b0c3bb8c67,,49a69c34-b1c3-49d0-80a5-70bcc69e6408,Sporting Royal BOT,👑,t,86,2026-05-27 18:08:29.407521+00,2026-05-27 18:08:29.407521+00,Paraguai
25379900-34f0-4b5f-8d72-407790d6add6,,49a69c34-b1c3-49d0-80a5-70bcc69e6408,Olympic Athletic BOT,🦁,t,86,2026-05-27 18:08:29.407521+00,2026-05-27 18:08:29.407521+00,Paraguai
a955fc64-a162-4a3e-8ca8-eabf0ecd6f5d,,49a69c34-b1c3-49d0-80a5-70bcc69e6408,Olympic Wanderers BOT,🌟,t,86,2026-05-27 18:08:29.407521+00,2026-05-27 18:08:29.407521+00,Paraguai
b0d22ca1-a116-4797-a8ac-89ad22d71b26,,49a69c34-b1c3-49d0-80a5-70bcc69e6408,Pioneers CF BOT,🛡️,t,86,2026-05-27 18:08:29.407521+00,2026-05-27 18:08:29.407521+00,Paraguai
155b822d-0eef-4a64-be68-e8d732e574cf,,49a69c34-b1c3-49d0-80a5-70bcc69e6408,United Phoenix BOT,⚽,t,86,2026-05-27 18:08:29.407521+00,2026-05-27 18:08:29.407521+00,Paraguai
66d89999-676e-4b1a-aad6-aaaf7bc13ef3,,49a69c34-b1c3-49d0-80a5-70bcc69e6408,Eagles FC BOT,🎯,t,86,2026-05-27 18:08:29.407521+00,2026-05-27 18:08:29.407521+00,Paraguai
5c280de8-c850-4248-98d7-83369c42657c,,49a69c34-b1c3-49d0-80a5-70bcc69e6408,Tigers Athletic BOT,🦌,t,86,2026-05-27 18:08:29.407521+00,2026-05-27 18:08:29.407521+00,Paraguai
ebce5547-e8b7-4629-a6be-280d6c1d56a7,,49a69c34-b1c3-49d0-80a5-70bcc69e6408,Wolves CF BOT,⚔️,t,86,2026-05-27 18:08:29.407521+00,2026-05-27 18:08:29.407521+00,Paraguai
61c3f8f1-5fb1-4127-87e8-9a2e7e9128b5,,49a69c34-b1c3-49d0-80a5-70bcc69e6408,FC Hawks BOT,🦌,t,86,2026-05-27 18:08:29.407521+00,2026-05-27 18:08:29.407521+00,Paraguai
038c4cc4-2560-41a4-860b-ac71b7f07a5b,,49a69c34-b1c3-49d0-80a5-70bcc69e6408,Stars FC BOT,🚀,t,86,2026-05-27 18:08:29.407521+00,2026-05-27 18:08:29.407521+00,Paraguai
bbef1f2b-51e2-4021-bf59-fa791dc7ddad,,bfb3dd23-0355-4393-a36d-a6fbe4b1859f,Cuiabá,,t,68,2026-05-06 22:09:41.932284+00,2026-05-06 22:09:41.932284+00,Brasil
23ae8e59-326f-431e-bea9-cc254645c815,,bfb3dd23-0355-4393-a36d-a6fbe4b1859f,Fortaleza,,t,69,2026-05-06 22:09:41.932284+00,2026-05-06 22:09:41.932284+00,Brasil
9b599e81-54db-4e7b-9b5b-567e2baa4559,,bfb3dd23-0355-4393-a36d-a6fbe4b1859f,Athletico Paranaense,,t,71,2026-05-06 22:09:41.932284+00,2026-05-06 22:09:41.932284+00,Brasil
522cebb2-9d70-46a1-8e5b-e81b2440830f,,bfb3dd23-0355-4393-a36d-a6fbe4b1859f,Red Bull Bragantino,,t,74,2026-05-06 22:09:41.932284+00,2026-05-06 22:09:41.932284+00,Brasil
4013c2ae-8838-47cf-8d5e-ad428e4b312c,,bfb3dd23-0355-4393-a36d-a6fbe4b1859f,Vitória,,t,68,2026-05-06 22:09:41.932284+00,2026-05-06 22:09:41.932284+00,Brasil
cbfa8a62-532a-4b54-b97e-7582ec076ce7,,bfb3dd23-0355-4393-a36d-a6fbe4b1859f,Juventude,,t,74,2026-05-06 22:09:41.932284+00,2026-05-06 22:09:41.932284+00,Brasil
510780dc-27f7-493e-9c14-a163eb962931,,bfb3dd23-0355-4393-a36d-a6fbe4b1859f,Criciúma,,t,69,2026-05-06 22:09:41.932284+00,2026-05-06 22:09:41.932284+00,Brasil
6f8be13c-ec5d-4074-ae5a-15d81ee71370,,bfb3dd23-0355-4393-a36d-a6fbe4b1859f,Atlético-GO,,t,72,2026-05-06 22:09:41.932284+00,2026-05-06 22:09:41.932284+00,Brasil
e0602da8-8880-44e7-9c96-cb7745a5ae1a,,bfb3dd23-0355-4393-a36d-a6fbe4b1859f,Sport Recife,,t,71,2026-05-06 22:09:41.932284+00,2026-05-06 22:09:41.932284+00,Brasil
b1eeb1b9-ce02-4676-be1e-0248f23da5e9,,bfb3dd23-0355-4393-a36d-a6fbe4b1859f,Ceará,,t,77,2026-05-06 22:09:41.932284+00,2026-05-06 22:09:41.932284+00,Brasil
b02623a9-d9a7-4664-ace6-5282873f131d,,bfb3dd23-0355-4393-a36d-a6fbe4b1859f,Goiás,,t,80,2026-05-06 22:09:41.932284+00,2026-05-06 22:09:41.932284+00,Brasil
8de6a82f-5857-4236-839a-30d344e66787,,bfb3dd23-0355-4393-a36d-a6fbe4b1859f,Coritiba,,t,68,2026-05-06 22:09:41.932284+00,2026-05-06 22:09:41.932284+00,Brasil
917b5584-a8cc-4763-aa12-8b47f900413d,,bfb3dd23-0355-4393-a36d-a6fbe4b1859f,Novorizontino,,t,79,2026-05-06 22:09:41.932284+00,2026-05-06 22:09:41.932284+00,Brasil
4b1ffc48-8d60-4016-b4af-e3d1c1b4aac6,,bfb3dd23-0355-4393-a36d-a6fbe4b1859f,Mirassol,,t,74,2026-05-06 22:09:41.932284+00,2026-05-06 22:09:41.932284+00,Brasil
920cb1e7-4b20-4ddf-bb85-bc6691f8d1ac,,bfb3dd23-0355-4393-a36d-a6fbe4b1859f,América Mineiro,,t,71,2026-05-06 22:09:41.932284+00,2026-05-06 22:09:41.932284+00,Brasil
7bca6ac6-2882-4ad1-8199-1ef62d30d04a,,bfb3dd23-0355-4393-a36d-a6fbe4b1859f,Avaí,,t,69,2026-05-06 22:09:41.932284+00,2026-05-06 22:09:41.932284+00,Brasil
f278ad80-381c-4af1-a180-5f4a4dd18c1c,,08284dd1-9064-4950-8f33-6c91cb68d532,BOT LaLiga 7,,t,66,2026-05-06 22:09:41.932284+00,2026-05-06 22:09:41.932284+00,Espanha
e7a914a6-df67-4ed2-91cf-e271e0f52794,,08284dd1-9064-4950-8f33-6c91cb68d532,Real Madrid,,t,68,2026-05-06 22:09:41.932284+00,2026-05-06 22:09:41.932284+00,Espanha
bd00d2ff-251a-4f2c-a617-0c66e18a85ed,,08284dd1-9064-4950-8f33-6c91cb68d532,Real Madrid,,t,69,2026-05-06 22:09:41.932284+00,2026-05-06 22:09:41.932284+00,Espanha
e58f1240-81b9-4d01-b994-3a7abc2ad494,,08284dd1-9064-4950-8f33-6c91cb68d532,BOT LaLiga 5,,t,69,2026-05-06 22:09:41.932284+00,2026-05-06 22:09:41.932284+00,Espanha
86d3fa06-af84-40e8-b74d-59ca803a985d,,b01ef2e0-298f-4313-a093-680715e25fec,Real Madrid,,t,70,2026-05-06 22:09:41.932284+00,2026-05-06 22:09:41.932284+00,Espanha
85b4fff1-9098-4723-8c1a-c3b5164815f4,,b01ef2e0-298f-4313-a093-680715e25fec,BOT LaLiga 4,,t,72,2026-05-06 22:09:41.932284+00,2026-05-06 22:09:41.932284+00,Espanha
566a8525-eac0-42ca-ab46-cc19b5a5d1f2,,9aae628c-fe5d-4c4b-a20d-ac978d00b3a6,Manchester City,,t,77,2026-05-06 22:09:41.932284+00,2026-05-06 22:09:41.932284+00,Inglaterra
0804026a-c72a-42de-98d7-a67f362f6af3,,9aae628c-fe5d-4c4b-a20d-ac978d00b3a6,Arsenal,,t,73,2026-05-06 22:09:41.932284+00,2026-05-06 22:09:41.932284+00,Inglaterra
d1ee42b8-e3a8-45e5-97e6-308c4e6b4823,,9aae628c-fe5d-4c4b-a20d-ac978d00b3a6,Liverpool,,t,80,2026-05-06 22:09:41.932284+00,2026-05-06 22:09:41.932284+00,Inglaterra
5c767dad-d59c-440c-9625-f84663801736,,b01ef2e0-298f-4313-a093-680715e25fec,BOT LaLiga 8,,t,73,2026-05-06 22:09:41.932284+00,2026-05-06 22:09:41.932284+00,Espanha
367aa55a-d613-4681-ad20-16721a5039d5,,b01ef2e0-298f-4313-a093-680715e25fec,Real Madrid,,t,73,2026-05-06 22:09:41.932284+00,2026-05-06 22:09:41.932284+00,Espanha
1912e317-e85d-4418-bc69-b852f98e94b0,,b01ef2e0-298f-4313-a093-680715e25fec,Atlético de Madrid,,t,76,2026-05-06 22:09:41.932284+00,2026-05-06 22:09:41.932284+00,Espanha
58ef8f0a-9ad6-494d-83c6-e3033b5d685b,,b01ef2e0-298f-4313-a093-680715e25fec,Real Madrid,,t,76,2026-05-06 22:09:41.932284+00,2026-05-06 22:09:41.932284+00,Espanha
be093210-76bf-444a-9c69-b9040b58759c,,b01ef2e0-298f-4313-a093-680715e25fec,Barcelona,,t,77,2026-05-06 22:09:41.932284+00,2026-05-06 22:09:41.932284+00,Espanha
3c99e5a5-d377-4a66-97cd-804620b443e1,,b01ef2e0-298f-4313-a093-680715e25fec,Real Madrid,,t,79,2026-05-06 22:09:41.932284+00,2026-05-06 22:09:41.932284+00,Espanha
f316b474-bae3-49fe-b1c7-4038770675c1,,b01ef2e0-298f-4313-a093-680715e25fec,BOT LaLiga 9,,t,79,2026-05-06 22:09:41.932284+00,2026-05-06 22:09:41.932284+00,Espanha
1e6947e5-6ca3-493a-842a-61d1872097df,,b01ef2e0-298f-4313-a093-680715e25fec,Real Madrid,,t,80,2026-05-06 22:09:41.932284+00,2026-05-06 22:09:41.932284+00,Espanha
492c72d4-edb5-46ad-b0fb-fbaed702985e,,b01ef2e0-298f-4313-a093-680715e25fec,Real Madrid,,t,80,2026-05-06 22:09:41.932284+00,2026-05-06 22:09:41.932284+00,Espanha
510c9c44-dc4b-4cd8-b501-f4844f44e98c,,b01ef2e0-298f-4313-a093-680715e25fec,BOT LaLiga 6,,t,80,2026-05-06 22:09:41.932284+00,2026-05-06 22:09:41.932284+00,Espanha
3d8655c1-0c95-4982-9c85-b2868d12a266,,49a69c34-b1c3-49d0-80a5-70bcc69e6408,Storm Athletic BOT,🦌,t,86,2026-05-27 18:08:29.407521+00,2026-05-27 18:08:29.407521+00,Paraguai
5ddc5691-7d96-430d-a543-835d01310d2c,,49a69c34-b1c3-49d0-80a5-70bcc69e6408,United CF BOT,🦁,t,86,2026-05-27 18:08:29.407521+00,2026-05-27 18:08:29.407521+00,Paraguai
48153cb6-5407-41a0-aaf1-924524474356,,49a69c34-b1c3-49d0-80a5-70bcc69e6408,CD City BOT,🎯,t,86,2026-05-27 18:08:29.407521+00,2026-05-27 18:08:29.407521+00,Paraguai
c7bfff05-5bda-4e36-acd1-53266a890b98,,64e5de8e-a3ed-4c96-9172-8865d31ab74d,Atlético Alexandria BOT,🐉,t,86,2026-05-27 18:08:29.407521+00,2026-05-27 18:08:29.407521+00,Egito
51cabbb1-b5d5-4117-982f-e973811606d5,,64e5de8e-a3ed-4c96-9172-8865d31ab74d,Giza FC BOT,🌟,t,86,2026-05-27 18:08:29.407521+00,2026-05-27 18:08:29.407521+00,Egito
cfee354c-580e-40cf-92dd-9b2449af9d2b,,64e5de8e-a3ed-4c96-9172-8865d31ab74d,Sporting Shubra BOT,🐊,t,86,2026-05-27 18:08:29.407521+00,2026-05-27 18:08:29.407521+00,Egito
b6bf378f-ab99-4890-b0e9-a91e83c6f948,,64e5de8e-a3ed-4c96-9172-8865d31ab74d,Port Said Athletic BOT,🛡️,t,86,2026-05-27 18:08:29.407521+00,2026-05-27 18:08:29.407521+00,Egito
579214fb-88d8-433d-8759-58bae9a2b80b,,64e5de8e-a3ed-4c96-9172-8865d31ab74d,Olympic Suez BOT,🐂,t,86,2026-05-27 18:08:29.407521+00,2026-05-27 18:08:29.407521+00,Egito
86006b38-35ef-4bf5-98b9-b98548e4fad9,,64e5de8e-a3ed-4c96-9172-8865d31ab74d,Mansoura CF BOT,🐺,t,86,2026-05-27 18:08:29.407521+00,2026-05-27 18:08:29.407521+00,Egito
c703e072-22ba-4b11-9d23-5dbf8c58099d,,64e5de8e-a3ed-4c96-9172-8865d31ab74d,United Tanta BOT,🦅,t,86,2026-05-27 18:08:29.407521+00,2026-05-27 18:08:29.407521+00,Egito
6e84c4fd-307e-47cb-8cf0-b5db8a0e3daa,,64e5de8e-a3ed-4c96-9172-8865d31ab74d,Asyut FC BOT,🐃,t,86,2026-05-27 18:08:29.407521+00,2026-05-27 18:08:29.407521+00,Egito
09c3dd43-a0c6-4e7a-8967-a1f7d3143901,,64e5de8e-a3ed-4c96-9172-8865d31ab74d,City Faiyum BOT,🏆,t,86,2026-05-27 18:08:29.407521+00,2026-05-27 18:08:29.407521+00,Egito
3c2b6baa-0d15-4c9f-bf21-adde3ed9dd28,,64e5de8e-a3ed-4c96-9172-8865d31ab74d,Zagazig Athletic BOT,🐎,t,86,2026-05-27 18:08:29.407521+00,2026-05-27 18:08:29.407521+00,Egito
a425cb88-8c0b-4437-8064-1460169dc775,,64e5de8e-a3ed-4c96-9172-8865d31ab74d,Aswan CF BOT,💎,t,86,2026-05-27 18:08:29.407521+00,2026-05-27 18:08:29.407521+00,Egito
96a9a8cc-8a55-4f93-9d1b-d8cafe5e08d5,,64e5de8e-a3ed-4c96-9172-8865d31ab74d,Damietta FC BOT,🌟,t,86,2026-05-27 18:08:29.407521+00,2026-05-27 18:08:29.407521+00,Egito
a1c95037-a1cc-4fe5-87f8-702a103c2941,,64e5de8e-a3ed-4c96-9172-8865d31ab74d,SC Beni Suef BOT,🏆,t,86,2026-05-27 18:08:29.407521+00,2026-05-27 18:08:29.407521+00,Egito
5d101a10-e7f2-414b-8adc-b7b54e0badb3,,64e5de8e-a3ed-4c96-9172-8865d31ab74d,Hurghada Athletic BOT,👑,t,86,2026-05-27 18:08:29.407521+00,2026-05-27 18:08:29.407521+00,Egito
36baa1ef-e950-44f9-b0e4-aeb5bc1bfb2a,,9aae628c-fe5d-4c4b-a20d-ac978d00b3a6,Manchester United,,t,79,2026-05-06 22:09:41.932284+00,2026-05-06 22:09:41.932284+00,Inglaterra
409cb3d6-d48d-413c-bd85-b1145e7ead4e,,9aae628c-fe5d-4c4b-a20d-ac978d00b3a6,BOT Premier League 5,,t,71,2026-05-06 22:09:41.932284+00,2026-05-06 22:09:41.932284+00,Inglaterra
ae45200c-edce-4896-a633-0fd29ff3e5d3,,9aae628c-fe5d-4c4b-a20d-ac978d00b3a6,BOT Premier League 6,,t,74,2026-05-06 22:09:41.932284+00,2026-05-06 22:09:41.932284+00,Inglaterra
46b3f112-3cc5-44de-9d28-73d085189197,,9aae628c-fe5d-4c4b-a20d-ac978d00b3a6,BOT Premier League 7,,t,80,2026-05-06 22:09:41.932284+00,2026-05-06 22:09:41.932284+00,Inglaterra
5ac3cc0f-d628-4a5d-803e-4896e0d81d89,,9aae628c-fe5d-4c4b-a20d-ac978d00b3a6,BOT Premier League 8,,t,76,2026-05-06 22:09:41.932284+00,2026-05-06 22:09:41.932284+00,Inglaterra
3c43da40-8301-4ae8-aa3c-86c69b5ec35f,,9aae628c-fe5d-4c4b-a20d-ac978d00b3a6,BOT Premier League 9,,t,70,2026-05-06 22:09:41.932284+00,2026-05-06 22:09:41.932284+00,Inglaterra
445dae24-c049-44da-9751-717944e7dc9e,,9aae628c-fe5d-4c4b-a20d-ac978d00b3a6,Manchester City,,t,66,2026-05-06 22:09:41.932284+00,2026-05-06 22:09:41.932284+00,Inglaterra
a27cdd07-de20-445a-a22c-527ef9f7e918,,9aae628c-fe5d-4c4b-a20d-ac978d00b3a6,Manchester City,,t,65,2026-05-06 22:09:41.932284+00,2026-05-06 22:09:41.932284+00,Inglaterra
86565065-9546-46dd-81a0-0a34cc2520b1,,9aae628c-fe5d-4c4b-a20d-ac978d00b3a6,Manchester City,,t,74,2026-05-06 22:09:41.932284+00,2026-05-06 22:09:41.932284+00,Inglaterra
726211bb-01c9-4c66-bc99-21266f7e0e28,,9aae628c-fe5d-4c4b-a20d-ac978d00b3a6,Manchester City,,t,73,2026-05-06 22:09:41.932284+00,2026-05-06 22:09:41.932284+00,Inglaterra
50c4bd4b-340a-4121-8445-7cc900d7343f,,9aae628c-fe5d-4c4b-a20d-ac978d00b3a6,Manchester City,,t,78,2026-05-06 22:09:41.932284+00,2026-05-06 22:09:41.932284+00,Inglaterra
53a2c5c0-a501-485a-b2d7-7d209fe4a7f1,,9aae628c-fe5d-4c4b-a20d-ac978d00b3a6,Manchester City,,t,76,2026-05-06 22:09:41.932284+00,2026-05-06 22:09:41.932284+00,Inglaterra
c05dc09f-5817-47b5-9050-94372983cfbe,,9aae628c-fe5d-4c4b-a20d-ac978d00b3a6,Manchester City,,t,66,2026-05-06 22:09:41.932284+00,2026-05-06 22:09:41.932284+00,Inglaterra
ddc2dd51-32bf-4537-8707-6576f59c6f67,,7c63df6b-bd80-4245-9129-e90193879589,Bayern de Munique,,t,69,2026-05-06 22:09:41.932284+00,2026-05-06 22:09:41.932284+00,Alemanha
5138da3c-5841-4f81-8c2d-2637b0541c11,,7c63df6b-bd80-4245-9129-e90193879589,Bayer Leverkusen,,t,76,2026-05-06 22:09:41.932284+00,2026-05-06 22:09:41.932284+00,Alemanha
0534edf0-422b-47a2-bc86-1da454f8dbfb,,7c63df6b-bd80-4245-9129-e90193879589,Borussia Dortmund,,t,65,2026-05-06 22:09:41.932284+00,2026-05-06 22:09:41.932284+00,Alemanha
67537807-7a46-4e4b-98c4-2225e38a19de,,7c63df6b-bd80-4245-9129-e90193879589,BOT Bundesliga 4,,t,77,2026-05-06 22:09:41.932284+00,2026-05-06 22:09:41.932284+00,Alemanha
fc6e8729-ec2d-4d7e-9a91-b19281d9d083,,7c63df6b-bd80-4245-9129-e90193879589,BOT Bundesliga 5,,t,70,2026-05-06 22:09:41.932284+00,2026-05-06 22:09:41.932284+00,Alemanha
a6516e64-8d6f-42ec-b1da-d948be6e82c7,,7c63df6b-bd80-4245-9129-e90193879589,BOT Bundesliga 6,,t,80,2026-05-06 22:09:41.932284+00,2026-05-06 22:09:41.932284+00,Alemanha
d81f15ba-6041-4502-bca4-7be0e20bbd8e,,7c63df6b-bd80-4245-9129-e90193879589,BOT Bundesliga 7,,t,80,2026-05-06 22:09:41.932284+00,2026-05-06 22:09:41.932284+00,Alemanha
fa4b39fa-a5b6-41b5-8b0e-b2be8ad1e44d,,7c63df6b-bd80-4245-9129-e90193879589,BOT Bundesliga 8,,t,75,2026-05-06 22:09:41.932284+00,2026-05-06 22:09:41.932284+00,Alemanha
10344e02-583a-4c9e-9b71-9635945ce482,,7c63df6b-bd80-4245-9129-e90193879589,BOT Bundesliga 9,,t,76,2026-05-06 22:09:41.932284+00,2026-05-06 22:09:41.932284+00,Alemanha
63c54b6c-df86-4167-97ae-2b3f6c5e15d5,,7c63df6b-bd80-4245-9129-e90193879589,Bayern de Munique,,t,79,2026-05-06 22:09:41.932284+00,2026-05-06 22:09:41.932284+00,Alemanha
d6836fbe-3203-4634-962f-3623c2333bc0,,7c63df6b-bd80-4245-9129-e90193879589,Bayern de Munique,,t,72,2026-05-06 22:09:41.932284+00,2026-05-06 22:09:41.932284+00,Alemanha
60cc3275-d872-4fdc-bf53-8a71594ebb48,,7c63df6b-bd80-4245-9129-e90193879589,Bayern de Munique,,t,77,2026-05-06 22:09:41.932284+00,2026-05-06 22:09:41.932284+00,Alemanha
35fb741b-1a0d-410a-ae39-0cfea277e9a8,,7c63df6b-bd80-4245-9129-e90193879589,Bayern de Munique,,t,66,2026-05-06 22:09:41.932284+00,2026-05-06 22:09:41.932284+00,Alemanha
41af2f33-ca7c-467a-86bf-ed15c5d0b6e1,,7c63df6b-bd80-4245-9129-e90193879589,Bayern de Munique,,t,74,2026-05-06 22:09:41.932284+00,2026-05-06 22:09:41.932284+00,Alemanha
1daad8b9-9876-414f-a451-e06bc1c850a3,,7c63df6b-bd80-4245-9129-e90193879589,Bayern de Munique,,t,66,2026-05-06 22:09:41.932284+00,2026-05-06 22:09:41.932284+00,Alemanha
9aa068cf-dd28-4355-802b-5f1491cd05d6,,7c63df6b-bd80-4245-9129-e90193879589,Bayern de Munique,,t,67,2026-05-06 22:09:41.932284+00,2026-05-06 22:09:41.932284+00,Alemanha
0a4a0f90-4084-44d7-b151-22338e849e71,,33363f68-fc09-4fc7-941f-4ca6b89d4101,BOT Ligue 1 1,,t,72,2026-05-06 22:09:41.932284+00,2026-05-06 22:09:41.932284+00,França
5eeae42a-ed49-4ee3-b6f5-8af85b76d2e8,,33363f68-fc09-4fc7-941f-4ca6b89d4101,BOT Ligue 1 2,,t,73,2026-05-06 22:09:41.932284+00,2026-05-06 22:09:41.932284+00,França
04890c3f-bc34-48a2-83be-6794cd4e6ef3,,33363f68-fc09-4fc7-941f-4ca6b89d4101,BOT Ligue 1 3,,t,76,2026-05-06 22:09:41.932284+00,2026-05-06 22:09:41.932284+00,França
b0bc673d-1f15-42fa-ab0e-7ec076cd6a03,,33363f68-fc09-4fc7-941f-4ca6b89d4101,BOT Ligue 1 4,,t,78,2026-05-06 22:09:41.932284+00,2026-05-06 22:09:41.932284+00,França
c6d3384b-e337-44a8-9209-f1cf8090a70c,,33363f68-fc09-4fc7-941f-4ca6b89d4101,BOT Ligue 1 5,,t,74,2026-05-06 22:09:41.932284+00,2026-05-06 22:09:41.932284+00,França
1a983e6e-9212-4c45-9a46-4a8c65973567,,33363f68-fc09-4fc7-941f-4ca6b89d4101,BOT Ligue 1 6,,t,80,2026-05-06 22:09:41.932284+00,2026-05-06 22:09:41.932284+00,França
2bb0f47d-3f57-4e12-87ff-d43b4debde3b,,33363f68-fc09-4fc7-941f-4ca6b89d4101,BOT Ligue 1 7,,t,72,2026-05-06 22:09:41.932284+00,2026-05-06 22:09:41.932284+00,França
a321601d-90f9-478c-82eb-1567e19d4b74,,33363f68-fc09-4fc7-941f-4ca6b89d4101,BOT Ligue 1 8,,t,71,2026-05-06 22:09:41.932284+00,2026-05-06 22:09:41.932284+00,França
6791de37-117e-4990-b71b-c22318df25e9,,33363f68-fc09-4fc7-941f-4ca6b89d4101,BOT Ligue 1 9,,t,74,2026-05-06 22:09:41.932284+00,2026-05-06 22:09:41.932284+00,França
1d18e731-72d1-467a-b8ed-47eb90876948,,33363f68-fc09-4fc7-941f-4ca6b89d4101,BOT Ligue 1 10,,t,76,2026-05-06 22:09:41.932284+00,2026-05-06 22:09:41.932284+00,França
5f235e7a-215e-4017-b719-542ca2cdc03a,,33363f68-fc09-4fc7-941f-4ca6b89d4101,BOT Ligue 1 11,,t,78,2026-05-06 22:09:41.932284+00,2026-05-06 22:09:41.932284+00,França
c622bb95-e540-467a-8505-d4ac963f43df,,33363f68-fc09-4fc7-941f-4ca6b89d4101,BOT Ligue 1 12,,t,77,2026-05-06 22:09:41.932284+00,2026-05-06 22:09:41.932284+00,França
d2c6e661-75f9-4bd6-9735-089565591445,,33363f68-fc09-4fc7-941f-4ca6b89d4101,BOT Ligue 1 13,,t,75,2026-05-06 22:09:41.932284+00,2026-05-06 22:09:41.932284+00,França
295940cb-d8dd-484a-aeb5-5955642345ad,,33363f68-fc09-4fc7-941f-4ca6b89d4101,BOT Ligue 1 14,,t,71,2026-05-06 22:09:41.932284+00,2026-05-06 22:09:41.932284+00,França
c2a6e3f0-967b-426d-9ee5-ab348e0c2e8d,,33363f68-fc09-4fc7-941f-4ca6b89d4101,BOT Ligue 1 15,,t,77,2026-05-06 22:09:41.932284+00,2026-05-06 22:09:41.932284+00,França
fb37cdfb-5f5c-4d89-a8c7-06bfcfda9832,,33363f68-fc09-4fc7-941f-4ca6b89d4101,BOT Ligue 1 16,,t,66,2026-05-06 22:09:41.932284+00,2026-05-06 22:09:41.932284+00,França
74abeab9-8af1-4ae0-90f6-76d336fbea57,,964f7ec5-ecdc-4294-bfe9-719a6557722a,Benfica,,t,76,2026-05-06 22:09:41.932284+00,2026-05-06 22:09:41.932284+00,Portugal
c3cbf38b-0028-4ef4-b83a-8da876c240dd,,964f7ec5-ecdc-4294-bfe9-719a6557722a,Porto,,t,79,2026-05-06 22:09:41.932284+00,2026-05-06 22:09:41.932284+00,Portugal
46f7030e-1125-4aa1-add0-ddc8e726a2c3,,964f7ec5-ecdc-4294-bfe9-719a6557722a,Sporting CP,,t,66,2026-05-06 22:09:41.932284+00,2026-05-06 22:09:41.932284+00,Portugal
efcb05a9-074b-48b6-924b-005f90703182,,964f7ec5-ecdc-4294-bfe9-719a6557722a,BOT Liga Portugal 4,,t,79,2026-05-06 22:09:41.932284+00,2026-05-06 22:09:41.932284+00,Portugal
771466c8-3e7a-4734-b118-f590ae941883,,964f7ec5-ecdc-4294-bfe9-719a6557722a,BOT Liga Portugal 5,,t,66,2026-05-06 22:09:41.932284+00,2026-05-06 22:09:41.932284+00,Portugal
d9760b03-ea4e-4188-a00f-16399a7a1778,,964f7ec5-ecdc-4294-bfe9-719a6557722a,BOT Liga Portugal 6,,t,66,2026-05-06 22:09:41.932284+00,2026-05-06 22:09:41.932284+00,Portugal
f1ae9e92-f3e6-4612-a88d-ccdd5d54f830,,964f7ec5-ecdc-4294-bfe9-719a6557722a,BOT Liga Portugal 7,,t,70,2026-05-06 22:09:41.932284+00,2026-05-06 22:09:41.932284+00,Portugal
8702cb0c-3bd0-4181-988d-43bd447ae838,,964f7ec5-ecdc-4294-bfe9-719a6557722a,BOT Liga Portugal 8,,t,67,2026-05-06 22:09:41.932284+00,2026-05-06 22:09:41.932284+00,Portugal
296e89c8-1734-4e6c-807a-aea7c2803e5e,,964f7ec5-ecdc-4294-bfe9-719a6557722a,BOT Liga Portugal 9,,t,76,2026-05-06 22:09:41.932284+00,2026-05-06 22:09:41.932284+00,Portugal
4a15e59c-a634-4382-8f54-4e127e4df031,,964f7ec5-ecdc-4294-bfe9-719a6557722a,Benfica,,t,69,2026-05-06 22:09:41.932284+00,2026-05-06 22:09:41.932284+00,Portugal
95a3685b-bb19-4170-82b3-100c41d045d7,,964f7ec5-ecdc-4294-bfe9-719a6557722a,Benfica,,t,69,2026-05-06 22:09:41.932284+00,2026-05-06 22:09:41.932284+00,Portugal
aec474eb-19e0-4159-825a-d3370101b081,,964f7ec5-ecdc-4294-bfe9-719a6557722a,Benfica,,t,71,2026-05-06 22:09:41.932284+00,2026-05-06 22:09:41.932284+00,Portugal
f1e3f6ab-b0d8-4fb1-8b68-fca74117c62e,,964f7ec5-ecdc-4294-bfe9-719a6557722a,Benfica,,t,79,2026-05-06 22:09:41.932284+00,2026-05-06 22:09:41.932284+00,Portugal
87749fde-7a35-461f-820f-f9fd0322f648,,964f7ec5-ecdc-4294-bfe9-719a6557722a,Benfica,,t,71,2026-05-06 22:09:41.932284+00,2026-05-06 22:09:41.932284+00,Portugal
e6eaa7fd-a26f-42bd-b19a-54208580d28b,,964f7ec5-ecdc-4294-bfe9-719a6557722a,Benfica,,t,73,2026-05-06 22:09:41.932284+00,2026-05-06 22:09:41.932284+00,Portugal
b72734fd-b82c-4e72-a529-2362f5661ee8,,964f7ec5-ecdc-4294-bfe9-719a6557722a,Benfica,,t,68,2026-05-06 22:09:41.932284+00,2026-05-06 22:09:41.932284+00,Portugal
720d3709-8f1b-4dec-b6da-6ccd339c2cc0,,64e5de8e-a3ed-4c96-9172-8865d31ab74d,AC Luxor BOT,🏰,t,86,2026-05-27 18:08:29.407521+00,2026-05-27 18:08:29.407521+00,Egito
8cdd615d-e723-4353-af83-a68f1aa34758,,64e5de8e-a3ed-4c96-9172-8865d31ab74d,CD Alexandria BOT,🐺,t,86,2026-05-27 18:08:29.407521+00,2026-05-27 18:08:29.407521+00,Egito
3f17b298-2533-4055-89ac-f74dbd81569a,,2b83984c-107c-4d30-8c53-95c2a46c397f,Bogotá CF BOT,⭐,t,86,2026-05-27 18:08:29.407521+00,2026-05-27 18:08:29.407521+00,Colômbia
cbdcecfd-23e8-48d1-9607-d9835963e6ea,,2b83984c-107c-4d30-8c53-95c2a46c397f,Cali FC BOT,🏰,t,86,2026-05-27 18:08:29.407521+00,2026-05-27 18:08:29.407521+00,Colômbia
a96c80f4-e873-47b5-8ba9-32bae2e6ea28,,2b83984c-107c-4d30-8c53-95c2a46c397f,Sporting Barranquilla BOT,🦈,t,86,2026-05-27 18:08:29.407521+00,2026-05-27 18:08:29.407521+00,Colômbia
3ac5b99c-e410-43ea-8932-ad1a1205fd8c,,2b83984c-107c-4d30-8c53-95c2a46c397f,Cartagena Athletic BOT,🐂,t,86,2026-05-27 18:08:29.407521+00,2026-05-27 18:08:29.407521+00,Colômbia
89c75f5a-c68c-4a7d-a36a-f41732a48dd4,,2b83984c-107c-4d30-8c53-95c2a46c397f,Olympic Cúcuta BOT,⚽,t,86,2026-05-27 18:08:29.407521+00,2026-05-27 18:08:29.407521+00,Colômbia
00be6ec4-a082-471a-b9cf-b93054f66bee,,2b83984c-107c-4d30-8c53-95c2a46c397f,Bucaramanga CF BOT,🏆,t,86,2026-05-27 18:08:29.407521+00,2026-05-27 18:08:29.407521+00,Colômbia
ef728843-6bd8-4697-b4cc-6aa6ac86e20f,,2b83984c-107c-4d30-8c53-95c2a46c397f,Santa Marta FC BOT,⚡,t,86,2026-05-27 18:08:29.407521+00,2026-05-27 18:08:29.407521+00,Colômbia
a5323424-71f3-4def-947b-5b5a8a7dda64,,2b83984c-107c-4d30-8c53-95c2a46c397f,City Ibagué BOT,🐃,t,86,2026-05-27 18:08:29.407521+00,2026-05-27 18:08:29.407521+00,Colômbia
b16b2844-3b3f-4cee-89fb-a961f5ff8988,,2b83984c-107c-4d30-8c53-95c2a46c397f,Manizales Athletic BOT,🦁,t,86,2026-05-27 18:08:29.407521+00,2026-05-27 18:08:29.407521+00,Colômbia
c565d5b2-a6ef-42cb-9057-a983099069a4,,2b83984c-107c-4d30-8c53-95c2a46c397f,Wanderers Pasto BOT,🐃,t,86,2026-05-27 18:08:29.407521+00,2026-05-27 18:08:29.407521+00,Colômbia
c1227546-e7cb-4af2-9428-91ddcbdf362c,,2b83984c-107c-4d30-8c53-95c2a46c397f,Neiva CF BOT,⚡,t,86,2026-05-27 18:08:29.407521+00,2026-05-27 18:08:29.407521+00,Colômbia
cd0cd548-f0d8-4876-ad95-35896770408d,,2b83984c-107c-4d30-8c53-95c2a46c397f,Armenia FC BOT,🐃,t,86,2026-05-27 18:08:29.407521+00,2026-05-27 18:08:29.407521+00,Colômbia
c9ad221d-9aa6-4f7f-aab6-45602b89e863,,2b83984c-107c-4d30-8c53-95c2a46c397f,SC Popayán BOT,🚀,t,86,2026-05-27 18:08:29.407521+00,2026-05-27 18:08:29.407521+00,Colômbia
24ffec6a-7af8-49c8-9b78-99bdf9e7fce6,,2b83984c-107c-4d30-8c53-95c2a46c397f,Sincelejo Athletic BOT,👑,t,86,2026-05-27 18:08:29.407521+00,2026-05-27 18:08:29.407521+00,Colômbia
f76302da-e282-4a4d-b30b-9f917c25e5d0,,2b83984c-107c-4d30-8c53-95c2a46c397f,AC Valledupar BOT,🦌,t,86,2026-05-27 18:08:29.407521+00,2026-05-27 18:08:29.407521+00,Colômbia
e1d4512f-ec78-4edc-903d-e19359749ab9,,2b83984c-107c-4d30-8c53-95c2a46c397f,Bogotá CF BOT,⚽,t,86,2026-05-27 18:08:29.407521+00,2026-05-27 18:08:29.407521+00,Colômbia
6bff4c6d-07ed-4799-8fb1-a47288b70e31,,7aa825f2-541c-45aa-a1b9-f6f246cef603,México CF BOT,🦅,t,86,2026-05-27 18:08:29.407521+00,2026-05-27 18:08:29.407521+00,México
3a0bec57-eb39-45f5-80d6-14fc4aa48f3f,,7aa825f2-541c-45aa-a1b9-f6f246cef603,Atlético Guadalajara BOT,🚀,t,86,2026-05-27 18:08:29.407521+00,2026-05-27 18:08:29.407521+00,México
32d0afa8-c726-4912-b5bc-ce8701b71060,,7aa825f2-541c-45aa-a1b9-f6f246cef603,Monterrey FC BOT,🦏,t,86,2026-05-27 18:08:29.407521+00,2026-05-27 18:08:29.407521+00,México
7d5b4fce-d54f-4034-a189-97c3688f5e05,,7aa825f2-541c-45aa-a1b9-f6f246cef603,Sporting Puebla BOT,🐺,t,86,2026-05-27 18:08:29.407521+00,2026-05-27 18:08:29.407521+00,México
742d3f8b-c821-4598-a5af-b3a7e3cd14a3,,7aa825f2-541c-45aa-a1b9-f6f246cef603,Olympic Toluca BOT,🐂,t,86,2026-05-27 18:08:29.407521+00,2026-05-27 18:08:29.407521+00,México
af2e3213-a848-4b49-9afc-f3d69544f91c,,7aa825f2-541c-45aa-a1b9-f6f246cef603,Querétaro CF BOT,🐃,t,86,2026-05-27 18:08:29.407521+00,2026-05-27 18:08:29.407521+00,México
cf0fb181-8238-43da-b174-ef05d2342a8d,,7aa825f2-541c-45aa-a1b9-f6f246cef603,United Pachuca BOT,🐺,t,86,2026-05-27 18:08:29.407521+00,2026-05-27 18:08:29.407521+00,México
37895b7f-bac3-403c-821c-fbc0982e44c3,,7aa825f2-541c-45aa-a1b9-f6f246cef603,León FC BOT,🐃,t,86,2026-05-27 18:08:29.407521+00,2026-05-27 18:08:29.407521+00,México
079dae07-d67b-4681-a3c9-8fbd04a73a77,,7aa825f2-541c-45aa-a1b9-f6f246cef603,Veracruz Athletic BOT,🐉,t,86,2026-05-27 18:08:29.407521+00,2026-05-27 18:08:29.407521+00,México
b19d00de-53e6-4eb1-8a3d-04e88152d99d,,7aa825f2-541c-45aa-a1b9-f6f246cef603,Wanderers Cancún BOT,⭐,t,86,2026-05-27 18:08:29.407521+00,2026-05-27 18:08:29.407521+00,México
79314bee-2470-4307-8728-54799e271734,,7aa825f2-541c-45aa-a1b9-f6f246cef603,Aguascalientes CF BOT,🚀,t,86,2026-05-27 18:08:29.407521+00,2026-05-27 18:08:29.407521+00,México
2c8b9d3a-9b1d-48ab-aac6-5b1b503b9e79,,7aa825f2-541c-45aa-a1b9-f6f246cef603,FC Mexicali BOT,🐘,t,86,2026-05-27 18:08:29.407521+00,2026-05-27 18:08:29.407521+00,México
3cbdbc16-0213-45a3-815f-0b6c9baebf90,,7aa825f2-541c-45aa-a1b9-f6f246cef603,Acapulco FC BOT,⚽,t,86,2026-05-27 18:08:29.407521+00,2026-05-27 18:08:29.407521+00,México
c0b72413-0b3f-4dce-b8c7-fa20c8a4d7c4,,7aa825f2-541c-45aa-a1b9-f6f246cef603,Hermosillo Athletic BOT,🎯,t,86,2026-05-27 18:08:29.407521+00,2026-05-27 18:08:29.407521+00,México
41ebc99a-27ff-46b5-8606-c5c7b279ba71,,7aa825f2-541c-45aa-a1b9-f6f246cef603,AC Saltillo BOT,🐊,t,86,2026-05-27 18:08:29.407521+00,2026-05-27 18:08:29.407521+00,México
ee7b2dfe-cf12-48c6-8561-ab45bf107f14,,7aa825f2-541c-45aa-a1b9-f6f246cef603,México CF BOT,💎,t,86,2026-05-27 18:08:29.407521+00,2026-05-27 18:08:29.407521+00,México
d9a42991-dd70-45e8-b104-3ba3efa1057d,,1a8524d5-c4b1-4487-8718-dfedc8ea76ef,United CF BOT,⚔️,t,86,2026-05-27 18:08:29.407521+00,2026-05-27 18:08:29.407521+00,Peru
9aec77ce-03e8-4044-bb8d-3fcc0b336942,,1a8524d5-c4b1-4487-8718-dfedc8ea76ef,Atlético City BOT,🦌,t,86,2026-05-27 18:08:29.407521+00,2026-05-27 18:08:29.407521+00,Peru
0f44ed05-6e92-4199-92b0-4d652dc12443,,1a8524d5-c4b1-4487-8718-dfedc8ea76ef,Athletic FC BOT,👑,t,86,2026-05-27 18:08:29.407521+00,2026-05-27 18:08:29.407521+00,Peru
acc06d5f-19fb-46c4-b742-8d0a94be7d79,,1a8524d5-c4b1-4487-8718-dfedc8ea76ef,Sporting Royal BOT,⚡,t,86,2026-05-27 18:08:29.407521+00,2026-05-27 18:08:29.407521+00,Peru
19e5553b-5227-4e8f-8d96-5aaa36f62119,,1a8524d5-c4b1-4487-8718-dfedc8ea76ef,Olympic Athletic BOT,🏆,t,86,2026-05-27 18:08:29.407521+00,2026-05-27 18:08:29.407521+00,Peru
0618f297-db42-4469-924a-5d55428cd365,,1a8524d5-c4b1-4487-8718-dfedc8ea76ef,Olympic Wanderers BOT,🦈,t,86,2026-05-27 18:08:29.407521+00,2026-05-27 18:08:29.407521+00,Peru
a0ef5d9a-8e44-4483-b2dc-c35a384154e0,,1a8524d5-c4b1-4487-8718-dfedc8ea76ef,Pioneers CF BOT,🦁,t,86,2026-05-27 18:08:29.407521+00,2026-05-27 18:08:29.407521+00,Peru
29168681-3063-49fb-8787-b05bd53e5aa1,,1a8524d5-c4b1-4487-8718-dfedc8ea76ef,City Lions BOT,⚔️,t,86,2026-05-27 18:08:29.407521+00,2026-05-27 18:08:29.407521+00,Peru
20d4477a-6f34-41f3-955e-b18ea7b2815d,,1a8524d5-c4b1-4487-8718-dfedc8ea76ef,Tigers Athletic BOT,⚽,t,86,2026-05-27 18:08:29.407521+00,2026-05-27 18:08:29.407521+00,Peru
ad0ef2e0-a009-49dc-827e-c3a50d32999d,,07253b9f-5456-4514-9d9c-b50187d63967,CD City BOT,⚽,t,86,2026-05-27 18:08:29.407521+00,2026-05-27 18:08:29.407521+00,Equador
26592d60-bab3-42cd-be70-466c52187883,,ae1f4d86-4a28-406c-907f-abce9c7e15f2,Seoul CF BOT,💎,t,86,2026-05-27 18:08:29.407521+00,2026-05-27 18:08:29.407521+00,Coreia do Sul
c7ea5d60-414e-4d5c-a034-34665055956d,,ae1f4d86-4a28-406c-907f-abce9c7e15f2,Atlético Busan BOT,🐅,t,86,2026-05-27 18:08:29.407521+00,2026-05-27 18:08:29.407521+00,Coreia do Sul
d583f7b6-71d9-4420-9335-b3b22efad34f,,ae1f4d86-4a28-406c-907f-abce9c7e15f2,Daejeon Athletic BOT,🐊,t,86,2026-05-27 18:08:29.407521+00,2026-05-27 18:08:29.407521+00,Coreia do Sul
956b2fb6-38df-42e5-9a73-3c43e11f4bbc,,ae1f4d86-4a28-406c-907f-abce9c7e15f2,Olympic Gwangju BOT,🐂,t,86,2026-05-27 18:08:29.407521+00,2026-05-27 18:08:29.407521+00,Coreia do Sul
17e28878-90d9-44e5-acb7-96d75009cab5,,ae1f4d86-4a28-406c-907f-abce9c7e15f2,United Ulsan BOT,🐘,t,86,2026-05-27 18:08:29.407521+00,2026-05-27 18:08:29.407521+00,Coreia do Sul
ae9ce661-7742-4e2a-923e-937db00ebecb,,ae1f4d86-4a28-406c-907f-abce9c7e15f2,Goyang FC BOT,💎,t,86,2026-05-27 18:08:29.407521+00,2026-05-27 18:08:29.407521+00,Coreia do Sul
4a993ac4-b328-4396-9cc9-9b4fe5138dd1,,ae1f4d86-4a28-406c-907f-abce9c7e15f2,City Yongin BOT,⭐,t,86,2026-05-27 18:08:29.407521+00,2026-05-27 18:08:29.407521+00,Coreia do Sul
1e450ef1-99be-457f-81c3-e7725018cd27,,ae1f4d86-4a28-406c-907f-abce9c7e15f2,Wanderers Seongnam BOT,🏰,t,86,2026-05-27 18:08:29.407521+00,2026-05-27 18:08:29.407521+00,Coreia do Sul
1d059a07-0c6f-47cd-806d-7468df1cae3f,,ae1f4d86-4a28-406c-907f-abce9c7e15f2,Cheongju CF BOT,🦈,t,86,2026-05-27 18:08:29.407521+00,2026-05-27 18:08:29.407521+00,Coreia do Sul
32a3932a-d5d7-4014-b8fe-4355a4185910,,ae1f4d86-4a28-406c-907f-abce9c7e15f2,FC Jeonju BOT,🦅,t,86,2026-05-27 18:08:29.407521+00,2026-05-27 18:08:29.407521+00,Coreia do Sul
d98a49af-0998-4473-907e-f331919da2b9,,ae1f4d86-4a28-406c-907f-abce9c7e15f2,Ansan FC BOT,🐅,t,86,2026-05-27 18:08:29.407521+00,2026-05-27 18:08:29.407521+00,Coreia do Sul
95b826e3-1f32-439d-99fe-d934a3f046a6,,ae1f4d86-4a28-406c-907f-abce9c7e15f2,SC Anyang BOT,🦈,t,86,2026-05-27 18:08:29.407521+00,2026-05-27 18:08:29.407521+00,Coreia do Sul
0b2e8a1e-25c1-4b8d-a0cc-2976f59fa18f,,ae1f4d86-4a28-406c-907f-abce9c7e15f2,Pohang Athletic BOT,🐂,t,86,2026-05-27 18:08:29.407521+00,2026-05-27 18:08:29.407521+00,Coreia do Sul
bb55b918-4a1c-479e-9dfb-0a518ab8d1a5,,ae1f4d86-4a28-406c-907f-abce9c7e15f2,AC Gimhae BOT,🎯,t,86,2026-05-27 18:08:29.407521+00,2026-05-27 18:08:29.407521+00,Coreia do Sul
6cd37e7f-4cf3-41d9-b87a-d0c70ea74240,,ae1f4d86-4a28-406c-907f-abce9c7e15f2,Seoul CF BOT,⚔️,t,86,2026-05-27 18:08:29.407521+00,2026-05-27 18:08:29.407521+00,Coreia do Sul
e3113bd5-b8de-41f9-9e3c-116e60437551,,ae1f4d86-4a28-406c-907f-abce9c7e15f2,CD Busan BOT,🏰,t,86,2026-05-27 18:08:29.407521+00,2026-05-27 18:08:29.407521+00,Coreia do Sul
